# https://github.com/mikedh/trimesh

o ft_sensor.STL
v -0.00216651 -0.04024952 -0.00472440
v -0.00219401 -0.04023364 -0.00472440
v -0.00235082 -0.04064476 -0.00472440
v -0.00238065 -0.04063391 -0.00472440
v -0.00246369 -0.04106601 -0.00472440
v -0.00249496 -0.04106050 -0.00472440
v -0.00250170 -0.04150047 -0.00472440
v -0.00253345 -0.04150047 -0.00472440
v -0.00246369 -0.04193491 -0.00472440
v -0.00249496 -0.04194043 -0.00472440
v -0.00235082 -0.04235616 -0.00472440
v -0.00238065 -0.04236702 -0.00472440
v -0.00216651 -0.04275141 -0.00472440
v -0.00219401 -0.04276729 -0.00472440
v -0.00191637 -0.04310865 -0.00472440
v -0.00194069 -0.04312906 -0.00472440
v -0.00160799 -0.04341703 -0.00472440
v -0.00162840 -0.04344135 -0.00472440
v -0.00125075 -0.04366718 -0.00472440
v -0.00126663 -0.04369467 -0.00472440
v -0.00085550 -0.04385148 -0.00472440
v -0.00086636 -0.04388132 -0.00472440
v -0.00043425 -0.04396436 -0.00472440
v -0.00043976 -0.04399562 -0.00472440
v 0.00000020 -0.04400237 -0.00472440
v 0.00000020 -0.04403411 -0.00472440
v 0.00043465 -0.04396436 -0.00472440
v 0.00044016 -0.04399562 -0.00472440
v 0.00085590 -0.04385148 -0.00472440
v 0.00086676 -0.04388132 -0.00472440
v 0.00125115 -0.04366718 -0.00472440
v 0.00126702 -0.04369467 -0.00472440
v 0.00160839 -0.04341703 -0.00472440
v 0.00162880 -0.04344135 -0.00472440
v 0.00191677 -0.04310865 -0.00472440
v 0.00194109 -0.04312906 -0.00472440
v 0.00216691 -0.04275141 -0.00472440
v 0.00219441 -0.04276729 -0.00472440
v 0.00235122 -0.04235616 -0.00472440
v 0.00238105 -0.04236702 -0.00472440
v 0.00246409 -0.04193491 -0.00472440
v 0.00249536 -0.04194043 -0.00472440
v 0.00250210 -0.04150047 -0.00472440
v 0.00253385 -0.04150047 -0.00472440
v 0.00246409 -0.04106601 -0.00472440
v 0.00249536 -0.04106050 -0.00472440
v 0.00235122 -0.04064476 -0.00472440
v 0.00238105 -0.04063391 -0.00472440
v 0.00216691 -0.04024952 -0.00472440
v 0.00219441 -0.04023364 -0.00472440
v 0.00191677 -0.03989228 -0.00472440
v 0.00194109 -0.03987186 -0.00472440
v 0.00160839 -0.03958390 -0.00472440
v 0.00162880 -0.03955958 -0.00472440
v 0.00125115 -0.03933376 -0.00472440
v 0.00126702 -0.03930626 -0.00472440
v 0.00085590 -0.03914945 -0.00472440
v 0.00086676 -0.03911961 -0.00472440
v 0.00043465 -0.03903658 -0.00472440
v 0.00044016 -0.03900531 -0.00472440
v 0.00000020 -0.03899856 -0.00472440
v 0.00000020 -0.03896682 -0.00472440
v -0.00043425 -0.03903658 -0.00472440
v -0.00043976 -0.03900531 -0.00472440
v -0.00085550 -0.03914945 -0.00472440
v -0.00086636 -0.03911961 -0.00472440
v -0.00125075 -0.03933376 -0.00472440
v -0.00126663 -0.03930626 -0.00472440
v -0.00160799 -0.03958390 -0.00472440
v -0.00162840 -0.03955958 -0.00472440
v -0.00191637 -0.03989228 -0.00472440
v -0.00194069 -0.03987186 -0.00472440
v -0.01582576 -0.03680876 -0.00071500
v -0.01574980 -0.03594052 -0.00071500
v -0.01901775 -0.03594052 -0.00071500
v -0.02396374 -0.03977074 -0.00071500
v -0.02324980 -0.04027065 -0.00071500
v -0.02161583 -0.03744052 -0.00071500
v -0.02245990 -0.04063898 -0.00071500
v -0.02161804 -0.04086456 -0.00071500
v -0.01988377 -0.03744052 -0.00071500
v -0.02074980 -0.04094052 -0.00071500
v -0.01988156 -0.04086456 -0.00071500
v -0.01903970 -0.04063898 -0.00071500
v -0.01824980 -0.04027065 -0.00071500
v -0.01753586 -0.03977074 -0.00071500
v -0.01691958 -0.03915445 -0.00071500
v -0.01641967 -0.03844052 -0.00071500
v -0.01605134 -0.03765062 -0.00071500
v -0.02248185 -0.03594052 -0.00071500
v -0.02574980 -0.03594052 -0.00071500
v -0.02567384 -0.03680876 -0.00071500
v -0.01988377 -0.03444052 -0.00071500
v -0.01691958 -0.03272658 -0.00071500
v -0.01753586 -0.03211029 -0.00071500
v -0.02544826 -0.03765062 -0.00071500
v -0.02507993 -0.03844052 -0.00071500
v -0.02458002 -0.03915445 -0.00071500
v -0.02324980 -0.03161039 -0.00071500
v -0.02396374 -0.03211029 -0.00071500
v -0.02161583 -0.03444052 -0.00071500
v -0.02458002 -0.03272658 -0.00071500
v -0.02507993 -0.03344052 -0.00071500
v -0.02544826 -0.03423042 -0.00071500
v -0.02567384 -0.03507228 -0.00071500
v -0.01824980 -0.03161039 -0.00071500
v -0.01903970 -0.03124206 -0.00071500
v -0.01988156 -0.03101648 -0.00071500
v -0.02074980 -0.03094052 -0.00071500
v -0.02161804 -0.03101648 -0.00071500
v -0.02245990 -0.03124206 -0.00071500
v -0.01582576 -0.03507228 -0.00071500
v -0.01605134 -0.03423042 -0.00071500
v -0.01641967 -0.03344052 -0.00071500
v -0.02248185 -0.03594052 -0.00244705
v -0.02161583 -0.03744052 -0.00244705
v -0.01988377 -0.03744052 -0.00244705
v -0.01901775 -0.03594052 -0.00244705
v -0.01988377 -0.03444052 -0.00244705
v -0.02161583 -0.03444052 -0.00244705
v 0.00375897 0.00136762 -0.01666440
v 0.00393943 0.00069413 -0.01666440
v 0.00000020 -0.00000046 -0.01666440
v 0.00400020 -0.00000046 -0.01666440
v 0.00393943 -0.00069506 -0.01666440
v 0.00257135 0.00306371 -0.01666440
v 0.00306438 0.00257069 -0.01666440
v 0.00346430 0.00199954 -0.01666440
v 0.00069479 0.00393877 -0.01666440
v 0.00136828 0.00375831 -0.01666440
v 0.00200020 0.00346364 -0.01666440
v -0.00136788 0.00375831 -0.01666440
v -0.00069439 0.00393877 -0.01666440
v 0.00000020 0.00399954 -0.01666440
v -0.00306398 0.00257069 -0.01666440
v -0.00257095 0.00306371 -0.01666440
v -0.00199980 0.00346364 -0.01666440
v -0.00393903 0.00069413 -0.01666440
v -0.00375857 0.00136762 -0.01666440
v -0.00346390 0.00199954 -0.01666440
v -0.00375857 -0.00136855 -0.01666440
v -0.00393903 -0.00069506 -0.01666440
v -0.00399980 -0.00000046 -0.01666440
v -0.00257095 -0.00306464 -0.01666440
v -0.00306398 -0.00257161 -0.01666440
v -0.00346390 -0.00200046 -0.01666440
v -0.00069439 -0.00393970 -0.01666440
v -0.00136788 -0.00375923 -0.01666440
v -0.00199980 -0.00346457 -0.01666440
v 0.00136828 -0.00375923 -0.01666440
v 0.00069479 -0.00393970 -0.01666440
v 0.00000020 -0.00400046 -0.01666440
v 0.00306438 -0.00257161 -0.01666440
v 0.00257135 -0.00306464 -0.01666440
v 0.00200020 -0.00346457 -0.01666440
v 0.00375897 -0.00136855 -0.01666440
v 0.00346430 -0.00200046 -0.01666440
v 0.00400020 -0.00000046 -0.02972440
v 0.00393943 0.00069413 -0.02972440
v 0.00375897 0.00136762 -0.02972440
v 0.00346430 0.00199954 -0.02972440
v 0.00306438 0.00257069 -0.02972440
v 0.00257135 0.00306371 -0.02972440
v 0.00200020 0.00346364 -0.02972440
v 0.00136828 0.00375831 -0.02972440
v 0.00069479 0.00393877 -0.02972440
v 0.00000020 0.00399954 -0.02972440
v -0.00069439 0.00393877 -0.02972440
v -0.00136788 0.00375831 -0.02972440
v -0.00199980 0.00346364 -0.02972440
v -0.00257095 0.00306371 -0.02972440
v -0.00306398 0.00257069 -0.02972440
v -0.00346390 0.00199954 -0.02972440
v -0.00375857 0.00136762 -0.02972440
v -0.00393903 0.00069413 -0.02972440
v -0.00399980 -0.00000046 -0.02972440
v -0.00393903 -0.00069506 -0.02972440
v -0.00375857 -0.00136855 -0.02972440
v -0.00346390 -0.00200046 -0.02972440
v -0.00306398 -0.00257161 -0.02972440
v -0.00257095 -0.00306464 -0.02972440
v -0.00199980 -0.00346457 -0.02972440
v -0.00136788 -0.00375923 -0.02972440
v -0.00069439 -0.00393970 -0.02972440
v 0.00000020 -0.00400046 -0.02972440
v 0.00069479 -0.00393970 -0.02972440
v 0.00136828 -0.00375923 -0.02972440
v 0.00200020 -0.00346457 -0.02972440
v 0.00257135 -0.00306464 -0.02972440
v 0.00306438 -0.00257161 -0.02972440
v 0.00346430 -0.00200046 -0.02972440
v 0.00375897 -0.00136855 -0.02972440
v 0.00393943 -0.00069506 -0.02972440
v 0.01784550 -0.00200046 -0.03158765
v 0.01669080 -0.00000046 -0.03158765
v 0.02015490 -0.00200046 -0.03158765
v 0.01784550 0.00199954 -0.03158765
v 0.02130960 -0.00000046 -0.03158765
v 0.02015490 0.00199954 -0.03158765
v 0.01065490 -0.01445495 -0.03158765
v 0.01180960 -0.01645495 -0.03158765
v 0.00834550 -0.01445495 -0.03158765
v 0.01065490 -0.01845495 -0.03158765
v 0.00719080 -0.01645495 -0.03158765
v 0.00834550 -0.01845495 -0.03158765
v -0.00834510 -0.01445495 -0.03158765
v -0.00719040 -0.01645495 -0.03158765
v -0.01065450 -0.01445495 -0.03158765
v -0.00834510 -0.01845495 -0.03158765
v -0.01180920 -0.01645495 -0.03158765
v -0.01065450 -0.01845495 -0.03158765
v -0.01669040 -0.00000046 -0.03158765
v -0.01784510 -0.00200046 -0.03158765
v -0.01784510 0.00199954 -0.03158765
v -0.02015450 -0.00200046 -0.03158765
v -0.02015450 0.00199954 -0.03158765
v -0.02130920 -0.00000046 -0.03158765
v -0.01065450 0.01845402 -0.03158765
v -0.00834510 0.01845402 -0.03158765
v -0.01180920 0.01645402 -0.03158765
v -0.00719040 0.01645402 -0.03158765
v -0.01065450 0.01445402 -0.03158765
v -0.00834510 0.01445402 -0.03158765
v 0.00834550 0.01445402 -0.03158765
v 0.00719080 0.01645402 -0.03158765
v 0.01065490 0.01445402 -0.03158765
v 0.00834550 0.01845402 -0.03158765
v 0.01180960 0.01645402 -0.03158765
v 0.01065490 0.01845402 -0.03158765
v -0.00787174 0.00138757 -0.02972440
v -0.00751112 0.00273343 -0.02972440
v -0.00692227 0.00399623 -0.02972440
v -0.00612308 0.00513758 -0.02972440
v -0.00513785 0.00612282 -0.02972440
v -0.00399649 0.00692201 -0.02972440
v -0.00273370 0.00751086 -0.02972440
v -0.00138784 0.00787148 -0.02972440
v 0.00000020 0.00799292 -0.02972440
v 0.00138824 0.00787148 -0.02972440
v 0.00273410 0.00751086 -0.02972440
v 0.00399689 0.00692201 -0.02972440
v 0.00513825 0.00612282 -0.02972440
v 0.00612348 0.00513758 -0.02972440
v 0.00692267 0.00399623 -0.02972440
v 0.00751152 0.00273343 -0.02972440
v 0.00787214 0.00138757 -0.02972440
v 0.00799358 -0.00000046 -0.02972440
v 0.00787214 -0.00138850 -0.02972440
v 0.00751152 -0.00273436 -0.02972440
v 0.00692267 -0.00399715 -0.02972440
v 0.00612348 -0.00513851 -0.02972440
v 0.00513825 -0.00612375 -0.02972440
v 0.00399689 -0.00692293 -0.02972440
v 0.00273410 -0.00751178 -0.02972440
v 0.00138824 -0.00787241 -0.02972440
v 0.00000020 -0.00799384 -0.02972440
v -0.00138784 -0.00787241 -0.02972440
v -0.00273370 -0.00751178 -0.02972440
v -0.00399649 -0.00692293 -0.02972440
v -0.00513785 -0.00612375 -0.02972440
v -0.00612308 -0.00513851 -0.02972440
v -0.00692227 -0.00399715 -0.02972440
v -0.00751112 -0.00273436 -0.02972440
v -0.00787174 -0.00138850 -0.02972440
v -0.00799318 -0.00000046 -0.02972440
v 0.01669080 -0.00000046 -0.03297440
v 0.01784550 -0.00200046 -0.03297440
v 0.01784550 0.00199954 -0.03297440
v 0.02015490 0.00199954 -0.03297440
v 0.02130960 -0.00000046 -0.03297440
v 0.02015490 -0.00200046 -0.03297440
v 0.00834550 -0.01445495 -0.03297440
v 0.00719080 -0.01645495 -0.03297440
v 0.01065490 -0.01445495 -0.03297440
v 0.01180960 -0.01645495 -0.03297440
v 0.01065490 -0.01845495 -0.03297440
v 0.00834550 -0.01845495 -0.03297440
v -0.00834510 -0.01445495 -0.03297440
v -0.01065450 -0.01445495 -0.03297440
v -0.00719040 -0.01645495 -0.03297440
v -0.00834510 -0.01845495 -0.03297440
v -0.01065450 -0.01845495 -0.03297440
v -0.01180920 -0.01645495 -0.03297440
v -0.01669040 -0.00000046 -0.03297440
v -0.01784510 0.00199954 -0.03297440
v -0.01784510 -0.00200046 -0.03297440
v -0.02015450 -0.00200046 -0.03297440
v -0.02130920 -0.00000046 -0.03297440
v -0.02015450 0.00199954 -0.03297440
v -0.00834510 0.01445402 -0.03297440
v -0.00719040 0.01645402 -0.03297440
v -0.01065450 0.01445402 -0.03297440
v -0.01180920 0.01645402 -0.03297440
v -0.01065450 0.01845402 -0.03297440
v -0.00834510 0.01845402 -0.03297440
v 0.00834550 0.01445402 -0.03297440
v 0.01065490 0.01445402 -0.03297440
v 0.00719080 0.01645402 -0.03297440
v 0.00834550 0.01845402 -0.03297440
v 0.01065490 0.01845402 -0.03297440
v 0.01180960 0.01645402 -0.03297440
v 0.00799358 -0.00000046 -0.02772440
v 0.00787214 0.00138757 -0.02772440
v 0.00751152 0.00273343 -0.02772440
v 0.00692267 0.00399623 -0.02772440
v 0.00612348 0.00513758 -0.02772440
v 0.00513825 0.00612282 -0.02772440
v 0.00399689 0.00692201 -0.02772440
v 0.00273410 0.00751086 -0.02772440
v 0.00138824 0.00787148 -0.02772440
v 0.00000020 0.00799292 -0.02772440
v -0.00138784 0.00787148 -0.02772440
v -0.00273370 0.00751086 -0.02772440
v -0.00399649 0.00692201 -0.02772440
v -0.00513785 0.00612282 -0.02772440
v -0.00612308 0.00513758 -0.02772440
v -0.00692227 0.00399623 -0.02772440
v -0.00751112 0.00273343 -0.02772440
v -0.00787174 0.00138757 -0.02772440
v -0.00799318 -0.00000046 -0.02772440
v -0.00787174 -0.00138850 -0.02772440
v -0.00751112 -0.00273436 -0.02772440
v -0.00692227 -0.00399715 -0.02772440
v -0.00612308 -0.00513851 -0.02772440
v -0.00513785 -0.00612375 -0.02772440
v -0.00399649 -0.00692293 -0.02772440
v -0.00273370 -0.00751178 -0.02772440
v -0.00138784 -0.00787241 -0.02772440
v 0.00000020 -0.00799384 -0.02772440
v 0.00138824 -0.00787241 -0.02772440
v 0.00273410 -0.00751178 -0.02772440
v 0.00399689 -0.00692293 -0.02772440
v 0.00513825 -0.00612375 -0.02772440
v 0.00612348 -0.00513851 -0.02772440
v 0.00692267 -0.00399715 -0.02772440
v 0.00751152 -0.00273436 -0.02772440
v 0.00787214 -0.00138850 -0.02772440
v 0.02318563 0.00073754 -0.03297440
v 0.02325020 -0.00000046 -0.03297440
v 0.01481477 -0.00073847 -0.03297440
v 0.01475020 -0.00000046 -0.03297440
v 0.02045378 0.00399323 -0.03297440
v 0.02112520 0.00368014 -0.03297440
v 0.01574451 0.00273138 -0.03297440
v 0.01626835 0.00325522 -0.03297440
v 0.01687520 0.00368014 -0.03297440
v 0.01754661 0.00399323 -0.03297440
v 0.01754661 -0.00399416 -0.03297440
v 0.01687520 -0.00368107 -0.03297440
v 0.01626835 -0.00325615 -0.03297440
v 0.02299389 0.00145312 -0.03297440
v 0.01481477 0.00073754 -0.03297440
v 0.01500651 0.00145312 -0.03297440
v 0.01531959 0.00212454 -0.03297440
v 0.01574451 -0.00273231 -0.03297440
v 0.01531959 -0.00212546 -0.03297440
v 0.01500651 -0.00145405 -0.03297440
v 0.02225589 -0.00273231 -0.03297440
v 0.02173205 -0.00325615 -0.03297440
v 0.02112520 -0.00368107 -0.03297440
v 0.02045378 -0.00399416 -0.03297440
v 0.02173205 0.00325522 -0.03297440
v 0.02225589 0.00273138 -0.03297440
v 0.02268081 0.00212454 -0.03297440
v 0.01826219 0.00418497 -0.03297440
v 0.01900020 0.00424954 -0.03297440
v 0.01973820 0.00418497 -0.03297440
v 0.01973820 -0.00418590 -0.03297440
v 0.01900020 -0.00425046 -0.03297440
v 0.01826219 -0.00418590 -0.03297440
v 0.02318563 -0.00073847 -0.03297440
v 0.02299389 -0.00145405 -0.03297440
v 0.02268081 -0.00212546 -0.03297440
v 0.01223205 -0.01971064 -0.03297440
v 0.01162520 -0.02013556 -0.03297440
v 0.00581959 -0.01857995 -0.03297440
v 0.00550651 -0.01790853 -0.03297440
v 0.00624451 -0.01918679 -0.03297440
v 0.00676835 -0.01971064 -0.03297440
v 0.00531477 -0.01719295 -0.03297440
v 0.00525020 -0.01645495 -0.03297440
v 0.00531477 -0.01571694 -0.03297440
v 0.00876219 -0.02064038 -0.03297440
v 0.00804661 -0.02044864 -0.03297440
v 0.00737520 -0.02013556 -0.03297440
v 0.00676835 -0.01319926 -0.03297440
v 0.00737520 -0.01277434 -0.03297440
v 0.00804661 -0.01246125 -0.03297440
v 0.00876219 -0.01226952 -0.03297440
v 0.01349389 -0.01500136 -0.03297440
v 0.01368563 -0.01571694 -0.03297440
v 0.01375020 -0.01645495 -0.03297440
v 0.01368563 -0.01719295 -0.03297440
v 0.01349389 -0.01790853 -0.03297440
v 0.01318081 -0.01857995 -0.03297440
v 0.01275589 -0.01918679 -0.03297440
v 0.01162520 -0.01277434 -0.03297440
v 0.01223205 -0.01319926 -0.03297440
v 0.01275589 -0.01372310 -0.03297440
v 0.01318081 -0.01432995 -0.03297440
v 0.00550651 -0.01500136 -0.03297440
v 0.00581959 -0.01432995 -0.03297440
v 0.00624451 -0.01372310 -0.03297440
v 0.01095379 -0.02044864 -0.03297440
v 0.01023820 -0.02064038 -0.03297440
v 0.00950020 -0.02070495 -0.03297440
v 0.00950020 -0.01220495 -0.03297440
v 0.01023820 -0.01226952 -0.03297440
v 0.01095379 -0.01246125 -0.03297440
v -0.01368523 -0.01719295 -0.03297440
v -0.01374980 -0.01645495 -0.03297440
v -0.00531437 -0.01571694 -0.03297440
v -0.00524980 -0.01645495 -0.03297440
v -0.00676795 -0.01971064 -0.03297440
v -0.00737480 -0.02013556 -0.03297440
v -0.00804621 -0.01246125 -0.03297440
v -0.00737480 -0.01277434 -0.03297440
v -0.01223165 -0.01971064 -0.03297440
v -0.01275549 -0.01918679 -0.03297440
v -0.01318041 -0.01857995 -0.03297440
v -0.01349349 -0.01790853 -0.03297440
v -0.00624411 -0.01918679 -0.03297440
v -0.00550611 -0.01500136 -0.03297440
v -0.01275549 -0.01372310 -0.03297440
v -0.01223165 -0.01319926 -0.03297440
v -0.01162480 -0.01277434 -0.03297440
v -0.01095339 -0.01246125 -0.03297440
v -0.00676795 -0.01319926 -0.03297440
v -0.00624411 -0.01372310 -0.03297440
v -0.00581919 -0.01432995 -0.03297440
v -0.01023780 -0.01226952 -0.03297440
v -0.00949980 -0.01220495 -0.03297440
v -0.00876180 -0.01226952 -0.03297440
v -0.01368523 -0.01571694 -0.03297440
v -0.01349349 -0.01500136 -0.03297440
v -0.01318041 -0.01432995 -0.03297440
v -0.00804621 -0.02044864 -0.03297440
v -0.00876180 -0.02064038 -0.03297440
v -0.00949980 -0.02070495 -0.03297440
v -0.01023780 -0.02064038 -0.03297440
v -0.01095339 -0.02044864 -0.03297440
v -0.01162480 -0.02013556 -0.03297440
v -0.00531437 -0.01719295 -0.03297440
v -0.00550611 -0.01790853 -0.03297440
v -0.00581919 -0.01857995 -0.03297440
v -0.01754622 0.00399323 -0.03297440
v -0.01687480 0.00368014 -0.03297440
v -0.02173165 0.00325522 -0.03297440
v -0.02112480 0.00368014 -0.03297440
v -0.02318523 -0.00073847 -0.03297440
v -0.02324980 -0.00000046 -0.03297440
v -0.01626795 -0.00325615 -0.03297440
v -0.01687480 -0.00368107 -0.03297440
v -0.02225549 0.00273138 -0.03297440
v -0.02318523 0.00073754 -0.03297440
v -0.02299349 0.00145312 -0.03297440
v -0.02268041 0.00212454 -0.03297440
v -0.01481437 -0.00073847 -0.03297440
v -0.01500611 -0.00145405 -0.03297440
v -0.01574411 -0.00273231 -0.03297440
v -0.01826180 0.00418497 -0.03297440
v -0.01973780 -0.00418590 -0.03297440
v -0.02045339 -0.00399416 -0.03297440
v -0.02112480 -0.00368107 -0.03297440
v -0.02173165 -0.00325615 -0.03297440
v -0.01531919 -0.00212546 -0.03297440
v -0.02225549 -0.00273231 -0.03297440
v -0.02268041 -0.00212546 -0.03297440
v -0.02299349 -0.00145405 -0.03297440
v -0.01754622 -0.00399416 -0.03297440
v -0.01826180 -0.00418590 -0.03297440
v -0.01899980 -0.00425046 -0.03297440
v -0.01626795 0.00325522 -0.03297440
v -0.01574411 0.00273138 -0.03297440
v -0.01531919 0.00212454 -0.03297440
v -0.01500611 0.00145312 -0.03297440
v -0.02045339 0.00399323 -0.03297440
v -0.01973780 0.00418497 -0.03297440
v -0.01899980 0.00424954 -0.03297440
v -0.01481437 0.00073754 -0.03297440
v -0.01474980 -0.00000046 -0.03297440
v -0.01368523 0.01571601 -0.03297440
v -0.01374980 0.01645402 -0.03297440
v -0.01223165 0.01970971 -0.03297440
v -0.01162480 0.02013463 -0.03297440
v -0.00531437 0.01719202 -0.03297440
v -0.00524980 0.01645402 -0.03297440
v -0.00531437 0.01571601 -0.03297440
v -0.00876180 0.02063945 -0.03297440
v -0.00804621 0.02044771 -0.03297440
v -0.00737480 0.02013463 -0.03297440
v -0.00676795 0.01970971 -0.03297440
v -0.01095339 0.01246033 -0.03297440
v -0.01162480 0.01277341 -0.03297440
v -0.01223165 0.01319833 -0.03297440
v -0.00676795 0.01319833 -0.03297440
v -0.00737480 0.01277341 -0.03297440
v -0.00804621 0.01246033 -0.03297440
v -0.00876180 0.01226859 -0.03297440
v -0.00949980 0.01220402 -0.03297440
v -0.01023780 0.01226859 -0.03297440
v -0.00624411 0.01918587 -0.03297440
v -0.00581919 0.01857902 -0.03297440
v -0.00550611 0.01790760 -0.03297440
v -0.01095339 0.02044771 -0.03297440
v -0.01023780 0.02063945 -0.03297440
v -0.00949980 0.02070402 -0.03297440
v -0.01318041 0.01857902 -0.03297440
v -0.01275549 0.01918587 -0.03297440
v -0.01275549 0.01372217 -0.03297440
v -0.01318041 0.01432902 -0.03297440
v -0.01349349 0.01500043 -0.03297440
v -0.01368523 0.01719202 -0.03297440
v -0.01349349 0.01790760 -0.03297440
v -0.00550611 0.01500043 -0.03297440
v -0.00581919 0.01432902 -0.03297440
v -0.00624411 0.01372217 -0.03297440
v 0.01223205 0.01319833 -0.03297440
v 0.01162520 0.01277341 -0.03297440
v 0.01368563 0.01719202 -0.03297440
v 0.01375020 0.01645402 -0.03297440
v 0.00804661 0.01246033 -0.03297440
v 0.00737520 0.01277341 -0.03297440
v 0.00876219 0.01226859 -0.03297440
v 0.01275589 0.01372217 -0.03297440
v 0.01023820 0.02063945 -0.03297440
v 0.01095379 0.02044771 -0.03297440
v 0.01162520 0.02013463 -0.03297440
v 0.01223205 0.01970971 -0.03297440
v 0.00676835 0.01319833 -0.03297440
v 0.00624451 0.01372217 -0.03297440
v 0.00581959 0.01432902 -0.03297440
v 0.00550651 0.01500043 -0.03297440
v 0.00531477 0.01571601 -0.03297440
v 0.01368563 0.01571601 -0.03297440
v 0.01349389 0.01500043 -0.03297440
v 0.01318081 0.01432902 -0.03297440
v 0.01275589 0.01918587 -0.03297440
v 0.01318081 0.01857902 -0.03297440
v 0.01349389 0.01790760 -0.03297440
v 0.00525020 0.01645402 -0.03297440
v 0.00531477 0.01719202 -0.03297440
v 0.00550651 0.01790760 -0.03297440
v 0.00581959 0.01857902 -0.03297440
v 0.00624451 0.01918587 -0.03297440
v 0.00676835 0.01970971 -0.03297440
v 0.00737520 0.02013463 -0.03297440
v 0.01095379 0.01246033 -0.03297440
v 0.01023820 0.01226859 -0.03297440
v 0.00950020 0.01220402 -0.03297440
v 0.00804661 0.02044771 -0.03297440
v 0.00876219 0.02063945 -0.03297440
v 0.00950020 0.02070402 -0.03297440
v -0.00307941 0.00846069 -0.02772440
v -0.00156336 0.00886692 -0.02772440
v 0.00000020 0.00900371 -0.02772440
v 0.00156376 0.00886692 -0.02772440
v 0.00307981 0.00846069 -0.02772440
v 0.00450229 0.00779738 -0.02772440
v 0.00578797 0.00689713 -0.02772440
v 0.00689780 0.00578731 -0.02772440
v 0.00779804 0.00450162 -0.02772440
v 0.00846136 0.00307914 -0.02772440
v 0.00886758 0.00156309 -0.02772440
v 0.00900437 -0.00000046 -0.02772440
v 0.00886758 -0.00156402 -0.02772440
v 0.00846136 -0.00308007 -0.02772440
v 0.00779804 -0.00450255 -0.02772440
v 0.00689780 -0.00578824 -0.02772440
v 0.00578797 -0.00689806 -0.02772440
v 0.00450229 -0.00779831 -0.02772440
v 0.00307981 -0.00846162 -0.02772440
v 0.00156376 -0.00886785 -0.02772440
v 0.00000020 -0.00900464 -0.02772440
v -0.00156336 -0.00886785 -0.02772440
v -0.00307941 -0.00846162 -0.02772440
v -0.00450189 -0.00779831 -0.02772440
v -0.00578757 -0.00689806 -0.02772440
v -0.00689740 -0.00578824 -0.02772440
v -0.00779764 -0.00450255 -0.02772440
v -0.00846096 -0.00308007 -0.02772440
v -0.00886718 -0.00156402 -0.02772440
v -0.00900398 -0.00000046 -0.02772440
v -0.00886718 0.00156309 -0.02772440
v -0.00846096 0.00307914 -0.02772440
v -0.00779764 0.00450162 -0.02772440
v -0.00689740 0.00578731 -0.02772440
v -0.00578757 0.00689713 -0.02772440
v -0.00450189 0.00779738 -0.02772440
v 0.00187385 0.01968149 -0.03332440
v 0.00196381 0.01934577 -0.03332440
v 0.00000020 0.01899954 -0.03332440
v 0.00199410 0.01899954 -0.03332440
v 0.00196381 0.01865330 -0.03332440
v 0.00128185 0.02052695 -0.03332440
v 0.00152762 0.02028119 -0.03332440
v 0.00172697 0.01999648 -0.03332440
v 0.00034644 0.02096314 -0.03332440
v 0.00068215 0.02087319 -0.03332440
v 0.00099715 0.02072631 -0.03332440
v -0.00068175 0.02087319 -0.03332440
v -0.00034604 0.02096314 -0.03332440
v 0.00000020 0.02099343 -0.03332440
v -0.00152722 0.02028119 -0.03332440
v -0.00128145 0.02052695 -0.03332440
v -0.00099675 0.02072631 -0.03332440
v -0.00196341 0.01934577 -0.03332440
v -0.00187345 0.01968149 -0.03332440
v -0.00172657 0.01999648 -0.03332440
v -0.00187345 0.01831758 -0.03332440
v -0.00196341 0.01865330 -0.03332440
v -0.00199370 0.01899954 -0.03332440
v -0.00128145 0.01747212 -0.03332440
v -0.00152722 0.01771788 -0.03332440
v -0.00172657 0.01800259 -0.03332440
v -0.00034604 0.01703593 -0.03332440
v -0.00068175 0.01712588 -0.03332440
v -0.00099675 0.01727277 -0.03332440
v 0.00068215 0.01712588 -0.03332440
v 0.00034644 0.01703593 -0.03332440
v 0.00000020 0.01700564 -0.03332440
v 0.00152762 0.01771788 -0.03332440
v 0.00128185 0.01747212 -0.03332440
v 0.00099715 0.01727277 -0.03332440
v 0.00187385 0.01831758 -0.03332440
v 0.00172697 0.01800259 -0.03332440
v 0.02112520 -0.00368107 -0.02947440
v 0.02173205 -0.00325615 -0.02947440
v 0.02225589 -0.00273231 -0.02947440
v 0.02268081 -0.00212546 -0.02947440
v 0.02299389 -0.00145405 -0.02947440
v 0.02318563 -0.00073847 -0.02947440
v 0.02325020 -0.00000046 -0.02947440
v 0.02318563 0.00073754 -0.02947440
v 0.02299389 0.00145312 -0.02947440
v 0.02268081 0.00212454 -0.02947440
v 0.02225589 0.00273138 -0.02947440
v 0.02173205 0.00325522 -0.02947440
v 0.02112520 0.00368014 -0.02947440
v 0.02045378 0.00399323 -0.02947440
v 0.01973820 0.00418497 -0.02947440
v 0.01900020 0.00424954 -0.02947440
v 0.01826219 0.00418497 -0.02947440
v 0.01754661 0.00399323 -0.02947440
v 0.01687520 0.00368014 -0.02947440
v 0.01626835 0.00325522 -0.02947440
v 0.01574451 0.00273138 -0.02947440
v 0.01531959 0.00212454 -0.02947440
v 0.01500651 0.00145312 -0.02947440
v 0.01481477 0.00073754 -0.02947440
v 0.01475020 -0.00000046 -0.02947440
v 0.01481477 -0.00073847 -0.02947440
v 0.01500651 -0.00145405 -0.02947440
v 0.01531959 -0.00212546 -0.02947440
v 0.01574451 -0.00273231 -0.02947440
v 0.01626835 -0.00325615 -0.02947440
v 0.01687520 -0.00368107 -0.02947440
v 0.01754661 -0.00399416 -0.02947440
v 0.01826219 -0.00418590 -0.02947440
v 0.01900020 -0.00425046 -0.02947440
v 0.01973820 -0.00418590 -0.02947440
v 0.02045378 -0.00399416 -0.02947440
v 0.00737520 -0.02013556 -0.02947440
v 0.00804661 -0.02044864 -0.02947440
v 0.00876219 -0.02064038 -0.02947440
v 0.00950020 -0.02070495 -0.02947440
v 0.01023820 -0.02064038 -0.02947440
v 0.01095379 -0.02044864 -0.02947440
v 0.01162520 -0.02013556 -0.02947440
v 0.01223205 -0.01971064 -0.02947440
v 0.01275589 -0.01918679 -0.02947440
v 0.01318081 -0.01857995 -0.02947440
v 0.01349389 -0.01790853 -0.02947440
v 0.01368563 -0.01719295 -0.02947440
v 0.01375020 -0.01645495 -0.02947440
v 0.01368563 -0.01571694 -0.02947440
v 0.01349389 -0.01500136 -0.02947440
v 0.01318081 -0.01432995 -0.02947440
v 0.01275589 -0.01372310 -0.02947440
v 0.01223205 -0.01319926 -0.02947440
v 0.01162520 -0.01277434 -0.02947440
v 0.01095379 -0.01246125 -0.02947440
v 0.01023820 -0.01226952 -0.02947440
v 0.00950020 -0.01220495 -0.02947440
v 0.00876219 -0.01226952 -0.02947440
v 0.00804661 -0.01246125 -0.02947440
v 0.00737520 -0.01277434 -0.02947440
v 0.00676835 -0.01319926 -0.02947440
v 0.00624451 -0.01372310 -0.02947440
v 0.00581959 -0.01432995 -0.02947440
v 0.00550651 -0.01500136 -0.02947440
v 0.00531477 -0.01571694 -0.02947440
v 0.00525020 -0.01645495 -0.02947440
v 0.00531477 -0.01719295 -0.02947440
v 0.00550651 -0.01790853 -0.02947440
v 0.00581959 -0.01857995 -0.02947440
v 0.00624451 -0.01918679 -0.02947440
v 0.00676835 -0.01971064 -0.02947440
v -0.01374980 -0.01645495 -0.02947440
v -0.01368523 -0.01719295 -0.02947440
v -0.01349349 -0.01790853 -0.02947440
v -0.01318041 -0.01857995 -0.02947440
v -0.01275549 -0.01918679 -0.02947440
v -0.01223165 -0.01971064 -0.02947440
v -0.01162480 -0.02013556 -0.02947440
v -0.01095339 -0.02044864 -0.02947440
v -0.01023780 -0.02064038 -0.02947440
v -0.00949980 -0.02070495 -0.02947440
v -0.00876180 -0.02064038 -0.02947440
v -0.00804621 -0.02044864 -0.02947440
v -0.00737480 -0.02013556 -0.02947440
v -0.00676795 -0.01971064 -0.02947440
v -0.00624411 -0.01918679 -0.02947440
v -0.00581919 -0.01857995 -0.02947440
v -0.00550611 -0.01790853 -0.02947440
v -0.00531437 -0.01719295 -0.02947440
v -0.00524980 -0.01645495 -0.02947440
v -0.00531437 -0.01571694 -0.02947440
v -0.00550611 -0.01500136 -0.02947440
v -0.00581919 -0.01432995 -0.02947440
v -0.00624411 -0.01372310 -0.02947440
v -0.00676795 -0.01319926 -0.02947440
v -0.00737480 -0.01277434 -0.02947440
v -0.00804621 -0.01246125 -0.02947440
v -0.00876180 -0.01226952 -0.02947440
v -0.00949980 -0.01220495 -0.02947440
v -0.01023780 -0.01226952 -0.02947440
v -0.01095339 -0.01246125 -0.02947440
v -0.01162480 -0.01277434 -0.02947440
v -0.01223165 -0.01319926 -0.02947440
v -0.01275549 -0.01372310 -0.02947440
v -0.01318041 -0.01432995 -0.02947440
v -0.01349349 -0.01500136 -0.02947440
v -0.01368523 -0.01571694 -0.02947440
v -0.02112480 0.00368014 -0.02947440
v -0.02173165 0.00325522 -0.02947440
v -0.02225549 0.00273138 -0.02947440
v -0.02268041 0.00212454 -0.02947440
v -0.02299349 0.00145312 -0.02947440
v -0.02318523 0.00073754 -0.02947440
v -0.02324980 -0.00000046 -0.02947440
v -0.02318523 -0.00073847 -0.02947440
v -0.02299349 -0.00145405 -0.02947440
v -0.02268041 -0.00212546 -0.02947440
v -0.02225549 -0.00273231 -0.02947440
v -0.02173165 -0.00325615 -0.02947440
v -0.02112480 -0.00368107 -0.02947440
v -0.02045339 -0.00399416 -0.02947440
v -0.01973780 -0.00418590 -0.02947440
v -0.01899980 -0.00425046 -0.02947440
v -0.01826180 -0.00418590 -0.02947440
v -0.01754622 -0.00399416 -0.02947440
v -0.01687480 -0.00368107 -0.02947440
v -0.01626795 -0.00325615 -0.02947440
v -0.01574411 -0.00273231 -0.02947440
v -0.01531919 -0.00212546 -0.02947440
v -0.01500611 -0.00145405 -0.02947440
v -0.01481437 -0.00073847 -0.02947440
v -0.01474980 -0.00000046 -0.02947440
v -0.01481437 0.00073754 -0.02947440
v -0.01500611 0.00145312 -0.02947440
v -0.01531919 0.00212454 -0.02947440
v -0.01574411 0.00273138 -0.02947440
v -0.01626795 0.00325522 -0.02947440
v -0.01687480 0.00368014 -0.02947440
v -0.01754622 0.00399323 -0.02947440
v -0.01826180 0.00418497 -0.02947440
v -0.01899980 0.00424954 -0.02947440
v -0.01973780 0.00418497 -0.02947440
v -0.02045339 0.00399323 -0.02947440
v -0.00737480 0.02013463 -0.02947440
v -0.00804621 0.02044771 -0.02947440
v -0.00876180 0.02063945 -0.02947440
v -0.00949980 0.02070402 -0.02947440
v -0.01023780 0.02063945 -0.02947440
v -0.01095339 0.02044771 -0.02947440
v -0.01162480 0.02013463 -0.02947440
v -0.01223165 0.01970971 -0.02947440
v -0.01275549 0.01918587 -0.02947440
v -0.01318041 0.01857902 -0.02947440
v -0.01349349 0.01790760 -0.02947440
v -0.01368523 0.01719202 -0.02947440
v -0.01374980 0.01645402 -0.02947440
v -0.01368523 0.01571601 -0.02947440
v -0.01349349 0.01500043 -0.02947440
v -0.01318041 0.01432902 -0.02947440
v -0.01275549 0.01372217 -0.02947440
v -0.01223165 0.01319833 -0.02947440
v -0.01162480 0.01277341 -0.02947440
v -0.01095339 0.01246033 -0.02947440
v -0.01023780 0.01226859 -0.02947440
v -0.00949980 0.01220402 -0.02947440
v -0.00876180 0.01226859 -0.02947440
v -0.00804621 0.01246033 -0.02947440
v -0.00737480 0.01277341 -0.02947440
v -0.00676795 0.01319833 -0.02947440
v -0.00624411 0.01372217 -0.02947440
v -0.00581919 0.01432902 -0.02947440
v -0.00550611 0.01500043 -0.02947440
v -0.00531437 0.01571601 -0.02947440
v -0.00524980 0.01645402 -0.02947440
v -0.00531437 0.01719202 -0.02947440
v -0.00550611 0.01790760 -0.02947440
v -0.00581919 0.01857902 -0.02947440
v -0.00624411 0.01918587 -0.02947440
v -0.00676795 0.01970971 -0.02947440
v 0.01375020 0.01645402 -0.02947440
v 0.01368563 0.01719202 -0.02947440
v 0.01349389 0.01790760 -0.02947440
v 0.01318081 0.01857902 -0.02947440
v 0.01275589 0.01918587 -0.02947440
v 0.01223205 0.01970971 -0.02947440
v 0.01162520 0.02013463 -0.02947440
v 0.01095379 0.02044771 -0.02947440
v 0.01023820 0.02063945 -0.02947440
v 0.00950020 0.02070402 -0.02947440
v 0.00876219 0.02063945 -0.02947440
v 0.00804661 0.02044771 -0.02947440
v 0.00737520 0.02013463 -0.02947440
v 0.00676835 0.01970971 -0.02947440
v 0.00624451 0.01918587 -0.02947440
v 0.00581959 0.01857902 -0.02947440
v 0.00550651 0.01790760 -0.02947440
v 0.00531477 0.01719202 -0.02947440
v 0.00525020 0.01645402 -0.02947440
v 0.00531477 0.01571601 -0.02947440
v 0.00550651 0.01500043 -0.02947440
v 0.00581959 0.01432902 -0.02947440
v 0.00624451 0.01372217 -0.02947440
v 0.00676835 0.01319833 -0.02947440
v 0.00737520 0.01277341 -0.02947440
v 0.00804661 0.01246033 -0.02947440
v 0.00876219 0.01226859 -0.02947440
v 0.00950020 0.01220402 -0.02947440
v 0.01023820 0.01226859 -0.02947440
v 0.01095379 0.01246033 -0.02947440
v 0.01162520 0.01277341 -0.02947440
v 0.01223205 0.01319833 -0.02947440
v 0.01275589 0.01372217 -0.02947440
v 0.01318081 0.01432902 -0.02947440
v 0.01349389 0.01500043 -0.02947440
v 0.01368563 0.01571601 -0.02947440
v -0.00788237 -0.00139037 -0.02872440
v -0.00752126 -0.00273805 -0.02872440
v -0.00693162 -0.00400255 -0.02872440
v -0.00613135 -0.00514545 -0.02872440
v -0.00514478 -0.00613202 -0.02872440
v -0.00400189 -0.00693228 -0.02872440
v -0.00273739 -0.00752193 -0.02872440
v -0.00138971 -0.00788304 -0.02872440
v 0.00000020 -0.00800464 -0.02872440
v 0.00139011 -0.00788304 -0.02872440
v 0.00273779 -0.00752193 -0.02872440
v 0.00400229 -0.00693228 -0.02872440
v 0.00514518 -0.00613202 -0.02872440
v 0.00613175 -0.00514545 -0.02872440
v 0.00693202 -0.00400255 -0.02872440
v 0.00752166 -0.00273805 -0.02872440
v 0.00788277 -0.00139037 -0.02872440
v 0.00800437 -0.00000046 -0.02872440
v 0.00788277 0.00138945 -0.02872440
v 0.00752166 0.00273712 -0.02872440
v 0.00693202 0.00400162 -0.02872440
v 0.00613175 0.00514452 -0.02872440
v 0.00514518 0.00613109 -0.02872440
v 0.00400229 0.00693135 -0.02872440
v 0.00273779 0.00752100 -0.02872440
v 0.00139011 0.00788211 -0.02872440
v 0.00000020 0.00800371 -0.02872440
v -0.00138971 0.00788211 -0.02872440
v -0.00273739 0.00752100 -0.02872440
v -0.00400189 0.00693135 -0.02872440
v -0.00514478 0.00613109 -0.02872440
v -0.00613135 0.00514452 -0.02872440
v -0.00693162 0.00400162 -0.02872440
v -0.00752126 0.00273712 -0.02872440
v -0.00788237 0.00138945 -0.02872440
v -0.00800397 -0.00000046 -0.02872440
v 0.00250020 0.01899954 -0.03281830
v 0.00246222 0.01943366 -0.03281830
v 0.00234943 0.01985459 -0.03281830
v 0.00216526 0.02024954 -0.03281830
v 0.00191531 0.02060650 -0.03281830
v 0.00160717 0.02091465 -0.03281830
v 0.00125020 0.02116460 -0.03281830
v 0.00085525 0.02134877 -0.03281830
v 0.00043432 0.02146156 -0.03281830
v 0.00000020 0.02149953 -0.03281830
v -0.00043392 0.02146156 -0.03281830
v -0.00085485 0.02134877 -0.03281830
v -0.00124980 0.02116460 -0.03281830
v -0.00160677 0.02091465 -0.03281830
v -0.00191491 0.02060650 -0.03281830
v -0.00216486 0.02024954 -0.03281830
v -0.00234903 0.01985459 -0.03281830
v -0.00246182 0.01943366 -0.03281830
v -0.00249980 0.01899954 -0.03281830
v -0.00246182 0.01856541 -0.03281830
v -0.00234903 0.01814449 -0.03281830
v -0.00216486 0.01774953 -0.03281830
v -0.00191491 0.01739257 -0.03281830
v -0.00160677 0.01708442 -0.03281830
v -0.00124980 0.01683447 -0.03281830
v -0.00085485 0.01665030 -0.03281830
v -0.00043392 0.01653752 -0.03281830
v 0.00000020 0.01649954 -0.03281830
v 0.00043432 0.01653752 -0.03281830
v 0.00085525 0.01665030 -0.03281830
v 0.00125020 0.01683447 -0.03281830
v 0.00160717 0.01708442 -0.03281830
v 0.00191531 0.01739257 -0.03281830
v 0.00216526 0.01774953 -0.03281830
v 0.00234943 0.01814449 -0.03281830
v 0.00246222 0.01856541 -0.03281830
v 0.01978162 -0.00443210 -0.02947440
v 0.01900020 -0.00450046 -0.02947440
v 0.01821878 -0.00443210 -0.02947440
v 0.01746111 -0.00422908 -0.02947440
v 0.01675020 -0.00389758 -0.02947440
v 0.01610766 -0.00344766 -0.02947440
v 0.01555300 -0.00289301 -0.02947440
v 0.01510309 -0.00225046 -0.02947440
v 0.01477158 -0.00153956 -0.02947440
v 0.01456857 -0.00078188 -0.02947440
v 0.01450020 -0.00000046 -0.02947440
v 0.01456857 0.00078095 -0.02947440
v 0.01477158 0.00153863 -0.02947440
v 0.01510309 0.00224954 -0.02947440
v 0.01555300 0.00289208 -0.02947440
v 0.01610766 0.00344674 -0.02947440
v 0.01675020 0.00389665 -0.02947440
v 0.01746111 0.00422815 -0.02947440
v 0.01821878 0.00443117 -0.02947440
v 0.01900020 0.00449954 -0.02947440
v 0.01978162 0.00443117 -0.02947440
v 0.02053929 0.00422815 -0.02947440
v 0.02125020 0.00389665 -0.02947440
v 0.02189275 0.00344674 -0.02947440
v 0.02244740 0.00289208 -0.02947440
v 0.02289731 0.00224954 -0.02947440
v 0.02322882 0.00153863 -0.02947440
v 0.02343184 0.00078095 -0.02947440
v 0.02350020 -0.00000046 -0.02947440
v 0.02343184 -0.00078188 -0.02947440
v 0.02322882 -0.00153956 -0.02947440
v 0.02289731 -0.00225046 -0.02947440
v 0.02244740 -0.00289301 -0.02947440
v 0.02189275 -0.00344766 -0.02947440
v 0.02125020 -0.00389758 -0.02947440
v 0.02053929 -0.00422908 -0.02947440
v 0.01400020 -0.01645495 -0.02947440
v 0.01393184 -0.01723636 -0.02947440
v 0.01372882 -0.01799404 -0.02947440
v 0.01339732 -0.01870495 -0.02947440
v 0.01294740 -0.01934749 -0.02947440
v 0.01239274 -0.01990215 -0.02947440
v 0.01175020 -0.02035206 -0.02947440
v 0.01103929 -0.02068357 -0.02947440
v 0.01028162 -0.02088658 -0.02947440
v 0.00950020 -0.02095495 -0.02947440
v 0.00871878 -0.02088658 -0.02947440
v 0.00796111 -0.02068357 -0.02947440
v 0.00725020 -0.02035206 -0.02947440
v 0.00660766 -0.01990215 -0.02947440
v 0.00605300 -0.01934749 -0.02947440
v 0.00560309 -0.01870495 -0.02947440
v 0.00527158 -0.01799404 -0.02947440
v 0.00506856 -0.01723636 -0.02947440
v 0.00500020 -0.01645495 -0.02947440
v 0.00506856 -0.01567353 -0.02947440
v 0.00527158 -0.01491586 -0.02947440
v 0.00560309 -0.01420495 -0.02947440
v 0.00605300 -0.01356240 -0.02947440
v 0.00660766 -0.01300775 -0.02947440
v 0.00725020 -0.01255783 -0.02947440
v 0.00796111 -0.01222633 -0.02947440
v 0.00871878 -0.01202331 -0.02947440
v 0.00950020 -0.01195495 -0.02947440
v 0.01028162 -0.01202331 -0.02947440
v 0.01103929 -0.01222633 -0.02947440
v 0.01175020 -0.01255783 -0.02947440
v 0.01239274 -0.01300775 -0.02947440
v 0.01294740 -0.01356240 -0.02947440
v 0.01339732 -0.01420495 -0.02947440
v 0.01372882 -0.01491586 -0.02947440
v 0.01393184 -0.01567353 -0.02947440
v -0.00796071 -0.01222633 -0.02947440
v -0.00724980 -0.01255783 -0.02947440
v -0.00660726 -0.01300775 -0.02947440
v -0.00605260 -0.01356240 -0.02947440
v -0.00560269 -0.01420495 -0.02947440
v -0.00527118 -0.01491586 -0.02947440
v -0.00506817 -0.01567353 -0.02947440
v -0.00499980 -0.01645495 -0.02947440
v -0.00506817 -0.01723636 -0.02947440
v -0.00527118 -0.01799404 -0.02947440
v -0.00560269 -0.01870495 -0.02947440
v -0.00605260 -0.01934749 -0.02947440
v -0.00660726 -0.01990215 -0.02947440
v -0.00724980 -0.02035206 -0.02947440
v -0.00796071 -0.02068357 -0.02947440
v -0.00871838 -0.02088658 -0.02947440
v -0.00949980 -0.02095495 -0.02947440
v -0.01028122 -0.02088658 -0.02947440
v -0.01103889 -0.02068357 -0.02947440
v -0.01174980 -0.02035206 -0.02947440
v -0.01239234 -0.01990215 -0.02947440
v -0.01294700 -0.01934749 -0.02947440
v -0.01339691 -0.01870495 -0.02947440
v -0.01372842 -0.01799404 -0.02947440
v -0.01393143 -0.01723636 -0.02947440
v -0.01399980 -0.01645495 -0.02947440
v -0.01393143 -0.01567353 -0.02947440
v -0.01372842 -0.01491586 -0.02947440
v -0.01339691 -0.01420495 -0.02947440
v -0.01294700 -0.01356240 -0.02947440
v -0.01239234 -0.01300775 -0.02947440
v -0.01174980 -0.01255783 -0.02947440
v -0.01103889 -0.01222633 -0.02947440
v -0.01028122 -0.01202331 -0.02947440
v -0.00949980 -0.01195495 -0.02947440
v -0.00871838 -0.01202331 -0.02947440
v -0.01610726 0.00344674 -0.02947440
v -0.01555260 0.00289208 -0.02947440
v -0.01510268 0.00224954 -0.02947440
v -0.01477118 0.00153863 -0.02947440
v -0.01456816 0.00078095 -0.02947440
v -0.01449980 -0.00000046 -0.02947440
v -0.01456816 -0.00078188 -0.02947440
v -0.01477118 -0.00153956 -0.02947440
v -0.01510268 -0.00225046 -0.02947440
v -0.01555260 -0.00289301 -0.02947440
v -0.01610726 -0.00344766 -0.02947440
v -0.01674980 -0.00389758 -0.02947440
v -0.01746071 -0.00422908 -0.02947440
v -0.01821838 -0.00443210 -0.02947440
v -0.01899980 -0.00450046 -0.02947440
v -0.01978122 -0.00443210 -0.02947440
v -0.02053889 -0.00422908 -0.02947440
v -0.02124980 -0.00389758 -0.02947440
v -0.02189235 -0.00344766 -0.02947440
v -0.02244700 -0.00289301 -0.02947440
v -0.02289691 -0.00225046 -0.02947440
v -0.02322842 -0.00153956 -0.02947440
v -0.02343143 -0.00078188 -0.02947440
v -0.02349980 -0.00000046 -0.02947440
v -0.02343143 0.00078095 -0.02947440
v -0.02322842 0.00153863 -0.02947440
v -0.02289691 0.00224954 -0.02947440
v -0.02244700 0.00289208 -0.02947440
v -0.02189235 0.00344674 -0.02947440
v -0.02124980 0.00389665 -0.02947440
v -0.02053889 0.00422815 -0.02947440
v -0.01978122 0.00443117 -0.02947440
v -0.01899980 0.00449954 -0.02947440
v -0.01821838 0.00443117 -0.02947440
v -0.01746071 0.00422815 -0.02947440
v -0.01674980 0.00389665 -0.02947440
v -0.00499980 0.01645402 -0.02947440
v -0.00506817 0.01567260 -0.02947440
v -0.00527118 0.01491493 -0.02947440
v -0.00560269 0.01420402 -0.02947440
v -0.00605260 0.01356147 -0.02947440
v -0.00660726 0.01300682 -0.02947440
v -0.00724980 0.01255690 -0.02947440
v -0.00796071 0.01222540 -0.02947440
v -0.00871838 0.01202238 -0.02947440
v -0.00949980 0.01195402 -0.02947440
v -0.01028122 0.01202238 -0.02947440
v -0.01103889 0.01222540 -0.02947440
v -0.01174980 0.01255690 -0.02947440
v -0.01239234 0.01300682 -0.02947440
v -0.01294700 0.01356147 -0.02947440
v -0.01339691 0.01420402 -0.02947440
v -0.01372842 0.01491493 -0.02947440
v -0.01393143 0.01567260 -0.02947440
v -0.01399980 0.01645402 -0.02947440
v -0.01393143 0.01723544 -0.02947440
v -0.01372842 0.01799311 -0.02947440
v -0.01339691 0.01870402 -0.02947440
v -0.01294700 0.01934656 -0.02947440
v -0.01239234 0.01990122 -0.02947440
v -0.01174980 0.02035113 -0.02947440
v -0.01103889 0.02068263 -0.02947440
v -0.01028122 0.02088565 -0.02947440
v -0.00949980 0.02095402 -0.02947440
v -0.00871838 0.02088565 -0.02947440
v -0.00796071 0.02068263 -0.02947440
v -0.00724980 0.02035113 -0.02947440
v -0.00660726 0.01990122 -0.02947440
v -0.00605260 0.01934656 -0.02947440
v -0.00560269 0.01870402 -0.02947440
v -0.00527118 0.01799311 -0.02947440
v -0.00506817 0.01723544 -0.02947440
v 0.01294740 0.01934656 -0.02947440
v 0.01339732 0.01870402 -0.02947440
v 0.01372882 0.01799311 -0.02947440
v 0.01393184 0.01723544 -0.02947440
v 0.01400020 0.01645402 -0.02947440
v 0.01393184 0.01567260 -0.02947440
v 0.01372882 0.01491493 -0.02947440
v 0.01339732 0.01420402 -0.02947440
v 0.01294740 0.01356147 -0.02947440
v 0.01239274 0.01300682 -0.02947440
v 0.01175020 0.01255690 -0.02947440
v 0.01103929 0.01222540 -0.02947440
v 0.01028162 0.01202238 -0.02947440
v 0.00950020 0.01195402 -0.02947440
v 0.00871878 0.01202238 -0.02947440
v 0.00796111 0.01222540 -0.02947440
v 0.00725020 0.01255690 -0.02947440
v 0.00660766 0.01300682 -0.02947440
v 0.00605300 0.01356147 -0.02947440
v 0.00560309 0.01420402 -0.02947440
v 0.00527158 0.01491493 -0.02947440
v 0.00506856 0.01567260 -0.02947440
v 0.00500020 0.01645402 -0.02947440
v 0.00506856 0.01723544 -0.02947440
v 0.00527158 0.01799311 -0.02947440
v 0.00560309 0.01870402 -0.02947440
v 0.00605300 0.01934656 -0.02947440
v 0.00660766 0.01990122 -0.02947440
v 0.00725020 0.02035113 -0.02947440
v 0.00796111 0.02068263 -0.02947440
v 0.00871878 0.02088565 -0.02947440
v 0.00950020 0.02095402 -0.02947440
v 0.01028162 0.02088565 -0.02947440
v 0.01103929 0.02068263 -0.02947440
v 0.01175020 0.02035113 -0.02947440
v 0.01239274 0.01990122 -0.02947440
v 0.00800437 -0.00000046 -0.03232440
v 0.00788277 -0.00139037 -0.03232440
v 0.00752166 -0.00273805 -0.03232440
v 0.00693202 -0.00400255 -0.03232440
v 0.00613175 -0.00514545 -0.03232440
v 0.00514518 -0.00613202 -0.03232440
v 0.00400229 -0.00693228 -0.03232440
v 0.00273779 -0.00752193 -0.03232440
v 0.00139011 -0.00788304 -0.03232440
v 0.00000020 -0.00800464 -0.03232440
v -0.00138971 -0.00788304 -0.03232440
v -0.00273739 -0.00752193 -0.03232440
v -0.00400189 -0.00693228 -0.03232440
v -0.00514478 -0.00613202 -0.03232440
v -0.00613135 -0.00514545 -0.03232440
v -0.00693162 -0.00400255 -0.03232440
v -0.00752126 -0.00273805 -0.03232440
v -0.00788237 -0.00139037 -0.03232440
v -0.00800397 -0.00000046 -0.03232440
v -0.00788237 0.00138945 -0.03232440
v -0.00752126 0.00273712 -0.03232440
v -0.00693162 0.00400162 -0.03232440
v -0.00613135 0.00514452 -0.03232440
v -0.00514478 0.00613109 -0.03232440
v -0.00400189 0.00693135 -0.03232440
v -0.00273739 0.00752100 -0.03232440
v -0.00138971 0.00788211 -0.03232440
v 0.00000020 0.00800371 -0.03232440
v 0.00139011 0.00788211 -0.03232440
v 0.00273779 0.00752100 -0.03232440
v 0.00400229 0.00693135 -0.03232440
v 0.00514518 0.00613109 -0.03232440
v 0.00613175 0.00514452 -0.03232440
v 0.00693202 0.00400162 -0.03232440
v 0.00752166 0.00273712 -0.03232440
v 0.00788277 0.00138945 -0.03232440
v 0.00250020 0.01899954 -0.03332440
v 0.00246222 0.01856541 -0.03332440
v 0.00234943 0.01814449 -0.03332440
v 0.00216526 0.01774953 -0.03332440
v 0.00191531 0.01739257 -0.03332440
v 0.00160717 0.01708442 -0.03332440
v 0.00125020 0.01683447 -0.03332440
v 0.00085525 0.01665030 -0.03332440
v 0.00043432 0.01653752 -0.03332440
v 0.00000020 0.01649954 -0.03332440
v -0.00043392 0.01653752 -0.03332440
v -0.00085485 0.01665030 -0.03332440
v -0.00124980 0.01683447 -0.03332440
v -0.00160677 0.01708442 -0.03332440
v -0.00191491 0.01739257 -0.03332440
v -0.00216486 0.01774953 -0.03332440
v -0.00234903 0.01814449 -0.03332440
v -0.00246182 0.01856541 -0.03332440
v -0.00249980 0.01899954 -0.03332440
v -0.00246182 0.01943366 -0.03332440
v -0.00234903 0.01985459 -0.03332440
v -0.00216486 0.02024954 -0.03332440
v -0.00191491 0.02060650 -0.03332440
v -0.00160677 0.02091465 -0.03332440
v -0.00124980 0.02116460 -0.03332440
v -0.00085485 0.02134877 -0.03332440
v -0.00043392 0.02146156 -0.03332440
v 0.00000020 0.02149953 -0.03332440
v 0.00043432 0.02146156 -0.03332440
v 0.00085525 0.02134877 -0.03332440
v 0.00125020 0.02116460 -0.03332440
v 0.00160717 0.02091465 -0.03332440
v 0.00191531 0.02060650 -0.03332440
v 0.00216526 0.02024954 -0.03332440
v 0.00234943 0.01985459 -0.03332440
v 0.00246222 0.01943366 -0.03332440
v 0.02350020 -0.00000046 -0.03332440
v 0.02343184 -0.00078188 -0.03332440
v 0.02322882 -0.00153956 -0.03332440
v 0.02289731 -0.00225046 -0.03332440
v 0.02244740 -0.00289301 -0.03332440
v 0.02189275 -0.00344766 -0.03332440
v 0.02125020 -0.00389758 -0.03332440
v 0.02053929 -0.00422908 -0.03332440
v 0.01978162 -0.00443210 -0.03332440
v 0.01900020 -0.00450046 -0.03332440
v 0.01821878 -0.00443210 -0.03332440
v 0.01746111 -0.00422908 -0.03332440
v 0.01675020 -0.00389758 -0.03332440
v 0.01610766 -0.00344766 -0.03332440
v 0.01555300 -0.00289301 -0.03332440
v 0.01510309 -0.00225046 -0.03332440
v 0.01477158 -0.00153956 -0.03332440
v 0.01456857 -0.00078188 -0.03332440
v 0.01450020 -0.00000046 -0.03332440
v 0.01456857 0.00078095 -0.03332440
v 0.01477158 0.00153863 -0.03332440
v 0.01510309 0.00224954 -0.03332440
v 0.01555300 0.00289208 -0.03332440
v 0.01610766 0.00344674 -0.03332440
v 0.01675020 0.00389665 -0.03332440
v 0.01746111 0.00422815 -0.03332440
v 0.01821878 0.00443117 -0.03332440
v 0.01900020 0.00449954 -0.03332440
v 0.01978162 0.00443117 -0.03332440
v 0.02053929 0.00422815 -0.03332440
v 0.02125020 0.00389665 -0.03332440
v 0.02189275 0.00344674 -0.03332440
v 0.02244740 0.00289208 -0.03332440
v 0.02289731 0.00224954 -0.03332440
v 0.02322882 0.00153863 -0.03332440
v 0.02343184 0.00078095 -0.03332440
v 0.00950020 -0.01195495 -0.03332440
v 0.01028162 -0.01202331 -0.03332440
v 0.01103929 -0.01222633 -0.03332440
v 0.01175020 -0.01255783 -0.03332440
v 0.01239274 -0.01300775 -0.03332440
v 0.01294740 -0.01356240 -0.03332440
v 0.01339732 -0.01420495 -0.03332440
v 0.01372882 -0.01491586 -0.03332440
v 0.01393184 -0.01567353 -0.03332440
v 0.01400020 -0.01645495 -0.03332440
v 0.01393184 -0.01723636 -0.03332440
v 0.01372882 -0.01799404 -0.03332440
v 0.01339732 -0.01870495 -0.03332440
v 0.01294740 -0.01934749 -0.03332440
v 0.01239274 -0.01990215 -0.03332440
v 0.01175020 -0.02035206 -0.03332440
v 0.01103929 -0.02068357 -0.03332440
v 0.01028162 -0.02088658 -0.03332440
v 0.00950020 -0.02095495 -0.03332440
v 0.00871878 -0.02088658 -0.03332440
v 0.00796111 -0.02068357 -0.03332440
v 0.00725020 -0.02035206 -0.03332440
v 0.00660766 -0.01990215 -0.03332440
v 0.00605300 -0.01934749 -0.03332440
v 0.00560309 -0.01870495 -0.03332440
v 0.00527158 -0.01799404 -0.03332440
v 0.00506856 -0.01723636 -0.03332440
v 0.00500020 -0.01645495 -0.03332440
v 0.00506856 -0.01567353 -0.03332440
v 0.00527158 -0.01491586 -0.03332440
v 0.00560309 -0.01420495 -0.03332440
v 0.00605300 -0.01356240 -0.03332440
v 0.00660766 -0.01300775 -0.03332440
v 0.00725020 -0.01255783 -0.03332440
v 0.00796111 -0.01222633 -0.03332440
v 0.00871878 -0.01202331 -0.03332440
v -0.00949980 -0.01195495 -0.03332440
v -0.00871838 -0.01202331 -0.03332440
v -0.00796071 -0.01222633 -0.03332440
v -0.00724980 -0.01255783 -0.03332440
v -0.00660726 -0.01300775 -0.03332440
v -0.00605260 -0.01356240 -0.03332440
v -0.00560269 -0.01420495 -0.03332440
v -0.00527118 -0.01491586 -0.03332440
v -0.00506817 -0.01567353 -0.03332440
v -0.00499980 -0.01645495 -0.03332440
v -0.00506817 -0.01723636 -0.03332440
v -0.00527118 -0.01799404 -0.03332440
v -0.00560269 -0.01870495 -0.03332440
v -0.00605260 -0.01934749 -0.03332440
v -0.00660726 -0.01990215 -0.03332440
v -0.00724980 -0.02035206 -0.03332440
v -0.00796071 -0.02068357 -0.03332440
v -0.00871838 -0.02088658 -0.03332440
v -0.00949980 -0.02095495 -0.03332440
v -0.01028122 -0.02088658 -0.03332440
v -0.01103889 -0.02068357 -0.03332440
v -0.01174980 -0.02035206 -0.03332440
v -0.01239234 -0.01990215 -0.03332440
v -0.01294700 -0.01934749 -0.03332440
v -0.01339691 -0.01870495 -0.03332440
v -0.01372842 -0.01799404 -0.03332440
v -0.01393143 -0.01723636 -0.03332440
v -0.01399980 -0.01645495 -0.03332440
v -0.01393143 -0.01567353 -0.03332440
v -0.01372842 -0.01491586 -0.03332440
v -0.01339691 -0.01420495 -0.03332440
v -0.01294700 -0.01356240 -0.03332440
v -0.01239234 -0.01300775 -0.03332440
v -0.01174980 -0.01255783 -0.03332440
v -0.01103889 -0.01222633 -0.03332440
v -0.01028122 -0.01202331 -0.03332440
v -0.01899980 0.00449954 -0.03332440
v -0.01821838 0.00443117 -0.03332440
v -0.01746071 0.00422815 -0.03332440
v -0.01674980 0.00389665 -0.03332440
v -0.01610726 0.00344674 -0.03332440
v -0.01555260 0.00289208 -0.03332440
v -0.01510268 0.00224954 -0.03332440
v -0.01477118 0.00153863 -0.03332440
v -0.01456816 0.00078095 -0.03332440
v -0.01449980 -0.00000046 -0.03332440
v -0.01456816 -0.00078188 -0.03332440
v -0.01477118 -0.00153956 -0.03332440
v -0.01510268 -0.00225046 -0.03332440
v -0.01555260 -0.00289301 -0.03332440
v -0.01610726 -0.00344766 -0.03332440
v -0.01674980 -0.00389758 -0.03332440
v -0.01746071 -0.00422908 -0.03332440
v -0.01821838 -0.00443210 -0.03332440
v -0.01899980 -0.00450046 -0.03332440
v -0.01978122 -0.00443210 -0.03332440
v -0.02053889 -0.00422908 -0.03332440
v -0.02124980 -0.00389758 -0.03332440
v -0.02189235 -0.00344766 -0.03332440
v -0.02244700 -0.00289301 -0.03332440
v -0.02289691 -0.00225046 -0.03332440
v -0.02322842 -0.00153956 -0.03332440
v -0.02343143 -0.00078188 -0.03332440
v -0.02349980 -0.00000046 -0.03332440
v -0.02343143 0.00078095 -0.03332440
v -0.02322842 0.00153863 -0.03332440
v -0.02289691 0.00224954 -0.03332440
v -0.02244700 0.00289208 -0.03332440
v -0.02189235 0.00344674 -0.03332440
v -0.02124980 0.00389665 -0.03332440
v -0.02053889 0.00422815 -0.03332440
v -0.01978122 0.00443117 -0.03332440
v -0.00949980 0.02095402 -0.03332440
v -0.00871838 0.02088565 -0.03332440
v -0.00796071 0.02068263 -0.03332440
v -0.00724980 0.02035113 -0.03332440
v -0.00660726 0.01990122 -0.03332440
v -0.00605260 0.01934656 -0.03332440
v -0.00560269 0.01870402 -0.03332440
v -0.00527118 0.01799311 -0.03332440
v -0.00506817 0.01723544 -0.03332440
v -0.00499980 0.01645402 -0.03332440
v -0.00506817 0.01567260 -0.03332440
v -0.00527118 0.01491493 -0.03332440
v -0.00560269 0.01420402 -0.03332440
v -0.00605260 0.01356147 -0.03332440
v -0.00660726 0.01300682 -0.03332440
v -0.00724980 0.01255690 -0.03332440
v -0.00796071 0.01222540 -0.03332440
v -0.00871838 0.01202238 -0.03332440
v -0.00949980 0.01195402 -0.03332440
v -0.01028122 0.01202238 -0.03332440
v -0.01103889 0.01222540 -0.03332440
v -0.01174980 0.01255690 -0.03332440
v -0.01239234 0.01300682 -0.03332440
v -0.01294700 0.01356147 -0.03332440
v -0.01339691 0.01420402 -0.03332440
v -0.01372842 0.01491493 -0.03332440
v -0.01393143 0.01567260 -0.03332440
v -0.01399980 0.01645402 -0.03332440
v -0.01393143 0.01723544 -0.03332440
v -0.01372842 0.01799311 -0.03332440
v -0.01339691 0.01870402 -0.03332440
v -0.01294700 0.01934656 -0.03332440
v -0.01239234 0.01990122 -0.03332440
v -0.01174980 0.02035113 -0.03332440
v -0.01103889 0.02068263 -0.03332440
v -0.01028122 0.02088565 -0.03332440
v 0.00950020 0.02095402 -0.03332440
v 0.01028162 0.02088565 -0.03332440
v 0.01103929 0.02068263 -0.03332440
v 0.01175020 0.02035113 -0.03332440
v 0.01239274 0.01990122 -0.03332440
v 0.01294740 0.01934656 -0.03332440
v 0.01339732 0.01870402 -0.03332440
v 0.01372882 0.01799311 -0.03332440
v 0.01393184 0.01723544 -0.03332440
v 0.01400020 0.01645402 -0.03332440
v 0.01393184 0.01567260 -0.03332440
v 0.01372882 0.01491493 -0.03332440
v 0.01339732 0.01420402 -0.03332440
v 0.01294740 0.01356147 -0.03332440
v 0.01239274 0.01300682 -0.03332440
v 0.01175020 0.01255690 -0.03332440
v 0.01103929 0.01222540 -0.03332440
v 0.01028162 0.01202238 -0.03332440
v 0.00950020 0.01195402 -0.03332440
v 0.00871878 0.01202238 -0.03332440
v 0.00796111 0.01222540 -0.03332440
v 0.00725020 0.01255690 -0.03332440
v 0.00660766 0.01300682 -0.03332440
v 0.00605300 0.01356147 -0.03332440
v 0.00560309 0.01420402 -0.03332440
v 0.00527158 0.01491493 -0.03332440
v 0.00506856 0.01567260 -0.03332440
v 0.00500020 0.01645402 -0.03332440
v 0.00506856 0.01723544 -0.03332440
v 0.00527158 0.01799311 -0.03332440
v 0.00560309 0.01870402 -0.03332440
v 0.00605300 0.01934656 -0.03332440
v 0.00660766 0.01990122 -0.03332440
v 0.00725020 0.02035113 -0.03332440
v 0.00796111 0.02068263 -0.03332440
v 0.00871878 0.02088565 -0.03332440
v 0.00886758 -0.00156402 -0.03332440
v 0.00846136 -0.00308007 -0.03332440
v 0.00779804 -0.00450255 -0.03332440
v 0.00689780 -0.00578824 -0.03332440
v 0.00578797 -0.00689806 -0.03332440
v 0.00450229 -0.00779831 -0.03332440
v 0.00307981 -0.00846162 -0.03332440
v 0.00156376 -0.00886785 -0.03332440
v 0.00000020 -0.00900464 -0.03332440
v -0.00156336 -0.00886785 -0.03332440
v -0.00307941 -0.00846162 -0.03332440
v -0.00450189 -0.00779831 -0.03332440
v -0.00578757 -0.00689806 -0.03332440
v -0.00689740 -0.00578824 -0.03332440
v -0.00779764 -0.00450255 -0.03332440
v -0.00846096 -0.00308007 -0.03332440
v -0.00886718 -0.00156402 -0.03332440
v -0.00900398 -0.00000046 -0.03332440
v -0.00886718 0.00156309 -0.03332440
v -0.00846096 0.00307914 -0.03332440
v -0.00779764 0.00450162 -0.03332440
v -0.00689740 0.00578731 -0.03332440
v -0.00578757 0.00689713 -0.03332440
v -0.00450189 0.00779738 -0.03332440
v -0.00307941 0.00846069 -0.03332440
v -0.00156336 0.00886692 -0.03332440
v 0.00000020 0.00900371 -0.03332440
v 0.00156376 0.00886692 -0.03332440
v 0.00307981 0.00846069 -0.03332440
v 0.00450229 0.00779738 -0.03332440
v 0.00578797 0.00689713 -0.03332440
v 0.00689780 0.00578731 -0.03332440
v 0.00779804 0.00450162 -0.03332440
v 0.00846136 0.00307914 -0.03332440
v 0.00886758 0.00156309 -0.03332440
v 0.00900437 -0.00000046 -0.03332440
v -0.00274980 0.01331561 -0.03332440
v -0.01424980 -0.00675255 -0.03332440
v -0.00274980 -0.01047979 -0.03332440
v -0.00399980 -0.01047979 -0.03332440
v 0.00400020 -0.01047979 -0.03332440
v 0.01150229 0.02081561 -0.03332440
v -0.02208864 0.00675162 -0.03332440
v 0.00400020 -0.02081654 -0.03332440
v 0.01458904 -0.00675255 -0.03332440
v 0.03547903 0.00857288 -0.03332440
v 0.01458904 0.00675162 -0.03332440
v 0.03547903 -0.00857380 -0.03332440
v 0.03624401 -0.00431743 -0.03332440
v 0.03650020 -0.00000046 -0.03332440
v 0.03624401 0.00431651 -0.03332440
v 0.01665181 0.02049628 -0.03332440
v 0.01617787 0.02027528 -0.03332440
v 0.01458904 0.02081561 -0.03332440
v 0.01574951 0.01997534 -0.03332440
v 0.01537974 0.01960557 -0.03332440
v 0.01507979 0.01917721 -0.03332440
v 0.01485879 0.01870326 -0.03332440
v 0.01472345 0.01715626 -0.03332440
v 0.01458904 0.01331561 -0.03332440
v 0.01467787 0.01767720 -0.03332440
v 0.01472345 0.01819815 -0.03332440
v 0.01485879 0.01665114 -0.03332440
v 0.01507979 0.01617721 -0.03332440
v 0.01537974 0.01574884 -0.03332440
v 0.01997600 0.01960557 -0.03332440
v 0.01960623 0.01997534 -0.03332440
v 0.02764936 0.02382754 -0.03332440
v 0.01917787 0.02027528 -0.03332440
v 0.01715693 0.02063163 -0.03332440
v 0.01767787 0.02067721 -0.03332440
v 0.03027351 0.02039014 -0.03332440
v 0.02049695 0.01870326 -0.03332440
v 0.02027595 0.01917721 -0.03332440
v 0.01870393 0.02049628 -0.03332440
v 0.01819881 0.02063163 -0.03332440
v 0.01574951 0.01537907 -0.03332440
v 0.01617787 0.01507913 -0.03332440
v 0.01665181 0.01485813 -0.03332440
v 0.03421601 0.01270889 -0.03332440
v 0.01819881 0.01472278 -0.03332440
v 0.01870393 0.01485813 -0.03332440
v 0.01917787 0.01507913 -0.03332440
v 0.01960623 0.01537907 -0.03332440
v 0.01997600 0.01574884 -0.03332440
v 0.01715693 0.01472278 -0.03332440
v 0.01767787 0.01467721 -0.03332440
v 0.03247269 0.01666650 -0.03332440
v 0.02067787 0.01767720 -0.03332440
v 0.02063229 0.01819815 -0.03332440
v 0.02027595 0.01617721 -0.03332440
v 0.02049695 0.01665114 -0.03332440
v 0.02063229 0.01715626 -0.03332440
v 0.01371791 0.03382371 -0.03332440
v 0.01762211 0.03196386 -0.03332440
v 0.01458904 0.02899953 -0.03332440
v 0.02127895 0.02965531 -0.03332440
v 0.02463708 0.02693045 -0.03332440
v 0.00400020 0.02899953 -0.03332440
v 0.00538930 0.03609950 -0.03332440
v 0.00962113 0.03520874 -0.03332440
v 0.00108182 0.03648351 -0.03332440
v -0.00274980 0.02899953 -0.03332440
v -0.00324085 0.03635535 -0.03332440
v -0.01168965 0.03457695 -0.03332440
v -0.00751802 0.03571685 -0.03332440
v -0.00399980 0.02899953 -0.03332440
v -0.01569718 0.03295166 -0.03332440
v -0.02299801 0.02834266 -0.03332440
v -0.02208864 0.02081561 -0.03332440
v -0.02618881 0.02542365 -0.03332440
v -0.02901199 0.02214774 -0.03332440
v -0.03142789 0.01856092 -0.03332440
v -0.02208864 0.01331561 -0.03332440
v -0.03340261 0.01471354 -0.03332440
v -0.03490844 0.01065961 -0.03332440
v -0.03592421 0.00645603 -0.03332440
v -0.03643570 0.00216182 -0.03332440
v -0.03643570 -0.00216275 -0.03332440
v -0.03592421 -0.00645696 -0.03332440
v -0.02208864 -0.01047979 -0.03332440
v -0.03490844 -0.01066054 -0.03332440
v -0.02208864 -0.02081654 -0.03332440
v -0.03142789 -0.01856185 -0.03332440
v -0.02208864 -0.01331654 -0.03332440
v -0.03340261 -0.01471447 -0.03332440
v -0.02299801 -0.02834359 -0.03332440
v -0.02618881 -0.02542458 -0.03332440
v -0.02901199 -0.02214867 -0.03332440
v -0.01948435 -0.03086472 -0.03332440
v -0.01424980 -0.02081654 -0.03332440
v -0.01569718 -0.03295258 -0.03332440
v -0.01168965 -0.03457788 -0.03332440
v -0.00751802 -0.03571778 -0.03332440
v -0.00324085 -0.03635629 -0.03332440
v -0.00295422 -0.02447952 -0.03332440
v -0.00399980 -0.02081654 -0.03332440
v -0.00281888 -0.02397440 -0.03332440
v -0.00274980 -0.02081654 -0.03332440
v -0.00299980 -0.02500046 -0.03332440
v -0.00295422 -0.02552141 -0.03332440
v -0.00281888 -0.02602653 -0.03332440
v -0.00052074 -0.02204604 -0.03332440
v -0.00102586 -0.02218139 -0.03332440
v -0.00149980 -0.02240239 -0.03332440
v -0.00192816 -0.02270233 -0.03332440
v -0.00229793 -0.02307210 -0.03332440
v -0.00259788 -0.02350047 -0.03332440
v 0.00108182 -0.03648444 -0.03332440
v -0.00052074 -0.02795489 -0.03332440
v -0.00259788 -0.02650047 -0.03332440
v -0.00229793 -0.02692883 -0.03332440
v -0.00192816 -0.02729860 -0.03332440
v -0.00149980 -0.02759854 -0.03332440
v -0.00102586 -0.02781954 -0.03332440
v 0.00150020 -0.02759854 -0.03332440
v 0.00192856 -0.02729860 -0.03332440
v 0.00538930 -0.03610043 -0.03332440
v 0.00229833 -0.02692883 -0.03332440
v 0.00259828 -0.02650047 -0.03332440
v 0.00000020 -0.02800047 -0.03332440
v 0.00052114 -0.02795489 -0.03332440
v 0.00102626 -0.02781954 -0.03332440
v 0.00281928 -0.02602653 -0.03332440
v 0.00295462 -0.02552141 -0.03332440
v 0.00300020 -0.02500046 -0.03332440
v 0.00295462 -0.02447952 -0.03332440
v 0.00281928 -0.02397440 -0.03332440
v 0.00259828 -0.02350047 -0.03332440
v 0.00229833 -0.02307210 -0.03332440
v 0.00192856 -0.02270233 -0.03332440
v 0.00150020 -0.02240239 -0.03332440
v 0.00102626 -0.02218139 -0.03332440
v 0.00052114 -0.02204604 -0.03332440
v 0.00000020 -0.02200046 -0.03332440
v 0.00962113 -0.03520966 -0.03332440
v 0.01371791 -0.03382463 -0.03332440
v 0.01150229 -0.02081654 -0.03332440
v 0.01458904 -0.02081654 -0.03332440
v 0.02764936 -0.02382847 -0.03332440
v 0.02463708 -0.02693138 -0.03332440
v 0.02127895 -0.02965623 -0.03332440
v 0.01762211 -0.03196479 -0.03332440
v 0.01485879 -0.01870420 -0.03332440
v 0.01507979 -0.01917813 -0.03332440
v 0.01537974 -0.01960650 -0.03332440
v 0.01574951 -0.01997627 -0.03332440
v 0.01617787 -0.02027621 -0.03332440
v 0.01574951 -0.01538000 -0.03332440
v 0.01537974 -0.01574977 -0.03332440
v 0.01458904 -0.01331654 -0.03332440
v 0.01507979 -0.01617813 -0.03332440
v 0.01485879 -0.01665207 -0.03332440
v 0.01767787 -0.01467813 -0.03332440
v 0.01715693 -0.01472371 -0.03332440
v 0.01472345 -0.01715719 -0.03332440
v 0.01467787 -0.01767813 -0.03332440
v 0.01472345 -0.01819908 -0.03332440
v 0.01665181 -0.01485906 -0.03332440
v 0.01617787 -0.01508006 -0.03332440
v 0.01819881 -0.02063256 -0.03332440
v 0.01870393 -0.02049721 -0.03332440
v 0.01917787 -0.02027621 -0.03332440
v 0.01960623 -0.01997627 -0.03332440
v 0.03247269 -0.01666743 -0.03332440
v 0.03027351 -0.02039107 -0.03332440
v 0.02063229 -0.01819908 -0.03332440
v 0.02027595 -0.01617813 -0.03332440
v 0.01997600 -0.01574977 -0.03332440
v 0.03421601 -0.01270982 -0.03332440
v 0.01960623 -0.01538000 -0.03332440
v 0.01665181 -0.02049721 -0.03332440
v 0.01715693 -0.02063256 -0.03332440
v 0.01767787 -0.02067813 -0.03332440
v 0.02067787 -0.01767813 -0.03332440
v 0.02063229 -0.01715719 -0.03332440
v 0.02049695 -0.01665207 -0.03332440
v 0.01917787 -0.01508006 -0.03332440
v 0.01870393 -0.01485906 -0.03332440
v 0.01819881 -0.01472371 -0.03332440
v 0.01997600 -0.01960650 -0.03332440
v 0.02027595 -0.01917813 -0.03332440
v 0.02049695 -0.01870420 -0.03332440
v 0.01458904 -0.01047979 -0.03332440
v 0.00400020 0.01331561 -0.03332440
v -0.00274980 0.02081561 -0.03332440
v 0.00400020 0.02081561 -0.03332440
v 0.01150229 -0.00675255 -0.03332440
v 0.01150229 0.00675162 -0.03332440
v 0.01150229 -0.01047979 -0.03332440
v 0.00400020 -0.01331654 -0.03332440
v -0.01424980 -0.01047979 -0.03332440
v -0.00399980 -0.01331654 -0.03332440
v -0.01424980 -0.01331654 -0.03332440
v -0.01424980 0.00675162 -0.03332440
v -0.02208864 -0.00675255 -0.03332440
v -0.01948435 0.03086379 -0.03332440
v -0.01424980 0.02899953 -0.03332440
v -0.00399980 0.02081561 -0.03332440
v -0.00399980 0.01331561 -0.03332440
v -0.01424980 0.02081561 -0.03332440
v -0.01424980 0.01331561 -0.03332440
v 0.01150229 0.02899953 -0.03332440
v -0.00274980 -0.01331654 -0.03332440
v -0.01870353 -0.01485906 -0.03332440
v -0.01917747 -0.01508006 -0.03332440
v -0.01960583 -0.01538000 -0.03332440
v -0.01997560 -0.01574977 -0.03332440
v -0.02027555 -0.01617813 -0.03332440
v -0.02049655 -0.01665207 -0.03332440
v -0.02063189 -0.01715719 -0.03332440
v -0.02067747 -0.01767813 -0.03332440
v -0.02063189 -0.01819908 -0.03332440
v -0.02049655 -0.01870420 -0.03332440
v -0.02027555 -0.01917813 -0.03332440
v -0.01997560 -0.01960650 -0.03332440
v -0.01665141 -0.02049721 -0.03332440
v -0.01617747 -0.02027621 -0.03332440
v -0.01574911 -0.01997627 -0.03332440
v -0.01537934 -0.01574977 -0.03332440
v -0.01507939 -0.01617813 -0.03332440
v -0.01485839 -0.01665207 -0.03332440
v -0.01960583 -0.01997627 -0.03332440
v -0.01917747 -0.02027621 -0.03332440
v -0.01870353 -0.02049721 -0.03332440
v -0.01819841 -0.02063256 -0.03332440
v -0.01767747 -0.02067813 -0.03332440
v -0.01715652 -0.02063256 -0.03332440
v -0.01537934 -0.01960650 -0.03332440
v -0.01507939 -0.01917813 -0.03332440
v -0.01485839 -0.01870420 -0.03332440
v -0.01472305 -0.01819908 -0.03332440
v -0.01467747 -0.01767813 -0.03332440
v -0.01472305 -0.01715719 -0.03332440
v -0.01574911 -0.01538000 -0.03332440
v -0.01617747 -0.01508006 -0.03332440
v -0.01665141 -0.01485906 -0.03332440
v -0.01715652 -0.01472371 -0.03332440
v -0.01767747 -0.01467813 -0.03332440
v -0.01819841 -0.01472371 -0.03332440
v -0.02067747 0.01767720 -0.03332440
v -0.02063189 0.01715626 -0.03332440
v -0.02049655 0.01665114 -0.03332440
v -0.01917747 0.02027528 -0.03332440
v -0.01870353 0.02049628 -0.03332440
v -0.01819841 0.02063163 -0.03332440
v -0.01960583 0.01997534 -0.03332440
v -0.01997560 0.01960557 -0.03332440
v -0.02027555 0.01917721 -0.03332440
v -0.01767747 0.01467721 -0.03332440
v -0.01715652 0.01472278 -0.03332440
v -0.02049655 0.01870326 -0.03332440
v -0.02063189 0.01819815 -0.03332440
v -0.01617747 0.02027528 -0.03332440
v -0.01665141 0.02049628 -0.03332440
v -0.01715652 0.02063163 -0.03332440
v -0.01767747 0.02067721 -0.03332440
v -0.01665141 0.01485813 -0.03332440
v -0.01617747 0.01507913 -0.03332440
v -0.01574911 0.01537907 -0.03332440
v -0.02027555 0.01617721 -0.03332440
v -0.01997560 0.01574884 -0.03332440
v -0.01960583 0.01537907 -0.03332440
v -0.01917747 0.01507913 -0.03332440
v -0.01870353 0.01485813 -0.03332440
v -0.01819841 0.01472278 -0.03332440
v -0.01485839 0.01870326 -0.03332440
v -0.01507939 0.01917721 -0.03332440
v -0.01537934 0.01574884 -0.03332440
v -0.01507939 0.01617721 -0.03332440
v -0.01485839 0.01665114 -0.03332440
v -0.01537934 0.01960557 -0.03332440
v -0.01574911 0.01997534 -0.03332440
v -0.01472305 0.01715626 -0.03332440
v -0.01467747 0.01767720 -0.03332440
v -0.01472305 0.01819815 -0.03332440
v -0.03307810 0.03274029 -0.01104127
v -0.03308620 0.03273219 -0.01099851
v -0.03290932 0.03290906 -0.01095440
v -0.03308893 0.03272946 -0.01095440
v -0.03308620 0.03273219 -0.01091029
v -0.03302478 0.03279361 -0.01114898
v -0.03304691 0.03277148 -0.01111767
v -0.03306487 0.03275352 -0.01108140
v -0.03294051 0.03287787 -0.01120454
v -0.03297076 0.03284764 -0.01119308
v -0.03299913 0.03281926 -0.01117437
v -0.03284790 0.03297049 -0.01119308
v -0.03287814 0.03294025 -0.01120454
v -0.03290932 0.03290906 -0.01120840
v -0.03277174 0.03304665 -0.01111767
v -0.03279388 0.03302451 -0.01114898
v -0.03281952 0.03299887 -0.01117437
v -0.03273245 0.03308594 -0.01099851
v -0.03274055 0.03307784 -0.01104127
v -0.03275378 0.03306461 -0.01108140
v -0.03274055 0.03307784 -0.01086753
v -0.03273245 0.03308594 -0.01091029
v -0.03272972 0.03308867 -0.01095440
v -0.03279388 0.03302451 -0.01075982
v -0.03277174 0.03304665 -0.01079113
v -0.03275378 0.03306461 -0.01082740
v -0.03287814 0.03294025 -0.01070426
v -0.03284790 0.03297049 -0.01071572
v -0.03281952 0.03299887 -0.01073443
v -0.03297076 0.03284764 -0.01071572
v -0.03294051 0.03287787 -0.01070426
v -0.03290932 0.03290906 -0.01070040
v -0.03304691 0.03277148 -0.01079113
v -0.03302478 0.03279361 -0.01075982
v -0.03299913 0.03281926 -0.01073443
v -0.03307810 0.03274029 -0.01086753
v -0.03306487 0.03275352 -0.01082740
v -0.03274055 0.03307784 -0.01340753
v -0.03273245 0.03308594 -0.01345029
v -0.03290932 0.03290906 -0.01349440
v -0.03272972 0.03308867 -0.01349440
v -0.03273245 0.03308594 -0.01353851
v -0.03279388 0.03302451 -0.01329982
v -0.03277174 0.03304665 -0.01333113
v -0.03275378 0.03306461 -0.01336740
v -0.03287814 0.03294025 -0.01324426
v -0.03284790 0.03297049 -0.01325572
v -0.03281952 0.03299887 -0.01327443
v -0.03297076 0.03284764 -0.01325572
v -0.03294051 0.03287787 -0.01324426
v -0.03290932 0.03290906 -0.01324040
v -0.03304691 0.03277148 -0.01333113
v -0.03302478 0.03279361 -0.01329982
v -0.03299913 0.03281926 -0.01327443
v -0.03308620 0.03273219 -0.01345029
v -0.03307810 0.03274029 -0.01340753
v -0.03306487 0.03275352 -0.01336740
v -0.03307810 0.03274029 -0.01358127
v -0.03308620 0.03273219 -0.01353851
v -0.03308893 0.03272946 -0.01349440
v -0.03302478 0.03279361 -0.01368898
v -0.03304691 0.03277148 -0.01365767
v -0.03306487 0.03275352 -0.01362140
v -0.03294051 0.03287787 -0.01374454
v -0.03297076 0.03284764 -0.01373308
v -0.03299913 0.03281926 -0.01371437
v -0.03284790 0.03297049 -0.01373308
v -0.03287814 0.03294025 -0.01374454
v -0.03290932 0.03290906 -0.01374840
v -0.03277174 0.03304665 -0.01365767
v -0.03279388 0.03302451 -0.01368898
v -0.03281952 0.03299887 -0.01371437
v -0.03274055 0.03307784 -0.01358127
v -0.03275378 0.03306461 -0.01362140
v -0.03469858 0.03111981 -0.01137898
v -0.03472882 0.03108957 -0.01139044
v -0.03476001 0.03105838 -0.01114030
v -0.03476001 0.03105838 -0.01139430
v -0.03479120 0.03102719 -0.01139044
v -0.03462243 0.03119597 -0.01130356
v -0.03464456 0.03117383 -0.01133487
v -0.03467020 0.03114819 -0.01136027
v -0.03458313 0.03123526 -0.01118440
v -0.03459124 0.03122716 -0.01122717
v -0.03460447 0.03121392 -0.01126730
v -0.03459124 0.03122716 -0.01105342
v -0.03458313 0.03123526 -0.01109619
v -0.03458040 0.03123799 -0.01114030
v -0.03464456 0.03117383 -0.01094572
v -0.03462243 0.03119597 -0.01097703
v -0.03460447 0.03121392 -0.01101330
v -0.03472882 0.03108957 -0.01089015
v -0.03469858 0.03111981 -0.01090162
v -0.03467020 0.03114819 -0.01092033
v -0.03482143 0.03099695 -0.01090162
v -0.03479120 0.03102719 -0.01089015
v -0.03476001 0.03105838 -0.01088630
v -0.03489759 0.03092080 -0.01097703
v -0.03487546 0.03094294 -0.01094572
v -0.03484981 0.03096858 -0.01092033
v -0.03493688 0.03088151 -0.01109619
v -0.03492878 0.03088961 -0.01105342
v -0.03491555 0.03090284 -0.01101330
v -0.03492878 0.03088961 -0.01122717
v -0.03493688 0.03088151 -0.01118440
v -0.03493961 0.03087878 -0.01114030
v -0.03487546 0.03094294 -0.01133487
v -0.03489759 0.03092080 -0.01130356
v -0.03491555 0.03090284 -0.01126730
v -0.03482143 0.03099695 -0.01137898
v -0.03484981 0.03096858 -0.01136027
v -0.03231152 0.03350687 -0.00969402
v -0.03231963 0.03349876 -0.00965125
v -0.03214275 0.03367564 -0.00960714
v -0.03232235 0.03349603 -0.00960714
v -0.03231963 0.03349876 -0.00956304
v -0.03225820 0.03356019 -0.00980172
v -0.03228034 0.03353806 -0.00977041
v -0.03229829 0.03352010 -0.00973414
v -0.03217394 0.03364445 -0.00985728
v -0.03220418 0.03361421 -0.00984583
v -0.03223255 0.03358584 -0.00982711
v -0.03208132 0.03373707 -0.00984583
v -0.03211156 0.03370683 -0.00985728
v -0.03214275 0.03367564 -0.00986114
v -0.03200517 0.03381323 -0.00977041
v -0.03202731 0.03379109 -0.00980172
v -0.03205295 0.03376544 -0.00982711
v -0.03196587 0.03385252 -0.00965125
v -0.03197398 0.03384441 -0.00969402
v -0.03198721 0.03383118 -0.00973414
v -0.03197398 0.03384441 -0.00952027
v -0.03196587 0.03385252 -0.00956304
v -0.03196315 0.03385524 -0.00960714
v -0.03202731 0.03379109 -0.00941257
v -0.03200517 0.03381323 -0.00944387
v -0.03198721 0.03383118 -0.00948014
v -0.03211156 0.03370683 -0.00935700
v -0.03208132 0.03373707 -0.00936846
v -0.03205295 0.03376544 -0.00938717
v -0.03220418 0.03361421 -0.00936846
v -0.03217394 0.03364445 -0.00935700
v -0.03214275 0.03367564 -0.00935314
v -0.03228034 0.03353806 -0.00944387
v -0.03225820 0.03356019 -0.00941257
v -0.03223255 0.03358584 -0.00938717
v -0.03231152 0.03350687 -0.00952027
v -0.03229829 0.03352010 -0.00948014
v -0.03112008 0.03469831 -0.01306982
v -0.03108983 0.03472856 -0.01305836
v -0.03105865 0.03475975 -0.01330850
v -0.03105865 0.03475975 -0.01305450
v -0.03102746 0.03479093 -0.01305836
v -0.03119623 0.03462216 -0.01314524
v -0.03117410 0.03464429 -0.01311393
v -0.03114845 0.03466994 -0.01308853
v -0.03123552 0.03458287 -0.01326440
v -0.03122742 0.03459097 -0.01322163
v -0.03121419 0.03460420 -0.01318150
v -0.03122742 0.03459097 -0.01339538
v -0.03123552 0.03458287 -0.01335261
v -0.03123825 0.03458014 -0.01330850
v -0.03117410 0.03464429 -0.01350308
v -0.03119623 0.03462216 -0.01347177
v -0.03121419 0.03460420 -0.01343550
v -0.03108983 0.03472856 -0.01355865
v -0.03112008 0.03469831 -0.01354719
v -0.03114845 0.03466994 -0.01352847
v -0.03099722 0.03482117 -0.01354719
v -0.03102746 0.03479093 -0.01355865
v -0.03105865 0.03475975 -0.01356250
v -0.03092106 0.03489733 -0.01347177
v -0.03094320 0.03487519 -0.01350308
v -0.03096885 0.03484955 -0.01352847
v -0.03088177 0.03493662 -0.01335261
v -0.03088987 0.03492852 -0.01339538
v -0.03090310 0.03491529 -0.01343550
v -0.03088987 0.03492852 -0.01322163
v -0.03088177 0.03493662 -0.01326440
v -0.03087904 0.03493935 -0.01330850
v -0.03094320 0.03487519 -0.01311393
v -0.03092106 0.03489733 -0.01314524
v -0.03090310 0.03491529 -0.01318150
v -0.03099722 0.03482117 -0.01306982
v -0.03096885 0.03484955 -0.01308853
v -0.03350713 0.03231126 -0.01475478
v -0.03349903 0.03231936 -0.01479755
v -0.03367591 0.03214249 -0.01484166
v -0.03349630 0.03232209 -0.01484166
v -0.03349903 0.03231936 -0.01488576
v -0.03356046 0.03225793 -0.01464708
v -0.03353832 0.03228007 -0.01467839
v -0.03352036 0.03229803 -0.01471466
v -0.03364472 0.03217368 -0.01459152
v -0.03361448 0.03220391 -0.01460297
v -0.03358611 0.03223229 -0.01462169
v -0.03373733 0.03208105 -0.01460297
v -0.03370709 0.03211130 -0.01459152
v -0.03367591 0.03214249 -0.01458766
v -0.03381349 0.03200490 -0.01467839
v -0.03379135 0.03202704 -0.01464708
v -0.03376571 0.03205268 -0.01462169
v -0.03385278 0.03196561 -0.01479755
v -0.03384468 0.03197371 -0.01475478
v -0.03383145 0.03198694 -0.01471466
v -0.03384468 0.03197371 -0.01492853
v -0.03385278 0.03196561 -0.01488576
v -0.03385551 0.03196288 -0.01484166
v -0.03379135 0.03202704 -0.01503623
v -0.03381349 0.03200490 -0.01500493
v -0.03383145 0.03198694 -0.01496866
v -0.03370709 0.03211130 -0.01509180
v -0.03373733 0.03208105 -0.01508034
v -0.03376571 0.03205268 -0.01506163
v -0.03361448 0.03220391 -0.01508034
v -0.03364472 0.03217368 -0.01509180
v -0.03367591 0.03214249 -0.01509566
v -0.03353832 0.03228007 -0.01500493
v -0.03356046 0.03225793 -0.01503623
v -0.03358611 0.03223229 -0.01506163
v -0.03350713 0.03231126 -0.01492853
v -0.03352036 0.03229803 -0.01496866
v -0.03201575 0.03380264 -0.01466205
v -0.03200517 0.03381323 -0.01467839
v -0.03214275 0.03367564 -0.01484166
v -0.03208132 0.03373707 -0.01460297
v -0.03205295 0.03376544 -0.01462169
v -0.03202731 0.03379109 -0.01464708
v -0.03217394 0.03364445 -0.01459152
v -0.03214275 0.03367564 -0.01458766
v -0.03211156 0.03370683 -0.01459152
v -0.03225820 0.03356019 -0.01464708
v -0.03223255 0.03358584 -0.01462169
v -0.03220418 0.03361421 -0.01460297
v -0.03231152 0.03350687 -0.01475478
v -0.03229829 0.03352010 -0.01471466
v -0.03228034 0.03353806 -0.01467839
v -0.03231963 0.03349876 -0.01488576
v -0.03232235 0.03349603 -0.01484166
v -0.03231963 0.03349876 -0.01479755
v -0.03228034 0.03353806 -0.01500493
v -0.03229829 0.03352010 -0.01496866
v -0.03231152 0.03350687 -0.01492853
v -0.03220418 0.03361421 -0.01508034
v -0.03223255 0.03358584 -0.01506163
v -0.03225820 0.03356019 -0.01503623
v -0.03211156 0.03370683 -0.01509180
v -0.03214275 0.03367564 -0.01509566
v -0.03217394 0.03364445 -0.01509180
v -0.03202731 0.03379109 -0.01503623
v -0.03205295 0.03376544 -0.01506163
v -0.03208132 0.03373707 -0.01508034
v -0.03197398 0.03384441 -0.01492853
v -0.03198721 0.03383118 -0.01496866
v -0.03200517 0.03381323 -0.01500493
v -0.03196587 0.03385252 -0.01479755
v -0.03196315 0.03385524 -0.01484166
v -0.03196587 0.03385252 -0.01488576
v -0.03198721 0.03383118 -0.01471466
v -0.03197398 0.03384441 -0.01475478
v -0.03118565 0.03463274 -0.01096069
v -0.03117410 0.03464429 -0.01094572
v -0.03105865 0.03475975 -0.01114030
v -0.03122742 0.03459097 -0.01105342
v -0.03121419 0.03460420 -0.01101330
v -0.03119623 0.03462216 -0.01097703
v -0.03123552 0.03458287 -0.01118440
v -0.03123825 0.03458014 -0.01114030
v -0.03123552 0.03458287 -0.01109619
v -0.03119623 0.03462216 -0.01130356
v -0.03121419 0.03460420 -0.01126730
v -0.03122742 0.03459097 -0.01122717
v -0.03112008 0.03469831 -0.01137898
v -0.03114845 0.03466994 -0.01136027
v -0.03117410 0.03464429 -0.01133487
v -0.03102746 0.03479093 -0.01139044
v -0.03105865 0.03475975 -0.01139430
v -0.03108983 0.03472856 -0.01139044
v -0.03094320 0.03487519 -0.01133487
v -0.03096885 0.03484955 -0.01136027
v -0.03099722 0.03482117 -0.01137898
v -0.03088987 0.03492852 -0.01122717
v -0.03090310 0.03491529 -0.01126730
v -0.03092106 0.03489733 -0.01130356
v -0.03088177 0.03493662 -0.01109619
v -0.03087904 0.03493935 -0.01114030
v -0.03088177 0.03493662 -0.01118440
v -0.03092106 0.03489733 -0.01097703
v -0.03090310 0.03491529 -0.01101330
v -0.03088987 0.03492852 -0.01105342
v -0.03099722 0.03482117 -0.01090162
v -0.03096885 0.03484955 -0.01092033
v -0.03094320 0.03487519 -0.01094572
v -0.03108983 0.03472856 -0.01089015
v -0.03105865 0.03475975 -0.01088630
v -0.03102746 0.03479093 -0.01089015
v -0.03114845 0.03466994 -0.01092033
v -0.03112008 0.03469831 -0.01090162
v -0.03380291 0.03201549 -0.00978675
v -0.03381349 0.03200490 -0.00977041
v -0.03367591 0.03214249 -0.00960714
v -0.03373733 0.03208105 -0.00984583
v -0.03376571 0.03205268 -0.00982711
v -0.03379135 0.03202704 -0.00980172
v -0.03364472 0.03217368 -0.00985728
v -0.03367591 0.03214249 -0.00986114
v -0.03370709 0.03211130 -0.00985728
v -0.03356046 0.03225793 -0.00980172
v -0.03358611 0.03223229 -0.00982711
v -0.03361448 0.03220391 -0.00984583
v -0.03350713 0.03231126 -0.00969402
v -0.03352036 0.03229803 -0.00973414
v -0.03353832 0.03228007 -0.00977041
v -0.03349903 0.03231936 -0.00956304
v -0.03349630 0.03232209 -0.00960714
v -0.03349903 0.03231936 -0.00965125
v -0.03353832 0.03228007 -0.00944387
v -0.03352036 0.03229803 -0.00948014
v -0.03350713 0.03231126 -0.00952027
v -0.03361448 0.03220391 -0.00936846
v -0.03358611 0.03223229 -0.00938717
v -0.03356046 0.03225793 -0.00941257
v -0.03370709 0.03211130 -0.00935700
v -0.03367591 0.03214249 -0.00935314
v -0.03364472 0.03217368 -0.00935700
v -0.03379135 0.03202704 -0.00941257
v -0.03376571 0.03205268 -0.00938717
v -0.03373733 0.03208105 -0.00936846
v -0.03384468 0.03197371 -0.00952027
v -0.03383145 0.03198694 -0.00948014
v -0.03381349 0.03200490 -0.00944387
v -0.03385278 0.03196561 -0.00965125
v -0.03385551 0.03196288 -0.00960714
v -0.03385278 0.03196561 -0.00956304
v -0.03383145 0.03198694 -0.00973414
v -0.03384468 0.03197371 -0.00969402
v -0.03463301 0.03118538 -0.01348811
v -0.03464456 0.03117383 -0.01350308
v -0.03476001 0.03105838 -0.01330850
v -0.03459124 0.03122716 -0.01339538
v -0.03460447 0.03121392 -0.01343550
v -0.03462243 0.03119597 -0.01347177
v -0.03458313 0.03123526 -0.01326440
v -0.03458040 0.03123799 -0.01330850
v -0.03458313 0.03123526 -0.01335261
v -0.03462243 0.03119597 -0.01314524
v -0.03460447 0.03121392 -0.01318150
v -0.03459124 0.03122716 -0.01322163
v -0.03469858 0.03111981 -0.01306982
v -0.03467020 0.03114819 -0.01308853
v -0.03464456 0.03117383 -0.01311393
v -0.03479120 0.03102719 -0.01305836
v -0.03476001 0.03105838 -0.01305450
v -0.03472882 0.03108957 -0.01305836
v -0.03487546 0.03094294 -0.01311393
v -0.03484981 0.03096858 -0.01308853
v -0.03482143 0.03099695 -0.01306982
v -0.03492878 0.03088961 -0.01322163
v -0.03491555 0.03090284 -0.01318150
v -0.03489759 0.03092080 -0.01314524
v -0.03493688 0.03088151 -0.01335261
v -0.03493961 0.03087878 -0.01330850
v -0.03493688 0.03088151 -0.01326440
v -0.03489759 0.03092080 -0.01347177
v -0.03491555 0.03090284 -0.01343550
v -0.03492878 0.03088961 -0.01339538
v -0.03482143 0.03099695 -0.01354719
v -0.03484981 0.03096858 -0.01352847
v -0.03487546 0.03094294 -0.01350308
v -0.03472882 0.03108957 -0.01355865
v -0.03476001 0.03105838 -0.01356250
v -0.03479120 0.03102719 -0.01355865
v -0.03467020 0.03114819 -0.01352847
v -0.03469858 0.03111981 -0.01354719
v -0.03374593 0.03207246 -0.01246308
v -0.03377617 0.03204222 -0.01247454
v -0.03380735 0.03201104 -0.01222440
v -0.03380735 0.03201104 -0.01247840
v -0.03383854 0.03197985 -0.01247454
v -0.03366977 0.03214862 -0.01238767
v -0.03369191 0.03212649 -0.01241897
v -0.03371755 0.03210084 -0.01244437
v -0.03363047 0.03218791 -0.01226851
v -0.03363858 0.03217981 -0.01231127
v -0.03365181 0.03216658 -0.01235140
v -0.03363858 0.03217981 -0.01213753
v -0.03363047 0.03218791 -0.01218029
v -0.03362775 0.03219064 -0.01222440
v -0.03369191 0.03212649 -0.01202983
v -0.03366977 0.03214862 -0.01206113
v -0.03365181 0.03216658 -0.01209740
v -0.03377617 0.03204222 -0.01197426
v -0.03374593 0.03207246 -0.01198572
v -0.03371755 0.03210084 -0.01200443
v -0.03386878 0.03194961 -0.01198572
v -0.03383854 0.03197985 -0.01197426
v -0.03380735 0.03201104 -0.01197040
v -0.03394494 0.03187345 -0.01206113
v -0.03392280 0.03189559 -0.01202983
v -0.03389716 0.03192123 -0.01200443
v -0.03398423 0.03183416 -0.01218029
v -0.03397613 0.03184227 -0.01213753
v -0.03396289 0.03185549 -0.01209740
v -0.03397613 0.03184227 -0.01231127
v -0.03398423 0.03183416 -0.01226851
v -0.03398696 0.03183143 -0.01222440
v -0.03392280 0.03189559 -0.01241897
v -0.03394494 0.03187345 -0.01238767
v -0.03396289 0.03185549 -0.01235140
v -0.03386878 0.03194961 -0.01246308
v -0.03389716 0.03192123 -0.01244437
v -0.03207273 0.03374566 -0.01198572
v -0.03204249 0.03377590 -0.01197426
v -0.03201130 0.03380709 -0.01222440
v -0.03201130 0.03380709 -0.01197040
v -0.03198011 0.03383828 -0.01197426
v -0.03214889 0.03366950 -0.01206113
v -0.03212675 0.03369164 -0.01202983
v -0.03210110 0.03371729 -0.01200443
v -0.03218818 0.03363021 -0.01218029
v -0.03218007 0.03363831 -0.01213753
v -0.03216685 0.03365155 -0.01209740
v -0.03218007 0.03363831 -0.01231127
v -0.03218818 0.03363021 -0.01226851
v -0.03219091 0.03362748 -0.01222440
v -0.03212675 0.03369164 -0.01241897
v -0.03214889 0.03366950 -0.01238767
v -0.03216685 0.03365155 -0.01235140
v -0.03204249 0.03377590 -0.01247454
v -0.03207273 0.03374566 -0.01246308
v -0.03210110 0.03371729 -0.01244437
v -0.03194987 0.03386852 -0.01246308
v -0.03198011 0.03383828 -0.01247454
v -0.03201130 0.03380709 -0.01247840
v -0.03187372 0.03394468 -0.01238767
v -0.03189585 0.03392254 -0.01241897
v -0.03192150 0.03389689 -0.01244437
v -0.03183442 0.03398396 -0.01226851
v -0.03184253 0.03397586 -0.01231127
v -0.03185576 0.03396263 -0.01235140
v -0.03184253 0.03397586 -0.01213753
v -0.03183442 0.03398396 -0.01218029
v -0.03183170 0.03398669 -0.01222440
v -0.03189585 0.03392254 -0.01202983
v -0.03187372 0.03394468 -0.01206113
v -0.03185576 0.03396263 -0.01209740
v -0.03194987 0.03386852 -0.01198572
v -0.03192150 0.03389689 -0.01200443
v 0.00276686 -0.02384047 -0.02772440
v 0.00259828 -0.02350047 -0.02772440
v 0.00229833 -0.02307210 -0.02772440
v 0.00192856 -0.02270233 -0.02772440
v 0.00150020 -0.02240239 -0.02772440
v 0.00102626 -0.02218139 -0.02772440
v 0.00052114 -0.02204604 -0.02772440
v 0.00000020 -0.02200046 -0.02772440
v -0.00052074 -0.02204604 -0.02772440
v -0.00102586 -0.02218139 -0.02772440
v -0.00149980 -0.02240239 -0.02772440
v -0.00192816 -0.02270233 -0.02772440
v -0.00229793 -0.02307210 -0.02772440
v -0.00259788 -0.02350047 -0.02772440
v -0.00276646 -0.02384047 -0.02772440
v -0.00281888 -0.02397440 -0.02772440
v -0.00295422 -0.02447952 -0.02772440
v -0.00299980 -0.02500046 -0.02772440
v -0.00295422 -0.02552141 -0.02772440
v -0.00281888 -0.02602653 -0.02772440
v -0.00259788 -0.02650047 -0.02772440
v -0.00229793 -0.02692883 -0.02772440
v -0.00192816 -0.02729860 -0.02772440
v -0.00149980 -0.02759854 -0.02772440
v -0.00102586 -0.02781954 -0.02772440
v -0.00052074 -0.02795489 -0.02772440
v 0.00000020 -0.02800047 -0.02772440
v 0.00052114 -0.02795489 -0.02772440
v 0.00102626 -0.02781954 -0.02772440
v 0.00150020 -0.02759854 -0.02772440
v 0.00192856 -0.02729860 -0.02772440
v 0.00229833 -0.02692883 -0.02772440
v 0.00259828 -0.02650047 -0.02772440
v 0.00281928 -0.02602653 -0.02772440
v 0.00295462 -0.02552141 -0.02772440
v 0.00300020 -0.02500046 -0.02772440
v 0.00295462 -0.02447952 -0.02772440
v 0.00281928 -0.02397440 -0.02772440
v 0.01881395 -0.01490157 -0.02772440
v 0.01870393 -0.01485906 -0.02772440
v 0.01819881 -0.01472371 -0.02772440
v 0.01767787 -0.01467813 -0.02772440
v 0.01715693 -0.01472371 -0.02772440
v 0.01665181 -0.01485906 -0.02772440
v 0.01617787 -0.01508006 -0.02772440
v 0.01574951 -0.01538000 -0.02772440
v 0.01537974 -0.01574977 -0.02772440
v 0.01507979 -0.01617813 -0.02772440
v 0.01485879 -0.01665207 -0.02772440
v 0.01472345 -0.01715719 -0.02772440
v 0.01467787 -0.01767813 -0.02772440
v 0.01472345 -0.01819908 -0.02772440
v 0.01485879 -0.01870420 -0.02772440
v 0.01490130 -0.01881421 -0.02772440
v 0.01507979 -0.01917813 -0.02772440
v 0.01537974 -0.01960650 -0.02772440
v 0.01574951 -0.01997627 -0.02772440
v 0.01617787 -0.02027621 -0.02772440
v 0.01665181 -0.02049721 -0.02772440
v 0.01715693 -0.02063256 -0.02772440
v 0.01767787 -0.02067813 -0.02772440
v 0.01819881 -0.02063256 -0.02772440
v 0.01870393 -0.02049721 -0.02772440
v 0.01917787 -0.02027621 -0.02772440
v 0.01960623 -0.01997627 -0.02772440
v 0.01997600 -0.01960650 -0.02772440
v 0.02027595 -0.01917813 -0.02772440
v 0.02049695 -0.01870420 -0.02772440
v 0.02063229 -0.01819908 -0.02772440
v 0.02067787 -0.01767813 -0.02772440
v 0.02063229 -0.01715719 -0.02772440
v 0.02049695 -0.01665207 -0.02772440
v 0.02027595 -0.01617813 -0.02772440
v 0.01997600 -0.01574977 -0.02772440
v 0.01960623 -0.01538000 -0.02772440
v 0.01917787 -0.01508006 -0.02772440
v 0.01490130 0.01881328 -0.02772440
v 0.01485879 0.01870326 -0.02772440
v 0.01472345 0.01819815 -0.02772440
v 0.01467787 0.01767720 -0.02772440
v 0.01472345 0.01715626 -0.02772440
v 0.01485879 0.01665114 -0.02772440
v 0.01507979 0.01617721 -0.02772440
v 0.01537974 0.01574884 -0.02772440
v 0.01574951 0.01537907 -0.02772440
v 0.01617787 0.01507913 -0.02772440
v 0.01665181 0.01485813 -0.02772440
v 0.01715693 0.01472278 -0.02772440
v 0.01767787 0.01467721 -0.02772440
v 0.01819881 0.01472278 -0.02772440
v 0.01870393 0.01485813 -0.02772440
v 0.01881395 0.01490064 -0.02772440
v 0.01917787 0.01507913 -0.02772440
v 0.01960623 0.01537907 -0.02772440
v 0.01997600 0.01574884 -0.02772440
v 0.02027595 0.01617721 -0.02772440
v 0.02049695 0.01665114 -0.02772440
v 0.02063229 0.01715626 -0.02772440
v 0.02067787 0.01767720 -0.02772440
v 0.02063229 0.01819815 -0.02772440
v 0.02049695 0.01870326 -0.02772440
v 0.02027595 0.01917721 -0.02772440
v 0.01997600 0.01960557 -0.02772440
v 0.01960623 0.01997534 -0.02772440
v 0.01917787 0.02027528 -0.02772440
v 0.01870393 0.02049628 -0.02772440
v 0.01819881 0.02063163 -0.02772440
v 0.01767787 0.02067721 -0.02772440
v 0.01715693 0.02063163 -0.02772440
v 0.01665181 0.02049628 -0.02772440
v 0.01617787 0.02027528 -0.02772440
v 0.01574951 0.01997534 -0.02772440
v 0.01537974 0.01960557 -0.02772440
v 0.01507979 0.01917721 -0.02772440
v -0.01881355 -0.01490157 -0.02772440
v -0.01917747 -0.01508006 -0.02772440
v -0.01960583 -0.01538000 -0.02772440
v -0.01997560 -0.01574977 -0.02772440
v -0.02027555 -0.01617813 -0.02772440
v -0.02049655 -0.01665207 -0.02772440
v -0.02063189 -0.01715719 -0.02772440
v -0.02067747 -0.01767813 -0.02772440
v -0.02063189 -0.01819908 -0.02772440
v -0.02049655 -0.01870420 -0.02772440
v -0.02027555 -0.01917813 -0.02772440
v -0.01997560 -0.01960650 -0.02772440
v -0.01960583 -0.01997627 -0.02772440
v -0.01917747 -0.02027621 -0.02772440
v -0.01870353 -0.02049721 -0.02772440
v -0.01819841 -0.02063256 -0.02772440
v -0.01767747 -0.02067813 -0.02772440
v -0.01715652 -0.02063256 -0.02772440
v -0.01665141 -0.02049721 -0.02772440
v -0.01617747 -0.02027621 -0.02772440
v -0.01574911 -0.01997627 -0.02772440
v -0.01537934 -0.01960650 -0.02772440
v -0.01507939 -0.01917813 -0.02772440
v -0.01490090 -0.01881421 -0.02772440
v -0.01485839 -0.01870420 -0.02772440
v -0.01472305 -0.01819908 -0.02772440
v -0.01467747 -0.01767813 -0.02772440
v -0.01472305 -0.01715719 -0.02772440
v -0.01485839 -0.01665207 -0.02772440
v -0.01507939 -0.01617813 -0.02772440
v -0.01537934 -0.01574977 -0.02772440
v -0.01574911 -0.01538000 -0.02772440
v -0.01617747 -0.01508006 -0.02772440
v -0.01665141 -0.01485906 -0.02772440
v -0.01715652 -0.01472371 -0.02772440
v -0.01767747 -0.01467813 -0.02772440
v -0.01819841 -0.01472371 -0.02772440
v -0.01870353 -0.01485906 -0.02772440
v 0.03624401 -0.00431743 -0.02772440
v 0.03547903 -0.00857380 -0.02772440
v 0.03421601 -0.01270982 -0.02772440
v 0.03247269 -0.01666743 -0.02772440
v 0.03027351 -0.02039107 -0.02772440
v 0.02764936 -0.02382847 -0.02772440
v 0.02463708 -0.02693138 -0.02772440
v 0.02127895 -0.02965623 -0.02772440
v 0.01762211 -0.03196479 -0.02772440
v 0.01371791 -0.03382463 -0.02772440
v 0.00962113 -0.03520966 -0.02772440
v 0.00538930 -0.03610043 -0.02772440
v 0.00108182 -0.03648444 -0.02772440
v -0.00324085 -0.03635629 -0.02772440
v -0.00751802 -0.03571778 -0.02772440
v -0.01168965 -0.03457788 -0.02772440
v -0.01569718 -0.03295258 -0.02772440
v -0.01948435 -0.03086472 -0.02772440
v -0.02299801 -0.02834359 -0.02772440
v -0.02618881 -0.02542458 -0.02772440
v -0.02901199 -0.02214867 -0.02772440
v -0.03142789 -0.01856185 -0.02772440
v -0.03340261 -0.01471447 -0.02772440
v -0.03490844 -0.01066054 -0.02772440
v -0.03592421 -0.00645696 -0.02772440
v -0.03643570 -0.00216275 -0.02772440
v -0.03643570 0.00216182 -0.02772440
v -0.03592421 0.00645603 -0.02772440
v -0.03490844 0.01065961 -0.02772440
v -0.03340261 0.01471354 -0.02772440
v -0.03142789 0.01856092 -0.02772440
v -0.02901199 0.02214774 -0.02772440
v -0.02618881 0.02542365 -0.02772440
v -0.02299801 0.02834266 -0.02772440
v -0.01948435 0.03086379 -0.02772440
v -0.01569718 0.03295166 -0.02772440
v -0.01168965 0.03457695 -0.02772440
v -0.00751802 0.03571685 -0.02772440
v -0.00324085 0.03635535 -0.02772440
v 0.00108182 0.03648351 -0.02772440
v 0.00538930 0.03609950 -0.02772440
v 0.00962113 0.03520874 -0.02772440
v 0.01371791 0.03382371 -0.02772440
v 0.01762211 0.03196386 -0.02772440
v 0.02127895 0.02965531 -0.02772440
v 0.02463708 0.02693045 -0.02772440
v 0.02764936 0.02382754 -0.02772440
v 0.03027351 0.02039014 -0.02772440
v 0.03247269 0.01666650 -0.02772440
v 0.03421601 0.01270889 -0.02772440
v 0.03547903 0.00857288 -0.02772440
v 0.03624401 0.00431651 -0.02772440
v 0.03650020 -0.00000046 -0.02772440
v -0.01881355 0.01490064 -0.02772440
v -0.01870353 0.01485813 -0.02772440
v -0.01819841 0.01472278 -0.02772440
v -0.01767747 0.01467721 -0.02772440
v -0.01715652 0.01472278 -0.02772440
v -0.01665141 0.01485813 -0.02772440
v -0.01617747 0.01507913 -0.02772440
v -0.01574911 0.01537907 -0.02772440
v -0.01537934 0.01574884 -0.02772440
v -0.01507939 0.01617721 -0.02772440
v -0.01485839 0.01665114 -0.02772440
v -0.01472305 0.01715626 -0.02772440
v -0.01467747 0.01767720 -0.02772440
v -0.01472305 0.01819815 -0.02772440
v -0.01485839 0.01870326 -0.02772440
v -0.01490090 0.01881328 -0.02772440
v -0.01507939 0.01917721 -0.02772440
v -0.01537934 0.01960557 -0.02772440
v -0.01574911 0.01997534 -0.02772440
v -0.01617747 0.02027528 -0.02772440
v -0.01665141 0.02049628 -0.02772440
v -0.01715652 0.02063163 -0.02772440
v -0.01767747 0.02067721 -0.02772440
v -0.01819841 0.02063163 -0.02772440
v -0.01870353 0.02049628 -0.02772440
v -0.01917747 0.02027528 -0.02772440
v -0.01960583 0.01997534 -0.02772440
v -0.01997560 0.01960557 -0.02772440
v -0.02027555 0.01917721 -0.02772440
v -0.02049655 0.01870326 -0.02772440
v -0.02063189 0.01819815 -0.02772440
v -0.02067747 0.01767720 -0.02772440
v -0.02063189 0.01715626 -0.02772440
v -0.02049655 0.01665114 -0.02772440
v -0.02027555 0.01617721 -0.02772440
v -0.01997560 0.01574884 -0.02772440
v -0.01960583 0.01537907 -0.02772440
v -0.01917747 0.01507913 -0.02772440
v -0.03129288 0.03093341 -0.01095440
v -0.03129015 0.03093613 -0.01099851
v -0.03128205 0.03094424 -0.01104127
v -0.03126882 0.03095747 -0.01108140
v -0.03125086 0.03097543 -0.01111767
v -0.03122873 0.03099756 -0.01114898
v -0.03120308 0.03102321 -0.01117437
v -0.03117470 0.03105158 -0.01119308
v -0.03114446 0.03108182 -0.01120454
v -0.03111328 0.03111301 -0.01120840
v -0.03108209 0.03114420 -0.01120454
v -0.03105185 0.03117444 -0.01119308
v -0.03102347 0.03120281 -0.01117437
v -0.03099783 0.03122846 -0.01114898
v -0.03097569 0.03125060 -0.01111767
v -0.03095774 0.03126856 -0.01108140
v -0.03094450 0.03128178 -0.01104127
v -0.03093640 0.03128989 -0.01099851
v -0.03093367 0.03129262 -0.01095440
v -0.03093640 0.03128989 -0.01091029
v -0.03094450 0.03128178 -0.01086753
v -0.03095774 0.03126856 -0.01082740
v -0.03097569 0.03125060 -0.01079113
v -0.03099783 0.03122846 -0.01075982
v -0.03102347 0.03120281 -0.01073443
v -0.03105185 0.03117444 -0.01071572
v -0.03108209 0.03114420 -0.01070426
v -0.03111328 0.03111301 -0.01070040
v -0.03114446 0.03108182 -0.01070426
v -0.03117470 0.03105158 -0.01071572
v -0.03120308 0.03102321 -0.01073443
v -0.03122873 0.03099756 -0.01075982
v -0.03125086 0.03097543 -0.01079113
v -0.03126882 0.03095747 -0.01082740
v -0.03128205 0.03094424 -0.01086753
v -0.03129015 0.03093613 -0.01091029
v -0.03129288 0.03093341 -0.01349440
v -0.03129015 0.03093613 -0.01353851
v -0.03128205 0.03094424 -0.01358127
v -0.03126882 0.03095747 -0.01362140
v -0.03125086 0.03097543 -0.01365767
v -0.03122873 0.03099756 -0.01368898
v -0.03120308 0.03102321 -0.01371437
v -0.03117470 0.03105158 -0.01373308
v -0.03114446 0.03108182 -0.01374454
v -0.03111328 0.03111301 -0.01374840
v -0.03108209 0.03114420 -0.01374454
v -0.03105185 0.03117444 -0.01373308
v -0.03102347 0.03120281 -0.01371437
v -0.03099783 0.03122846 -0.01368898
v -0.03097569 0.03125060 -0.01365767
v -0.03095774 0.03126856 -0.01362140
v -0.03094450 0.03128178 -0.01358127
v -0.03093640 0.03128989 -0.01353851
v -0.03093367 0.03129262 -0.01349440
v -0.03093640 0.03128989 -0.01345029
v -0.03094450 0.03128178 -0.01340753
v -0.03095774 0.03126856 -0.01336740
v -0.03097569 0.03125060 -0.01333113
v -0.03099783 0.03122846 -0.01329982
v -0.03102347 0.03120281 -0.01327443
v -0.03105185 0.03117444 -0.01325572
v -0.03108209 0.03114420 -0.01324426
v -0.03111328 0.03111301 -0.01324040
v -0.03114446 0.03108182 -0.01324426
v -0.03117470 0.03105158 -0.01325572
v -0.03120308 0.03102321 -0.01327443
v -0.03122873 0.03099756 -0.01329982
v -0.03125086 0.03097543 -0.01333113
v -0.03126882 0.03095747 -0.01336740
v -0.03128205 0.03094424 -0.01340753
v -0.03129015 0.03093613 -0.01345029
v -0.03314356 0.02908273 -0.01114030
v -0.03314083 0.02908545 -0.01118440
v -0.03313273 0.02909356 -0.01122717
v -0.03311950 0.02910679 -0.01126730
v -0.03310154 0.02912475 -0.01130356
v -0.03307940 0.02914688 -0.01133487
v -0.03305376 0.02917253 -0.01136027
v -0.03302538 0.02920090 -0.01137898
v -0.03299514 0.02923114 -0.01139044
v -0.03296396 0.02926233 -0.01139430
v -0.03293277 0.02929352 -0.01139044
v -0.03290253 0.02932376 -0.01137898
v -0.03287416 0.02935213 -0.01136027
v -0.03284851 0.02937778 -0.01133487
v -0.03282637 0.02939992 -0.01130356
v -0.03280841 0.02941787 -0.01126730
v -0.03279519 0.02943110 -0.01122717
v -0.03278708 0.02943921 -0.01118440
v -0.03278435 0.02944194 -0.01114030
v -0.03278708 0.02943921 -0.01109619
v -0.03279519 0.02943110 -0.01105342
v -0.03280841 0.02941787 -0.01101330
v -0.03282637 0.02939992 -0.01097703
v -0.03284851 0.02937778 -0.01094572
v -0.03287416 0.02935213 -0.01092033
v -0.03290253 0.02932376 -0.01090162
v -0.03293277 0.02929352 -0.01089015
v -0.03296396 0.02926233 -0.01088630
v -0.03299514 0.02923114 -0.01089015
v -0.03302538 0.02920090 -0.01090162
v -0.03305376 0.02917253 -0.01092033
v -0.03307940 0.02914688 -0.01094572
v -0.03310154 0.02912475 -0.01097703
v -0.03311950 0.02910679 -0.01101330
v -0.03313273 0.02909356 -0.01105342
v -0.03314083 0.02908545 -0.01109619
v -0.03052630 0.03169999 -0.00960714
v -0.03052358 0.03170271 -0.00965125
v -0.03051547 0.03171082 -0.00969402
v -0.03050224 0.03172405 -0.00973414
v -0.03048429 0.03174200 -0.00977041
v -0.03046215 0.03176414 -0.00980172
v -0.03043650 0.03178979 -0.00982711
v -0.03040813 0.03181816 -0.00984583
v -0.03037789 0.03184840 -0.00985728
v -0.03034670 0.03187959 -0.00986114
v -0.03031551 0.03191078 -0.00985728
v -0.03028527 0.03194102 -0.00984583
v -0.03025690 0.03196939 -0.00982711
v -0.03023125 0.03199504 -0.00980172
v -0.03020911 0.03201717 -0.00977041
v -0.03019116 0.03203513 -0.00973414
v -0.03017793 0.03204836 -0.00969402
v -0.03016982 0.03205647 -0.00965125
v -0.03016709 0.03205919 -0.00960714
v -0.03016982 0.03205647 -0.00956304
v -0.03017793 0.03204836 -0.00952027
v -0.03019116 0.03203513 -0.00948014
v -0.03020911 0.03201717 -0.00944387
v -0.03023125 0.03199504 -0.00941257
v -0.03025690 0.03196939 -0.00938717
v -0.03028527 0.03194102 -0.00936846
v -0.03031551 0.03191078 -0.00935700
v -0.03034670 0.03187959 -0.00935314
v -0.03037789 0.03184840 -0.00935700
v -0.03040813 0.03181816 -0.00936846
v -0.03043650 0.03178979 -0.00938717
v -0.03046215 0.03176414 -0.00941257
v -0.03048429 0.03174200 -0.00944387
v -0.03050224 0.03172405 -0.00948014
v -0.03051547 0.03171082 -0.00952027
v -0.03052358 0.03170271 -0.00956304
v -0.02944220 0.03278408 -0.01330850
v -0.02943947 0.03278682 -0.01335261
v -0.02943137 0.03279492 -0.01339538
v -0.02941814 0.03280815 -0.01343550
v -0.02940018 0.03282611 -0.01347177
v -0.02937804 0.03284824 -0.01350308
v -0.02935240 0.03287389 -0.01352847
v -0.02932402 0.03290226 -0.01354719
v -0.02929379 0.03293251 -0.01355865
v -0.02926260 0.03296369 -0.01356250
v -0.02923141 0.03299488 -0.01355865
v -0.02920117 0.03302512 -0.01354719
v -0.02917279 0.03305349 -0.01352847
v -0.02914715 0.03307914 -0.01350308
v -0.02912501 0.03310128 -0.01347177
v -0.02910705 0.03311924 -0.01343550
v -0.02909382 0.03313247 -0.01339538
v -0.02908572 0.03314057 -0.01335261
v -0.02908299 0.03314330 -0.01330850
v -0.02908572 0.03314057 -0.01326440
v -0.02909382 0.03313247 -0.01322163
v -0.02910705 0.03311924 -0.01318150
v -0.02912501 0.03310128 -0.01314524
v -0.02914715 0.03307914 -0.01311393
v -0.02917279 0.03305349 -0.01308853
v -0.02920117 0.03302512 -0.01306982
v -0.02923141 0.03299488 -0.01305836
v -0.02926260 0.03296369 -0.01305450
v -0.02929379 0.03293251 -0.01305836
v -0.02932402 0.03290226 -0.01306982
v -0.02935240 0.03287389 -0.01308853
v -0.02937804 0.03284824 -0.01311393
v -0.02940018 0.03282611 -0.01314524
v -0.02941814 0.03280815 -0.01318150
v -0.02943137 0.03279492 -0.01322163
v -0.02943947 0.03278682 -0.01326440
v -0.03205946 0.03016683 -0.01484166
v -0.03205673 0.03016956 -0.01488576
v -0.03204863 0.03017766 -0.01492853
v -0.03203540 0.03019089 -0.01496866
v -0.03201744 0.03020885 -0.01500493
v -0.03199530 0.03023099 -0.01503623
v -0.03196966 0.03025663 -0.01506163
v -0.03194128 0.03028501 -0.01508034
v -0.03191104 0.03031525 -0.01509180
v -0.03187985 0.03034643 -0.01509566
v -0.03184867 0.03037762 -0.01509180
v -0.03181842 0.03040786 -0.01508034
v -0.03179005 0.03043624 -0.01506163
v -0.03176441 0.03046188 -0.01503623
v -0.03174227 0.03048402 -0.01500493
v -0.03172431 0.03050198 -0.01496866
v -0.03171108 0.03051521 -0.01492853
v -0.03170298 0.03052331 -0.01488576
v -0.03170025 0.03052604 -0.01484166
v -0.03170298 0.03052331 -0.01479755
v -0.03171108 0.03051521 -0.01475478
v -0.03172431 0.03050198 -0.01471466
v -0.03174227 0.03048402 -0.01467839
v -0.03176441 0.03046188 -0.01464708
v -0.03179005 0.03043624 -0.01462169
v -0.03181842 0.03040786 -0.01460297
v -0.03184867 0.03037762 -0.01459152
v -0.03187985 0.03034643 -0.01458766
v -0.03191104 0.03031525 -0.01459152
v -0.03194128 0.03028501 -0.01460297
v -0.03196966 0.03025663 -0.01462169
v -0.03199530 0.03023099 -0.01464708
v -0.03201744 0.03020885 -0.01467839
v -0.03203540 0.03019089 -0.01471466
v -0.03204863 0.03017766 -0.01475478
v -0.03205673 0.03016956 -0.01479755
v -0.03021970 0.03200659 -0.01466205
v -0.03023125 0.03199504 -0.01464708
v -0.03025690 0.03196939 -0.01462169
v -0.03028527 0.03194102 -0.01460297
v -0.03031551 0.03191078 -0.01459152
v -0.03034670 0.03187959 -0.01458766
v -0.03037789 0.03184840 -0.01459152
v -0.03040813 0.03181816 -0.01460297
v -0.03043650 0.03178979 -0.01462169
v -0.03046215 0.03176414 -0.01464708
v -0.03048429 0.03174200 -0.01467839
v -0.03050224 0.03172405 -0.01471466
v -0.03051547 0.03171082 -0.01475478
v -0.03052358 0.03170271 -0.01479755
v -0.03052630 0.03169999 -0.01484166
v -0.03052358 0.03170271 -0.01488576
v -0.03051547 0.03171082 -0.01492853
v -0.03050224 0.03172405 -0.01496866
v -0.03048429 0.03174200 -0.01500493
v -0.03046215 0.03176414 -0.01503623
v -0.03043650 0.03178979 -0.01506163
v -0.03040813 0.03181816 -0.01508034
v -0.03037789 0.03184840 -0.01509180
v -0.03034670 0.03187959 -0.01509566
v -0.03031551 0.03191078 -0.01509180
v -0.03028527 0.03194102 -0.01508034
v -0.03025690 0.03196939 -0.01506163
v -0.03023125 0.03199504 -0.01503623
v -0.03020911 0.03201717 -0.01500493
v -0.03019116 0.03203513 -0.01496866
v -0.03017793 0.03204836 -0.01492853
v -0.03016982 0.03205647 -0.01488576
v -0.03016709 0.03205919 -0.01484166
v -0.03016982 0.03205647 -0.01479755
v -0.03017793 0.03204836 -0.01475478
v -0.03019116 0.03203513 -0.01471466
v -0.03020911 0.03201717 -0.01467839
v -0.02938960 0.03283669 -0.01096069
v -0.02940018 0.03282611 -0.01097703
v -0.02941814 0.03280815 -0.01101330
v -0.02943137 0.03279492 -0.01105342
v -0.02943947 0.03278682 -0.01109619
v -0.02944220 0.03278408 -0.01114030
v -0.02943947 0.03278682 -0.01118440
v -0.02943137 0.03279492 -0.01122717
v -0.02941814 0.03280815 -0.01126730
v -0.02940018 0.03282611 -0.01130356
v -0.02937804 0.03284824 -0.01133487
v -0.02935240 0.03287389 -0.01136027
v -0.02932402 0.03290226 -0.01137898
v -0.02929379 0.03293251 -0.01139044
v -0.02926260 0.03296369 -0.01139430
v -0.02923141 0.03299488 -0.01139044
v -0.02920117 0.03302512 -0.01137898
v -0.02917279 0.03305349 -0.01136027
v -0.02914715 0.03307914 -0.01133487
v -0.02912501 0.03310128 -0.01130356
v -0.02910705 0.03311924 -0.01126730
v -0.02909382 0.03313247 -0.01122717
v -0.02908572 0.03314057 -0.01118440
v -0.02908299 0.03314330 -0.01114030
v -0.02908572 0.03314057 -0.01109619
v -0.02909382 0.03313247 -0.01105342
v -0.02910705 0.03311924 -0.01101330
v -0.02912501 0.03310128 -0.01097703
v -0.02914715 0.03307914 -0.01094572
v -0.02917279 0.03305349 -0.01092033
v -0.02920117 0.03302512 -0.01090162
v -0.02923141 0.03299488 -0.01089015
v -0.02926260 0.03296369 -0.01088630
v -0.02929379 0.03293251 -0.01089015
v -0.02932402 0.03290226 -0.01090162
v -0.02935240 0.03287389 -0.01092033
v -0.02937804 0.03284824 -0.01094572
v -0.03199530 0.03023099 -0.00980172
v -0.03200685 0.03021944 -0.00978675
v -0.03196966 0.03025663 -0.00982711
v -0.03194128 0.03028501 -0.00984583
v -0.03191104 0.03031525 -0.00985728
v -0.03187985 0.03034643 -0.00986114
v -0.03184867 0.03037762 -0.00985728
v -0.03181842 0.03040786 -0.00984583
v -0.03179005 0.03043624 -0.00982711
v -0.03176441 0.03046188 -0.00980172
v -0.03174227 0.03048402 -0.00977041
v -0.03172431 0.03050198 -0.00973414
v -0.03171108 0.03051521 -0.00969402
v -0.03170298 0.03052331 -0.00965125
v -0.03170025 0.03052604 -0.00960714
v -0.03170298 0.03052331 -0.00956304
v -0.03171108 0.03051521 -0.00952027
v -0.03172431 0.03050198 -0.00948014
v -0.03174227 0.03048402 -0.00944387
v -0.03176441 0.03046188 -0.00941257
v -0.03179005 0.03043624 -0.00938717
v -0.03181842 0.03040786 -0.00936846
v -0.03184867 0.03037762 -0.00935700
v -0.03187985 0.03034643 -0.00935314
v -0.03191104 0.03031525 -0.00935700
v -0.03194128 0.03028501 -0.00936846
v -0.03196966 0.03025663 -0.00938717
v -0.03199530 0.03023099 -0.00941257
v -0.03201744 0.03020885 -0.00944387
v -0.03203540 0.03019089 -0.00948014
v -0.03204863 0.03017766 -0.00952027
v -0.03205673 0.03016956 -0.00956304
v -0.03205946 0.03016683 -0.00960714
v -0.03205673 0.03016956 -0.00965125
v -0.03204863 0.03017766 -0.00969402
v -0.03203540 0.03019089 -0.00973414
v -0.03201744 0.03020885 -0.00977041
v -0.03282637 0.02939992 -0.01347177
v -0.03283696 0.02938933 -0.01348811
v -0.03280841 0.02941787 -0.01343550
v -0.03279519 0.02943110 -0.01339538
v -0.03278708 0.02943921 -0.01335261
v -0.03278435 0.02944194 -0.01330850
v -0.03278708 0.02943921 -0.01326440
v -0.03279519 0.02943110 -0.01322163
v -0.03280841 0.02941787 -0.01318150
v -0.03282637 0.02939992 -0.01314524
v -0.03284851 0.02937778 -0.01311393
v -0.03287416 0.02935213 -0.01308853
v -0.03290253 0.02932376 -0.01306982
v -0.03293277 0.02929352 -0.01305836
v -0.03296396 0.02926233 -0.01305450
v -0.03299514 0.02923114 -0.01305836
v -0.03302538 0.02920090 -0.01306982
v -0.03305376 0.02917253 -0.01308853
v -0.03307940 0.02914688 -0.01311393
v -0.03310154 0.02912475 -0.01314524
v -0.03311950 0.02910679 -0.01318150
v -0.03313273 0.02909356 -0.01322163
v -0.03314083 0.02908545 -0.01326440
v -0.03314356 0.02908273 -0.01330850
v -0.03314083 0.02908545 -0.01335261
v -0.03313273 0.02909356 -0.01339538
v -0.03311950 0.02910679 -0.01343550
v -0.03310154 0.02912475 -0.01347177
v -0.03307940 0.02914688 -0.01350308
v -0.03305376 0.02917253 -0.01352847
v -0.03302538 0.02920090 -0.01354719
v -0.03299514 0.02923114 -0.01355865
v -0.03296396 0.02926233 -0.01356250
v -0.03293277 0.02929352 -0.01355865
v -0.03290253 0.02932376 -0.01354719
v -0.03287416 0.02935213 -0.01352847
v -0.03284851 0.02937778 -0.01350308
v -0.03219091 0.03003538 -0.01222440
v -0.03218818 0.03003811 -0.01226851
v -0.03218007 0.03004621 -0.01231127
v -0.03216685 0.03005944 -0.01235140
v -0.03214889 0.03007740 -0.01238767
v -0.03212675 0.03009954 -0.01241897
v -0.03210110 0.03012518 -0.01244437
v -0.03207273 0.03015356 -0.01246308
v -0.03204249 0.03018380 -0.01247454
v -0.03201130 0.03021498 -0.01247840
v -0.03198011 0.03024617 -0.01247454
v -0.03194987 0.03027641 -0.01246308
v -0.03192150 0.03030479 -0.01244437
v -0.03189585 0.03033043 -0.01241897
v -0.03187372 0.03035257 -0.01238767
v -0.03185576 0.03037053 -0.01235140
v -0.03184253 0.03038376 -0.01231127
v -0.03183442 0.03039186 -0.01226851
v -0.03183170 0.03039459 -0.01222440
v -0.03183442 0.03039186 -0.01218029
v -0.03184253 0.03038376 -0.01213753
v -0.03185576 0.03037053 -0.01209740
v -0.03187372 0.03035257 -0.01206113
v -0.03189585 0.03033043 -0.01202983
v -0.03192150 0.03030479 -0.01200443
v -0.03194987 0.03027641 -0.01198572
v -0.03198011 0.03024617 -0.01197426
v -0.03201130 0.03021498 -0.01197040
v -0.03204249 0.03018380 -0.01197426
v -0.03207273 0.03015356 -0.01198572
v -0.03210110 0.03012518 -0.01200443
v -0.03212675 0.03009954 -0.01202983
v -0.03214889 0.03007740 -0.01206113
v -0.03216685 0.03005944 -0.01209740
v -0.03218007 0.03004621 -0.01213753
v -0.03218818 0.03003811 -0.01218029
v -0.03039486 0.03183143 -0.01222440
v -0.03039213 0.03183416 -0.01226851
v -0.03038402 0.03184227 -0.01231127
v -0.03037079 0.03185549 -0.01235140
v -0.03035284 0.03187345 -0.01238767
v -0.03033070 0.03189559 -0.01241897
v -0.03030505 0.03192123 -0.01244437
v -0.03027668 0.03194961 -0.01246308
v -0.03024644 0.03197985 -0.01247454
v -0.03021525 0.03201104 -0.01247840
v -0.03018406 0.03204222 -0.01247454
v -0.03015382 0.03207246 -0.01246308
v -0.03012545 0.03210084 -0.01244437
v -0.03009980 0.03212649 -0.01241897
v -0.03007767 0.03214862 -0.01238767
v -0.03005971 0.03216658 -0.01235140
v -0.03004648 0.03217981 -0.01231127
v -0.03003837 0.03218791 -0.01226851
v -0.03003564 0.03219064 -0.01222440
v -0.03003837 0.03218791 -0.01218029
v -0.03004648 0.03217981 -0.01213753
v -0.03005971 0.03216658 -0.01209740
v -0.03007767 0.03214862 -0.01206113
v -0.03009980 0.03212649 -0.01202983
v -0.03012545 0.03210084 -0.01200443
v -0.03015382 0.03207246 -0.01198572
v -0.03018406 0.03204222 -0.01197426
v -0.03021525 0.03201104 -0.01197040
v -0.03024644 0.03197985 -0.01197426
v -0.03027668 0.03194961 -0.01198572
v -0.03030505 0.03192123 -0.01200443
v -0.03033070 0.03189559 -0.01202983
v -0.03035284 0.03187345 -0.01206113
v -0.03037079 0.03185549 -0.01209740
v -0.03038402 0.03184227 -0.01213753
v -0.03039213 0.03183416 -0.01218029
v 0.01535235 0.01844707 -0.02772440
v 0.01787473 0.01601519 -0.02772440
v 0.01787473 -0.01601612 -0.02772440
v 0.01535235 -0.01844799 -0.02772440
v 0.00262511 -0.02385649 -0.02772440
v -0.00087633 -0.02398445 -0.02772440
v -0.01665758 -0.01727815 -0.02772440
v 0.01250277 0.02048577 -0.02772440
v 0.02374444 0.00349396 -0.02772440
v 0.02400020 -0.00000046 -0.02772440
v 0.02374444 -0.00349489 -0.02772440
v 0.02298261 -0.00691484 -0.02772440
v 0.02173096 -0.01018743 -0.02772440
v 0.02001615 -0.01324289 -0.02772440
v -0.01396441 -0.01951942 -0.02772440
v -0.02092899 0.01174556 -0.02772440
v -0.01899572 0.01466770 -0.02772440
v -0.00435908 0.02360031 -0.02772440
v -0.00087633 0.02398352 -0.02772440
v 0.02001615 0.01324196 -0.02772440
v 0.02173096 0.01018650 -0.02772440
v 0.02298261 0.00691391 -0.02772440
v 0.01250277 -0.02048670 -0.02772440
v 0.00938671 -0.02208877 -0.02772440
v -0.01097362 -0.02134468 -0.02772440
v -0.00774893 -0.02271502 -0.02772440
v 0.00262511 0.02385556 -0.02772440
v 0.00607060 0.02321914 -0.02772440
v 0.00938671 0.02208784 -0.02772440
v 0.00607060 -0.02322007 -0.02772440
v -0.02342562 -0.00521879 -0.02772440
v -0.02393577 -0.00175235 -0.02772440
v -0.01396441 0.01951849 -0.02772440
v -0.01097362 0.02134375 -0.02772440
v -0.00774893 0.02271409 -0.02772440
v -0.00435908 -0.02360124 -0.02772440
v -0.01899572 -0.01466863 -0.02772440
v -0.02092899 -0.01174649 -0.02772440
v -0.02241619 -0.00857401 -0.02772440
v -0.02393577 0.00175142 -0.02772440
v -0.02342562 0.00521786 -0.02772440
v -0.02241619 0.00857308 -0.02772440
v -0.01665758 0.01727722 -0.02772440
v -0.03044264 0.03178364 -0.00866561
v -0.03001799 0.03220830 -0.00888297
v -0.03010137 0.03212492 -0.00894727
v -0.02993558 0.03229070 -0.00893950
v -0.02962627 0.03260002 -0.00920081
v -0.02973892 0.03248737 -0.01028077
v -0.02875949 0.03346679 -0.01064836
v -0.02973892 0.03248737 -0.01079335
v -0.02924949 0.03297680 -0.01479677
v -0.02959176 0.03263453 -0.01521345
v -0.02973892 0.03248737 -0.01416803
v -0.03082565 0.03140064 -0.01533930
v -0.02997978 0.03224651 -0.01554025
v -0.03010137 0.03212492 -0.01416803
v -0.03072999 0.03149630 -0.01416803
v -0.03056832 0.03165797 -0.01553297
v -0.03045970 0.03176659 -0.01567143
v -0.03040188 0.03182441 -0.01576733
v -0.03069139 0.03153490 -0.01542127
v -0.02896328 0.03326301 -0.01430274
v -0.02973892 0.03248737 -0.01365545
v -0.02874171 0.03348457 -0.01374620
v -0.02859147 0.03363482 -0.01314390
v -0.02973892 0.03248737 -0.01276645
v -0.02851706 0.03370922 -0.01251395
v -0.02973892 0.03248737 -0.01168235
v -0.02852073 0.03370556 -0.01187529
v -0.02860236 0.03362393 -0.01124713
v -0.02927927 0.03294702 -0.00960958
v -0.02898742 0.03323887 -0.01009698
v -0.03220856 0.03001772 -0.00888297
v -0.03178391 0.03044238 -0.00866561
v -0.03212518 0.03010110 -0.00894727
v -0.03133908 0.03088720 -0.00855527
v -0.03149656 0.03072972 -0.00894727
v -0.03088747 0.03133882 -0.00855527
v -0.03072999 0.03149630 -0.00894727
v -0.03343512 0.02879117 -0.01055628
v -0.03323914 0.02898715 -0.01009698
v -0.03248763 0.02973866 -0.01028077
v -0.03294729 0.02927900 -0.00960958
v -0.03362420 0.02860209 -0.01124713
v -0.03346706 0.02875923 -0.01064836
v -0.03343056 0.02879573 -0.01079335
v -0.03248763 0.02973866 -0.01079335
v -0.03343056 0.02879573 -0.01168235
v -0.03370582 0.02852046 -0.01187529
v -0.03343056 0.02879573 -0.01276645
v -0.03370949 0.02851680 -0.01251395
v -0.03348484 0.02874145 -0.01374620
v -0.03363508 0.02859121 -0.01314390
v -0.03343056 0.02879573 -0.01365545
v -0.03326328 0.02896301 -0.01430274
v -0.03248763 0.02973866 -0.01416803
v -0.03297706 0.02924923 -0.01479677
v -0.03263480 0.02959149 -0.01521345
v -0.03212518 0.03010110 -0.01416803
v -0.03224678 0.02997951 -0.01554025
v -0.03149656 0.03072972 -0.01416803
v -0.03140091 0.03082538 -0.01533930
v -0.03182467 0.03040162 -0.01576733
v -0.03176685 0.03045944 -0.01567143
v -0.03165823 0.03056806 -0.01553297
v -0.03153516 0.03069112 -0.01542127
v -0.03096753 0.03125876 -0.01528924
v -0.03111328 0.03111301 -0.01527240
v -0.03125902 0.03096726 -0.01528924
v -0.03149656 0.03072972 -0.01079335
v -0.03072999 0.03149630 -0.01168235
v -0.03072999 0.03149630 -0.01079335
v -0.03149656 0.03072972 -0.01168235
v -0.03149656 0.03072972 -0.01028077
v -0.03072999 0.03149630 -0.01028077
v -0.03072999 0.03149630 -0.01365545
v -0.03149656 0.03072972 -0.01365545
v -0.03072999 0.03149630 -0.01276645
v -0.03149656 0.03072972 -0.01276645
v -0.03212518 0.03010110 -0.01276645
v -0.03212518 0.03010110 -0.01168235
v -0.03248763 0.02973866 -0.01276645
v -0.03248763 0.02973866 -0.01168235
v -0.03010137 0.03212492 -0.01168235
v -0.03010137 0.03212492 -0.01276645
v -0.03010137 0.03212492 -0.01365545
v -0.03248763 0.02973866 -0.01365545
v -0.03212518 0.03010110 -0.01365545
v -0.03010137 0.03212492 -0.01079335
v -0.03010137 0.03212492 -0.01028077
v -0.03212518 0.03010110 -0.01079335
v -0.03212518 0.03010110 -0.01028077
v -0.03260028 0.02962600 -0.00920081
v -0.03046474 0.03188727 -0.01576733
v -0.03004264 0.03230937 -0.01554025
v -0.02965462 0.03269740 -0.01521345
v -0.02931235 0.03303965 -0.01479677
v -0.02902614 0.03332587 -0.01430274
v -0.02880458 0.03354744 -0.01374620
v -0.02865433 0.03369768 -0.01314390
v -0.02857992 0.03377209 -0.01251395
v -0.02858359 0.03376842 -0.01187529
v -0.02866522 0.03368679 -0.01124713
v -0.02882236 0.03352966 -0.01064836
v -0.02905028 0.03330173 -0.01009698
v -0.02934213 0.03300988 -0.00960958
v -0.02968913 0.03266288 -0.00920081
v -0.03008085 0.03227116 -0.00888297
v -0.03050551 0.03184650 -0.00866561
v -0.03095033 0.03140168 -0.00855527
v -0.03140195 0.03095007 -0.00855527
v -0.03184677 0.03050524 -0.00866561
v -0.03227143 0.03008059 -0.00888297
v -0.03266315 0.02968887 -0.00920081
v -0.03301015 0.02934186 -0.00960958
v -0.03330200 0.02905001 -0.01009698
v -0.03352992 0.02882209 -0.01064836
v -0.03368706 0.02866495 -0.01124713
v -0.03376869 0.02858333 -0.01187529
v -0.03377235 0.02857966 -0.01251395
v -0.03369794 0.02865407 -0.01314390
v -0.03354770 0.02880431 -0.01374620
v -0.03332614 0.02902587 -0.01430274
v -0.03303992 0.02931209 -0.01479677
v -0.03269766 0.02965435 -0.01521345
v -0.03230964 0.03004237 -0.01554025
v -0.03188753 0.03046448 -0.01576733
v -0.03192100 0.03043101 -0.01583299
v -0.03234956 0.03000245 -0.01559749
v -0.03274302 0.02960899 -0.01526107
v -0.03308960 0.02926241 -0.01483379
v -0.03337893 0.02897308 -0.01432845
v -0.03360235 0.02874966 -0.01376015
v -0.03375319 0.02859882 -0.01314591
v -0.03382692 0.02852509 -0.01250410
v -0.03382135 0.02853066 -0.01185392
v -0.03373664 0.02861537 -0.01121482
v -0.03357532 0.02877669 -0.01060593
v -0.03334222 0.02900979 -0.01004546
v -0.03304431 0.02930770 -0.00955018
v -0.03269051 0.02966150 -0.00913491
v -0.03229140 0.03006061 -0.00881208
v -0.03185893 0.03049308 -0.00859133
v -0.03140603 0.03094598 -0.00847929
v -0.03094625 0.03140577 -0.00847929
v -0.03049335 0.03185867 -0.00859133
v -0.03006087 0.03229114 -0.00881208
v -0.02966176 0.03269025 -0.00913491
v -0.02930796 0.03304405 -0.00955018
v -0.02901006 0.03334196 -0.01004546
v -0.02877696 0.03357505 -0.01060593
v -0.02861564 0.03373637 -0.01121482
v -0.02853092 0.03382109 -0.01185392
v -0.02852535 0.03382666 -0.01250410
v -0.02859908 0.03375293 -0.01314591
v -0.02874992 0.03360209 -0.01376015
v -0.02897335 0.03337867 -0.01432845
v -0.02926268 0.03308934 -0.01483379
v -0.02960925 0.03274276 -0.01526107
v -0.03000271 0.03234930 -0.01559749
v -0.03043127 0.03192073 -0.01583299
v 0.01535235 -0.01844799 -0.02593540
v 0.01787473 -0.01601612 -0.02593540
v 0.02001615 -0.01324289 -0.02593540
v 0.00607060 -0.02322007 -0.02593540
v 0.00938671 -0.02208877 -0.02593540
v 0.01250277 -0.02048670 -0.02593540
v -0.00087633 -0.02398445 -0.02593540
v 0.00262511 -0.02385649 -0.02593540
v -0.01396441 -0.01951942 -0.02593540
v -0.01097362 -0.02134468 -0.02593540
v -0.00774893 -0.02271502 -0.02593540
v -0.00435908 -0.02360124 -0.02593540
v -0.01665758 -0.01727815 -0.02593540
v -0.01899572 -0.01466863 -0.02593540
v -0.02092899 -0.01174649 -0.02593540
v -0.02241619 -0.00857401 -0.02593540
v -0.02342562 -0.00521879 -0.02593540
v -0.02393577 -0.00175235 -0.02593540
v -0.02399980 -0.00000046 -0.02593540
v -0.01899572 0.01466770 -0.02593540
v -0.02092899 0.01174556 -0.02593540
v -0.02241619 0.00857308 -0.02593540
v -0.02342562 0.00521786 -0.02593540
v -0.02393577 0.00175142 -0.02593540
v -0.01665758 0.01727722 -0.02593540
v 0.01250277 0.02048577 -0.02593540
v 0.00938671 0.02208784 -0.02593540
v 0.00607060 0.02321914 -0.02593540
v 0.00262511 0.02385556 -0.02593540
v -0.00087633 0.02398352 -0.02593540
v -0.00435908 0.02360031 -0.02593540
v -0.00774893 0.02271409 -0.02593540
v -0.01097362 0.02134375 -0.02593540
v -0.01396441 0.01951849 -0.02593540
v 0.01787473 0.01601519 -0.02593540
v 0.01535235 0.01844707 -0.02593540
v 0.02173096 -0.01018743 -0.02593540
v 0.02298261 -0.00691484 -0.02593540
v 0.02374444 -0.00349489 -0.02593540
v 0.02400020 -0.00000046 -0.02593540
v 0.02374444 0.00349396 -0.02593540
v 0.02298261 0.00691391 -0.02593540
v 0.02173096 0.01018650 -0.02593540
v 0.02001615 0.01324196 -0.02593540
v -0.03369909 0.03220910 -0.01583299
v -0.03360780 0.03230039 -0.01567143
v -0.03220937 0.03369883 -0.01583299
v -0.03230066 0.03360754 -0.01567143
v -0.03240927 0.03349892 -0.01553297
v -0.03253234 0.03337585 -0.01542127
v -0.03266660 0.03324160 -0.01533930
v -0.03280848 0.03309971 -0.01528924
v -0.03295423 0.03295396 -0.01527240
v -0.03309998 0.03280822 -0.01528924
v -0.03324186 0.03266633 -0.01533930
v -0.03337612 0.03253208 -0.01542127
v -0.03349918 0.03240901 -0.01553297
v -0.03412766 0.03178054 -0.01559749
v -0.03452111 0.03138708 -0.01526107
v -0.03486769 0.03104050 -0.01483379
v -0.03515702 0.03075117 -0.01432845
v -0.03538044 0.03052775 -0.01376015
v -0.03553128 0.03037691 -0.01314591
v -0.03560502 0.03030318 -0.01250410
v -0.03559945 0.03030875 -0.01185392
v -0.03551473 0.03039346 -0.01121482
v -0.03535341 0.03055478 -0.01060593
v -0.03512031 0.03078788 -0.01004546
v -0.03482240 0.03108579 -0.00955018
v -0.03446860 0.03143959 -0.00913491
v -0.03406950 0.03183870 -0.00881208
v -0.03363702 0.03227117 -0.00859133
v -0.03318412 0.03272408 -0.00847929
v -0.03272434 0.03318385 -0.00847929
v -0.03227144 0.03363676 -0.00859133
v -0.03183896 0.03406923 -0.00881208
v -0.03143986 0.03446834 -0.00913491
v -0.03108605 0.03482214 -0.00955018
v -0.03078815 0.03512004 -0.01004546
v -0.03055505 0.03535315 -0.01060593
v -0.03039373 0.03551447 -0.01121482
v -0.03030901 0.03559918 -0.01185392
v -0.03030344 0.03560475 -0.01250410
v -0.03037718 0.03553102 -0.01314591
v -0.03052801 0.03538018 -0.01376015
v -0.03075144 0.03515676 -0.01432845
v -0.03104077 0.03486742 -0.01483379
v -0.03138734 0.03452085 -0.01526107
v -0.03178080 0.03412739 -0.01559749
v -0.03204274 0.01849954 -0.02593540
v -0.01354456 0.03748169 -0.02593540
v -0.01279680 0.03754053 -0.02593540
v -0.01757680 0.03276054 -0.02593540
v -0.01757680 0.03255793 -0.02593540
v 0.03698510 -0.00105753 -0.02593540
v -0.03890976 -0.00768844 -0.02593540
v -0.03388643 0.01485538 -0.02593540
v -0.03531727 0.01103024 -0.02593540
v -0.03631782 0.00707070 -0.02593540
v 0.01279720 0.03754053 -0.02593540
v -0.01940770 -0.03150179 -0.02593540
v -0.01958316 -0.03160309 -0.02593540
v 0.01940810 -0.03150179 -0.02593540
v -0.02105799 0.03042243 -0.02593540
v -0.02428262 0.02791628 -0.02593540
v -0.02721140 0.02507001 -0.02593540
v -0.02980866 0.02191829 -0.02593540
v -0.01751795 0.03350829 -0.02593540
v -0.01617677 0.03614051 -0.02593540
v -0.01560641 0.03662764 -0.02593540
v 0.01581811 -0.03344884 -0.02593540
v 0.01203540 -0.03498838 -0.02593540
v 0.00810606 -0.03610164 -0.02593540
v 0.00407797 -0.03677507 -0.02593540
v 0.03716056 -0.00115884 -0.02593540
v -0.03687590 0.00302501 -0.02593540
v -0.03698470 -0.00105753 -0.02593540
v -0.03716016 -0.00115884 -0.02593540
v -0.03777831 -0.00158368 -0.02593540
v -0.02097934 -0.03213904 -0.02593540
v -0.02172299 -0.03223694 -0.02593540
v -0.02611276 -0.02985349 -0.02593540
v -0.01496687 0.03701955 -0.02593540
v -0.01427390 0.03730658 -0.02593540
v 0.01354496 0.03748169 -0.02593540
v 0.01427430 0.03730658 -0.02593540
v 0.01617717 0.03614051 -0.02593540
v 0.01496727 0.03701955 -0.02593540
v 0.01560681 0.03662764 -0.02593540
v 0.01705621 0.03493061 -0.02593540
v 0.01734325 0.03423764 -0.02593540
v 0.03832279 -0.00209999 -0.02593540
v 0.03877940 -0.00269506 -0.02593540
v 0.03923307 -0.00701144 -0.02593540
v -0.01581771 -0.03344884 -0.02593540
v -0.01203500 -0.03498838 -0.02593540
v -0.00810567 -0.03610164 -0.02593540
v -0.00407757 -0.03677507 -0.02593540
v 0.00000020 -0.03700047 -0.02593540
v -0.03944571 -0.00629225 -0.02593540
v -0.03954361 -0.00554860 -0.02593540
v -0.03952398 -0.00479879 -0.02593540
v -0.03938728 -0.00406128 -0.02593540
v -0.03913691 -0.00335424 -0.02593540
v -0.01734285 0.03423764 -0.02593540
v -0.01705581 0.03493061 -0.02593540
v -0.01666390 0.03557015 -0.02593540
v 0.03687629 0.00302501 -0.02593540
v -0.03877901 -0.00269506 -0.02593540
v -0.03832239 -0.00209999 -0.02593540
v -0.03923267 -0.00701144 -0.02593540
v -0.02026016 -0.03192601 -0.02593540
v 0.01666430 0.03557015 -0.02593540
v 0.03204314 0.01849954 -0.02593540
v 0.03388683 0.01485538 -0.02593540
v 0.03531767 0.01103024 -0.02593540
v 0.03631822 0.00707070 -0.02593540
v 0.02026056 -0.03192601 -0.02593540
v 0.01958356 -0.03160309 -0.02593540
v 0.02611316 -0.02985349 -0.02593540
v 0.03891016 -0.00768844 -0.02593540
v 0.03777871 -0.00158368 -0.02593540
v 0.02517200 -0.03101572 -0.02593540
v 0.02247321 -0.03221730 -0.02593540
v 0.02172339 -0.03223694 -0.02593540
v -0.02247281 -0.03221730 -0.02593540
v -0.02321031 -0.03208062 -0.02593540
v -0.02391736 -0.03183024 -0.02593540
v -0.02457653 -0.03147234 -0.02593540
v -0.02517160 -0.03101572 -0.02593540
v -0.02568792 -0.03047164 -0.02593540
v 0.01751835 0.03350829 -0.02593540
v 0.01757720 0.03276054 -0.02593540
v 0.01757720 0.03255793 -0.02593540
v 0.02105839 0.03042243 -0.02593540
v 0.02428302 0.02791628 -0.02593540
v 0.02721180 0.02507001 -0.02593540
v 0.02980906 0.02191829 -0.02593540
v 0.03913730 -0.00335424 -0.02593540
v 0.03938768 -0.00406128 -0.02593540
v 0.03944611 -0.00629225 -0.02593540
v 0.03952437 -0.00479879 -0.02593540
v 0.03954401 -0.00554860 -0.02593540
v 0.02457693 -0.03147234 -0.02593540
v 0.02391776 -0.03183024 -0.02593540
v 0.02321071 -0.03208062 -0.02593540
v 0.02568832 -0.03047164 -0.02593540
v 0.02097974 -0.03213904 -0.02593540
v -0.03295423 0.03295396 -0.01671385
v -0.03240298 0.03350521 -0.01664565
v -0.03186848 0.03403971 -0.01644310
v -0.03136697 0.03454122 -0.01611238
v -0.03091369 0.03499451 -0.01566352
v -0.03052240 0.03538579 -0.01511016
v -0.03020501 0.03570318 -0.01446913
v -0.02997116 0.03593704 -0.01375988
v -0.02982794 0.03608026 -0.01300398
v -0.02977971 0.03612848 -0.01222440
v -0.02982794 0.03608026 -0.01144482
v -0.02997116 0.03593704 -0.01068892
v -0.03020501 0.03570318 -0.00997967
v -0.03052240 0.03538579 -0.00933864
v -0.03091369 0.03499451 -0.00878528
v -0.03136697 0.03454122 -0.00833642
v -0.03186848 0.03403971 -0.00800570
v -0.03240298 0.03350521 -0.00780315
v -0.03295423 0.03295396 -0.00773495
v -0.03350548 0.03240271 -0.01664565
v -0.03403998 0.03186822 -0.01644310
v -0.03454149 0.03136670 -0.01611238
v -0.03499477 0.03091342 -0.01566352
v -0.03538605 0.03052214 -0.01511016
v -0.03570344 0.03020475 -0.01446913
v -0.03593730 0.02997089 -0.01375988
v -0.03608052 0.02982767 -0.01300398
v -0.03612875 0.02977944 -0.01222440
v -0.03608052 0.02982767 -0.01144482
v -0.03593730 0.02997089 -0.01068892
v -0.03570344 0.03020475 -0.00997967
v -0.03538605 0.03052214 -0.00933864
v -0.03499477 0.03091342 -0.00878528
v -0.03454149 0.03136670 -0.00833642
v -0.03403998 0.03186822 -0.00800570
v -0.03350548 0.03240271 -0.00780315
v 0.04548984 -0.00046398 -0.02705673
v 0.04548541 -0.00078662 -0.02705673
v 0.04549076 0.00036125 -0.02842098
v 0.04549166 0.00021973 -0.02872246
v 0.04546719 0.00150763 -0.02705673
v 0.04547675 0.00118510 -0.02705673
v 0.04548943 0.00050151 -0.02872246
v 0.04548943 0.00050151 -0.03023173
v 0.04549166 0.00021973 -0.03023173
v 0.04547966 -0.00106835 -0.02884775
v 0.04543530 -0.00227517 -0.02884775
v 0.04547966 -0.00106835 -0.02917339
v 0.04543530 -0.00227517 -0.02917339
v 0.04548951 0.00049400 -0.03072439
v 0.04548951 -0.00049493 -0.03072439
v 0.04548951 0.00049400 -0.03272439
v 0.04548951 -0.00049493 -0.03272439
v -0.04548552 0.00075563 -0.02906482
v -0.04548552 0.00075563 -0.02875072
v -0.04545711 0.00177587 -0.02906482
v -0.04545711 0.00177587 -0.02875072
v -0.04538567 0.00310519 -0.02875072
v -0.04538567 0.00310519 -0.02906482
v -0.04544392 0.00208622 -0.02875072
v -0.04544392 0.00208622 -0.02906482
v -0.04544392 0.00208622 -0.03009688
v -0.04545711 0.00177587 -0.03009688
v -0.04544392 0.00208622 -0.02771867
v -0.04545711 0.00177587 -0.02771867
v -0.04543779 -0.00221667 -0.02713534
v -0.04545372 -0.00186132 -0.02713534
v -0.04547831 -0.00110803 -0.02897157
v -0.04548185 -0.00095206 -0.02863924
v -0.04547831 -0.00110803 -0.03063534
v -0.04548482 -0.00079746 -0.03063534
v -0.04549178 -0.00004380 -0.02713534
v -0.04549073 0.00031190 -0.02713534
v -0.04548482 -0.00079746 -0.02897157
v 0.01958356 -0.03160309 -0.03272440
v 0.01940810 -0.03150179 -0.03272440
v 0.01581811 -0.03344884 -0.03272440
v 0.01203540 -0.03498838 -0.03272440
v 0.00810606 -0.03610164 -0.03272440
v 0.00407797 -0.03677507 -0.03272440
v 0.00000020 -0.03700047 -0.03272440
v -0.00407757 -0.03677507 -0.03272440
v -0.00810567 -0.03610164 -0.03272440
v -0.01203500 -0.03498838 -0.03272440
v -0.01581771 -0.03344884 -0.03272440
v -0.01940770 -0.03150179 -0.03272440
v -0.01958316 -0.03160309 -0.03272440
v -0.02026016 -0.03192601 -0.03272440
v -0.02097934 -0.03213904 -0.03272440
v -0.02172299 -0.03223694 -0.03272440
v -0.02247281 -0.03221730 -0.03272440
v -0.02321031 -0.03208062 -0.03272440
v -0.02391736 -0.03183024 -0.03272440
v -0.02457653 -0.03147234 -0.03272440
v -0.02517160 -0.03101572 -0.03272440
v -0.02568792 -0.03047164 -0.03272440
v -0.02611276 -0.02985349 -0.03272440
v -0.03890976 -0.00768844 -0.03272440
v -0.03923267 -0.00701144 -0.03272440
v -0.03944571 -0.00629225 -0.03272440
v -0.03954361 -0.00554860 -0.03272440
v -0.03952398 -0.00479879 -0.03272440
v -0.03938728 -0.00406128 -0.03272440
v -0.03913691 -0.00335424 -0.03272440
v -0.03877901 -0.00269506 -0.03272440
v -0.03832239 -0.00209999 -0.03272440
v -0.03777831 -0.00158368 -0.03272440
v -0.03716016 -0.00115884 -0.03272440
v -0.03698470 -0.00105753 -0.03272440
v -0.03687590 0.00302501 -0.03272440
v -0.03631782 0.00707070 -0.03272440
v -0.03531727 0.01103024 -0.03272440
v -0.03388643 0.01485538 -0.03272440
v -0.03204274 0.01849954 -0.03272440
v -0.02980866 0.02191829 -0.03272440
v -0.02721140 0.02507001 -0.03272440
v -0.02428262 0.02791628 -0.03272440
v -0.02105799 0.03042243 -0.03272440
v -0.01757680 0.03255793 -0.03272440
v -0.01757680 0.03276054 -0.03272440
v -0.01751795 0.03350829 -0.03272440
v -0.01734285 0.03423764 -0.03272440
v -0.01705581 0.03493061 -0.03272440
v -0.01666390 0.03557015 -0.03272440
v -0.01617677 0.03614051 -0.03272440
v -0.01560641 0.03662764 -0.03272440
v -0.01496687 0.03701955 -0.03272440
v -0.01427390 0.03730658 -0.03272440
v -0.01354456 0.03748169 -0.03272440
v -0.01279680 0.03754053 -0.03272440
v 0.01279720 0.03754053 -0.03272440
v 0.01354496 0.03748169 -0.03272440
v 0.01427430 0.03730658 -0.03272440
v 0.01496727 0.03701955 -0.03272440
v 0.01560681 0.03662764 -0.03272440
v 0.01617717 0.03614051 -0.03272440
v 0.01666430 0.03557015 -0.03272440
v 0.01705621 0.03493061 -0.03272440
v 0.01734325 0.03423764 -0.03272440
v 0.01751835 0.03350829 -0.03272440
v 0.01757720 0.03276054 -0.03272440
v 0.01757720 0.03255793 -0.03272440
v 0.02105839 0.03042243 -0.03272440
v 0.02428302 0.02791628 -0.03272440
v 0.02721180 0.02507001 -0.03272440
v 0.02980906 0.02191829 -0.03272440
v 0.03204314 0.01849954 -0.03272440
v 0.03388683 0.01485538 -0.03272440
v 0.03531767 0.01103024 -0.03272440
v 0.03631822 0.00707070 -0.03272440
v 0.03687629 0.00302501 -0.03272440
v 0.03698510 -0.00105753 -0.03272440
v 0.03716056 -0.00115884 -0.03272440
v 0.03777871 -0.00158368 -0.03272440
v 0.03832279 -0.00209999 -0.03272440
v 0.03877940 -0.00269506 -0.03272440
v 0.03913730 -0.00335424 -0.03272440
v 0.03938768 -0.00406128 -0.03272440
v 0.03952437 -0.00479879 -0.03272440
v 0.03954401 -0.00554860 -0.03272440
v 0.03944611 -0.00629225 -0.03272440
v 0.03923307 -0.00701144 -0.03272440
v 0.03891016 -0.00768844 -0.03272440
v 0.02611316 -0.02985349 -0.03272440
v 0.02568832 -0.03047164 -0.03272440
v 0.02517200 -0.03101572 -0.03272440
v 0.02457693 -0.03147234 -0.03272440
v 0.02391776 -0.03183024 -0.03272440
v 0.02321071 -0.03208062 -0.03272440
v 0.02247321 -0.03221730 -0.03272440
v 0.02172339 -0.03223694 -0.03272440
v 0.02097974 -0.03213904 -0.03272440
v 0.02026056 -0.03192601 -0.03272440
v 0.00049467 -0.04548978 -0.03072440
v -0.00049427 -0.04548978 -0.03072440
v 0.00049467 -0.04548978 -0.03272440
v -0.00049427 -0.04548978 -0.03272440
v -0.00049427 0.04548885 -0.03072440
v 0.00049467 0.04548885 -0.03072440
v -0.00049427 0.04548885 -0.03272440
v 0.00049467 0.04548885 -0.03272440
v -0.04548911 -0.00049493 -0.03072440
v -0.04548911 0.00049400 -0.03072440
v -0.04548911 -0.00049493 -0.03272440
v -0.04548911 0.00049400 -0.03272440
v 0.00187265 -0.04545391 -0.03013924
v 0.00219751 -0.04543937 -0.03013924
v 0.00105099 -0.04548033 -0.02884049
v 0.00121385 -0.04547627 -0.02858354
v 0.00018873 -0.04549208 -0.02696424
v -0.00013646 -0.04549226 -0.02696424
v 0.00105099 -0.04548033 -0.02832659
v 0.00088874 -0.04548379 -0.02858354
v -0.00009620 -0.04549236 -0.03013924
v 0.00022899 -0.04549189 -0.03013924
v 0.00191287 -0.04545224 -0.02696424
v 0.00223772 -0.04543741 -0.02696424
v -0.00148476 -0.04546822 -0.02745270
v -0.00176637 -0.04545815 -0.02745270
v -0.00148476 -0.04546822 -0.02838892
v -0.00176637 -0.04545815 -0.02838892
v -0.00176637 -0.04545815 -0.02961007
v -0.00148476 -0.04546822 -0.02961007
v -0.00176637 -0.04545815 -0.02867385
v -0.00148476 -0.04546822 -0.02867385
v -0.00055913 -0.04548903 -0.02867385
v -0.00055913 -0.04548903 -0.02838892
v -0.00269112 -0.04541278 -0.02867385
v -0.00269112 -0.04541278 -0.02838892
v -0.00008107 0.04549146 -0.02730088
v 0.00024412 0.04549088 -0.02730088
v -0.00090311 0.04548256 -0.02859963
v -0.00074085 0.04548550 -0.02885658
v -0.00176507 0.04545728 -0.03047588
v -0.00208997 0.04544349 -0.03047588
v -0.00090311 0.04548256 -0.02911353
v -0.00106598 0.04547904 -0.02885658
v -0.00204976 0.04544532 -0.02730088
v -0.00172485 0.04545882 -0.02730088
v -0.00004081 0.04549152 -0.03047588
v 0.00028437 0.04549065 -0.03047588
v 0.00054602 0.04548826 -0.02909191
v 0.00175327 0.04545775 -0.02909191
v 0.00054602 0.04548826 -0.02941755
v 0.00175327 0.04545775 -0.02941755
v -0.03976923 -0.00772180 -0.02681540
v -0.02657139 -0.03058113 -0.02681540
v -0.03976923 -0.00772180 -0.01578440
v -0.02657139 -0.03058113 -0.01578440
v 0.01319804 0.03830154 -0.02681540
v -0.01319764 0.03830154 -0.02681540
v 0.01319804 0.03830154 -0.01578440
v -0.01319764 0.03830154 -0.01578440
v 0.02657178 -0.03058113 -0.02681540
v 0.03976962 -0.00772180 -0.02681540
v 0.02657178 -0.03058113 -0.01578440
v 0.03976962 -0.00772180 -0.01578440
v -0.03280323 0.03224755 -0.01669664
v -0.03307329 0.03197053 -0.01664565
v -0.03550241 0.02924957 -0.01300398
v -0.03553503 0.02920994 -0.01261609
v -0.03541216 0.02935877 -0.01357901
v -0.03537270 0.02940630 -0.01375990
v -0.03527652 0.02952161 -0.01412103
v -0.03515953 0.02966084 -0.01446913
v -0.03486750 0.03000359 -0.01511016
v -0.03450319 0.03042184 -0.01566352
v -0.03407522 0.03090044 -0.01611238
v -0.03333697 0.03169548 -0.01656126
v -0.03359434 0.03142257 -0.01644310
v -0.03384141 0.03115632 -0.01629269
v -0.03252671 0.03252645 -0.01671385
v -0.03209085 0.03295654 -0.01667190
v -0.03197078 0.03307303 -0.01664564
v -0.03169579 0.03333667 -0.01656128
v -0.03142283 0.03359407 -0.01644310
v -0.03115663 0.03384111 -0.01629272
v -0.03090070 0.03407496 -0.01611238
v -0.03042210 0.03450292 -0.01566352
v -0.03000385 0.03486724 -0.01511016
v -0.02966110 0.03515927 -0.01446913
v -0.02952190 0.03527623 -0.01412111
v -0.02940656 0.03537244 -0.01375988
v -0.02931576 0.03544773 -0.01338760
v -0.02924983 0.03550215 -0.01300398
v -0.02921014 0.03553481 -0.01261520
v -0.02919691 0.03554568 -0.01222440
v -0.02921011 0.03553484 -0.01183403
v -0.02924983 0.03550215 -0.01144482
v -0.02931557 0.03544789 -0.01106213
v -0.02940656 0.03537244 -0.01068892
v -0.02952197 0.03527618 -0.01032751
v -0.02966110 0.03515927 -0.00997967
v -0.03000385 0.03486724 -0.00933864
v -0.03042210 0.03450292 -0.00878528
v -0.03090070 0.03407496 -0.00833642
v -0.03197079 0.03307303 -0.00780315
v -0.03169445 0.03333794 -0.00788802
v -0.03142283 0.03359407 -0.00800570
v -0.03115779 0.03384004 -0.00815535
v -0.03280183 0.03224898 -0.00775199
v -0.03252671 0.03252645 -0.00773495
v -0.03209085 0.03295654 -0.00777690
v -0.03333888 0.03169348 -0.00788828
v -0.03307329 0.03197053 -0.00780315
v -0.03486750 0.03000359 -0.00933864
v -0.03450319 0.03042184 -0.00878528
v -0.03407522 0.03090044 -0.00833642
v -0.03384020 0.03115763 -0.00815527
v -0.03359434 0.03142257 -0.00800570
v -0.03527598 0.02952225 -0.01032598
v -0.03515953 0.02966084 -0.00997967
v -0.03541216 0.02935877 -0.01086979
v -0.03537271 0.02940629 -0.01068892
v -0.03554595 0.02919664 -0.01222440
v -0.03553497 0.02921000 -0.01183171
v -0.03550241 0.02924957 -0.01144482
v 0.04599333 -0.00079540 -0.02705673
v 0.04599781 -0.00046916 -0.02705673
v 0.04600020 -0.00000046 -0.02835801
v 0.04599966 0.00022219 -0.02872246
v 0.04599966 0.00022219 -0.03023173
v 0.04599740 0.00050711 -0.03023173
v 0.04599740 0.00050711 -0.02872246
v 0.04597492 0.00152447 -0.02705673
v 0.04598458 0.00119834 -0.02705673
v 0.04599874 0.00036529 -0.02842098
v 0.04600020 -0.00000046 -0.02782301
v 0.04594266 -0.00230057 -0.02884775
v 0.04598753 -0.00108028 -0.02884775
v 0.04594266 -0.00230057 -0.02917339
v 0.04598753 -0.00108028 -0.02917339
v 0.04599748 -0.00050045 -0.03272439
v 0.04599748 -0.00050045 -0.03072439
v 0.04599748 0.00049953 -0.03272439
v 0.04600020 -0.00000046 -0.03272440
v 0.04599748 0.00049953 -0.03072439
v 0.04600020 -0.00000046 -0.03072439
v -0.04599345 0.00076407 -0.02875072
v -0.04599345 0.00076407 -0.02906482
v -0.04596472 0.00179570 -0.02875072
v -0.04596472 0.00179570 -0.02771867
v -0.04595138 0.00210952 -0.02771867
v -0.04595138 0.00210952 -0.02875072
v -0.04589248 0.00313987 -0.02875072
v -0.04593460 0.00244776 -0.02875072
v -0.04589248 0.00313987 -0.02906482
v -0.04593460 0.00244776 -0.02906482
v -0.04595138 0.00210952 -0.02906482
v -0.04595138 0.00210952 -0.03009688
v -0.04596472 0.00179570 -0.03009688
v -0.04596472 0.00179570 -0.02906482
v -0.04598974 -0.00096269 -0.02863924
v -0.04599978 -0.00004429 -0.02713534
v -0.04599871 0.00031539 -0.02713534
v -0.04599274 -0.00080636 -0.02897157
v -0.04599274 -0.00080636 -0.03063534
v -0.04598616 -0.00112040 -0.03063534
v -0.04598616 -0.00112040 -0.02897157
v -0.04594518 -0.00224142 -0.02713534
v -0.04596130 -0.00188210 -0.02713534
v -0.00049979 0.04599682 -0.03072440
v -0.00049979 0.04599682 -0.03272440
v 0.00050019 0.04599682 -0.03072440
v 0.00050019 0.04599682 -0.03272440
v 0.00050019 -0.04599775 -0.03272440
v 0.00050019 -0.04599775 -0.03072440
v -0.00049979 -0.04599775 -0.03072440
v -0.00049979 -0.04599775 -0.03272440
v -0.04593460 -0.00244868 -0.03272440
v -0.04599708 -0.00050045 -0.03272440
v -0.03209085 -0.03295747 -0.03272440
v -0.00122434 0.04598323 -0.03272440
v -0.02840593 -0.03618184 -0.03272440
v -0.02840593 0.03618090 -0.03272440
v 0.01788611 -0.04238082 -0.03272440
v -0.00122434 -0.04598417 -0.03272440
v -0.00610517 0.04559256 -0.03272440
v -0.01091683 0.04468531 -0.03272440
v -0.01560479 0.04327175 -0.03272440
v -0.02011594 0.04136789 -0.03272440
v 0.02228954 0.04023864 -0.03272440
v 0.02644042 0.03764146 -0.03272440
v -0.04541415 -0.00731739 -0.03272440
v 0.02228954 -0.04023957 -0.03272440
v -0.01091683 -0.04468624 -0.03272440
v -0.01560479 -0.04327268 -0.03272440
v -0.02011594 -0.04136882 -0.03272440
v -0.02439916 0.03899532 -0.03272440
v -0.04599708 0.00049953 -0.03272440
v -0.04593460 0.00244776 -0.03272440
v -0.04541415 0.00731646 -0.03272440
v 0.00367036 -0.04585382 -0.03272440
v 0.00852348 -0.04520393 -0.03272440
v 0.01328003 -0.04404188 -0.03272440
v 0.04496075 -0.00972406 -0.03272440
v 0.04573960 -0.00488996 -0.03272440
v 0.01788611 0.04237989 -0.03272440
v 0.00367036 0.04585289 -0.03272440
v -0.03541216 -0.02935970 -0.03272440
v -0.03833224 -0.02542927 -0.03272440
v -0.04081799 -0.02121072 -0.03272440
v -0.04437912 -0.01210318 -0.03272440
v -0.04284126 -0.01675185 -0.03272440
v -0.02439916 -0.03899625 -0.03272440
v -0.04437912 0.01210225 -0.03272440
v -0.04284126 0.01675092 -0.03272440
v -0.04081799 0.02120979 -0.03272440
v -0.03833224 0.02542834 -0.03272440
v -0.03541216 0.02935877 -0.03272440
v -0.03209085 0.03295654 -0.03272440
v 0.02644042 -0.03764240 -0.03272440
v 0.00852348 0.04520300 -0.03272440
v 0.01328003 0.04404095 -0.03272440
v -0.00610517 -0.04559350 -0.03272440
v 0.03029172 -0.03461872 -0.03272440
v 0.03379981 -0.03120281 -0.03272440
v 0.03692493 -0.02743336 -0.03272440
v 0.04573960 0.00488904 -0.03272440
v 0.04496075 0.00972314 -0.03272440
v 0.04367249 -0.01444799 -0.03272440
v 0.04188940 -0.01900822 -0.03272440
v 0.03963169 -0.02335309 -0.03272440
v 0.03029172 0.03461779 -0.03272440
v 0.03379981 0.03120188 -0.03272440
v 0.03692493 0.02743243 -0.03272440
v 0.03963169 0.02335216 -0.03272440
v 0.04188940 0.01900730 -0.03272440
v 0.04367249 0.01444706 -0.03272440
v -0.04599708 -0.00050045 -0.03072440
v -0.04599708 0.00049953 -0.03072440
v 0.00106272 -0.04598819 -0.02884049
v 0.00189356 -0.04596148 -0.03013924
v 0.00222205 -0.04594677 -0.03013924
v 0.00122740 -0.04598409 -0.02858354
v 0.00226271 -0.04594479 -0.02696424
v 0.00193423 -0.04595979 -0.02696424
v 0.00106272 -0.04598819 -0.02832659
v 0.00019084 -0.04600007 -0.02696424
v -0.00013798 -0.04600026 -0.02696424
v 0.00089867 -0.04599169 -0.02858354
v -0.00009728 -0.04600036 -0.03013924
v 0.00023154 -0.04599988 -0.03013924
v -0.00150134 -0.04597595 -0.02867385
v -0.00150134 -0.04597595 -0.02961007
v -0.00056537 -0.04599699 -0.02867385
v -0.00122434 -0.04598417 -0.02867385
v -0.00056537 -0.04599699 -0.02838892
v -0.00150134 -0.04597595 -0.02838892
v -0.00122434 -0.04598417 -0.02838892
v -0.00150134 -0.04597595 -0.02745270
v -0.00178609 -0.04596577 -0.02745270
v -0.00178609 -0.04596577 -0.02838892
v -0.00272117 -0.04591990 -0.02838892
v -0.00272117 -0.04591990 -0.02867385
v -0.00178609 -0.04596577 -0.02867385
v -0.00178609 -0.04596577 -0.02961007
v 0.00024684 0.04599887 -0.02730088
v -0.00008198 0.04599946 -0.02730088
v -0.00074913 0.04599343 -0.02885658
v 0.00028755 0.04599864 -0.03047588
v -0.00004127 0.04599952 -0.03047588
v -0.00091319 0.04599047 -0.02911353
v -0.00178478 0.04596489 -0.03047588
v -0.00122434 0.04598323 -0.02959979
v -0.00211331 0.04595096 -0.03047588
v -0.00107788 0.04598690 -0.02885658
v -0.00122434 0.04598323 -0.02908556
v -0.00207265 0.04595281 -0.02730088
v -0.00122434 0.04598323 -0.02862760
v -0.00174411 0.04596645 -0.02730088
v -0.00122434 0.04598323 -0.02811337
v -0.00091319 0.04599047 -0.02859963
v 0.00177285 0.04596537 -0.02909191
v 0.00055212 0.04599622 -0.02909191
v 0.00177285 0.04596537 -0.02941755
v 0.00055212 0.04599622 -0.02941755
v -0.02498332 -0.03862460 -0.02681540
v -0.02498332 -0.03862460 -0.01578440
v -0.02487585 -0.03654266 -0.02681540
v -0.02487585 -0.03654266 -0.01578440
v -0.02511043 -0.03447119 -0.02681540
v -0.02511043 -0.03447119 -0.01578440
v -0.02568073 -0.03246600 -0.02681540
v -0.02568073 -0.03246600 -0.01578440
v -0.04593460 -0.00244868 -0.01578440
v -0.04594104 -0.00232476 -0.01578440
v -0.04408430 -0.00327266 -0.01578440
v -0.03209085 -0.03295747 -0.01578440
v -0.02840593 -0.03618184 -0.01578440
v -0.04541415 -0.00731739 -0.01578440
v -0.03541216 -0.02935970 -0.01578440
v -0.03833224 -0.02542927 -0.01578440
v -0.04081799 -0.02121072 -0.01578440
v -0.04240763 -0.00451154 -0.01578440
v -0.04095625 -0.00600803 -0.01578440
v -0.04437912 -0.01210318 -0.01578440
v -0.04284126 -0.01675185 -0.01578440
v -0.04095625 -0.00600803 -0.02681540
v -0.04240763 -0.00451154 -0.02681540
v -0.04408430 -0.00327266 -0.02681540
v -0.04594104 -0.00232476 -0.02681540
v -0.04437912 -0.01210318 -0.02681540
v -0.04541415 -0.00731739 -0.02681540
v -0.02840593 -0.03618184 -0.02681540
v -0.04593460 -0.00244868 -0.02681540
v -0.03209085 -0.03295747 -0.02681540
v -0.03541216 -0.02935970 -0.02681540
v -0.04284126 -0.01675185 -0.02681540
v -0.04081799 -0.02121072 -0.02681540
v -0.03833224 -0.02542927 -0.02681540
v -0.01560479 0.04327175 -0.01578440
v -0.01091683 0.04468531 -0.01578440
v 0.01788611 0.04237989 -0.01578440
v 0.02095792 0.04094797 -0.01578440
v 0.01920864 0.03981392 -0.01578440
v 0.01729741 0.03898134 -0.01578440
v 0.01527572 0.03847264 -0.01578440
v 0.01328003 0.04404095 -0.01578440
v 0.00852348 0.04520300 -0.01578440
v -0.01527532 0.03847264 -0.01578440
v -0.01729701 0.03898134 -0.01578440
v -0.02011594 0.04136789 -0.01578440
v -0.01920824 0.03981392 -0.01578440
v -0.02095752 0.04094797 -0.01578440
v -0.00610517 0.04559256 -0.01578440
v -0.00122434 0.04598323 -0.01578440
v 0.00367036 0.04585289 -0.01578440
v 0.01527572 0.03847264 -0.02681540
v 0.01729741 0.03898134 -0.02681540
v 0.01920864 0.03981392 -0.02681540
v 0.02095792 0.04094797 -0.02681540
v -0.01729701 0.03898134 -0.02681540
v -0.01560479 0.04327175 -0.02681540
v -0.01920824 0.03981392 -0.02681540
v -0.02011594 0.04136789 -0.02681540
v -0.02095752 0.04094797 -0.02681540
v -0.00610517 0.04559256 -0.02681540
v -0.01091683 0.04468531 -0.02681540
v -0.01527532 0.03847264 -0.02681540
v 0.01328003 0.04404095 -0.02681540
v 0.01788611 0.04237989 -0.02681540
v 0.00852348 0.04520300 -0.02681540
v 0.00367036 0.04585289 -0.02681540
v -0.00122434 0.04598323 -0.02681540
v 0.04594144 -0.00232476 -0.01578440
v 0.04573960 -0.00488996 -0.01578440
v 0.04408469 -0.00327266 -0.01578440
v 0.04240804 -0.00451154 -0.01578440
v 0.02498372 -0.03862460 -0.01578440
v 0.02487625 -0.03654266 -0.01578440
v 0.02644042 -0.03764240 -0.01578440
v 0.02511083 -0.03447119 -0.01578440
v 0.03029172 -0.03461872 -0.01578440
v 0.02568113 -0.03246600 -0.01578440
v 0.03379981 -0.03120281 -0.01578440
v 0.03692493 -0.02743336 -0.01578440
v 0.04095664 -0.00600803 -0.01578440
v 0.04496075 -0.00972406 -0.01578440
v 0.04367249 -0.01444799 -0.01578440
v 0.04188940 -0.01900822 -0.01578440
v 0.03963169 -0.02335309 -0.01578440
v 0.02568113 -0.03246600 -0.02681540
v 0.02511083 -0.03447119 -0.02681540
v 0.02487625 -0.03654266 -0.02681540
v 0.02498372 -0.03862460 -0.02681540
v 0.02644042 -0.03764240 -0.02681540
v 0.04367249 -0.01444799 -0.02681540
v 0.04496075 -0.00972406 -0.02681540
v 0.04594144 -0.00232476 -0.02681540
v 0.04408469 -0.00327266 -0.02681540
v 0.04573960 -0.00488996 -0.02681540
v 0.04240804 -0.00451154 -0.02681540
v 0.04095664 -0.00600803 -0.02681540
v 0.03379981 -0.03120281 -0.02681540
v 0.03029172 -0.03461872 -0.02681540
v 0.03692493 -0.02743336 -0.02681540
v 0.03963169 -0.02335309 -0.02681540
v 0.04188940 -0.01900822 -0.02681540
v 0.04236623 -0.00150046 -0.00244705
v 0.04323225 -0.00000046 -0.00244705
v 0.04063417 -0.00150046 -0.00244705
v 0.04236623 0.00149954 -0.00244705
v 0.03976815 -0.00000046 -0.00244705
v 0.04063417 0.00149954 -0.00244705
v 0.02248225 0.03593959 -0.00244705
v 0.02161623 0.03743959 -0.00244705
v 0.02161623 0.03443959 -0.00244705
v 0.01988417 0.03743959 -0.00244705
v 0.01988417 0.03443959 -0.00244705
v 0.01901815 0.03593959 -0.00244705
v -0.01988377 0.03743959 -0.00244705
v -0.02161583 0.03743959 -0.00244705
v -0.01901775 0.03593959 -0.00244705
v -0.02248185 0.03593959 -0.00244705
v -0.01988377 0.03443959 -0.00244705
v -0.02161583 0.03443959 -0.00244705
v -0.04236583 0.00149954 -0.00244705
v -0.04323185 -0.00000046 -0.00244705
v -0.04063377 0.00149954 -0.00244705
v -0.04236583 -0.00150046 -0.00244705
v -0.03976775 -0.00000046 -0.00244705
v -0.04063377 -0.00150046 -0.00244705
v 0.01988417 -0.03744052 -0.00244705
v 0.02161623 -0.03744052 -0.00244705
v 0.01901815 -0.03594052 -0.00244705
v 0.02248225 -0.03594052 -0.00244705
v 0.01988417 -0.03444052 -0.00244705
v 0.02161623 -0.03444052 -0.00244705
v 0.04600020 -0.00000046 -0.00472440
v -0.03833224 0.02542834 -0.00472440
v -0.03209085 0.03295654 -0.00472440
v -0.03541216 0.02935877 -0.00472440
v -0.02840593 0.03618090 -0.00472440
v 0.04573960 0.00488904 -0.00472440
v -0.04593460 0.00244776 -0.00472440
v -0.04593460 -0.00244868 -0.00472440
v -0.00122434 -0.04598417 -0.00472440
v 0.00367036 -0.04585382 -0.00472440
v -0.00610517 -0.04559350 -0.00472440
v -0.02439916 -0.03899625 -0.00472440
v -0.04541415 -0.00731739 -0.00472440
v -0.04437912 -0.01210318 -0.00472440
v -0.04284126 -0.01675185 -0.00472440
v -0.04081799 -0.02121072 -0.00472440
v -0.03833224 -0.02542927 -0.00472440
v -0.03541216 -0.02935970 -0.00472440
v -0.03209085 -0.03295747 -0.00472440
v -0.02840593 -0.03618184 -0.00472440
v -0.02439916 0.03899532 -0.00472440
v 0.01788611 0.04237989 -0.00472440
v 0.01328003 0.04404095 -0.00472440
v 0.00852348 0.04520300 -0.00472440
v 0.00367036 0.04585289 -0.00472440
v -0.00122434 0.04598323 -0.00472440
v -0.00610517 0.04559256 -0.00472440
v -0.01091683 0.04468531 -0.00472440
v -0.01560479 0.04327175 -0.00472440
v -0.02011594 0.04136789 -0.00472440
v 0.02644042 -0.03764240 -0.00472440
v 0.03029172 -0.03461872 -0.00472440
v 0.03379981 -0.03120281 -0.00472440
v 0.03692493 -0.02743336 -0.00472440
v 0.03963169 -0.02335309 -0.00472440
v 0.04188940 -0.01900822 -0.00472440
v 0.04367249 -0.01444799 -0.00472440
v 0.04496075 -0.00972406 -0.00472440
v 0.04573960 -0.00488996 -0.00472440
v 0.00852348 -0.04520393 -0.00472440
v 0.01328003 -0.04404188 -0.00472440
v 0.01788611 -0.04238082 -0.00472440
v 0.02228954 -0.04023957 -0.00472440
v -0.01091683 -0.04468624 -0.00472440
v -0.01560479 -0.04327268 -0.00472440
v -0.02011594 -0.04136882 -0.00472440
v -0.04541415 0.00731646 -0.00472440
v -0.04437912 0.01210225 -0.00472440
v -0.04284126 0.01675092 -0.00472440
v -0.04081799 0.02120979 -0.00472440
v 0.04496075 0.00972314 -0.00472440
v 0.04367249 0.01444706 -0.00472440
v 0.04188940 0.01900730 -0.00472440
v 0.03963169 0.02335216 -0.00472440
v 0.03692493 0.02743243 -0.00472440
v 0.03379981 0.03120188 -0.00472440
v 0.03029172 0.03461779 -0.00472440
v 0.02644042 0.03764146 -0.00472440
v 0.02228954 0.04023864 -0.00472440
v 0.04236623 0.00149954 -0.00071500
v 0.04063417 0.00149954 -0.00071500
v 0.03976815 -0.00000046 -0.00071500
v 0.04063417 -0.00150046 -0.00071500
v 0.04236623 -0.00150046 -0.00071500
v 0.04323225 -0.00000046 -0.00071500
v 0.01988417 0.03743959 -0.00071500
v 0.01901815 0.03593959 -0.00071500
v 0.01988417 0.03443959 -0.00071500
v 0.02161623 0.03443959 -0.00071500
v 0.02248225 0.03593959 -0.00071500
v 0.02161623 0.03743959 -0.00071500
v -0.02248185 0.03593959 -0.00071500
v -0.02161583 0.03443959 -0.00071500
v -0.01988377 0.03443959 -0.00071500
v -0.01901775 0.03593959 -0.00071500
v -0.01988377 0.03743959 -0.00071500
v -0.02161583 0.03743959 -0.00071500
v -0.04236583 -0.00150046 -0.00071500
v -0.04063377 -0.00150046 -0.00071500
v -0.03976775 -0.00000046 -0.00071500
v -0.04063377 0.00149954 -0.00071500
v -0.04236583 0.00149954 -0.00071500
v -0.04323185 -0.00000046 -0.00071500
v 0.02248225 -0.03594052 -0.00071500
v 0.02161623 -0.03444052 -0.00071500
v 0.01988417 -0.03444052 -0.00071500
v 0.01901815 -0.03594052 -0.00071500
v 0.01988417 -0.03744052 -0.00071500
v 0.02161623 -0.03744052 -0.00071500
v -0.04698499 -0.00493881 -0.00472440
v -0.04724380 -0.00000046 -0.00472440
v -0.04698499 0.00493788 -0.00472440
v -0.04621141 0.00982211 -0.00472440
v -0.04493151 0.01459873 -0.00472440
v -0.04315934 0.01921540 -0.00472440
v -0.04091430 0.02362153 -0.00472440
v -0.03822100 0.02776886 -0.00472440
v -0.03510894 0.03161194 -0.00472440
v -0.03161221 0.03510867 -0.00472440
v -0.02776913 0.03822073 -0.00472440
v -0.02362180 0.04091404 -0.00472440
v -0.01921567 0.04315908 -0.00472440
v -0.01459900 0.04493125 -0.00472440
v -0.00982238 0.04621114 -0.00472440
v -0.00493814 0.04698473 -0.00472440
v 0.00000020 0.04724353 -0.00472440
v 0.00493854 0.04698473 -0.00472440
v 0.00982278 0.04621114 -0.00472440
v 0.01459940 0.04493125 -0.00472440
v 0.01921607 0.04315908 -0.00472440
v 0.02362220 0.04091404 -0.00472440
v 0.02776953 0.03822073 -0.00472440
v 0.03161260 0.03510867 -0.00472440
v 0.03510933 0.03161194 -0.00472440
v 0.03822140 0.02776886 -0.00472440
v 0.04091470 0.02362153 -0.00472440
v 0.04315974 0.01921540 -0.00472440
v 0.04493192 0.01459873 -0.00472440
v 0.04621180 0.00982211 -0.00472440
v 0.04698539 0.00493788 -0.00472440
v 0.04724420 -0.00000046 -0.00472440
v 0.04698539 -0.00493881 -0.00472440
v 0.04621180 -0.00982304 -0.00472440
v 0.04493192 -0.01459966 -0.00472440
v 0.04315974 -0.01921633 -0.00472440
v 0.04091470 -0.02362247 -0.00472440
v 0.03822140 -0.02776979 -0.00472440
v 0.03510933 -0.03161287 -0.00472440
v 0.03161260 -0.03510960 -0.00472440
v 0.02776953 -0.03822166 -0.00472440
v 0.02362220 -0.04091497 -0.00472440
v 0.01921607 -0.04316001 -0.00472440
v 0.01459940 -0.04493218 -0.00472440
v 0.00982278 -0.04621207 -0.00472440
v 0.00493854 -0.04698566 -0.00472440
v 0.00000020 -0.04724446 -0.00472440
v -0.00493814 -0.04698566 -0.00472440
v -0.00982238 -0.04621207 -0.00472440
v -0.01459900 -0.04493218 -0.00472440
v -0.01921567 -0.04316001 -0.00472440
v -0.02362180 -0.04091497 -0.00472440
v -0.02776913 -0.03822166 -0.00472440
v -0.03161221 -0.03510960 -0.00472440
v -0.03510894 -0.03161287 -0.00472440
v -0.03822100 -0.02776979 -0.00472440
v -0.04091430 -0.02362247 -0.00472440
v -0.04315934 -0.01921633 -0.00472440
v -0.04493151 -0.01459966 -0.00472440
v -0.04621141 -0.00982304 -0.00472440
v 0.04642424 -0.00086871 -0.00071500
v 0.04650020 -0.00000046 -0.00071500
v 0.04400020 -0.00433059 -0.00071500
v 0.04471414 -0.00383069 -0.00071500
v 0.04321030 -0.00469893 -0.00071500
v 0.03900020 -0.00433059 -0.00071500
v 0.03979010 -0.00469893 -0.00071500
v 0.04642424 0.00086778 -0.00071500
v 0.04619866 0.00170964 -0.00071500
v 0.04583033 0.00249954 -0.00071500
v 0.04533043 0.00321347 -0.00071500
v 0.04533043 -0.00321440 -0.00071500
v 0.04583033 -0.00250046 -0.00071500
v 0.04619866 -0.00171057 -0.00071500
v 0.03657616 0.00086778 -0.00071500
v 0.03650020 -0.00000046 -0.00071500
v 0.03657616 -0.00086871 -0.00071500
v 0.03680173 -0.00171057 -0.00071500
v 0.03717007 -0.00250046 -0.00071500
v 0.03766998 -0.00321440 -0.00071500
v 0.03828626 -0.00383069 -0.00071500
v 0.03979010 0.00469800 -0.00071500
v 0.03900020 0.00432966 -0.00071500
v 0.03828626 0.00382976 -0.00071500
v 0.03766998 0.00321347 -0.00071500
v 0.03717007 0.00249954 -0.00071500
v 0.03680173 0.00170964 -0.00071500
v 0.04471414 0.00382976 -0.00071500
v 0.04400020 0.00432966 -0.00071500
v 0.04321030 0.00469800 -0.00071500
v 0.04236844 0.00492357 -0.00071500
v 0.04150020 0.00499954 -0.00071500
v 0.04063196 0.00492357 -0.00071500
v 0.04063196 -0.00492450 -0.00071500
v 0.04150020 -0.00500046 -0.00071500
v 0.04236844 -0.00492450 -0.00071500
v 0.02396414 0.03976981 -0.00071500
v 0.02325020 0.04026972 -0.00071500
v 0.01582616 0.03680783 -0.00071500
v 0.01575020 0.03593959 -0.00071500
v 0.02458042 0.03915353 -0.00071500
v 0.02508033 0.03843959 -0.00071500
v 0.01691998 0.03272565 -0.00071500
v 0.01753626 0.03210937 -0.00071500
v 0.01825020 0.03160946 -0.00071500
v 0.01904010 0.03124113 -0.00071500
v 0.01988196 0.04086363 -0.00071500
v 0.01904010 0.04063805 -0.00071500
v 0.01825020 0.04026972 -0.00071500
v 0.01753626 0.03976981 -0.00071500
v 0.01691998 0.03915353 -0.00071500
v 0.01642007 0.03843959 -0.00071500
v 0.01605174 0.03764969 -0.00071500
v 0.02246030 0.04063805 -0.00071500
v 0.02161844 0.04086363 -0.00071500
v 0.02075020 0.04093959 -0.00071500
v 0.02575020 0.03593959 -0.00071500
v 0.02567424 0.03680783 -0.00071500
v 0.02544866 0.03764969 -0.00071500
v 0.02246030 0.03124113 -0.00071500
v 0.02325020 0.03160946 -0.00071500
v 0.02396414 0.03210937 -0.00071500
v 0.02458042 0.03272565 -0.00071500
v 0.01582616 0.03507135 -0.00071500
v 0.01605174 0.03422949 -0.00071500
v 0.01642007 0.03343959 -0.00071500
v 0.02508033 0.03343959 -0.00071500
v 0.02544866 0.03422949 -0.00071500
v 0.02567424 0.03507135 -0.00071500
v 0.01988196 0.03101555 -0.00071500
v 0.02075020 0.03093959 -0.00071500
v 0.02161844 0.03101555 -0.00071500
v -0.02396374 0.03210937 -0.00071500
v -0.02324980 0.03160946 -0.00071500
v -0.02567384 0.03680783 -0.00071500
v -0.02574980 0.03593959 -0.00071500
v -0.02567384 0.03507135 -0.00071500
v -0.02245990 0.04063805 -0.00071500
v -0.02324980 0.04026972 -0.00071500
v -0.02396374 0.03976981 -0.00071500
v -0.01824980 0.04026972 -0.00071500
v -0.01903970 0.04063805 -0.00071500
v -0.01582576 0.03507135 -0.00071500
v -0.01574980 0.03593959 -0.00071500
v -0.01582576 0.03680783 -0.00071500
v -0.01605134 0.03764969 -0.00071500
v -0.01641967 0.03843959 -0.00071500
v -0.01691958 0.03915353 -0.00071500
v -0.01753586 0.03976981 -0.00071500
v -0.01988156 0.03101555 -0.00071500
v -0.01903970 0.03124113 -0.00071500
v -0.01824980 0.03160946 -0.00071500
v -0.01753586 0.03210937 -0.00071500
v -0.01988156 0.04086363 -0.00071500
v -0.02074980 0.04093959 -0.00071500
v -0.02161804 0.04086363 -0.00071500
v -0.01691958 0.03272565 -0.00071500
v -0.01641967 0.03343959 -0.00071500
v -0.01605134 0.03422949 -0.00071500
v -0.02245990 0.03124113 -0.00071500
v -0.02161804 0.03101555 -0.00071500
v -0.02074980 0.03093959 -0.00071500
v -0.02544826 0.03422949 -0.00071500
v -0.02507993 0.03343959 -0.00071500
v -0.02458002 0.03272565 -0.00071500
v -0.02458002 0.03915353 -0.00071500
v -0.02507993 0.03843959 -0.00071500
v -0.02544826 0.03764969 -0.00071500
v -0.04149980 -0.00500046 -0.00071500
v -0.04063156 -0.00492450 -0.00071500
v -0.03978970 -0.00469893 -0.00071500
v -0.03899980 -0.00433059 -0.00071500
v -0.03828586 -0.00383069 -0.00071500
v -0.03766958 -0.00321440 -0.00071500
v -0.03716967 -0.00250046 -0.00071500
v -0.03680134 -0.00171057 -0.00071500
v -0.04236804 -0.00492450 -0.00071500
v -0.04320990 -0.00469893 -0.00071500
v -0.04533002 -0.00321440 -0.00071500
v -0.04471374 -0.00383069 -0.00071500
v -0.04399980 -0.00433059 -0.00071500
v -0.04320990 0.00469800 -0.00071500
v -0.04399980 0.00432966 -0.00071500
v -0.04471374 0.00382976 -0.00071500
v -0.04533002 0.00321347 -0.00071500
v -0.04582993 0.00249954 -0.00071500
v -0.04619827 0.00170964 -0.00071500
v -0.04642384 0.00086778 -0.00071500
v -0.04649980 -0.00000046 -0.00071500
v -0.03828586 0.00382976 -0.00071500
v -0.03899980 0.00432966 -0.00071500
v -0.03978970 0.00469800 -0.00071500
v -0.03657576 -0.00086871 -0.00071500
v -0.03649980 -0.00000046 -0.00071500
v -0.03657576 0.00086778 -0.00071500
v -0.03680134 0.00170964 -0.00071500
v -0.03716967 0.00249954 -0.00071500
v -0.03766958 0.00321347 -0.00071500
v -0.04642384 -0.00086871 -0.00071500
v -0.04619827 -0.00171057 -0.00071500
v -0.04582993 -0.00250046 -0.00071500
v -0.04063156 0.00492357 -0.00071500
v -0.04149980 0.00499954 -0.00071500
v -0.04236804 0.00492357 -0.00071500
v 0.02246030 -0.04063898 -0.00071500
v 0.02325020 -0.04027065 -0.00071500
v 0.02567424 -0.03680876 -0.00071500
v 0.02575020 -0.03594052 -0.00071500
v 0.02544866 -0.03765062 -0.00071500
v 0.01753626 -0.03977074 -0.00071500
v 0.01825020 -0.04027065 -0.00071500
v 0.01904010 -0.04063898 -0.00071500
v 0.01575020 -0.03594052 -0.00071500
v 0.01582616 -0.03680876 -0.00071500
v 0.01691998 -0.03272658 -0.00071500
v 0.01753626 -0.03211029 -0.00071500
v 0.01825020 -0.03161039 -0.00071500
v 0.02246030 -0.03124206 -0.00071500
v 0.02161844 -0.03101648 -0.00071500
v 0.02075020 -0.03094052 -0.00071500
v 0.01988196 -0.03101648 -0.00071500
v 0.01904010 -0.03124206 -0.00071500
v 0.01605174 -0.03765062 -0.00071500
v 0.01642007 -0.03844052 -0.00071500
v 0.01691998 -0.03915445 -0.00071500
v 0.02567424 -0.03507228 -0.00071500
v 0.02544866 -0.03423042 -0.00071500
v 0.02508033 -0.03344052 -0.00071500
v 0.02458042 -0.03272658 -0.00071500
v 0.02396414 -0.03211029 -0.00071500
v 0.02325020 -0.03161039 -0.00071500
v 0.02396414 -0.03977074 -0.00071500
v 0.02458042 -0.03915445 -0.00071500
v 0.02508033 -0.03844052 -0.00071500
v 0.01988196 -0.04086456 -0.00071500
v 0.02075020 -0.04094052 -0.00071500
v 0.02161844 -0.04086456 -0.00071500
v 0.01642007 -0.03344052 -0.00071500
v 0.01605174 -0.03423042 -0.00071500
v 0.01582616 -0.03507228 -0.00071500
v -0.04724298 0.00027693 -0.00000000
v -0.04698499 0.00493788 -0.00000000
v -0.04621141 0.00982211 -0.00000000
v -0.04493151 0.01459873 -0.00000000
v -0.04315934 0.01921540 -0.00000000
v -0.04091430 0.02362153 -0.00000000
v -0.03822100 0.02776886 -0.00000000
v -0.03510894 0.03161194 -0.00000000
v -0.03161221 0.03510867 -0.00000000
v -0.02776913 0.03822073 -0.00000000
v -0.02362180 0.04091404 -0.00000000
v -0.01921567 0.04315908 -0.00000000
v -0.01459900 0.04493125 -0.00000000
v -0.00982238 0.04621114 -0.00000000
v -0.00493814 0.04698473 -0.00000000
v 0.00000020 0.04724353 -0.00000000
v 0.00493854 0.04698473 -0.00000000
v 0.00982278 0.04621114 -0.00000000
v 0.01459940 0.04493125 -0.00000000
v 0.01921607 0.04315908 -0.00000000
v 0.02362220 0.04091404 -0.00000000
v 0.02776953 0.03822073 -0.00000000
v 0.03161260 0.03510867 -0.00000000
v 0.03510933 0.03161194 -0.00000000
v 0.03822140 0.02776886 -0.00000000
v 0.04091470 0.02362153 -0.00000000
v 0.04315974 0.01921540 -0.00000000
v 0.04493192 0.01459873 -0.00000000
v 0.04621180 0.00982211 -0.00000000
v 0.04698539 0.00493788 -0.00000000
v 0.04724420 -0.00000046 -0.00000000
v 0.04698539 -0.00493881 -0.00000000
v 0.04621180 -0.00982304 -0.00000000
v 0.04493192 -0.01459966 -0.00000000
v 0.04315974 -0.01921633 -0.00000000
v 0.04091470 -0.02362247 -0.00000000
v 0.03822140 -0.02776979 -0.00000000
v 0.03510933 -0.03161287 -0.00000000
v 0.03161260 -0.03510960 -0.00000000
v 0.02776953 -0.03822166 -0.00000000
v 0.02362220 -0.04091497 -0.00000000
v 0.01921607 -0.04316001 -0.00000000
v 0.01459940 -0.04493218 -0.00000000
v 0.00982278 -0.04621207 -0.00000000
v 0.00493854 -0.04698566 -0.00000000
v 0.00000020 -0.04724446 -0.00000000
v -0.00493814 -0.04698566 -0.00000000
v -0.00982238 -0.04621207 -0.00000000
v -0.01459900 -0.04493218 -0.00000000
v -0.01921567 -0.04316001 -0.00000000
v -0.02362180 -0.04091497 -0.00000000
v -0.02776913 -0.03822166 -0.00000000
v -0.03161221 -0.03510960 -0.00000000
v -0.03510894 -0.03161287 -0.00000000
v -0.03822100 -0.02776979 -0.00000000
v -0.04091430 -0.02362247 -0.00000000
v -0.04315934 -0.01921633 -0.00000000
v -0.04493151 -0.01459966 -0.00000000
v -0.04621141 -0.00982304 -0.00000000
v -0.04698499 -0.00493881 -0.00000000
v -0.04724298 -0.00027786 -0.00000000
v -0.04724380 -0.00000046 -0.00000000
v 0.00253385 -0.04150047 -0.00000000
v 0.00249536 -0.04106050 -0.00000000
v 0.00238105 -0.04063391 -0.00000000
v 0.00219441 -0.04023364 -0.00000000
v 0.00194109 -0.03987186 -0.00000000
v 0.00162880 -0.03955958 -0.00000000
v 0.00126702 -0.03930626 -0.00000000
v 0.00086676 -0.03911961 -0.00000000
v 0.00044016 -0.03900531 -0.00000000
v 0.00000020 -0.03896682 -0.00000000
v -0.00043976 -0.03900531 -0.00000000
v -0.00086636 -0.03911961 -0.00000000
v -0.00126663 -0.03930626 -0.00000000
v -0.00162840 -0.03955958 -0.00000000
v -0.00194069 -0.03987186 -0.00000000
v -0.00219401 -0.04023364 -0.00000000
v -0.00238065 -0.04063391 -0.00000000
v -0.00249496 -0.04106050 -0.00000000
v -0.00253345 -0.04150047 -0.00000000
v -0.00249496 -0.04194043 -0.00000000
v -0.00238065 -0.04236702 -0.00000000
v -0.00219401 -0.04276729 -0.00000000
v -0.00194069 -0.04312906 -0.00000000
v -0.00162840 -0.04344135 -0.00000000
v -0.00126663 -0.04369467 -0.00000000
v -0.00086636 -0.04388132 -0.00000000
v -0.00043976 -0.04399562 -0.00000000
v 0.00000020 -0.04403411 -0.00000000
v 0.00044016 -0.04399562 -0.00000000
v 0.00086676 -0.04388132 -0.00000000
v 0.00126702 -0.04369467 -0.00000000
v 0.00162880 -0.04344135 -0.00000000
v 0.00194109 -0.04312906 -0.00000000
v 0.00219441 -0.04276729 -0.00000000
v 0.00238105 -0.04236702 -0.00000000
v 0.00249536 -0.04194043 -0.00000000
v 0.04712838 0.00099193 -0.00000000
v 0.04687054 0.00195418 -0.00000000
v 0.04644954 0.00285704 -0.00000000
v 0.04587814 0.00367307 -0.00000000
v 0.04517373 0.00437748 -0.00000000
v 0.04435770 0.00494887 -0.00000000
v 0.04345485 0.00536988 -0.00000000
v 0.04249260 0.00562771 -0.00000000
v 0.04150020 0.00571454 -0.00000000
v 0.04050780 0.00562771 -0.00000000
v 0.03954556 0.00536988 -0.00000000
v 0.03864270 0.00494887 -0.00000000
v 0.03782667 0.00437748 -0.00000000
v 0.03712226 0.00367307 -0.00000000
v 0.03655087 0.00285704 -0.00000000
v 0.03612986 0.00195418 -0.00000000
v 0.03587202 0.00099193 -0.00000000
v 0.03578520 -0.00000046 -0.00000000
v 0.03587202 -0.00099286 -0.00000000
v 0.03612986 -0.00195511 -0.00000000
v 0.03655087 -0.00285796 -0.00000000
v 0.03712226 -0.00367400 -0.00000000
v 0.03782667 -0.00437841 -0.00000000
v 0.03864270 -0.00494980 -0.00000000
v 0.03954556 -0.00537081 -0.00000000
v 0.04050780 -0.00562864 -0.00000000
v 0.04150020 -0.00571546 -0.00000000
v 0.04249260 -0.00562864 -0.00000000
v 0.04345485 -0.00537081 -0.00000000
v 0.04435770 -0.00494980 -0.00000000
v 0.04517373 -0.00437841 -0.00000000
v 0.04587814 -0.00367400 -0.00000000
v 0.04644954 -0.00285796 -0.00000000
v 0.04687054 -0.00195511 -0.00000000
v 0.04712838 -0.00099286 -0.00000000
v 0.04721520 -0.00000046 -0.00000000
v 0.02270485 0.04130993 -0.00000000
v 0.02174260 0.04156776 -0.00000000
v 0.02075020 0.04165459 -0.00000000
v 0.01975780 0.04156776 -0.00000000
v 0.01879556 0.04130993 -0.00000000
v 0.01789270 0.04088892 -0.00000000
v 0.01707667 0.04031754 -0.00000000
v 0.01637226 0.03961312 -0.00000000
v 0.01580087 0.03879709 -0.00000000
v 0.01537986 0.03789423 -0.00000000
v 0.01512202 0.03693199 -0.00000000
v 0.01503520 0.03593959 -0.00000000
v 0.01512202 0.03494719 -0.00000000
v 0.01537986 0.03398494 -0.00000000
v 0.01580087 0.03308209 -0.00000000
v 0.01637226 0.03226606 -0.00000000
v 0.01707667 0.03156165 -0.00000000
v 0.01789270 0.03099025 -0.00000000
v 0.01879556 0.03056925 -0.00000000
v 0.01975780 0.03031141 -0.00000000
v 0.02075020 0.03022459 -0.00000000
v 0.02174260 0.03031141 -0.00000000
v 0.02270485 0.03056925 -0.00000000
v 0.02360770 0.03099025 -0.00000000
v 0.02442373 0.03156165 -0.00000000
v 0.02512815 0.03226606 -0.00000000
v 0.02569954 0.03308209 -0.00000000
v 0.02612054 0.03398494 -0.00000000
v 0.02637838 0.03494719 -0.00000000
v 0.02646520 0.03593959 -0.00000000
v 0.02637838 0.03693199 -0.00000000
v 0.02612054 0.03789423 -0.00000000
v 0.02569954 0.03879709 -0.00000000
v 0.02512815 0.03961312 -0.00000000
v 0.02442373 0.04031754 -0.00000000
v 0.02360770 0.04088892 -0.00000000
v -0.02442333 0.04031754 -0.00000000
v -0.02512774 0.03961312 -0.00000000
v -0.02569913 0.03879709 -0.00000000
v -0.02612014 0.03789423 -0.00000000
v -0.02637798 0.03693199 -0.00000000
v -0.02646480 0.03593959 -0.00000000
v -0.02637798 0.03494719 -0.00000000
v -0.02612014 0.03398494 -0.00000000
v -0.02569913 0.03308209 -0.00000000
v -0.02512774 0.03226606 -0.00000000
v -0.02442333 0.03156165 -0.00000000
v -0.02360730 0.03099025 -0.00000000
v -0.02270444 0.03056925 -0.00000000
v -0.02174220 0.03031141 -0.00000000
v -0.02074980 0.03022459 -0.00000000
v -0.01975740 0.03031141 -0.00000000
v -0.01879515 0.03056925 -0.00000000
v -0.01789230 0.03099025 -0.00000000
v -0.01707627 0.03156165 -0.00000000
v -0.01637185 0.03226606 -0.00000000
v -0.01580046 0.03308209 -0.00000000
v -0.01537946 0.03398494 -0.00000000
v -0.01512162 0.03494719 -0.00000000
v -0.01503480 0.03593959 -0.00000000
v -0.01512162 0.03693199 -0.00000000
v -0.01537946 0.03789423 -0.00000000
v -0.01580046 0.03879709 -0.00000000
v -0.01637185 0.03961312 -0.00000000
v -0.01707627 0.04031754 -0.00000000
v -0.01789230 0.04088892 -0.00000000
v -0.01879515 0.04130993 -0.00000000
v -0.01975740 0.04156776 -0.00000000
v -0.02074980 0.04165459 -0.00000000
v -0.02174220 0.04156776 -0.00000000
v -0.02270444 0.04130993 -0.00000000
v -0.02360730 0.04088892 -0.00000000
v -0.04712798 -0.00099286 -0.00000000
v -0.04687014 -0.00195511 -0.00000000
v -0.04644913 -0.00285796 -0.00000000
v -0.04587774 -0.00367400 -0.00000000
v -0.04517333 -0.00437841 -0.00000000
v -0.04435730 -0.00494980 -0.00000000
v -0.04345444 -0.00537081 -0.00000000
v -0.04249220 -0.00562864 -0.00000000
v -0.04149980 -0.00571546 -0.00000000
v -0.04050740 -0.00562864 -0.00000000
v -0.03954515 -0.00537081 -0.00000000
v -0.03864230 -0.00494980 -0.00000000
v -0.03782627 -0.00437841 -0.00000000
v -0.03712185 -0.00367400 -0.00000000
v -0.03655046 -0.00285796 -0.00000000
v -0.03612946 -0.00195511 -0.00000000
v -0.03587162 -0.00099286 -0.00000000
v -0.03578480 -0.00000046 -0.00000000
v -0.03587162 0.00099193 -0.00000000
v -0.03612946 0.00195418 -0.00000000
v -0.03655046 0.00285704 -0.00000000
v -0.03712185 0.00367307 -0.00000000
v -0.03782627 0.00437748 -0.00000000
v -0.03864230 0.00494887 -0.00000000
v -0.03954515 0.00536988 -0.00000000
v -0.04050740 0.00562771 -0.00000000
v -0.04149980 0.00571454 -0.00000000
v -0.04249220 0.00562771 -0.00000000
v -0.04345444 0.00536988 -0.00000000
v -0.04435730 0.00494887 -0.00000000
v -0.04517333 0.00437748 -0.00000000
v -0.04587774 0.00367307 -0.00000000
v -0.04644913 0.00285704 -0.00000000
v -0.04687014 0.00195418 -0.00000000
v -0.04712798 0.00099193 -0.00000000
v -0.04721480 -0.00000046 -0.00000000
v 0.02442373 -0.04031846 -0.00000000
v 0.02512815 -0.03961405 -0.00000000
v 0.02569954 -0.03879802 -0.00000000
v 0.02612054 -0.03789516 -0.00000000
v 0.02637838 -0.03693292 -0.00000000
v 0.02646520 -0.03594052 -0.00000000
v 0.02637838 -0.03494812 -0.00000000
v 0.02612054 -0.03398587 -0.00000000
v 0.02569954 -0.03308302 -0.00000000
v 0.02512815 -0.03226699 -0.00000000
v 0.02442373 -0.03156257 -0.00000000
v 0.02360770 -0.03099118 -0.00000000
v 0.02270485 -0.03057018 -0.00000000
v 0.02174260 -0.03031234 -0.00000000
v 0.02075020 -0.03022552 -0.00000000
v 0.01975780 -0.03031234 -0.00000000
v 0.01879556 -0.03057018 -0.00000000
v 0.01789270 -0.03099118 -0.00000000
v 0.01707667 -0.03156257 -0.00000000
v 0.01637226 -0.03226699 -0.00000000
v 0.01580087 -0.03308302 -0.00000000
v 0.01537986 -0.03398587 -0.00000000
v 0.01512202 -0.03494812 -0.00000000
v 0.01503520 -0.03594052 -0.00000000
v 0.01512202 -0.03693292 -0.00000000
v 0.01537986 -0.03789516 -0.00000000
v 0.01580087 -0.03879802 -0.00000000
v 0.01637226 -0.03961405 -0.00000000
v 0.01707667 -0.04031846 -0.00000000
v 0.01789270 -0.04088985 -0.00000000
v 0.01879556 -0.04131086 -0.00000000
v 0.01975780 -0.04156870 -0.00000000
v 0.02075020 -0.04165552 -0.00000000
v 0.02174260 -0.04156870 -0.00000000
v 0.02270485 -0.04131086 -0.00000000
v 0.02360770 -0.04088985 -0.00000000
v -0.03112480 0.01796956 -0.00000000
v 0.03112520 -0.01797049 -0.00000000
v 0.03112520 0.01796956 -0.00000000
v 0.00878452 -0.01797049 -0.00000000
v 0.00878452 -0.04284482 -0.00000000
v -0.00878413 -0.04284482 -0.00000000
v -0.01512162 -0.03693292 -0.00000000
v -0.01537946 -0.03789516 -0.00000000
v -0.01580046 -0.03879802 -0.00000000
v -0.01637185 -0.03961405 -0.00000000
v -0.01975740 -0.04156870 -0.00000000
v -0.02074980 -0.04165552 -0.00000000
v -0.01707627 -0.04031846 -0.00000000
v -0.01789230 -0.04088985 -0.00000000
v -0.01879515 -0.04131086 -0.00000000
v -0.02512774 -0.03226699 -0.00000000
v -0.02442333 -0.03156257 -0.00000000
v -0.03112480 -0.01797049 -0.00000000
v -0.02360730 -0.03099118 -0.00000000
v -0.02270444 -0.03057018 -0.00000000
v -0.01879515 -0.03057018 -0.00000000
v -0.01789230 -0.03099118 -0.00000000
v -0.00878413 -0.01797049 -0.00000000
v -0.01580046 -0.03308302 -0.00000000
v -0.01537946 -0.03398587 -0.00000000
v -0.01512162 -0.03494812 -0.00000000
v -0.01503480 -0.03594052 -0.00000000
v -0.02174220 -0.04156870 -0.00000000
v -0.02270444 -0.04131086 -0.00000000
v -0.02174220 -0.03031234 -0.00000000
v -0.02074980 -0.03022552 -0.00000000
v -0.01975740 -0.03031234 -0.00000000
v -0.02360730 -0.04088985 -0.00000000
v -0.02442333 -0.04031846 -0.00000000
v -0.02512774 -0.03961405 -0.00000000
v -0.01707627 -0.03156257 -0.00000000
v -0.01637185 -0.03226699 -0.00000000
v -0.02569913 -0.03879802 -0.00000000
v -0.02612014 -0.03789516 -0.00000000
v -0.02637798 -0.03693292 -0.00000000
v -0.02646480 -0.03594052 -0.00000000
v -0.02637798 -0.03494812 -0.00000000
v -0.02612014 -0.03398587 -0.00000000
v -0.02569913 -0.03308302 -0.00000000
v -0.00878413 0.01796956 -0.00000000
v 0.00878452 0.01796956 -0.00000000
v 0.00187385 -0.04218242 0.00000000
v 0.00196381 -0.04184670 0.00000000
v 0.00000020 -0.04150047 0.00000000
v 0.00199410 -0.04150047 0.00000000
v 0.00196381 -0.04115423 0.00000000
v 0.00128185 -0.04302788 0.00000000
v 0.00152762 -0.04278212 0.00000000
v 0.00172697 -0.04249741 0.00000000
v 0.00034644 -0.04346407 0.00000000
v 0.00068215 -0.04337412 0.00000000
v 0.00099715 -0.04322723 0.00000000
v -0.00068175 -0.04337412 0.00000000
v -0.00034604 -0.04346407 0.00000000
v 0.00000020 -0.04349437 0.00000000
v -0.00152722 -0.04278212 0.00000000
v -0.00128145 -0.04302788 0.00000000
v -0.00099675 -0.04322723 0.00000000
v -0.00196341 -0.04184670 0.00000000
v -0.00187345 -0.04218242 0.00000000
v -0.00172657 -0.04249741 0.00000000
v -0.00187345 -0.04081851 0.00000000
v -0.00196341 -0.04115423 0.00000000
v -0.00199370 -0.04150047 0.00000000
v -0.00128145 -0.03997305 0.00000000
v -0.00152722 -0.04021881 0.00000000
v -0.00172657 -0.04050351 0.00000000
v -0.00034604 -0.03953686 0.00000000
v -0.00068175 -0.03962681 0.00000000
v -0.00099675 -0.03977370 0.00000000
v 0.00068215 -0.03962681 0.00000000
v 0.00034644 -0.03953686 0.00000000
v 0.00000020 -0.03950657 0.00000000
v 0.00152762 -0.04021881 0.00000000
v 0.00128185 -0.03997305 0.00000000
v 0.00099715 -0.03977370 0.00000000
v 0.00187385 -0.04081851 0.00000000
v 0.00172697 -0.04050351 0.00000000
v -0.00250170 -0.04150047 -0.00050800
v -0.00246369 -0.04106601 -0.00050800
v -0.00235082 -0.04064476 -0.00050800
v -0.00216651 -0.04024952 -0.00050800
v -0.00191637 -0.03989228 -0.00050800
v -0.00160799 -0.03958390 -0.00050800
v -0.00125075 -0.03933376 -0.00050800
v -0.00085550 -0.03914945 -0.00050800
v -0.00043425 -0.03903658 -0.00050800
v 0.00000020 -0.03899856 -0.00050800
v 0.00043465 -0.03903658 -0.00050800
v 0.00085590 -0.03914945 -0.00050800
v 0.00125115 -0.03933376 -0.00050800
v 0.00160839 -0.03958390 -0.00050800
v 0.00191677 -0.03989228 -0.00050800
v 0.00216691 -0.04024952 -0.00050800
v 0.00235122 -0.04064476 -0.00050800
v 0.00246409 -0.04106601 -0.00050800
v 0.00250210 -0.04150047 -0.00050800
v 0.00246409 -0.04193491 -0.00050800
v 0.00235122 -0.04235616 -0.00050800
v 0.00216691 -0.04275141 -0.00050800
v 0.00191677 -0.04310865 -0.00050800
v 0.00160839 -0.04341703 -0.00050800
v 0.00125115 -0.04366718 -0.00050800
v 0.00085590 -0.04385148 -0.00050800
v 0.00043465 -0.04396436 -0.00050800
v 0.00000020 -0.04400237 -0.00050800
v -0.00043425 -0.04396436 -0.00050800
v -0.00085550 -0.04385148 -0.00050800
v -0.00125075 -0.04366718 -0.00050800
v -0.00160799 -0.04341703 -0.00050800
v -0.00191637 -0.04310865 -0.00050800
v -0.00216651 -0.04275141 -0.00050800
v -0.00235082 -0.04235616 -0.00050800
v -0.00246369 -0.04193491 -0.00050800
v -0.01858474 -0.03469052 -0.00472440
v -0.01833013 -0.03454352 -0.00472440
v -0.01883469 -0.03433355 -0.00472440
v -0.01860947 -0.03414457 -0.00472440
v -0.01914283 -0.03402541 -0.00472440
v -0.01895385 -0.03380019 -0.00472440
v -0.01949980 -0.03377546 -0.00472440
v -0.01935280 -0.03352084 -0.00472440
v -0.01989475 -0.03359129 -0.00472440
v -0.01979420 -0.03331502 -0.00472440
v -0.02031568 -0.03347850 -0.00472440
v -0.02026463 -0.03318896 -0.00472440
v -0.02074980 -0.03344052 -0.00472440
v -0.02074980 -0.03314652 -0.00472440
v -0.02118392 -0.03347850 -0.00472440
v -0.02123497 -0.03318896 -0.00472440
v -0.02160485 -0.03359129 -0.00472440
v -0.02170540 -0.03331502 -0.00472440
v -0.02199980 -0.03377546 -0.00472440
v -0.02214680 -0.03352084 -0.00472440
v -0.02235677 -0.03402541 -0.00472440
v -0.02254575 -0.03380019 -0.00472440
v -0.02266491 -0.03433355 -0.00472440
v -0.02289013 -0.03414457 -0.00472440
v -0.02291486 -0.03469052 -0.00472440
v -0.02316948 -0.03454352 -0.00472440
v -0.02309903 -0.03508547 -0.00472440
v -0.02337530 -0.03498491 -0.00472440
v -0.02321182 -0.03550640 -0.00472440
v -0.02350135 -0.03545535 -0.00472440
v -0.02324980 -0.03594052 -0.00472440
v -0.02354380 -0.03594052 -0.00472440
v -0.02321182 -0.03637464 -0.00472440
v -0.02350135 -0.03642569 -0.00472440
v -0.02309903 -0.03679557 -0.00472440
v -0.02337530 -0.03689613 -0.00472440
v -0.02291486 -0.03719052 -0.00472440
v -0.02316948 -0.03733752 -0.00472440
v -0.02266491 -0.03754749 -0.00472440
v -0.02289013 -0.03773647 -0.00472440
v -0.02235677 -0.03785563 -0.00472440
v -0.02254575 -0.03808084 -0.00472440
v -0.02199980 -0.03810558 -0.00472440
v -0.02214680 -0.03836020 -0.00472440
v -0.02160485 -0.03828975 -0.00472440
v -0.02170540 -0.03856602 -0.00472440
v -0.02118392 -0.03840254 -0.00472440
v -0.02123497 -0.03869207 -0.00472440
v -0.02074980 -0.03844052 -0.00472440
v -0.02074980 -0.03873452 -0.00472440
v -0.02031568 -0.03840254 -0.00472440
v -0.02026463 -0.03869207 -0.00472440
v -0.01989475 -0.03828975 -0.00472440
v -0.01979420 -0.03856602 -0.00472440
v -0.01949980 -0.03810558 -0.00472440
v -0.01935280 -0.03836020 -0.00472440
v -0.01914283 -0.03785563 -0.00472440
v -0.01895385 -0.03808084 -0.00472440
v -0.01883469 -0.03754749 -0.00472440
v -0.01860947 -0.03773647 -0.00472440
v -0.01858474 -0.03719052 -0.00472440
v -0.01833013 -0.03733752 -0.00472440
v -0.01840057 -0.03679557 -0.00472440
v -0.01812430 -0.03689613 -0.00472440
v -0.01828778 -0.03637464 -0.00472440
v -0.01799825 -0.03642569 -0.00472440
v -0.01824980 -0.03594052 -0.00472440
v -0.01795580 -0.03594052 -0.00472440
v -0.01828778 -0.03550640 -0.00472440
v -0.01799825 -0.03545535 -0.00472440
v -0.01840057 -0.03508547 -0.00472440
v -0.01812430 -0.03498491 -0.00472440
v -0.01795580 -0.03594052 -0.00292100
v -0.01799825 -0.03545535 -0.00292100
v -0.01812430 -0.03498491 -0.00292100
v -0.01833013 -0.03454352 -0.00292100
v -0.01860947 -0.03414457 -0.00292100
v -0.01895385 -0.03380019 -0.00292100
v -0.01935280 -0.03352084 -0.00292100
v -0.01979420 -0.03331502 -0.00292100
v -0.02026463 -0.03318896 -0.00292100
v -0.02074980 -0.03314652 -0.00292100
v -0.02123497 -0.03318896 -0.00292100
v -0.02170540 -0.03331502 -0.00292100
v -0.02214680 -0.03352084 -0.00292100
v -0.02254575 -0.03380019 -0.00292100
v -0.02289013 -0.03414457 -0.00292100
v -0.02316948 -0.03454352 -0.00292100
v -0.02337530 -0.03498491 -0.00292100
v -0.02350135 -0.03545535 -0.00292100
v -0.02354380 -0.03594052 -0.00292100
v -0.02350135 -0.03642569 -0.00292100
v -0.02337530 -0.03689613 -0.00292100
v -0.02316948 -0.03733752 -0.00292100
v -0.02289013 -0.03773647 -0.00292100
v -0.02254575 -0.03808084 -0.00292100
v -0.02214680 -0.03836020 -0.00292100
v -0.02170540 -0.03856602 -0.00292100
v -0.02123497 -0.03869207 -0.00292100
v -0.02074980 -0.03873452 -0.00292100
v -0.02026463 -0.03869207 -0.00292100
v -0.01979420 -0.03856602 -0.00292100
v -0.01935280 -0.03836020 -0.00292100
v -0.01895385 -0.03808084 -0.00292100
v -0.01860947 -0.03773647 -0.00292100
v -0.01833013 -0.03733752 -0.00292100
v -0.01812430 -0.03689613 -0.00292100
v -0.01799825 -0.03642569 -0.00292100
v -0.01824980 -0.03594052 -0.00321500
v -0.01828778 -0.03550640 -0.00321500
v -0.01840057 -0.03508547 -0.00321500
v -0.01858474 -0.03469052 -0.00321500
v -0.01883469 -0.03433355 -0.00321500
v -0.01914283 -0.03402541 -0.00321500
v -0.01949980 -0.03377546 -0.00321500
v -0.01989475 -0.03359129 -0.00321500
v -0.02031568 -0.03347850 -0.00321500
v -0.02074980 -0.03344052 -0.00321500
v -0.02118392 -0.03347850 -0.00321500
v -0.02160485 -0.03359129 -0.00321500
v -0.02199980 -0.03377546 -0.00321500
v -0.02235677 -0.03402541 -0.00321500
v -0.02266491 -0.03433355 -0.00321500
v -0.02291486 -0.03469052 -0.00321500
v -0.02309903 -0.03508547 -0.00321500
v -0.02321182 -0.03550640 -0.00321500
v -0.02324980 -0.03594052 -0.00321500
v -0.02321182 -0.03637464 -0.00321500
v -0.02309903 -0.03679557 -0.00321500
v -0.02291486 -0.03719052 -0.00321500
v -0.02266491 -0.03754749 -0.00321500
v -0.02235677 -0.03785563 -0.00321500
v -0.02199980 -0.03810558 -0.00321500
v -0.02160485 -0.03828975 -0.00321500
v -0.02118392 -0.03840254 -0.00321500
v -0.02074980 -0.03844052 -0.00321500
v -0.02031568 -0.03840254 -0.00321500
v -0.01989475 -0.03828975 -0.00321500
v -0.01949980 -0.03810558 -0.00321500
v -0.01914283 -0.03785563 -0.00321500
v -0.01883469 -0.03754749 -0.00321500
v -0.01858474 -0.03719052 -0.00321500
v -0.01840057 -0.03679557 -0.00321500
v -0.01828778 -0.03637464 -0.00321500
v 0.02266531 -0.03433355 -0.00472440
v 0.02289053 -0.03414457 -0.00472440
v 0.02235717 -0.03402541 -0.00472440
v 0.02254615 -0.03380019 -0.00472440
v 0.02200020 -0.03377546 -0.00472440
v 0.02214720 -0.03352084 -0.00472440
v 0.02160525 -0.03359129 -0.00472440
v 0.02170580 -0.03331502 -0.00472440
v 0.02118432 -0.03347850 -0.00472440
v 0.02123537 -0.03318896 -0.00472440
v 0.02075020 -0.03344052 -0.00472440
v 0.02075020 -0.03314652 -0.00472440
v 0.02031608 -0.03347850 -0.00472440
v 0.02026503 -0.03318896 -0.00472440
v 0.01989515 -0.03359129 -0.00472440
v 0.01979460 -0.03331502 -0.00472440
v 0.01950020 -0.03377546 -0.00472440
v 0.01935320 -0.03352084 -0.00472440
v 0.01914323 -0.03402541 -0.00472440
v 0.01895425 -0.03380019 -0.00472440
v 0.01883509 -0.03433355 -0.00472440
v 0.01860987 -0.03414457 -0.00472440
v 0.01858514 -0.03469052 -0.00472440
v 0.01833053 -0.03454352 -0.00472440
v 0.01840097 -0.03508547 -0.00472440
v 0.01812470 -0.03498491 -0.00472440
v 0.01828818 -0.03550640 -0.00472440
v 0.01799865 -0.03545535 -0.00472440
v 0.01825020 -0.03594052 -0.00472440
v 0.01795620 -0.03594052 -0.00472440
v 0.01828818 -0.03637464 -0.00472440
v 0.01799865 -0.03642569 -0.00472440
v 0.01840097 -0.03679557 -0.00472440
v 0.01812470 -0.03689613 -0.00472440
v 0.01858514 -0.03719052 -0.00472440
v 0.01833053 -0.03733752 -0.00472440
v 0.01883509 -0.03754749 -0.00472440
v 0.01860987 -0.03773647 -0.00472440
v 0.01914323 -0.03785563 -0.00472440
v 0.01895425 -0.03808084 -0.00472440
v 0.01950020 -0.03810558 -0.00472440
v 0.01935320 -0.03836020 -0.00472440
v 0.01989515 -0.03828975 -0.00472440
v 0.01979460 -0.03856602 -0.00472440
v 0.02031608 -0.03840254 -0.00472440
v 0.02026503 -0.03869207 -0.00472440
v 0.02075020 -0.03844052 -0.00472440
v 0.02075020 -0.03873452 -0.00472440
v 0.02118432 -0.03840254 -0.00472440
v 0.02123537 -0.03869207 -0.00472440
v 0.02160525 -0.03828975 -0.00472440
v 0.02170580 -0.03856602 -0.00472440
v 0.02200020 -0.03810558 -0.00472440
v 0.02214720 -0.03836020 -0.00472440
v 0.02235717 -0.03785563 -0.00472440
v 0.02254615 -0.03808084 -0.00472440
v 0.02266531 -0.03754749 -0.00472440
v 0.02289053 -0.03773647 -0.00472440
v 0.02291526 -0.03719052 -0.00472440
v 0.02316988 -0.03733752 -0.00472440
v 0.02309943 -0.03679557 -0.00472440
v 0.02337570 -0.03689613 -0.00472440
v 0.02321222 -0.03637464 -0.00472440
v 0.02350175 -0.03642569 -0.00472440
v 0.02325020 -0.03594052 -0.00472440
v 0.02354420 -0.03594052 -0.00472440
v 0.02321222 -0.03550640 -0.00472440
v 0.02350175 -0.03545535 -0.00472440
v 0.02309943 -0.03508547 -0.00472440
v 0.02337570 -0.03498491 -0.00472440
v 0.02291526 -0.03469052 -0.00472440
v 0.02316988 -0.03454352 -0.00472440
v 0.02354420 -0.03594052 -0.00292100
v 0.02350175 -0.03545535 -0.00292100
v 0.02337570 -0.03498491 -0.00292100
v 0.02316988 -0.03454352 -0.00292100
v 0.02289053 -0.03414457 -0.00292100
v 0.02254615 -0.03380019 -0.00292100
v 0.02214720 -0.03352084 -0.00292100
v 0.02170580 -0.03331502 -0.00292100
v 0.02123537 -0.03318896 -0.00292100
v 0.02075020 -0.03314652 -0.00292100
v 0.02026503 -0.03318896 -0.00292100
v 0.01979460 -0.03331502 -0.00292100
v 0.01935320 -0.03352084 -0.00292100
v 0.01895425 -0.03380019 -0.00292100
v 0.01860987 -0.03414457 -0.00292100
v 0.01833053 -0.03454352 -0.00292100
v 0.01812470 -0.03498491 -0.00292100
v 0.01799865 -0.03545535 -0.00292100
v 0.01795620 -0.03594052 -0.00292100
v 0.01799865 -0.03642569 -0.00292100
v 0.01812470 -0.03689613 -0.00292100
v 0.01833053 -0.03733752 -0.00292100
v 0.01860987 -0.03773647 -0.00292100
v 0.01895425 -0.03808084 -0.00292100
v 0.01935320 -0.03836020 -0.00292100
v 0.01979460 -0.03856602 -0.00292100
v 0.02026503 -0.03869207 -0.00292100
v 0.02075020 -0.03873452 -0.00292100
v 0.02123537 -0.03869207 -0.00292100
v 0.02170580 -0.03856602 -0.00292100
v 0.02214720 -0.03836020 -0.00292100
v 0.02254615 -0.03808084 -0.00292100
v 0.02289053 -0.03773647 -0.00292100
v 0.02316988 -0.03733752 -0.00292100
v 0.02337570 -0.03689613 -0.00292100
v 0.02350175 -0.03642569 -0.00292100
v 0.02200020 -0.03377546 -0.00321500
v 0.02160525 -0.03359129 -0.00321500
v 0.02118432 -0.03347850 -0.00321500
v 0.02075020 -0.03344052 -0.00321500
v 0.02031608 -0.03347850 -0.00321500
v 0.01989515 -0.03359129 -0.00321500
v 0.01950020 -0.03377546 -0.00321500
v 0.01914323 -0.03402541 -0.00321500
v 0.01883509 -0.03433355 -0.00321500
v 0.01858514 -0.03469052 -0.00321500
v 0.01840097 -0.03508547 -0.00321500
v 0.01828818 -0.03550640 -0.00321500
v 0.01825020 -0.03594052 -0.00321500
v 0.01828818 -0.03637464 -0.00321500
v 0.01840097 -0.03679557 -0.00321500
v 0.01858514 -0.03719052 -0.00321500
v 0.01883509 -0.03754749 -0.00321500
v 0.01914323 -0.03785563 -0.00321500
v 0.01950020 -0.03810558 -0.00321500
v 0.01989515 -0.03828975 -0.00321500
v 0.02031608 -0.03840254 -0.00321500
v 0.02075020 -0.03844052 -0.00321500
v 0.02118432 -0.03840254 -0.00321500
v 0.02160525 -0.03828975 -0.00321500
v 0.02200020 -0.03810558 -0.00321500
v 0.02235717 -0.03785563 -0.00321500
v 0.02266531 -0.03754749 -0.00321500
v 0.02291526 -0.03719052 -0.00321500
v 0.02309943 -0.03679557 -0.00321500
v 0.02321222 -0.03637464 -0.00321500
v 0.02325020 -0.03594052 -0.00321500
v 0.02321222 -0.03550640 -0.00321500
v 0.02309943 -0.03508547 -0.00321500
v 0.02291526 -0.03469052 -0.00321500
v 0.02266531 -0.03433355 -0.00321500
v 0.02235717 -0.03402541 -0.00321500
v 0.04310717 0.00191465 -0.00472440
v 0.04329615 0.00213986 -0.00472440
v 0.04275020 0.00216460 -0.00472440
v 0.04289720 0.00241921 -0.00472440
v 0.04235525 0.00234877 -0.00472440
v 0.04245580 0.00262504 -0.00472440
v 0.04193432 0.00246156 -0.00472440
v 0.04198537 0.00275109 -0.00472440
v 0.04150020 0.00249954 -0.00472440
v 0.04150020 0.00279354 -0.00472440
v 0.04106608 0.00246156 -0.00472440
v 0.04101503 0.00275109 -0.00472440
v 0.04064515 0.00234877 -0.00472440
v 0.04054459 0.00262504 -0.00472440
v 0.04025020 0.00216460 -0.00472440
v 0.04010320 0.00241921 -0.00472440
v 0.03989323 0.00191465 -0.00472440
v 0.03970425 0.00213986 -0.00472440
v 0.03958509 0.00160650 -0.00472440
v 0.03935987 0.00179548 -0.00472440
v 0.03933514 0.00124954 -0.00472440
v 0.03908053 0.00139654 -0.00472440
v 0.03915097 0.00085459 -0.00472440
v 0.03887470 0.00095514 -0.00472440
v 0.03903818 0.00043366 -0.00472440
v 0.03874865 0.00048471 -0.00472440
v 0.03900020 -0.00000046 -0.00472440
v 0.03870620 -0.00000046 -0.00472440
v 0.03903818 -0.00043458 -0.00472440
v 0.03874865 -0.00048564 -0.00472440
v 0.03915097 -0.00085551 -0.00472440
v 0.03887470 -0.00095607 -0.00472440
v 0.03933514 -0.00125046 -0.00472440
v 0.03908053 -0.00139746 -0.00472440
v 0.03958509 -0.00160743 -0.00472440
v 0.03935987 -0.00179641 -0.00472440
v 0.03989323 -0.00191558 -0.00472440
v 0.03970425 -0.00214079 -0.00472440
v 0.04025020 -0.00216553 -0.00472440
v 0.04010320 -0.00242014 -0.00472440
v 0.04064515 -0.00234970 -0.00472440
v 0.04054459 -0.00262597 -0.00472440
v 0.04106608 -0.00246248 -0.00472440
v 0.04101503 -0.00275202 -0.00472440
v 0.04150020 -0.00250046 -0.00472440
v 0.04150020 -0.00279446 -0.00472440
v 0.04193432 -0.00246248 -0.00472440
v 0.04198537 -0.00275202 -0.00472440
v 0.04235525 -0.00234970 -0.00472440
v 0.04245580 -0.00262597 -0.00472440
v 0.04275020 -0.00216553 -0.00472440
v 0.04289720 -0.00242014 -0.00472440
v 0.04310717 -0.00191558 -0.00472440
v 0.04329615 -0.00214079 -0.00472440
v 0.04341531 -0.00160743 -0.00472440
v 0.04364053 -0.00179641 -0.00472440
v 0.04366526 -0.00125046 -0.00472440
v 0.04391988 -0.00139746 -0.00472440
v 0.04384943 -0.00085551 -0.00472440
v 0.04412570 -0.00095607 -0.00472440
v 0.04396222 -0.00043458 -0.00472440
v 0.04425175 -0.00048564 -0.00472440
v 0.04400020 -0.00000046 -0.00472440
v 0.04429420 -0.00000046 -0.00472440
v 0.04396222 0.00043366 -0.00472440
v 0.04425175 0.00048471 -0.00472440
v 0.04384943 0.00085459 -0.00472440
v 0.04412570 0.00095514 -0.00472440
v 0.04366526 0.00124954 -0.00472440
v 0.04391988 0.00139654 -0.00472440
v 0.04341531 0.00160650 -0.00472440
v 0.04364053 0.00179548 -0.00472440
v 0.04429420 -0.00000046 -0.00292100
v 0.04425175 0.00048471 -0.00292100
v 0.04412570 0.00095514 -0.00292100
v 0.04391988 0.00139654 -0.00292100
v 0.04364053 0.00179548 -0.00292100
v 0.04329615 0.00213986 -0.00292100
v 0.04289720 0.00241921 -0.00292100
v 0.04245580 0.00262504 -0.00292100
v 0.04198537 0.00275109 -0.00292100
v 0.04150020 0.00279354 -0.00292100
v 0.04101503 0.00275109 -0.00292100
v 0.04054459 0.00262504 -0.00292100
v 0.04010320 0.00241921 -0.00292100
v 0.03970425 0.00213986 -0.00292100
v 0.03935987 0.00179548 -0.00292100
v 0.03908053 0.00139654 -0.00292100
v 0.03887470 0.00095514 -0.00292100
v 0.03874865 0.00048471 -0.00292100
v 0.03870620 -0.00000046 -0.00292100
v 0.03874865 -0.00048564 -0.00292100
v 0.03887470 -0.00095607 -0.00292100
v 0.03908053 -0.00139746 -0.00292100
v 0.03935987 -0.00179641 -0.00292100
v 0.03970425 -0.00214079 -0.00292100
v 0.04010320 -0.00242014 -0.00292100
v 0.04054459 -0.00262597 -0.00292100
v 0.04101503 -0.00275202 -0.00292100
v 0.04150020 -0.00279446 -0.00292100
v 0.04198537 -0.00275202 -0.00292100
v 0.04245580 -0.00262597 -0.00292100
v 0.04289720 -0.00242014 -0.00292100
v 0.04329615 -0.00214079 -0.00292100
v 0.04364053 -0.00179641 -0.00292100
v 0.04391988 -0.00139746 -0.00292100
v 0.04412570 -0.00095607 -0.00292100
v 0.04425175 -0.00048564 -0.00292100
v 0.04025020 0.00216460 -0.00321500
v 0.03989323 0.00191465 -0.00321500
v 0.03958509 0.00160650 -0.00321500
v 0.03933514 0.00124954 -0.00321500
v 0.03915097 0.00085459 -0.00321500
v 0.03903818 0.00043366 -0.00321500
v 0.03900020 -0.00000046 -0.00321500
v 0.03903818 -0.00043458 -0.00321500
v 0.03915097 -0.00085551 -0.00321500
v 0.03933514 -0.00125046 -0.00321500
v 0.03958509 -0.00160743 -0.00321500
v 0.03989323 -0.00191558 -0.00321500
v 0.04025020 -0.00216553 -0.00321500
v 0.04064515 -0.00234970 -0.00321500
v 0.04106608 -0.00246248 -0.00321500
v 0.04150020 -0.00250046 -0.00321500
v 0.04193432 -0.00246248 -0.00321500
v 0.04235525 -0.00234970 -0.00321500
v 0.04275020 -0.00216553 -0.00321500
v 0.04310717 -0.00191558 -0.00321500
v 0.04341531 -0.00160743 -0.00321500
v 0.04366526 -0.00125046 -0.00321500
v 0.04384943 -0.00085551 -0.00321500
v 0.04396222 -0.00043458 -0.00321500
v 0.04400020 -0.00000046 -0.00321500
v 0.04396222 0.00043366 -0.00321500
v 0.04384943 0.00085459 -0.00321500
v 0.04366526 0.00124954 -0.00321500
v 0.04341531 0.00160650 -0.00321500
v 0.04310717 0.00191465 -0.00321500
v 0.04275020 0.00216460 -0.00321500
v 0.04235525 0.00234877 -0.00321500
v 0.04193432 0.00246156 -0.00321500
v 0.04150020 0.00249954 -0.00321500
v 0.04106608 0.00246156 -0.00321500
v 0.04064515 0.00234877 -0.00321500
v 0.01914323 0.03785470 -0.00472440
v 0.01895425 0.03807992 -0.00472440
v 0.01883509 0.03754656 -0.00472440
v 0.01860987 0.03773554 -0.00472440
v 0.01858514 0.03718959 -0.00472440
v 0.01833053 0.03733659 -0.00472440
v 0.01840097 0.03679464 -0.00472440
v 0.01812470 0.03689520 -0.00472440
v 0.01828818 0.03637371 -0.00472440
v 0.01799865 0.03642476 -0.00472440
v 0.01825020 0.03593959 -0.00472440
v 0.01795620 0.03593959 -0.00472440
v 0.01828818 0.03550547 -0.00472440
v 0.01799865 0.03545442 -0.00472440
v 0.01840097 0.03508454 -0.00472440
v 0.01812470 0.03498399 -0.00472440
v 0.01858514 0.03468959 -0.00472440
v 0.01833053 0.03454259 -0.00472440
v 0.01883509 0.03433262 -0.00472440
v 0.01860987 0.03414364 -0.00472440
v 0.01914323 0.03402448 -0.00472440
v 0.01895425 0.03379926 -0.00472440
v 0.01950020 0.03377452 -0.00472440
v 0.01935320 0.03351992 -0.00472440
v 0.01989515 0.03359036 -0.00472440
v 0.01979460 0.03331409 -0.00472440
v 0.02031608 0.03347757 -0.00472440
v 0.02026503 0.03318804 -0.00472440
v 0.02075020 0.03343959 -0.00472440
v 0.02075020 0.03314559 -0.00472440
v 0.02118432 0.03347757 -0.00472440
v 0.02123537 0.03318804 -0.00472440
v 0.02160525 0.03359036 -0.00472440
v 0.02170580 0.03331409 -0.00472440
v 0.02200020 0.03377452 -0.00472440
v 0.02214720 0.03351992 -0.00472440
v 0.02235717 0.03402448 -0.00472440
v 0.02254615 0.03379926 -0.00472440
v 0.02266531 0.03433262 -0.00472440
v 0.02289053 0.03414364 -0.00472440
v 0.02291526 0.03468959 -0.00472440
v 0.02316988 0.03454259 -0.00472440
v 0.02309943 0.03508454 -0.00472440
v 0.02337570 0.03498399 -0.00472440
v 0.02321222 0.03550547 -0.00472440
v 0.02350175 0.03545442 -0.00472440
v 0.02325020 0.03593959 -0.00472440
v 0.02354420 0.03593959 -0.00472440
v 0.02321222 0.03637371 -0.00472440
v 0.02350175 0.03642476 -0.00472440
v 0.02309943 0.03679464 -0.00472440
v 0.02337570 0.03689520 -0.00472440
v 0.02291526 0.03718959 -0.00472440
v 0.02316988 0.03733659 -0.00472440
v 0.02266531 0.03754656 -0.00472440
v 0.02289053 0.03773554 -0.00472440
v 0.02235717 0.03785470 -0.00472440
v 0.02254615 0.03807992 -0.00472440
v 0.02200020 0.03810465 -0.00472440
v 0.02214720 0.03835926 -0.00472440
v 0.02160525 0.03828882 -0.00472440
v 0.02170580 0.03856509 -0.00472440
v 0.02118432 0.03840161 -0.00472440
v 0.02123537 0.03869114 -0.00472440
v 0.02075020 0.03843959 -0.00472440
v 0.02075020 0.03873359 -0.00472440
v 0.02031608 0.03840161 -0.00472440
v 0.02026503 0.03869114 -0.00472440
v 0.01989515 0.03828882 -0.00472440
v 0.01979460 0.03856509 -0.00472440
v 0.01950020 0.03810465 -0.00472440
v 0.01935320 0.03835926 -0.00472440
v 0.02354420 0.03593959 -0.00292100
v 0.02350175 0.03642476 -0.00292100
v 0.02337570 0.03689520 -0.00292100
v 0.02316988 0.03733659 -0.00292100
v 0.02289053 0.03773554 -0.00292100
v 0.02254615 0.03807992 -0.00292100
v 0.02214720 0.03835926 -0.00292100
v 0.02170580 0.03856509 -0.00292100
v 0.02123537 0.03869114 -0.00292100
v 0.02075020 0.03873359 -0.00292100
v 0.02026503 0.03869114 -0.00292100
v 0.01979460 0.03856509 -0.00292100
v 0.01935320 0.03835926 -0.00292100
v 0.01895425 0.03807992 -0.00292100
v 0.01860987 0.03773554 -0.00292100
v 0.01833053 0.03733659 -0.00292100
v 0.01812470 0.03689520 -0.00292100
v 0.01799865 0.03642476 -0.00292100
v 0.01795620 0.03593959 -0.00292100
v 0.01799865 0.03545442 -0.00292100
v 0.01812470 0.03498399 -0.00292100
v 0.01833053 0.03454259 -0.00292100
v 0.01860987 0.03414364 -0.00292100
v 0.01895425 0.03379926 -0.00292100
v 0.01935320 0.03351992 -0.00292100
v 0.01979460 0.03331409 -0.00292100
v 0.02026503 0.03318804 -0.00292100
v 0.02075020 0.03314559 -0.00292100
v 0.02123537 0.03318804 -0.00292100
v 0.02170580 0.03331409 -0.00292100
v 0.02214720 0.03351992 -0.00292100
v 0.02254615 0.03379926 -0.00292100
v 0.02289053 0.03414364 -0.00292100
v 0.02316988 0.03454259 -0.00292100
v 0.02337570 0.03498399 -0.00292100
v 0.02350175 0.03545442 -0.00292100
v 0.01825020 0.03593959 -0.00321500
v 0.01828818 0.03550547 -0.00321500
v 0.01840097 0.03508454 -0.00321500
v 0.01858514 0.03468959 -0.00321500
v 0.01883509 0.03433262 -0.00321500
v 0.01914323 0.03402448 -0.00321500
v 0.01950020 0.03377452 -0.00321500
v 0.01989515 0.03359036 -0.00321500
v 0.02031608 0.03347757 -0.00321500
v 0.02075020 0.03343959 -0.00321500
v 0.02118432 0.03347757 -0.00321500
v 0.02160525 0.03359036 -0.00321500
v 0.02200020 0.03377452 -0.00321500
v 0.02235717 0.03402448 -0.00321500
v 0.02266531 0.03433262 -0.00321500
v 0.02291526 0.03468959 -0.00321500
v 0.02309943 0.03508454 -0.00321500
v 0.02321222 0.03550547 -0.00321500
v 0.02325020 0.03593959 -0.00321500
v 0.02321222 0.03637371 -0.00321500
v 0.02309943 0.03679464 -0.00321500
v 0.02291526 0.03718959 -0.00321500
v 0.02266531 0.03754656 -0.00321500
v 0.02235717 0.03785470 -0.00321500
v 0.02200020 0.03810465 -0.00321500
v 0.02160525 0.03828882 -0.00321500
v 0.02118432 0.03840161 -0.00321500
v 0.02075020 0.03843959 -0.00321500
v 0.02031608 0.03840161 -0.00321500
v 0.01989515 0.03828882 -0.00321500
v 0.01950020 0.03810465 -0.00321500
v 0.01914323 0.03785470 -0.00321500
v 0.01883509 0.03754656 -0.00321500
v 0.01858514 0.03718959 -0.00321500
v 0.01840097 0.03679464 -0.00321500
v 0.01828818 0.03637371 -0.00321500
v -0.02199980 0.03810465 -0.00472440
v -0.02214680 0.03835926 -0.00472440
v -0.02235677 0.03785470 -0.00472440
v -0.02254575 0.03807992 -0.00472440
v -0.02266491 0.03754656 -0.00472440
v -0.02289013 0.03773554 -0.00472440
v -0.02291486 0.03718959 -0.00472440
v -0.02316948 0.03733659 -0.00472440
v -0.02309903 0.03679464 -0.00472440
v -0.02337530 0.03689520 -0.00472440
v -0.02321182 0.03637371 -0.00472440
v -0.02350135 0.03642476 -0.00472440
v -0.02324980 0.03593959 -0.00472440
v -0.02354380 0.03593959 -0.00472440
v -0.02321182 0.03550547 -0.00472440
v -0.02350135 0.03545442 -0.00472440
v -0.02309903 0.03508454 -0.00472440
v -0.02337530 0.03498399 -0.00472440
v -0.02291486 0.03468959 -0.00472440
v -0.02316948 0.03454259 -0.00472440
v -0.02266491 0.03433262 -0.00472440
v -0.02289013 0.03414364 -0.00472440
v -0.02235677 0.03402448 -0.00472440
v -0.02254575 0.03379926 -0.00472440
v -0.02199980 0.03377452 -0.00472440
v -0.02214680 0.03351992 -0.00472440
v -0.02160485 0.03359036 -0.00472440
v -0.02170540 0.03331409 -0.00472440
v -0.02118392 0.03347757 -0.00472440
v -0.02123497 0.03318804 -0.00472440
v -0.02074980 0.03343959 -0.00472440
v -0.02074980 0.03314559 -0.00472440
v -0.02031568 0.03347757 -0.00472440
v -0.02026463 0.03318804 -0.00472440
v -0.01989475 0.03359036 -0.00472440
v -0.01979420 0.03331409 -0.00472440
v -0.01949980 0.03377452 -0.00472440
v -0.01935280 0.03351992 -0.00472440
v -0.01914283 0.03402448 -0.00472440
v -0.01895385 0.03379926 -0.00472440
v -0.01883469 0.03433262 -0.00472440
v -0.01860947 0.03414364 -0.00472440
v -0.01858474 0.03468959 -0.00472440
v -0.01833013 0.03454259 -0.00472440
v -0.01840057 0.03508454 -0.00472440
v -0.01812430 0.03498399 -0.00472440
v -0.01828778 0.03550547 -0.00472440
v -0.01799825 0.03545442 -0.00472440
v -0.01824980 0.03593959 -0.00472440
v -0.01795580 0.03593959 -0.00472440
v -0.01828778 0.03637371 -0.00472440
v -0.01799825 0.03642476 -0.00472440
v -0.01840057 0.03679464 -0.00472440
v -0.01812430 0.03689520 -0.00472440
v -0.01858474 0.03718959 -0.00472440
v -0.01833013 0.03733659 -0.00472440
v -0.01883469 0.03754656 -0.00472440
v -0.01860947 0.03773554 -0.00472440
v -0.01914283 0.03785470 -0.00472440
v -0.01895385 0.03807992 -0.00472440
v -0.01949980 0.03810465 -0.00472440
v -0.01935280 0.03835926 -0.00472440
v -0.01989475 0.03828882 -0.00472440
v -0.01979420 0.03856509 -0.00472440
v -0.02031568 0.03840161 -0.00472440
v -0.02026463 0.03869114 -0.00472440
v -0.02074980 0.03843959 -0.00472440
v -0.02074980 0.03873359 -0.00472440
v -0.02118392 0.03840161 -0.00472440
v -0.02123497 0.03869114 -0.00472440
v -0.02160485 0.03828882 -0.00472440
v -0.02170540 0.03856509 -0.00472440
v -0.01795580 0.03593959 -0.00292100
v -0.01799825 0.03642476 -0.00292100
v -0.01812430 0.03689520 -0.00292100
v -0.01833013 0.03733659 -0.00292100
v -0.01860947 0.03773554 -0.00292100
v -0.01895385 0.03807992 -0.00292100
v -0.01935280 0.03835926 -0.00292100
v -0.01979420 0.03856509 -0.00292100
v -0.02026463 0.03869114 -0.00292100
v -0.02074980 0.03873359 -0.00292100
v -0.02123497 0.03869114 -0.00292100
v -0.02170540 0.03856509 -0.00292100
v -0.02214680 0.03835926 -0.00292100
v -0.02254575 0.03807992 -0.00292100
v -0.02289013 0.03773554 -0.00292100
v -0.02316948 0.03733659 -0.00292100
v -0.02337530 0.03689520 -0.00292100
v -0.02350135 0.03642476 -0.00292100
v -0.02354380 0.03593959 -0.00292100
v -0.02350135 0.03545442 -0.00292100
v -0.02337530 0.03498399 -0.00292100
v -0.02316948 0.03454259 -0.00292100
v -0.02289013 0.03414364 -0.00292100
v -0.02254575 0.03379926 -0.00292100
v -0.02214680 0.03351992 -0.00292100
v -0.02170540 0.03331409 -0.00292100
v -0.02123497 0.03318804 -0.00292100
v -0.02074980 0.03314559 -0.00292100
v -0.02026463 0.03318804 -0.00292100
v -0.01979420 0.03331409 -0.00292100
v -0.01935280 0.03351992 -0.00292100
v -0.01895385 0.03379926 -0.00292100
v -0.01860947 0.03414364 -0.00292100
v -0.01833013 0.03454259 -0.00292100
v -0.01812430 0.03498399 -0.00292100
v -0.01799825 0.03545442 -0.00292100
v -0.02199980 0.03377452 -0.00321500
v -0.02160485 0.03359036 -0.00321500
v -0.02118392 0.03347757 -0.00321500
v -0.02074980 0.03343959 -0.00321500
v -0.02031568 0.03347757 -0.00321500
v -0.01989475 0.03359036 -0.00321500
v -0.01949980 0.03377452 -0.00321500
v -0.01914283 0.03402448 -0.00321500
v -0.01883469 0.03433262 -0.00321500
v -0.01858474 0.03468959 -0.00321500
v -0.01840057 0.03508454 -0.00321500
v -0.01828778 0.03550547 -0.00321500
v -0.01824980 0.03593959 -0.00321500
v -0.01828778 0.03637371 -0.00321500
v -0.01840057 0.03679464 -0.00321500
v -0.01858474 0.03718959 -0.00321500
v -0.01883469 0.03754656 -0.00321500
v -0.01914283 0.03785470 -0.00321500
v -0.01949980 0.03810465 -0.00321500
v -0.01989475 0.03828882 -0.00321500
v -0.02031568 0.03840161 -0.00321500
v -0.02074980 0.03843959 -0.00321500
v -0.02118392 0.03840161 -0.00321500
v -0.02160485 0.03828882 -0.00321500
v -0.02199980 0.03810465 -0.00321500
v -0.02235677 0.03785470 -0.00321500
v -0.02266491 0.03754656 -0.00321500
v -0.02291486 0.03718959 -0.00321500
v -0.02309903 0.03679464 -0.00321500
v -0.02321182 0.03637371 -0.00321500
v -0.02324980 0.03593959 -0.00321500
v -0.02321182 0.03550547 -0.00321500
v -0.02309903 0.03508454 -0.00321500
v -0.02291486 0.03468959 -0.00321500
v -0.02266491 0.03433262 -0.00321500
v -0.02235677 0.03402448 -0.00321500
v -0.03989283 0.00191465 -0.00472440
v -0.03970385 0.00213986 -0.00472440
v -0.04024980 0.00216460 -0.00472440
v -0.04010280 0.00241921 -0.00472440
v -0.04064475 0.00234877 -0.00472440
v -0.04054420 0.00262504 -0.00472440
v -0.04106568 0.00246156 -0.00472440
v -0.04101463 0.00275109 -0.00472440
v -0.04149980 0.00249954 -0.00472440
v -0.04149980 0.00279354 -0.00472440
v -0.04193392 0.00246156 -0.00472440
v -0.04198497 0.00275109 -0.00472440
v -0.04235485 0.00234877 -0.00472440
v -0.04245541 0.00262504 -0.00472440
v -0.04274980 0.00216460 -0.00472440
v -0.04289680 0.00241921 -0.00472440
v -0.04310677 0.00191465 -0.00472440
v -0.04329575 0.00213986 -0.00472440
v -0.04341491 0.00160650 -0.00472440
v -0.04364013 0.00179548 -0.00472440
v -0.04366486 0.00124954 -0.00472440
v -0.04391948 0.00139654 -0.00472440
v -0.04384903 0.00085459 -0.00472440
v -0.04412530 0.00095514 -0.00472440
v -0.04396182 0.00043366 -0.00472440
v -0.04425135 0.00048471 -0.00472440
v -0.04399980 -0.00000046 -0.00472440
v -0.04429380 -0.00000046 -0.00472440
v -0.04396182 -0.00043458 -0.00472440
v -0.04425135 -0.00048564 -0.00472440
v -0.04384903 -0.00085551 -0.00472440
v -0.04412530 -0.00095607 -0.00472440
v -0.04366486 -0.00125046 -0.00472440
v -0.04391948 -0.00139746 -0.00472440
v -0.04341491 -0.00160743 -0.00472440
v -0.04364013 -0.00179641 -0.00472440
v -0.04310677 -0.00191558 -0.00472440
v -0.04329575 -0.00214079 -0.00472440
v -0.04274980 -0.00216553 -0.00472440
v -0.04289680 -0.00242014 -0.00472440
v -0.04235485 -0.00234970 -0.00472440
v -0.04245541 -0.00262597 -0.00472440
v -0.04193392 -0.00246248 -0.00472440
v -0.04198497 -0.00275202 -0.00472440
v -0.04149980 -0.00250046 -0.00472440
v -0.04149980 -0.00279446 -0.00472440
v -0.04106568 -0.00246248 -0.00472440
v -0.04101463 -0.00275202 -0.00472440
v -0.04064475 -0.00234970 -0.00472440
v -0.04054420 -0.00262597 -0.00472440
v -0.04024980 -0.00216553 -0.00472440
v -0.04010280 -0.00242014 -0.00472440
v -0.03989283 -0.00191558 -0.00472440
v -0.03970385 -0.00214079 -0.00472440
v -0.03958469 -0.00160743 -0.00472440
v -0.03935947 -0.00179641 -0.00472440
v -0.03933474 -0.00125046 -0.00472440
v -0.03908012 -0.00139746 -0.00472440
v -0.03915057 -0.00085551 -0.00472440
v -0.03887430 -0.00095607 -0.00472440
v -0.03903778 -0.00043458 -0.00472440
v -0.03874825 -0.00048564 -0.00472440
v -0.03899980 -0.00000046 -0.00472440
v -0.03870580 -0.00000046 -0.00472440
v -0.03903778 0.00043366 -0.00472440
v -0.03874825 0.00048471 -0.00472440
v -0.03915057 0.00085459 -0.00472440
v -0.03887430 0.00095514 -0.00472440
v -0.03933474 0.00124954 -0.00472440
v -0.03908012 0.00139654 -0.00472440
v -0.03958469 0.00160650 -0.00472440
v -0.03935947 0.00179548 -0.00472440
v -0.03870580 -0.00000046 -0.00292100
v -0.03874825 0.00048471 -0.00292100
v -0.03887430 0.00095514 -0.00292100
v -0.03908012 0.00139654 -0.00292100
v -0.03935947 0.00179548 -0.00292100
v -0.03970385 0.00213986 -0.00292100
v -0.04010280 0.00241921 -0.00292100
v -0.04054420 0.00262504 -0.00292100
v -0.04101463 0.00275109 -0.00292100
v -0.04149980 0.00279354 -0.00292100
v -0.04198497 0.00275109 -0.00292100
v -0.04245541 0.00262504 -0.00292100
v -0.04289680 0.00241921 -0.00292100
v -0.04329575 0.00213986 -0.00292100
v -0.04364013 0.00179548 -0.00292100
v -0.04391948 0.00139654 -0.00292100
v -0.04412530 0.00095514 -0.00292100
v -0.04425135 0.00048471 -0.00292100
v -0.04429380 -0.00000046 -0.00292100
v -0.04425135 -0.00048564 -0.00292100
v -0.04412530 -0.00095607 -0.00292100
v -0.04391948 -0.00139746 -0.00292100
v -0.04364013 -0.00179641 -0.00292100
v -0.04329575 -0.00214079 -0.00292100
v -0.04289680 -0.00242014 -0.00292100
v -0.04245541 -0.00262597 -0.00292100
v -0.04198497 -0.00275202 -0.00292100
v -0.04149980 -0.00279446 -0.00292100
v -0.04101463 -0.00275202 -0.00292100
v -0.04054420 -0.00262597 -0.00292100
v -0.04010280 -0.00242014 -0.00292100
v -0.03970385 -0.00214079 -0.00292100
v -0.03935947 -0.00179641 -0.00292100
v -0.03908012 -0.00139746 -0.00292100
v -0.03887430 -0.00095607 -0.00292100
v -0.03874825 -0.00048564 -0.00292100
v -0.04024980 -0.00216553 -0.00321500
v -0.03989283 -0.00191558 -0.00321500
v -0.03958469 -0.00160743 -0.00321500
v -0.03933474 -0.00125046 -0.00321500
v -0.03915057 -0.00085551 -0.00321500
v -0.03903778 -0.00043458 -0.00321500
v -0.03899980 -0.00000046 -0.00321500
v -0.03903778 0.00043366 -0.00321500
v -0.03915057 0.00085459 -0.00321500
v -0.03933474 0.00124954 -0.00321500
v -0.03958469 0.00160650 -0.00321500
v -0.03989283 0.00191465 -0.00321500
v -0.04024980 0.00216460 -0.00321500
v -0.04064475 0.00234877 -0.00321500
v -0.04106568 0.00246156 -0.00321500
v -0.04149980 0.00249954 -0.00321500
v -0.04193392 0.00246156 -0.00321500
v -0.04235485 0.00234877 -0.00321500
v -0.04274980 0.00216460 -0.00321500
v -0.04310677 0.00191465 -0.00321500
v -0.04341491 0.00160650 -0.00321500
v -0.04366486 0.00124954 -0.00321500
v -0.04384903 0.00085459 -0.00321500
v -0.04396182 0.00043366 -0.00321500
v -0.04399980 -0.00000046 -0.00321500
v -0.04396182 -0.00043458 -0.00321500
v -0.04384903 -0.00085551 -0.00321500
v -0.04366486 -0.00125046 -0.00321500
v -0.04341491 -0.00160743 -0.00321500
v -0.04310677 -0.00191558 -0.00321500
v -0.04274980 -0.00216553 -0.00321500
v -0.04235485 -0.00234970 -0.00321500
v -0.04193392 -0.00246248 -0.00321500
v -0.04149980 -0.00250046 -0.00321500
v -0.04106568 -0.00246248 -0.00321500
v -0.04064475 -0.00234970 -0.00321500
v 0.00733514 0.01770402 -0.02947440
v 0.00711863 0.01782902 -0.02947440
v 0.00715097 0.01730907 -0.02947440
v 0.00691605 0.01739458 -0.02947440
v 0.00703818 0.01688814 -0.02947440
v 0.00679198 0.01693155 -0.02947440
v 0.00700020 0.01645402 -0.02947440
v 0.00675020 0.01645402 -0.02947440
v 0.00703818 0.01601990 -0.02947440
v 0.00679198 0.01597649 -0.02947440
v 0.00715097 0.01559897 -0.02947440
v 0.00691605 0.01551346 -0.02947440
v 0.00733514 0.01520402 -0.02947440
v 0.00711863 0.01507902 -0.02947440
v 0.00758509 0.01484705 -0.02947440
v 0.00739358 0.01468635 -0.02947440
v 0.00789323 0.01453891 -0.02947440
v 0.00773253 0.01434740 -0.02947440
v 0.00825020 0.01428895 -0.02947440
v 0.00812520 0.01407245 -0.02947440
v 0.00864515 0.01410479 -0.02947440
v 0.00855964 0.01386986 -0.02947440
v 0.00906608 0.01399200 -0.02947440
v 0.00902267 0.01374580 -0.02947440
v 0.00950020 0.01395402 -0.02947440
v 0.00950020 0.01370402 -0.02947440
v 0.00993432 0.01399200 -0.02947440
v 0.00997773 0.01374580 -0.02947440
v 0.01035525 0.01410479 -0.02947440
v 0.01044076 0.01386986 -0.02947440
v 0.01075020 0.01428895 -0.02947440
v 0.01087520 0.01407245 -0.02947440
v 0.01110717 0.01453891 -0.02947440
v 0.01126787 0.01434740 -0.02947440
v 0.01141531 0.01484705 -0.02947440
v 0.01160682 0.01468635 -0.02947440
v 0.01166526 0.01520402 -0.02947440
v 0.01188177 0.01507902 -0.02947440
v 0.01184943 0.01559897 -0.02947440
v 0.01208435 0.01551346 -0.02947440
v 0.01196222 0.01601990 -0.02947440
v 0.01220842 0.01597649 -0.02947440
v 0.01200020 0.01645402 -0.02947440
v 0.01225020 0.01645402 -0.02947440
v 0.01196222 0.01688814 -0.02947440
v 0.01220842 0.01693155 -0.02947440
v 0.01184943 0.01730907 -0.02947440
v 0.01208435 0.01739458 -0.02947440
v 0.01166526 0.01770402 -0.02947440
v 0.01188177 0.01782902 -0.02947440
v 0.01141531 0.01806099 -0.02947440
v 0.01160682 0.01822168 -0.02947440
v 0.01110717 0.01836913 -0.02947440
v 0.01126787 0.01856064 -0.02947440
v 0.01075020 0.01861908 -0.02947440
v 0.01087520 0.01883559 -0.02947440
v 0.01035525 0.01880325 -0.02947440
v 0.01044076 0.01903817 -0.02947440
v 0.00993432 0.01891604 -0.02947440
v 0.00997773 0.01916224 -0.02947440
v 0.00950020 0.01895402 -0.02947440
v 0.00950020 0.01920402 -0.02947440
v 0.00906608 0.01891604 -0.02947440
v 0.00902267 0.01916224 -0.02947440
v 0.00864515 0.01880325 -0.02947440
v 0.00855964 0.01903817 -0.02947440
v 0.00825020 0.01861908 -0.02947440
v 0.00812520 0.01883559 -0.02947440
v 0.00789323 0.01836913 -0.02947440
v 0.00773253 0.01856064 -0.02947440
v 0.00758509 0.01806099 -0.02947440
v 0.00739358 0.01822168 -0.02947440
v 0.00703818 0.01688814 -0.02772440
v 0.00715097 0.01730907 -0.02772440
v 0.00733514 0.01770402 -0.02772440
v 0.00758509 0.01806099 -0.02772440
v 0.00789323 0.01836913 -0.02772440
v 0.00825020 0.01861908 -0.02772440
v 0.00864515 0.01880325 -0.02772440
v 0.00906608 0.01891604 -0.02772440
v 0.00950020 0.01895402 -0.02772440
v 0.00993432 0.01891604 -0.02772440
v 0.01035525 0.01880325 -0.02772440
v 0.01075020 0.01861908 -0.02772440
v 0.01110717 0.01836913 -0.02772440
v 0.01141531 0.01806099 -0.02772440
v 0.01166526 0.01770402 -0.02772440
v 0.01184943 0.01730907 -0.02772440
v 0.01196222 0.01688814 -0.02772440
v 0.01200020 0.01645402 -0.02772440
v 0.01196222 0.01601990 -0.02772440
v 0.01184943 0.01559897 -0.02772440
v 0.01166526 0.01520402 -0.02772440
v 0.01141531 0.01484705 -0.02772440
v 0.01110717 0.01453891 -0.02772440
v 0.01075020 0.01428895 -0.02772440
v 0.01035525 0.01410479 -0.02772440
v 0.00993432 0.01399200 -0.02772440
v 0.00950020 0.01395402 -0.02772440
v 0.00906608 0.01399200 -0.02772440
v 0.00864515 0.01410479 -0.02772440
v 0.00825020 0.01428895 -0.02772440
v 0.00789323 0.01453891 -0.02772440
v 0.00758509 0.01484705 -0.02772440
v 0.00733514 0.01520402 -0.02772440
v 0.00715097 0.01559897 -0.02772440
v 0.00703818 0.01601990 -0.02772440
v 0.00700020 0.01645402 -0.02772440
v 0.00950020 0.01920402 -0.02772440
v 0.00997773 0.01916224 -0.02772440
v 0.01044076 0.01903817 -0.02772440
v 0.01087520 0.01883559 -0.02772440
v 0.01126787 0.01856064 -0.02772440
v 0.01160682 0.01822168 -0.02772440
v 0.01188177 0.01782902 -0.02772440
v 0.01208435 0.01739458 -0.02772440
v 0.01220842 0.01693155 -0.02772440
v 0.01225020 0.01645402 -0.02772440
v 0.01220842 0.01597649 -0.02772440
v 0.01208435 0.01551346 -0.02772440
v 0.01188177 0.01507902 -0.02772440
v 0.01160682 0.01468635 -0.02772440
v 0.01126787 0.01434740 -0.02772440
v 0.01087520 0.01407245 -0.02772440
v 0.01044076 0.01386986 -0.02772440
v 0.00997773 0.01374580 -0.02772440
v 0.00950020 0.01370402 -0.02772440
v 0.00902267 0.01374580 -0.02772440
v 0.00855964 0.01386986 -0.02772440
v 0.00812520 0.01407245 -0.02772440
v 0.00773253 0.01434740 -0.02772440
v 0.00739358 0.01468635 -0.02772440
v 0.00711863 0.01507902 -0.02772440
v 0.00691605 0.01551346 -0.02772440
v 0.00679198 0.01597649 -0.02772440
v 0.00675020 0.01645402 -0.02772440
v 0.00679198 0.01693155 -0.02772440
v 0.00691605 0.01739458 -0.02772440
v 0.00711863 0.01782902 -0.02772440
v 0.00739358 0.01822168 -0.02772440
v 0.00773253 0.01856064 -0.02772440
v 0.00812520 0.01883559 -0.02772440
v 0.00855964 0.01903817 -0.02772440
v 0.00902267 0.01916224 -0.02772440
v 0.02060717 0.00191465 -0.02947440
v 0.02076787 0.00210616 -0.02947440
v 0.02025020 0.00216460 -0.02947440
v 0.02037520 0.00238111 -0.02947440
v 0.01985525 0.00234877 -0.02947440
v 0.01994075 0.00258369 -0.02947440
v 0.01943432 0.00246156 -0.02947440
v 0.01947773 0.00270776 -0.02947440
v 0.01900020 0.00249954 -0.02947440
v 0.01900020 0.00274954 -0.02947440
v 0.01856608 0.00246156 -0.02947440
v 0.01852267 0.00270776 -0.02947440
v 0.01814515 0.00234877 -0.02947440
v 0.01805964 0.00258369 -0.02947440
v 0.01775020 0.00216460 -0.02947440
v 0.01762520 0.00238111 -0.02947440
v 0.01739323 0.00191465 -0.02947440
v 0.01723253 0.00210616 -0.02947440
v 0.01708509 0.00160650 -0.02947440
v 0.01689358 0.00176720 -0.02947440
v 0.01683514 0.00124954 -0.02947440
v 0.01661863 0.00137454 -0.02947440
v 0.01665097 0.00085459 -0.02947440
v 0.01641604 0.00094009 -0.02947440
v 0.01653818 0.00043366 -0.02947440
v 0.01629198 0.00047707 -0.02947440
v 0.01650020 -0.00000046 -0.02947440
v 0.01625020 -0.00000046 -0.02947440
v 0.01653818 -0.00043458 -0.02947440
v 0.01629198 -0.00047800 -0.02947440
v 0.01665097 -0.00085551 -0.02947440
v 0.01641604 -0.00094102 -0.02947440
v 0.01683514 -0.00125046 -0.02947440
v 0.01661863 -0.00137546 -0.02947440
v 0.01708509 -0.00160743 -0.02947440
v 0.01689358 -0.00176813 -0.02947440
v 0.01739323 -0.00191558 -0.02947440
v 0.01723253 -0.00210709 -0.02947440
v 0.01775020 -0.00216553 -0.02947440
v 0.01762520 -0.00238203 -0.02947440
v 0.01814515 -0.00234970 -0.02947440
v 0.01805964 -0.00258462 -0.02947440
v 0.01856608 -0.00246248 -0.02947440
v 0.01852267 -0.00270869 -0.02947440
v 0.01900020 -0.00250046 -0.02947440
v 0.01900020 -0.00275046 -0.02947440
v 0.01943432 -0.00246248 -0.02947440
v 0.01947773 -0.00270869 -0.02947440
v 0.01985525 -0.00234970 -0.02947440
v 0.01994075 -0.00258462 -0.02947440
v 0.02025020 -0.00216553 -0.02947440
v 0.02037520 -0.00238203 -0.02947440
v 0.02060717 -0.00191558 -0.02947440
v 0.02076787 -0.00210709 -0.02947440
v 0.02091531 -0.00160743 -0.02947440
v 0.02110682 -0.00176813 -0.02947440
v 0.02116526 -0.00125046 -0.02947440
v 0.02138177 -0.00137546 -0.02947440
v 0.02134943 -0.00085551 -0.02947440
v 0.02158435 -0.00094102 -0.02947440
v 0.02146222 -0.00043458 -0.02947440
v 0.02170842 -0.00047800 -0.02947440
v 0.02150020 -0.00000046 -0.02947440
v 0.02175020 -0.00000046 -0.02947440
v 0.02146222 0.00043366 -0.02947440
v 0.02170842 0.00047707 -0.02947440
v 0.02134943 0.00085459 -0.02947440
v 0.02158435 0.00094009 -0.02947440
v 0.02116526 0.00124954 -0.02947440
v 0.02138177 0.00137454 -0.02947440
v 0.02091531 0.00160650 -0.02947440
v 0.02110682 0.00176720 -0.02947440
v 0.01814515 0.00234877 -0.02772440
v 0.01856608 0.00246156 -0.02772440
v 0.01900020 0.00249954 -0.02772440
v 0.01943432 0.00246156 -0.02772440
v 0.01985525 0.00234877 -0.02772440
v 0.02025020 0.00216460 -0.02772440
v 0.02060717 0.00191465 -0.02772440
v 0.02091531 0.00160650 -0.02772440
v 0.02116526 0.00124954 -0.02772440
v 0.02134943 0.00085459 -0.02772440
v 0.02146222 0.00043366 -0.02772440
v 0.02150020 -0.00000046 -0.02772440
v 0.02146222 -0.00043458 -0.02772440
v 0.02134943 -0.00085551 -0.02772440
v 0.02116526 -0.00125046 -0.02772440
v 0.02091531 -0.00160743 -0.02772440
v 0.02060717 -0.00191558 -0.02772440
v 0.02025020 -0.00216553 -0.02772440
v 0.01985525 -0.00234970 -0.02772440
v 0.01943432 -0.00246248 -0.02772440
v 0.01900020 -0.00250046 -0.02772440
v 0.01856608 -0.00246248 -0.02772440
v 0.01814515 -0.00234970 -0.02772440
v 0.01775020 -0.00216553 -0.02772440
v 0.01739323 -0.00191558 -0.02772440
v 0.01708509 -0.00160743 -0.02772440
v 0.01683514 -0.00125046 -0.02772440
v 0.01665097 -0.00085551 -0.02772440
v 0.01653818 -0.00043458 -0.02772440
v 0.01650020 -0.00000046 -0.02772440
v 0.01653818 0.00043366 -0.02772440
v 0.01665097 0.00085459 -0.02772440
v 0.01683514 0.00124954 -0.02772440
v 0.01708509 0.00160650 -0.02772440
v 0.01739323 0.00191465 -0.02772440
v 0.01775020 0.00216460 -0.02772440
v 0.02175020 -0.00000046 -0.02772440
v 0.02170842 -0.00047800 -0.02772440
v 0.02158435 -0.00094102 -0.02772440
v 0.02138177 -0.00137546 -0.02772440
v 0.02110682 -0.00176813 -0.02772440
v 0.02076787 -0.00210709 -0.02772440
v 0.02037520 -0.00238203 -0.02772440
v 0.01994075 -0.00258462 -0.02772440
v 0.01947773 -0.00270869 -0.02772440
v 0.01900020 -0.00275046 -0.02772440
v 0.01852267 -0.00270869 -0.02772440
v 0.01805964 -0.00258462 -0.02772440
v 0.01762520 -0.00238203 -0.02772440
v 0.01723253 -0.00210709 -0.02772440
v 0.01689358 -0.00176813 -0.02772440
v 0.01661863 -0.00137546 -0.02772440
v 0.01641604 -0.00094102 -0.02772440
v 0.01629198 -0.00047800 -0.02772440
v 0.01625020 -0.00000046 -0.02772440
v 0.01629198 0.00047707 -0.02772440
v 0.01641604 0.00094009 -0.02772440
v 0.01661863 0.00137454 -0.02772440
v 0.01689358 0.00176720 -0.02772440
v 0.01723253 0.00210616 -0.02772440
v 0.01762520 0.00238111 -0.02772440
v 0.01805964 0.00258369 -0.02772440
v 0.01852267 0.00270776 -0.02772440
v 0.01900020 0.00274954 -0.02772440
v 0.01947773 0.00270776 -0.02772440
v 0.01994075 0.00258369 -0.02772440
v 0.02037520 0.00238111 -0.02772440
v 0.02076787 0.00210616 -0.02772440
v 0.02110682 0.00176720 -0.02772440
v 0.02138177 0.00137454 -0.02772440
v 0.02158435 0.00094009 -0.02772440
v 0.02170842 0.00047707 -0.02772440
v 0.01110717 -0.01453984 -0.02947440
v 0.01126787 -0.01434833 -0.02947440
v 0.01075020 -0.01428988 -0.02947440
v 0.01087520 -0.01407338 -0.02947440
v 0.01035525 -0.01410572 -0.02947440
v 0.01044076 -0.01387079 -0.02947440
v 0.00993432 -0.01399293 -0.02947440
v 0.00997773 -0.01374673 -0.02947440
v 0.00950020 -0.01395495 -0.02947440
v 0.00950020 -0.01370495 -0.02947440
v 0.00906608 -0.01399293 -0.02947440
v 0.00902267 -0.01374673 -0.02947440
v 0.00864515 -0.01410572 -0.02947440
v 0.00855964 -0.01387079 -0.02947440
v 0.00825020 -0.01428988 -0.02947440
v 0.00812520 -0.01407338 -0.02947440
v 0.00789323 -0.01453984 -0.02947440
v 0.00773253 -0.01434833 -0.02947440
v 0.00758509 -0.01484798 -0.02947440
v 0.00739358 -0.01468728 -0.02947440
v 0.00733514 -0.01520495 -0.02947440
v 0.00711863 -0.01507995 -0.02947440
v 0.00715097 -0.01559990 -0.02947440
v 0.00691605 -0.01551439 -0.02947440
v 0.00703818 -0.01602083 -0.02947440
v 0.00679198 -0.01597741 -0.02947440
v 0.00700020 -0.01645495 -0.02947440
v 0.00675020 -0.01645495 -0.02947440
v 0.00703818 -0.01688907 -0.02947440
v 0.00679198 -0.01693248 -0.02947440
v 0.00715097 -0.01731000 -0.02947440
v 0.00691605 -0.01739550 -0.02947440
v 0.00733514 -0.01770495 -0.02947440
v 0.00711863 -0.01782995 -0.02947440
v 0.00758509 -0.01806192 -0.02947440
v 0.00739358 -0.01822261 -0.02947440
v 0.00789323 -0.01837006 -0.02947440
v 0.00773253 -0.01856157 -0.02947440
v 0.00825020 -0.01862001 -0.02947440
v 0.00812520 -0.01883652 -0.02947440
v 0.00864515 -0.01880418 -0.02947440
v 0.00855964 -0.01903910 -0.02947440
v 0.00906608 -0.01891697 -0.02947440
v 0.00902267 -0.01916317 -0.02947440
v 0.00950020 -0.01895495 -0.02947440
v 0.00950020 -0.01920495 -0.02947440
v 0.00993432 -0.01891697 -0.02947440
v 0.00997773 -0.01916317 -0.02947440
v 0.01035525 -0.01880418 -0.02947440
v 0.01044076 -0.01903910 -0.02947440
v 0.01075020 -0.01862001 -0.02947440
v 0.01087520 -0.01883652 -0.02947440
v 0.01110717 -0.01837006 -0.02947440
v 0.01126787 -0.01856157 -0.02947440
v 0.01141531 -0.01806192 -0.02947440
v 0.01160682 -0.01822261 -0.02947440
v 0.01166526 -0.01770495 -0.02947440
v 0.01188177 -0.01782995 -0.02947440
v 0.01184943 -0.01731000 -0.02947440
v 0.01208435 -0.01739550 -0.02947440
v 0.01196222 -0.01688907 -0.02947440
v 0.01220842 -0.01693248 -0.02947440
v 0.01200020 -0.01645495 -0.02947440
v 0.01225020 -0.01645495 -0.02947440
v 0.01196222 -0.01602083 -0.02947440
v 0.01220842 -0.01597741 -0.02947440
v 0.01184943 -0.01559990 -0.02947440
v 0.01208435 -0.01551439 -0.02947440
v 0.01166526 -0.01520495 -0.02947440
v 0.01188177 -0.01507995 -0.02947440
v 0.01141531 -0.01484798 -0.02947440
v 0.01160682 -0.01468728 -0.02947440
v 0.01110717 -0.01453984 -0.02772440
v 0.01141531 -0.01484798 -0.02772440
v 0.01166526 -0.01520495 -0.02772440
v 0.01184943 -0.01559990 -0.02772440
v 0.01196222 -0.01602083 -0.02772440
v 0.01200020 -0.01645495 -0.02772440
v 0.01196222 -0.01688907 -0.02772440
v 0.01184943 -0.01731000 -0.02772440
v 0.01166526 -0.01770495 -0.02772440
v 0.01141531 -0.01806192 -0.02772440
v 0.01110717 -0.01837006 -0.02772440
v 0.01075020 -0.01862001 -0.02772440
v 0.01035525 -0.01880418 -0.02772440
v 0.00993432 -0.01891697 -0.02772440
v 0.00950020 -0.01895495 -0.02772440
v 0.00906608 -0.01891697 -0.02772440
v 0.00864515 -0.01880418 -0.02772440
v 0.00825020 -0.01862001 -0.02772440
v 0.00789323 -0.01837006 -0.02772440
v 0.00758509 -0.01806192 -0.02772440
v 0.00733514 -0.01770495 -0.02772440
v 0.00715097 -0.01731000 -0.02772440
v 0.00703818 -0.01688907 -0.02772440
v 0.00700020 -0.01645495 -0.02772440
v 0.00703818 -0.01602083 -0.02772440
v 0.00715097 -0.01559990 -0.02772440
v 0.00733514 -0.01520495 -0.02772440
v 0.00758509 -0.01484798 -0.02772440
v 0.00789323 -0.01453984 -0.02772440
v 0.00825020 -0.01428988 -0.02772440
v 0.00864515 -0.01410572 -0.02772440
v 0.00906608 -0.01399293 -0.02772440
v 0.00950020 -0.01395495 -0.02772440
v 0.00993432 -0.01399293 -0.02772440
v 0.01035525 -0.01410572 -0.02772440
v 0.01075020 -0.01428988 -0.02772440
v 0.00950020 -0.01370495 -0.02772440
v 0.00997773 -0.01374673 -0.02772440
v 0.01044076 -0.01387079 -0.02772440
v 0.01087520 -0.01407338 -0.02772440
v 0.01126787 -0.01434833 -0.02772440
v 0.01160682 -0.01468728 -0.02772440
v 0.01188177 -0.01507995 -0.02772440
v 0.01208435 -0.01551439 -0.02772440
v 0.01220842 -0.01597741 -0.02772440
v 0.01225020 -0.01645495 -0.02772440
v 0.01220842 -0.01693248 -0.02772440
v 0.01208435 -0.01739550 -0.02772440
v 0.01188177 -0.01782995 -0.02772440
v 0.01160682 -0.01822261 -0.02772440
v 0.01126787 -0.01856157 -0.02772440
v 0.01087520 -0.01883652 -0.02772440
v 0.01044076 -0.01903910 -0.02772440
v 0.00997773 -0.01916317 -0.02772440
v 0.00950020 -0.01920495 -0.02772440
v 0.00902267 -0.01916317 -0.02772440
v 0.00855964 -0.01903910 -0.02772440
v 0.00812520 -0.01883652 -0.02772440
v 0.00773253 -0.01856157 -0.02772440
v 0.00739358 -0.01822261 -0.02772440
v 0.00711863 -0.01782995 -0.02772440
v 0.00691605 -0.01739550 -0.02772440
v 0.00679198 -0.01693248 -0.02772440
v 0.00675020 -0.01645495 -0.02772440
v 0.00679198 -0.01597741 -0.02772440
v 0.00691605 -0.01551439 -0.02772440
v 0.00711863 -0.01507995 -0.02772440
v 0.00739358 -0.01468728 -0.02772440
v 0.00773253 -0.01434833 -0.02772440
v 0.00812520 -0.01407338 -0.02772440
v 0.00855964 -0.01387079 -0.02772440
v 0.00902267 -0.01374673 -0.02772440
v -0.00758469 -0.01484798 -0.02947440
v -0.00739318 -0.01468728 -0.02947440
v -0.00789283 -0.01453984 -0.02947440
v -0.00773213 -0.01434833 -0.02947440
v -0.00824980 -0.01428988 -0.02947440
v -0.00812480 -0.01407338 -0.02947440
v -0.00864475 -0.01410572 -0.02947440
v -0.00855925 -0.01387079 -0.02947440
v -0.00906568 -0.01399293 -0.02947440
v -0.00902227 -0.01374673 -0.02947440
v -0.00949980 -0.01395495 -0.02947440
v -0.00949980 -0.01370495 -0.02947440
v -0.00993392 -0.01399293 -0.02947440
v -0.00997733 -0.01374673 -0.02947440
v -0.01035485 -0.01410572 -0.02947440
v -0.01044036 -0.01387079 -0.02947440
v -0.01074980 -0.01428988 -0.02947440
v -0.01087480 -0.01407338 -0.02947440
v -0.01110677 -0.01453984 -0.02947440
v -0.01126747 -0.01434833 -0.02947440
v -0.01141491 -0.01484798 -0.02947440
v -0.01160642 -0.01468728 -0.02947440
v -0.01166486 -0.01520495 -0.02947440
v -0.01188137 -0.01507995 -0.02947440
v -0.01184903 -0.01559990 -0.02947440
v -0.01208395 -0.01551439 -0.02947440
v -0.01196182 -0.01602083 -0.02947440
v -0.01220802 -0.01597741 -0.02947440
v -0.01199980 -0.01645495 -0.02947440
v -0.01224980 -0.01645495 -0.02947440
v -0.01196182 -0.01688907 -0.02947440
v -0.01220802 -0.01693248 -0.02947440
v -0.01184903 -0.01731000 -0.02947440
v -0.01208395 -0.01739550 -0.02947440
v -0.01166486 -0.01770495 -0.02947440
v -0.01188137 -0.01782995 -0.02947440
v -0.01141491 -0.01806192 -0.02947440
v -0.01160642 -0.01822261 -0.02947440
v -0.01110677 -0.01837006 -0.02947440
v -0.01126747 -0.01856157 -0.02947440
v -0.01074980 -0.01862001 -0.02947440
v -0.01087480 -0.01883652 -0.02947440
v -0.01035485 -0.01880418 -0.02947440
v -0.01044036 -0.01903910 -0.02947440
v -0.00993392 -0.01891697 -0.02947440
v -0.00997733 -0.01916317 -0.02947440
v -0.00949980 -0.01895495 -0.02947440
v -0.00949980 -0.01920495 -0.02947440
v -0.00906568 -0.01891697 -0.02947440
v -0.00902227 -0.01916317 -0.02947440
v -0.00864475 -0.01880418 -0.02947440
v -0.00855925 -0.01903910 -0.02947440
v -0.00824980 -0.01862001 -0.02947440
v -0.00812480 -0.01883652 -0.02947440
v -0.00789283 -0.01837006 -0.02947440
v -0.00773213 -0.01856157 -0.02947440
v -0.00758469 -0.01806192 -0.02947440
v -0.00739318 -0.01822261 -0.02947440
v -0.00733474 -0.01770495 -0.02947440
v -0.00711823 -0.01782995 -0.02947440
v -0.00715057 -0.01731000 -0.02947440
v -0.00691565 -0.01739550 -0.02947440
v -0.00703778 -0.01688907 -0.02947440
v -0.00679158 -0.01693248 -0.02947440
v -0.00699980 -0.01645495 -0.02947440
v -0.00674980 -0.01645495 -0.02947440
v -0.00703778 -0.01602083 -0.02947440
v -0.00679158 -0.01597741 -0.02947440
v -0.00715057 -0.01559990 -0.02947440
v -0.00691565 -0.01551439 -0.02947440
v -0.00733474 -0.01520495 -0.02947440
v -0.00711823 -0.01507995 -0.02947440
v -0.00703778 -0.01688907 -0.02772440
v -0.00715057 -0.01731000 -0.02772440
v -0.00733474 -0.01770495 -0.02772440
v -0.00758469 -0.01806192 -0.02772440
v -0.00789283 -0.01837006 -0.02772440
v -0.00824980 -0.01862001 -0.02772440
v -0.00864475 -0.01880418 -0.02772440
v -0.00906568 -0.01891697 -0.02772440
v -0.00949980 -0.01895495 -0.02772440
v -0.00993392 -0.01891697 -0.02772440
v -0.01035485 -0.01880418 -0.02772440
v -0.01074980 -0.01862001 -0.02772440
v -0.01110677 -0.01837006 -0.02772440
v -0.01141491 -0.01806192 -0.02772440
v -0.01166486 -0.01770495 -0.02772440
v -0.01184903 -0.01731000 -0.02772440
v -0.01196182 -0.01688907 -0.02772440
v -0.01199980 -0.01645495 -0.02772440
v -0.01196182 -0.01602083 -0.02772440
v -0.01184903 -0.01559990 -0.02772440
v -0.01166486 -0.01520495 -0.02772440
v -0.01141491 -0.01484798 -0.02772440
v -0.01110677 -0.01453984 -0.02772440
v -0.01074980 -0.01428988 -0.02772440
v -0.01035485 -0.01410572 -0.02772440
v -0.00993392 -0.01399293 -0.02772440
v -0.00949980 -0.01395495 -0.02772440
v -0.00906568 -0.01399293 -0.02772440
v -0.00864475 -0.01410572 -0.02772440
v -0.00824980 -0.01428988 -0.02772440
v -0.00789283 -0.01453984 -0.02772440
v -0.00758469 -0.01484798 -0.02772440
v -0.00733474 -0.01520495 -0.02772440
v -0.00715057 -0.01559990 -0.02772440
v -0.00703778 -0.01602083 -0.02772440
v -0.00699980 -0.01645495 -0.02772440
v -0.00949980 -0.01370495 -0.02772440
v -0.00902227 -0.01374673 -0.02772440
v -0.00855925 -0.01387079 -0.02772440
v -0.00812480 -0.01407338 -0.02772440
v -0.00773213 -0.01434833 -0.02772440
v -0.00739318 -0.01468728 -0.02772440
v -0.00711823 -0.01507995 -0.02772440
v -0.00691565 -0.01551439 -0.02772440
v -0.00679158 -0.01597741 -0.02772440
v -0.00674980 -0.01645495 -0.02772440
v -0.00679158 -0.01693248 -0.02772440
v -0.00691565 -0.01739550 -0.02772440
v -0.00711823 -0.01782995 -0.02772440
v -0.00739318 -0.01822261 -0.02772440
v -0.00773213 -0.01856157 -0.02772440
v -0.00812480 -0.01883652 -0.02772440
v -0.00855925 -0.01903910 -0.02772440
v -0.00902227 -0.01916317 -0.02772440
v -0.00949980 -0.01920495 -0.02772440
v -0.00997733 -0.01916317 -0.02772440
v -0.01044036 -0.01903910 -0.02772440
v -0.01087480 -0.01883652 -0.02772440
v -0.01126747 -0.01856157 -0.02772440
v -0.01160642 -0.01822261 -0.02772440
v -0.01188137 -0.01782995 -0.02772440
v -0.01208395 -0.01739550 -0.02772440
v -0.01220802 -0.01693248 -0.02772440
v -0.01224980 -0.01645495 -0.02772440
v -0.01220802 -0.01597741 -0.02772440
v -0.01208395 -0.01551439 -0.02772440
v -0.01188137 -0.01507995 -0.02772440
v -0.01160642 -0.01468728 -0.02772440
v -0.01126747 -0.01434833 -0.02772440
v -0.01087480 -0.01407338 -0.02772440
v -0.01044036 -0.01387079 -0.02772440
v -0.00997733 -0.01374673 -0.02772440
v -0.01653778 0.00043366 -0.02947440
v -0.01629158 0.00047707 -0.02947440
v -0.01665057 0.00085459 -0.02947440
v -0.01641565 0.00094009 -0.02947440
v -0.01683474 0.00124954 -0.02947440
v -0.01661823 0.00137454 -0.02947440
v -0.01708469 0.00160650 -0.02947440
v -0.01689318 0.00176720 -0.02947440
v -0.01739283 0.00191465 -0.02947440
v -0.01723214 0.00210616 -0.02947440
v -0.01774980 0.00216460 -0.02947440
v -0.01762480 0.00238111 -0.02947440
v -0.01814475 0.00234877 -0.02947440
v -0.01805924 0.00258369 -0.02947440
v -0.01856568 0.00246156 -0.02947440
v -0.01852227 0.00270776 -0.02947440
v -0.01899980 0.00249954 -0.02947440
v -0.01899980 0.00274954 -0.02947440
v -0.01943392 0.00246156 -0.02947440
v -0.01947733 0.00270776 -0.02947440
v -0.01985485 0.00234877 -0.02947440
v -0.01994036 0.00258369 -0.02947440
v -0.02024980 0.00216460 -0.02947440
v -0.02037480 0.00238111 -0.02947440
v -0.02060677 0.00191465 -0.02947440
v -0.02076747 0.00210616 -0.02947440
v -0.02091491 0.00160650 -0.02947440
v -0.02110642 0.00176720 -0.02947440
v -0.02116486 0.00124954 -0.02947440
v -0.02138137 0.00137454 -0.02947440
v -0.02134903 0.00085459 -0.02947440
v -0.02158396 0.00094009 -0.02947440
v -0.02146182 0.00043366 -0.02947440
v -0.02170802 0.00047707 -0.02947440
v -0.02149980 -0.00000046 -0.02947440
v -0.02174980 -0.00000046 -0.02947440
v -0.02146182 -0.00043458 -0.02947440
v -0.02170802 -0.00047800 -0.02947440
v -0.02134903 -0.00085551 -0.02947440
v -0.02158396 -0.00094102 -0.02947440
v -0.02116486 -0.00125046 -0.02947440
v -0.02138137 -0.00137546 -0.02947440
v -0.02091491 -0.00160743 -0.02947440
v -0.02110642 -0.00176813 -0.02947440
v -0.02060677 -0.00191558 -0.02947440
v -0.02076747 -0.00210709 -0.02947440
v -0.02024980 -0.00216553 -0.02947440
v -0.02037480 -0.00238203 -0.02947440
v -0.01985485 -0.00234970 -0.02947440
v -0.01994036 -0.00258462 -0.02947440
v -0.01943392 -0.00246248 -0.02947440
v -0.01947733 -0.00270869 -0.02947440
v -0.01899980 -0.00250046 -0.02947440
v -0.01899980 -0.00275046 -0.02947440
v -0.01856568 -0.00246248 -0.02947440
v -0.01852227 -0.00270869 -0.02947440
v -0.01814475 -0.00234970 -0.02947440
v -0.01805924 -0.00258462 -0.02947440
v -0.01774980 -0.00216553 -0.02947440
v -0.01762480 -0.00238203 -0.02947440
v -0.01739283 -0.00191558 -0.02947440
v -0.01723214 -0.00210709 -0.02947440
v -0.01708469 -0.00160743 -0.02947440
v -0.01689318 -0.00176813 -0.02947440
v -0.01683474 -0.00125046 -0.02947440
v -0.01661823 -0.00137546 -0.02947440
v -0.01665057 -0.00085551 -0.02947440
v -0.01641565 -0.00094102 -0.02947440
v -0.01653778 -0.00043458 -0.02947440
v -0.01629158 -0.00047800 -0.02947440
v -0.01649980 -0.00000046 -0.02947440
v -0.01624980 -0.00000046 -0.02947440
v -0.01814475 -0.00234970 -0.02772440
v -0.01856568 -0.00246248 -0.02772440
v -0.01899980 -0.00250046 -0.02772440
v -0.01943392 -0.00246248 -0.02772440
v -0.01985485 -0.00234970 -0.02772440
v -0.02024980 -0.00216553 -0.02772440
v -0.02060677 -0.00191558 -0.02772440
v -0.02091491 -0.00160743 -0.02772440
v -0.02116486 -0.00125046 -0.02772440
v -0.02134903 -0.00085551 -0.02772440
v -0.02146182 -0.00043458 -0.02772440
v -0.02149980 -0.00000046 -0.02772440
v -0.02146182 0.00043366 -0.02772440
v -0.02134903 0.00085459 -0.02772440
v -0.02116486 0.00124954 -0.02772440
v -0.02091491 0.00160650 -0.02772440
v -0.02060677 0.00191465 -0.02772440
v -0.02024980 0.00216460 -0.02772440
v -0.01985485 0.00234877 -0.02772440
v -0.01943392 0.00246156 -0.02772440
v -0.01899980 0.00249954 -0.02772440
v -0.01856568 0.00246156 -0.02772440
v -0.01814475 0.00234877 -0.02772440
v -0.01774980 0.00216460 -0.02772440
v -0.01739283 0.00191465 -0.02772440
v -0.01708469 0.00160650 -0.02772440
v -0.01683474 0.00124954 -0.02772440
v -0.01665057 0.00085459 -0.02772440
v -0.01653778 0.00043366 -0.02772440
v -0.01649980 -0.00000046 -0.02772440
v -0.01653778 -0.00043458 -0.02772440
v -0.01665057 -0.00085551 -0.02772440
v -0.01683474 -0.00125046 -0.02772440
v -0.01708469 -0.00160743 -0.02772440
v -0.01739283 -0.00191558 -0.02772440
v -0.01774980 -0.00216553 -0.02772440
v -0.01899980 0.00274954 -0.02772440
v -0.01852227 0.00270776 -0.02772440
v -0.01805924 0.00258369 -0.02772440
v -0.01762480 0.00238111 -0.02772440
v -0.01723214 0.00210616 -0.02772440
v -0.01689318 0.00176720 -0.02772440
v -0.01661823 0.00137454 -0.02772440
v -0.01641565 0.00094009 -0.02772440
v -0.01629158 0.00047707 -0.02772440
v -0.01624980 -0.00000046 -0.02772440
v -0.01629158 -0.00047800 -0.02772440
v -0.01641565 -0.00094102 -0.02772440
v -0.01661823 -0.00137546 -0.02772440
v -0.01689318 -0.00176813 -0.02772440
v -0.01723214 -0.00210709 -0.02772440
v -0.01762480 -0.00238203 -0.02772440
v -0.01805924 -0.00258462 -0.02772440
v -0.01852227 -0.00270869 -0.02772440
v -0.01899980 -0.00275046 -0.02772440
v -0.01947733 -0.00270869 -0.02772440
v -0.01994036 -0.00258462 -0.02772440
v -0.02037480 -0.00238203 -0.02772440
v -0.02076747 -0.00210709 -0.02772440
v -0.02110642 -0.00176813 -0.02772440
v -0.02138137 -0.00137546 -0.02772440
v -0.02158396 -0.00094102 -0.02772440
v -0.02170802 -0.00047800 -0.02772440
v -0.02174980 -0.00000046 -0.02772440
v -0.02170802 0.00047707 -0.02772440
v -0.02158396 0.00094009 -0.02772440
v -0.02138137 0.00137454 -0.02772440
v -0.02110642 0.00176720 -0.02772440
v -0.02076747 0.00210616 -0.02772440
v -0.02037480 0.00238111 -0.02772440
v -0.01994036 0.00258369 -0.02772440
v -0.01947733 0.00270776 -0.02772440
v -0.00789283 0.01453891 -0.02947440
v -0.00773213 0.01434740 -0.02947440
v -0.00758469 0.01484705 -0.02947440
v -0.00739318 0.01468635 -0.02947440
v -0.00733474 0.01520402 -0.02947440
v -0.00711823 0.01507902 -0.02947440
v -0.00715057 0.01559897 -0.02947440
v -0.00691565 0.01551346 -0.02947440
v -0.00703778 0.01601990 -0.02947440
v -0.00679158 0.01597649 -0.02947440
v -0.00699980 0.01645402 -0.02947440
v -0.00674980 0.01645402 -0.02947440
v -0.00703778 0.01688814 -0.02947440
v -0.00679158 0.01693155 -0.02947440
v -0.00715057 0.01730907 -0.02947440
v -0.00691565 0.01739458 -0.02947440
v -0.00733474 0.01770402 -0.02947440
v -0.00711823 0.01782902 -0.02947440
v -0.00758469 0.01806099 -0.02947440
v -0.00739318 0.01822168 -0.02947440
v -0.00789283 0.01836913 -0.02947440
v -0.00773213 0.01856064 -0.02947440
v -0.00824980 0.01861908 -0.02947440
v -0.00812480 0.01883559 -0.02947440
v -0.00864475 0.01880325 -0.02947440
v -0.00855925 0.01903817 -0.02947440
v -0.00906568 0.01891604 -0.02947440
v -0.00902227 0.01916224 -0.02947440
v -0.00949980 0.01895402 -0.02947440
v -0.00949980 0.01920402 -0.02947440
v -0.00993392 0.01891604 -0.02947440
v -0.00997733 0.01916224 -0.02947440
v -0.01035485 0.01880325 -0.02947440
v -0.01044036 0.01903817 -0.02947440
v -0.01074980 0.01861908 -0.02947440
v -0.01087480 0.01883559 -0.02947440
v -0.01110677 0.01836913 -0.02947440
v -0.01126747 0.01856064 -0.02947440
v -0.01141491 0.01806099 -0.02947440
v -0.01160642 0.01822168 -0.02947440
v -0.01166486 0.01770402 -0.02947440
v -0.01188137 0.01782902 -0.02947440
v -0.01184903 0.01730907 -0.02947440
v -0.01208395 0.01739458 -0.02947440
v -0.01196182 0.01688814 -0.02947440
v -0.01220802 0.01693155 -0.02947440
v -0.01199980 0.01645402 -0.02947440
v -0.01224980 0.01645402 -0.02947440
v -0.01196182 0.01601990 -0.02947440
v -0.01220802 0.01597649 -0.02947440
v -0.01184903 0.01559897 -0.02947440
v -0.01208395 0.01551346 -0.02947440
v -0.01166486 0.01520402 -0.02947440
v -0.01188137 0.01507902 -0.02947440
v -0.01141491 0.01484705 -0.02947440
v -0.01160642 0.01468635 -0.02947440
v -0.01110677 0.01453891 -0.02947440
v -0.01126747 0.01434740 -0.02947440
v -0.01074980 0.01428895 -0.02947440
v -0.01087480 0.01407245 -0.02947440
v -0.01035485 0.01410479 -0.02947440
v -0.01044036 0.01386986 -0.02947440
v -0.00993392 0.01399200 -0.02947440
v -0.00997733 0.01374580 -0.02947440
v -0.00949980 0.01395402 -0.02947440
v -0.00949980 0.01370402 -0.02947440
v -0.00906568 0.01399200 -0.02947440
v -0.00902227 0.01374580 -0.02947440
v -0.00864475 0.01410479 -0.02947440
v -0.00855925 0.01386986 -0.02947440
v -0.00824980 0.01428895 -0.02947440
v -0.00812480 0.01407245 -0.02947440
v -0.01110677 0.01453891 -0.02772440
v -0.01141491 0.01484705 -0.02772440
v -0.01166486 0.01520402 -0.02772440
v -0.01184903 0.01559897 -0.02772440
v -0.01196182 0.01601990 -0.02772440
v -0.01199980 0.01645402 -0.02772440
v -0.01196182 0.01688814 -0.02772440
v -0.01184903 0.01730907 -0.02772440
v -0.01166486 0.01770402 -0.02772440
v -0.01141491 0.01806099 -0.02772440
v -0.01110677 0.01836913 -0.02772440
v -0.01074980 0.01861908 -0.02772440
v -0.01035485 0.01880325 -0.02772440
v -0.00993392 0.01891604 -0.02772440
v -0.00949980 0.01895402 -0.02772440
v -0.00906568 0.01891604 -0.02772440
v -0.00864475 0.01880325 -0.02772440
v -0.00824980 0.01861908 -0.02772440
v -0.00789283 0.01836913 -0.02772440
v -0.00758469 0.01806099 -0.02772440
v -0.00733474 0.01770402 -0.02772440
v -0.00715057 0.01730907 -0.02772440
v -0.00703778 0.01688814 -0.02772440
v -0.00699980 0.01645402 -0.02772440
v -0.00703778 0.01601990 -0.02772440
v -0.00715057 0.01559897 -0.02772440
v -0.00733474 0.01520402 -0.02772440
v -0.00758469 0.01484705 -0.02772440
v -0.00789283 0.01453891 -0.02772440
v -0.00824980 0.01428895 -0.02772440
v -0.00864475 0.01410479 -0.02772440
v -0.00906568 0.01399200 -0.02772440
v -0.00949980 0.01395402 -0.02772440
v -0.00993392 0.01399200 -0.02772440
v -0.01035485 0.01410479 -0.02772440
v -0.01074980 0.01428895 -0.02772440
v -0.00949980 0.01920402 -0.02772440
v -0.00902227 0.01916224 -0.02772440
v -0.00855925 0.01903817 -0.02772440
v -0.00812480 0.01883559 -0.02772440
v -0.00773213 0.01856064 -0.02772440
v -0.00739318 0.01822168 -0.02772440
v -0.00711823 0.01782902 -0.02772440
v -0.00691565 0.01739458 -0.02772440
v -0.00679158 0.01693155 -0.02772440
v -0.00674980 0.01645402 -0.02772440
v -0.00679158 0.01597649 -0.02772440
v -0.00691565 0.01551346 -0.02772440
v -0.00711823 0.01507902 -0.02772440
v -0.00739318 0.01468635 -0.02772440
v -0.00773213 0.01434740 -0.02772440
v -0.00812480 0.01407245 -0.02772440
v -0.00855925 0.01386986 -0.02772440
v -0.00902227 0.01374580 -0.02772440
v -0.00949980 0.01370402 -0.02772440
v -0.00997733 0.01374580 -0.02772440
v -0.01044036 0.01386986 -0.02772440
v -0.01087480 0.01407245 -0.02772440
v -0.01126747 0.01434740 -0.02772440
v -0.01160642 0.01468635 -0.02772440
v -0.01188137 0.01507902 -0.02772440
v -0.01208395 0.01551346 -0.02772440
v -0.01220802 0.01597649 -0.02772440
v -0.01224980 0.01645402 -0.02772440
v -0.01220802 0.01693155 -0.02772440
v -0.01208395 0.01739458 -0.02772440
v -0.01188137 0.01782902 -0.02772440
v -0.01160642 0.01822168 -0.02772440
v -0.01126747 0.01856064 -0.02772440
v -0.01087480 0.01883559 -0.02772440
v -0.01044036 0.01903817 -0.02772440
v -0.00997733 0.01916224 -0.02772440
v -0.02883229 0.02883203 -0.01565340
v -0.02845427 0.02921005 -0.01415006
v -0.02921032 0.02845400 -0.01415006
v -0.02789936 0.02976495 -0.01476161
v -0.02789664 0.02976768 -0.01480572
v -0.02761996 0.03004436 -0.01519400
v -0.02640762 0.03125669 -0.01222440
v -0.02644446 0.03121986 -0.01162896
v -0.02661752 0.03104680 -0.01168979
v -0.03004463 0.02761969 -0.00925480
v -0.03019394 0.02747038 -0.01029874
v -0.02983893 0.02782538 -0.01029874
v -0.03125696 0.02640736 -0.01222440
v -0.03019394 0.02747038 -0.01275901
v -0.03019394 0.02747038 -0.01168979
v -0.02779668 0.02986764 -0.01238767
v -0.02781882 0.02984550 -0.01241897
v -0.02782565 0.02983867 -0.01275901
v -0.02784446 0.02981985 -0.01244437
v -0.02808981 0.02957451 -0.01235140
v -0.02810304 0.02956128 -0.01231127
v -0.02845427 0.02921005 -0.01275901
v -0.02787284 0.02979148 -0.01246308
v -0.02790308 0.02976124 -0.01247454
v -0.02793427 0.02973005 -0.01247840
v -0.02799570 0.02966862 -0.01246308
v -0.02802407 0.02964025 -0.01244437
v -0.02811114 0.02955317 -0.01226851
v -0.02811387 0.02955045 -0.01222440
v -0.02845427 0.02921005 -0.01168979
v -0.02796545 0.02969886 -0.01247454
v -0.02804971 0.02961460 -0.01241897
v -0.02807185 0.02959247 -0.01238767
v -0.02811114 0.02955317 -0.01218029
v -0.02810304 0.02956128 -0.01213753
v -0.02808981 0.02957451 -0.01209740
v -0.02784446 0.02981985 -0.01200443
v -0.02782565 0.02983867 -0.01168979
v -0.02787284 0.02979148 -0.01198572
v -0.02790308 0.02976124 -0.01197426
v -0.02807185 0.02959247 -0.01206113
v -0.02804971 0.02961460 -0.01202983
v -0.02802407 0.02964025 -0.01200443
v -0.02799570 0.02966862 -0.01198572
v -0.02796545 0.02969886 -0.01197426
v -0.02793427 0.02973005 -0.01197040
v -0.02779668 0.02986764 -0.01206113
v -0.02777872 0.02988560 -0.01209740
v -0.02747064 0.03019367 -0.01168979
v -0.02775739 0.02990693 -0.01226851
v -0.02776549 0.02989883 -0.01231127
v -0.02747064 0.03019367 -0.01275901
v -0.02777872 0.02988560 -0.01235140
v -0.02781882 0.02984550 -0.01202983
v -0.02776549 0.02989883 -0.01213753
v -0.02775739 0.02990693 -0.01218029
v -0.02775466 0.02990966 -0.01222440
v -0.02964051 0.02802380 -0.01200443
v -0.02961487 0.02804945 -0.01202983
v -0.02921032 0.02845400 -0.01168979
v -0.02982012 0.02784420 -0.01200443
v -0.02979175 0.02787257 -0.01198572
v -0.02983893 0.02782538 -0.01168979
v -0.02976151 0.02790281 -0.01197426
v -0.02956154 0.02810277 -0.01213753
v -0.02955344 0.02811088 -0.01218029
v -0.02955071 0.02811361 -0.01222440
v -0.02921032 0.02845400 -0.01275901
v -0.02959273 0.02807159 -0.01206113
v -0.02957477 0.02808954 -0.01209740
v -0.02955344 0.02811088 -0.01226851
v -0.02956154 0.02810277 -0.01231127
v -0.02957477 0.02808954 -0.01235140
v -0.02976151 0.02790281 -0.01247454
v -0.02979175 0.02787257 -0.01246308
v -0.02983893 0.02782538 -0.01275901
v -0.02982012 0.02784420 -0.01244437
v -0.02959273 0.02807159 -0.01238767
v -0.02961487 0.02804945 -0.01241897
v -0.02964051 0.02802380 -0.01244437
v -0.02973032 0.02793400 -0.01197040
v -0.02969913 0.02796519 -0.01197426
v -0.02966889 0.02799543 -0.01198572
v -0.02966889 0.02799543 -0.01246308
v -0.02969913 0.02796519 -0.01247454
v -0.02973032 0.02793400 -0.01247840
v -0.02990719 0.02775713 -0.01218029
v -0.02989909 0.02776523 -0.01213753
v -0.02984576 0.02781855 -0.01241897
v -0.02986790 0.02779642 -0.01238767
v -0.02988586 0.02777846 -0.01235140
v -0.02988586 0.02777846 -0.01209740
v -0.02986790 0.02779642 -0.01206113
v -0.02984576 0.02781855 -0.01202983
v -0.02989909 0.02776523 -0.01231127
v -0.02990719 0.02775713 -0.01226851
v -0.02990992 0.02775440 -0.01222440
v -0.03081310 0.02685122 -0.01128218
v -0.03082633 0.02683798 -0.01124205
v -0.03122013 0.02644419 -0.01162896
v -0.03083444 0.02682988 -0.01119929
v -0.03111073 0.02655358 -0.01105161
v -0.03083717 0.02682715 -0.01115518
v -0.03083444 0.02682988 -0.01111108
v -0.03093212 0.02673220 -0.01050990
v -0.03077301 0.02689131 -0.01096061
v -0.03074736 0.02691696 -0.01093521
v -0.03050202 0.02716230 -0.01102818
v -0.03048878 0.02717553 -0.01106831
v -0.03019394 0.02747038 -0.01080079
v -0.03048068 0.02718364 -0.01111108
v -0.03047795 0.02718636 -0.01115518
v -0.03048068 0.02718364 -0.01119929
v -0.03048878 0.02717553 -0.01124205
v -0.03050202 0.02716230 -0.01128218
v -0.03051997 0.02714434 -0.01131845
v -0.03054211 0.02712221 -0.01134976
v -0.03056776 0.02709656 -0.01137515
v -0.03068875 0.02697557 -0.01140532
v -0.03071899 0.02694533 -0.01139386
v -0.03082633 0.02683798 -0.01106831
v -0.03081310 0.02685122 -0.01102818
v -0.03079515 0.02686917 -0.01099191
v -0.03071899 0.02694533 -0.01091650
v -0.03068875 0.02697557 -0.01090504
v -0.03065756 0.02700676 -0.01090118
v -0.03059613 0.02706819 -0.01139386
v -0.03062637 0.02703795 -0.01140532
v -0.03065756 0.02700676 -0.01140918
v -0.03074736 0.02691696 -0.01137515
v -0.03077301 0.02689131 -0.01134976
v -0.03079515 0.02686917 -0.01131845
v -0.03062637 0.02703795 -0.01090504
v -0.03059613 0.02706819 -0.01091650
v -0.03056776 0.02709656 -0.01093521
v -0.03054211 0.02712221 -0.01096061
v -0.03053056 0.02713376 -0.01097558
v -0.03051997 0.02714434 -0.01099191
v -0.03039084 0.02727348 -0.00959763
v -0.03068970 0.02697462 -0.01002028
v -0.02949854 0.02816578 -0.00942311
v -0.02947289 0.02819142 -0.00944851
v -0.02921032 0.02845400 -0.00909224
v -0.02945076 0.02821356 -0.00947981
v -0.02943280 0.02823152 -0.00951608
v -0.02941957 0.02824475 -0.00955621
v -0.02941146 0.02825285 -0.00959897
v -0.02940874 0.02825558 -0.00964308
v -0.02921032 0.02845400 -0.01029874
v -0.02941146 0.02825285 -0.00968719
v -0.02941957 0.02824475 -0.00972995
v -0.02943280 0.02823152 -0.00977008
v -0.02961953 0.02804479 -0.00989322
v -0.02964977 0.02801455 -0.00988176
v -0.02945076 0.02821356 -0.00980635
v -0.02947289 0.02819142 -0.00983766
v -0.02949854 0.02816578 -0.00986305
v -0.02976795 0.02789637 -0.00964308
v -0.02976522 0.02789910 -0.00959897
v -0.02975712 0.02790720 -0.00955621
v -0.02974389 0.02792043 -0.00951608
v -0.02952691 0.02813741 -0.00988176
v -0.02955715 0.02810716 -0.00989322
v -0.02958834 0.02807598 -0.00989708
v -0.02967815 0.02798617 -0.00986305
v -0.02970379 0.02796053 -0.00983766
v -0.02972593 0.02793839 -0.00980635
v -0.02964977 0.02801455 -0.00940440
v -0.02961953 0.02804479 -0.00939294
v -0.02966158 0.02800274 -0.00900219
v -0.02974389 0.02792043 -0.00977008
v -0.02975712 0.02790720 -0.00972995
v -0.02976522 0.02789910 -0.00968719
v -0.02972593 0.02793839 -0.00947981
v -0.02970379 0.02796053 -0.00944851
v -0.02967815 0.02798617 -0.00942311
v -0.02958834 0.02807598 -0.00938908
v -0.02955715 0.02810716 -0.00939294
v -0.02952691 0.02813741 -0.00940440
v -0.02841125 0.02925307 -0.00884750
v -0.02883229 0.02883203 -0.00879540
v -0.02925333 0.02841099 -0.00884750
v -0.02825312 0.02941120 -0.00959897
v -0.02824501 0.02941930 -0.00955621
v -0.02845427 0.02921005 -0.00909224
v -0.02789936 0.02976495 -0.00959897
v -0.02789664 0.02976768 -0.00964308
v -0.02761996 0.03004436 -0.00925480
v -0.02789936 0.02976495 -0.00968719
v -0.02782565 0.02983867 -0.01029874
v -0.02790747 0.02975685 -0.00972995
v -0.02792070 0.02974362 -0.00977008
v -0.02800301 0.02966131 -0.00900219
v -0.02807624 0.02958808 -0.00938908
v -0.02804505 0.02961926 -0.00939294
v -0.02793865 0.02972566 -0.00980635
v -0.02794924 0.02971508 -0.00982269
v -0.02796079 0.02970353 -0.00983766
v -0.02819169 0.02947263 -0.00944851
v -0.02816604 0.02949828 -0.00942311
v -0.02813767 0.02952665 -0.00940440
v -0.02810743 0.02955689 -0.00939294
v -0.02798644 0.02967788 -0.00986305
v -0.02801481 0.02964951 -0.00988176
v -0.02804505 0.02961926 -0.00989322
v -0.02807624 0.02958808 -0.00989708
v -0.02810743 0.02955689 -0.00989322
v -0.02845427 0.02921005 -0.01029874
v -0.02813767 0.02952665 -0.00988176
v -0.02816604 0.02949828 -0.00986305
v -0.02823178 0.02943254 -0.00951608
v -0.02821383 0.02945049 -0.00947981
v -0.02801481 0.02964951 -0.00940440
v -0.02798644 0.02967788 -0.00942311
v -0.02796079 0.02970353 -0.00944851
v -0.02793865 0.02972566 -0.00947981
v -0.02792070 0.02974362 -0.00951608
v -0.02790747 0.02975685 -0.00955621
v -0.02819169 0.02947263 -0.00983766
v -0.02821383 0.02945049 -0.00980635
v -0.02823178 0.02943254 -0.00977008
v -0.02824501 0.02941930 -0.00972995
v -0.02825312 0.02941120 -0.00968719
v -0.02825584 0.02940847 -0.00964308
v -0.02747064 0.03019367 -0.01080079
v -0.02673247 0.03093185 -0.01050990
v -0.02747064 0.03019367 -0.01029874
v -0.02697489 0.03068943 -0.01002028
v -0.02727374 0.03039057 -0.00959763
v -0.02718390 0.03048042 -0.01111108
v -0.02717580 0.03048852 -0.01106831
v -0.02655385 0.03111047 -0.01105161
v -0.02683015 0.03083417 -0.01119929
v -0.02683825 0.03082607 -0.01124205
v -0.02712247 0.03054185 -0.01134976
v -0.02714461 0.03051971 -0.01131845
v -0.02716257 0.03050175 -0.01128218
v -0.02717580 0.03048852 -0.01124205
v -0.02718390 0.03048042 -0.01119929
v -0.02718663 0.03047769 -0.01115518
v -0.02716257 0.03050175 -0.01102818
v -0.02714461 0.03051971 -0.01099191
v -0.02712247 0.03054185 -0.01096061
v -0.02700702 0.03065730 -0.01140918
v -0.02703821 0.03062611 -0.01140532
v -0.02706845 0.03059587 -0.01139386
v -0.02709682 0.03056749 -0.01137515
v -0.02685148 0.03081284 -0.01128218
v -0.02686944 0.03079488 -0.01131845
v -0.02689157 0.03077274 -0.01134976
v -0.02709682 0.03056749 -0.01093521
v -0.02706845 0.03059587 -0.01091650
v -0.02703821 0.03062611 -0.01090504
v -0.02700702 0.03065730 -0.01090118
v -0.02691722 0.03074710 -0.01137515
v -0.02694559 0.03071872 -0.01139386
v -0.02697583 0.03068848 -0.01140532
v -0.02697583 0.03068848 -0.01090504
v -0.02694559 0.03071872 -0.01091650
v -0.02691722 0.03074710 -0.01093521
v -0.02689157 0.03077274 -0.01096061
v -0.02686944 0.03079488 -0.01099191
v -0.02685148 0.03081284 -0.01102818
v -0.02683825 0.03082607 -0.01106831
v -0.02683015 0.03083417 -0.01111108
v -0.02682742 0.03083690 -0.01115518
v -0.02683015 0.03083417 -0.01324951
v -0.02682742 0.03083690 -0.01329362
v -0.02655385 0.03111047 -0.01339719
v -0.02683015 0.03083417 -0.01333772
v -0.02644446 0.03121986 -0.01281984
v -0.02661752 0.03104680 -0.01275901
v -0.02683825 0.03082607 -0.01320674
v -0.02716257 0.03050175 -0.01342062
v -0.02717580 0.03048852 -0.01338049
v -0.02747064 0.03019367 -0.01364801
v -0.02703821 0.03062611 -0.01304348
v -0.02700702 0.03065730 -0.01303962
v -0.02691722 0.03074710 -0.01307365
v -0.02689157 0.03077274 -0.01309904
v -0.02683825 0.03082607 -0.01338049
v -0.02685148 0.03081284 -0.01342062
v -0.02673247 0.03093185 -0.01393890
v -0.02686944 0.03079488 -0.01345689
v -0.02689157 0.03077274 -0.01348819
v -0.02691722 0.03074710 -0.01351359
v -0.02694559 0.03071872 -0.01353230
v -0.02717580 0.03048852 -0.01320674
v -0.02716257 0.03050175 -0.01316662
v -0.02714461 0.03051971 -0.01313035
v -0.02712247 0.03054185 -0.01309904
v -0.02709682 0.03056749 -0.01307365
v -0.02706845 0.03059587 -0.01305494
v -0.02686944 0.03079488 -0.01313035
v -0.02685148 0.03081284 -0.01316662
v -0.02697583 0.03068848 -0.01354376
v -0.02700702 0.03065730 -0.01354762
v -0.02703821 0.03062611 -0.01354376
v -0.02718390 0.03048042 -0.01333772
v -0.02718663 0.03047769 -0.01329362
v -0.02718390 0.03048042 -0.01324951
v -0.02706845 0.03059587 -0.01353230
v -0.02709682 0.03056749 -0.01351359
v -0.02712247 0.03054185 -0.01348819
v -0.02697583 0.03068848 -0.01304348
v -0.02694559 0.03071872 -0.01305494
v -0.02713402 0.03053029 -0.01347322
v -0.02714461 0.03051971 -0.01345689
v -0.02747064 0.03019367 -0.01415006
v -0.02727374 0.03039057 -0.01485117
v -0.02697489 0.03068943 -0.01442852
v -0.02823178 0.02943254 -0.01493272
v -0.02824501 0.02941930 -0.01489259
v -0.02824501 0.02941930 -0.01471885
v -0.02823178 0.02943254 -0.01467872
v -0.02821383 0.02945049 -0.01464245
v -0.02796079 0.02970353 -0.01461115
v -0.02793865 0.02972566 -0.01464245
v -0.02782565 0.02983867 -0.01415006
v -0.02792070 0.02974362 -0.01467872
v -0.02790747 0.02975685 -0.01471885
v -0.02801481 0.02964951 -0.01504440
v -0.02804505 0.02961926 -0.01505586
v -0.02800301 0.02966131 -0.01544661
v -0.02807624 0.02958808 -0.01505972
v -0.02841125 0.02925307 -0.01560131
v -0.02810743 0.02955689 -0.01505586
v -0.02813767 0.02952665 -0.01504440
v -0.02789936 0.02976495 -0.01484983
v -0.02790747 0.02975685 -0.01489259
v -0.02792070 0.02974362 -0.01493272
v -0.02793865 0.02972566 -0.01496899
v -0.02796079 0.02970353 -0.01500029
v -0.02798644 0.02967788 -0.01502569
v -0.02816604 0.02949828 -0.01502569
v -0.02819169 0.02947263 -0.01500029
v -0.02821383 0.02945049 -0.01496899
v -0.02810743 0.02955689 -0.01455558
v -0.02807624 0.02958808 -0.01455172
v -0.02804505 0.02961926 -0.01455558
v -0.02825312 0.02941120 -0.01484983
v -0.02825584 0.02940847 -0.01480572
v -0.02825312 0.02941120 -0.01476161
v -0.02819169 0.02947263 -0.01461115
v -0.02816604 0.02949828 -0.01458575
v -0.02813767 0.02952665 -0.01456704
v -0.02801481 0.02964951 -0.01456704
v -0.02798644 0.02967788 -0.01458575
v -0.02941146 0.02825285 -0.01484983
v -0.02941957 0.02824475 -0.01489259
v -0.02943280 0.02823152 -0.01467872
v -0.02945076 0.02821356 -0.01464245
v -0.02947289 0.02819142 -0.01461115
v -0.02972593 0.02793839 -0.01496899
v -0.02974389 0.02792043 -0.01493272
v -0.03004463 0.02761969 -0.01519400
v -0.02975712 0.02790720 -0.01489259
v -0.02976522 0.02789910 -0.01484983
v -0.02949854 0.02816578 -0.01502569
v -0.02952691 0.02813741 -0.01504440
v -0.02925333 0.02841099 -0.01560131
v -0.02955715 0.02810716 -0.01505586
v -0.02966158 0.02800274 -0.01544661
v -0.02958834 0.02807598 -0.01505972
v -0.02961953 0.02804479 -0.01505586
v -0.02941957 0.02824475 -0.01471885
v -0.02941146 0.02825285 -0.01476161
v -0.02940874 0.02825558 -0.01480572
v -0.02943280 0.02823152 -0.01493272
v -0.02945076 0.02821356 -0.01496899
v -0.02947289 0.02819142 -0.01500029
v -0.02964977 0.02801455 -0.01504440
v -0.02967815 0.02798617 -0.01502569
v -0.02970379 0.02796053 -0.01500029
v -0.02976795 0.02789637 -0.01480572
v -0.02976522 0.02789910 -0.01476161
v -0.02983893 0.02782538 -0.01415006
v -0.02975712 0.02790720 -0.01471885
v -0.02974389 0.02792043 -0.01467872
v -0.02972593 0.02793839 -0.01464245
v -0.02971534 0.02794897 -0.01462611
v -0.02970379 0.02796053 -0.01461115
v -0.02967815 0.02798617 -0.01458575
v -0.02964977 0.02801455 -0.01456704
v -0.02961953 0.02804479 -0.01455558
v -0.02958834 0.02807598 -0.01455172
v -0.02955715 0.02810716 -0.01455558
v -0.02952691 0.02813741 -0.01456704
v -0.02949854 0.02816578 -0.01458575
v -0.03019394 0.02747038 -0.01364801
v -0.03093212 0.02673220 -0.01393890
v -0.03019394 0.02747038 -0.01415006
v -0.03068970 0.02697462 -0.01442852
v -0.03039084 0.02727348 -0.01485117
v -0.03048068 0.02718364 -0.01333772
v -0.03048878 0.02717553 -0.01338049
v -0.03077301 0.02689131 -0.01348819
v -0.03079515 0.02686917 -0.01345689
v -0.03050202 0.02716230 -0.01342062
v -0.03051997 0.02714434 -0.01345689
v -0.03054211 0.02712221 -0.01348819
v -0.03111073 0.02655358 -0.01339719
v -0.03081310 0.02685122 -0.01342062
v -0.03082633 0.02683798 -0.01338049
v -0.03074736 0.02691696 -0.01307365
v -0.03071899 0.02694533 -0.01305494
v -0.03059613 0.02706819 -0.01305494
v -0.03056776 0.02709656 -0.01307365
v -0.03054211 0.02712221 -0.01309904
v -0.03051997 0.02714434 -0.01313035
v -0.03050202 0.02716230 -0.01316662
v -0.03048878 0.02717553 -0.01320674
v -0.03048068 0.02718364 -0.01324951
v -0.03047795 0.02718636 -0.01329362
v -0.03065756 0.02700676 -0.01354762
v -0.03068875 0.02697557 -0.01354376
v -0.03071899 0.02694533 -0.01353230
v -0.03074736 0.02691696 -0.01351359
v -0.03083444 0.02682988 -0.01333772
v -0.03083717 0.02682715 -0.01329362
v -0.03122013 0.02644419 -0.01281984
v -0.03083444 0.02682988 -0.01324951
v -0.03082633 0.02683798 -0.01320674
v -0.03068875 0.02697557 -0.01304348
v -0.03065756 0.02700676 -0.01303962
v -0.03062637 0.02703795 -0.01304348
v -0.03081310 0.02685122 -0.01316662
v -0.03079515 0.02686917 -0.01313035
v -0.03077301 0.02689131 -0.01309904
v -0.03056776 0.02709656 -0.01351359
v -0.03059613 0.02706819 -0.01353230
v -0.03062637 0.02703795 -0.01354376
v -0.02886348 0.02880084 -0.01324426
v -0.02883229 0.02883203 -0.01324040
v -0.02874249 0.02892183 -0.01327443
v -0.02871684 0.02894747 -0.01329982
v -0.02869471 0.02896961 -0.01333113
v -0.02866352 0.02900080 -0.01358127
v -0.02845427 0.02921005 -0.01364801
v -0.02865541 0.02900890 -0.01353851
v -0.02865269 0.02901163 -0.01349440
v -0.02867675 0.02898757 -0.01336740
v -0.02866352 0.02900080 -0.01340753
v -0.02865541 0.02900890 -0.01345029
v -0.02898783 0.02867648 -0.01362140
v -0.02900106 0.02866325 -0.01358127
v -0.02921032 0.02845400 -0.01364801
v -0.02900917 0.02865515 -0.01353851
v -0.02892209 0.02874222 -0.01327443
v -0.02889372 0.02877060 -0.01325572
v -0.02898783 0.02867648 -0.01336740
v -0.02896988 0.02869444 -0.01333113
v -0.02894774 0.02871658 -0.01329982
v -0.02880110 0.02886321 -0.01324426
v -0.02877086 0.02889346 -0.01325572
v -0.02901190 0.02865242 -0.01349440
v -0.02900917 0.02865515 -0.01345029
v -0.02900106 0.02866325 -0.01340753
v -0.02867675 0.02898757 -0.01362140
v -0.02869471 0.02896961 -0.01365767
v -0.02889372 0.02877060 -0.01373308
v -0.02892209 0.02874222 -0.01371437
v -0.02894774 0.02871658 -0.01368898
v -0.02896988 0.02869444 -0.01365767
v -0.02871684 0.02894747 -0.01368898
v -0.02874249 0.02892183 -0.01371437
v -0.02877086 0.02889346 -0.01373308
v -0.02880110 0.02886321 -0.01374454
v -0.02883229 0.02883203 -0.01374840
v -0.02886348 0.02880084 -0.01374454
v -0.02880110 0.02886321 -0.01120454
v -0.02883229 0.02883203 -0.01120840
v -0.02900917 0.02865515 -0.01091029
v -0.02900106 0.02866325 -0.01086753
v -0.02921032 0.02845400 -0.01080079
v -0.02898783 0.02867648 -0.01082740
v -0.02896988 0.02869444 -0.01079113
v -0.02892209 0.02874222 -0.01117437
v -0.02894774 0.02871658 -0.01114898
v -0.02867675 0.02898757 -0.01082740
v -0.02866352 0.02900080 -0.01086753
v -0.02845427 0.02921005 -0.01080079
v -0.02865541 0.02900890 -0.01091029
v -0.02874249 0.02892183 -0.01117437
v -0.02877086 0.02889346 -0.01119308
v -0.02900106 0.02866325 -0.01104127
v -0.02900917 0.02865515 -0.01099851
v -0.02901190 0.02865242 -0.01095440
v -0.02867675 0.02898757 -0.01108140
v -0.02869471 0.02896961 -0.01111767
v -0.02871684 0.02894747 -0.01114898
v -0.02896988 0.02869444 -0.01111767
v -0.02898783 0.02867648 -0.01108140
v -0.02865269 0.02901163 -0.01095440
v -0.02865541 0.02900890 -0.01099851
v -0.02866352 0.02900080 -0.01104127
v -0.02886348 0.02880084 -0.01120454
v -0.02889372 0.02877060 -0.01119308
v -0.02871684 0.02894747 -0.01075982
v -0.02869471 0.02896961 -0.01079113
v -0.02894774 0.02871658 -0.01075982
v -0.02892209 0.02874222 -0.01073443
v -0.02889372 0.02877060 -0.01071572
v -0.02886348 0.02880084 -0.01070426
v -0.02883229 0.02883203 -0.01070040
v -0.02880110 0.02886321 -0.01070426
v -0.02877086 0.02889346 -0.01071572
v -0.02874249 0.02892183 -0.01073443
v -0.02983893 0.02782538 -0.01364801
v -0.02782565 0.02983867 -0.01364801
v -0.02983893 0.02782538 -0.01080079
v -0.02782565 0.02983867 -0.01080079
v -0.02963026 0.02784272 -0.01464245
v -0.02964821 0.02782476 -0.01467872
v -0.02966145 0.02781153 -0.01471885
v -0.02966955 0.02780343 -0.01476161
v -0.02967228 0.02780070 -0.01480572
v -0.02966955 0.02780343 -0.01484983
v -0.02966145 0.02781153 -0.01489259
v -0.02964821 0.02782476 -0.01493272
v -0.02963026 0.02784272 -0.01496899
v -0.02960812 0.02786486 -0.01500029
v -0.02958247 0.02789050 -0.01502569
v -0.02955410 0.02791887 -0.01504440
v -0.02952386 0.02794912 -0.01505586
v -0.02949267 0.02798030 -0.01505972
v -0.02946148 0.02801149 -0.01505586
v -0.02943124 0.02804173 -0.01504440
v -0.02940287 0.02807011 -0.01502569
v -0.02937722 0.02809575 -0.01500029
v -0.02935509 0.02811789 -0.01496899
v -0.02933713 0.02813585 -0.01493272
v -0.02932390 0.02814908 -0.01489259
v -0.02931579 0.02815718 -0.01484983
v -0.02931306 0.02815991 -0.01480572
v -0.02931579 0.02815718 -0.01476161
v -0.02932390 0.02814908 -0.01471885
v -0.02933713 0.02813585 -0.01467872
v -0.02935509 0.02811789 -0.01464245
v -0.02937722 0.02809575 -0.01461115
v -0.02940287 0.02807011 -0.01458575
v -0.02943124 0.02804173 -0.01456704
v -0.02946148 0.02801149 -0.01455558
v -0.02949267 0.02798030 -0.01455172
v -0.02952386 0.02794912 -0.01455558
v -0.02955410 0.02791887 -0.01456704
v -0.02958247 0.02789050 -0.01458575
v -0.02960812 0.02786486 -0.01461115
v -0.03038501 0.02708797 -0.01333772
v -0.03039311 0.02707986 -0.01338049
v -0.03040635 0.02706663 -0.01342062
v -0.03042430 0.02704867 -0.01345689
v -0.03044644 0.02702654 -0.01348819
v -0.03047208 0.02700089 -0.01351359
v -0.03050046 0.02697252 -0.01353230
v -0.03053070 0.02694228 -0.01354376
v -0.03056189 0.02691109 -0.01354762
v -0.03059308 0.02687990 -0.01354376
v -0.03062332 0.02684966 -0.01353230
v -0.03065169 0.02682128 -0.01351359
v -0.03067734 0.02679564 -0.01348819
v -0.03069947 0.02677350 -0.01345689
v -0.03071743 0.02675554 -0.01342062
v -0.03073066 0.02674231 -0.01338049
v -0.03073877 0.02673421 -0.01333772
v -0.03074149 0.02673148 -0.01329362
v -0.03073877 0.02673421 -0.01324951
v -0.03073066 0.02674231 -0.01320674
v -0.03071743 0.02675554 -0.01316662
v -0.03069947 0.02677350 -0.01313035
v -0.03067734 0.02679564 -0.01309904
v -0.03065169 0.02682128 -0.01307365
v -0.03062332 0.02684966 -0.01305494
v -0.03059308 0.02687990 -0.01304348
v -0.03056189 0.02691109 -0.01303962
v -0.03053070 0.02694228 -0.01304348
v -0.03050046 0.02697252 -0.01305494
v -0.03047208 0.02700089 -0.01307365
v -0.03044644 0.02702654 -0.01309904
v -0.03042430 0.02704867 -0.01313035
v -0.03040635 0.02706663 -0.01316662
v -0.03039311 0.02707986 -0.01320674
v -0.03038501 0.02708797 -0.01324951
v -0.03038228 0.02709069 -0.01329362
v -0.03044644 0.02702654 -0.01096061
v -0.03047208 0.02700089 -0.01093521
v -0.03050046 0.02697252 -0.01091650
v -0.03053070 0.02694228 -0.01090504
v -0.03056189 0.02691109 -0.01090118
v -0.03059308 0.02687990 -0.01090504
v -0.03062332 0.02684966 -0.01091650
v -0.03065169 0.02682128 -0.01093521
v -0.03067734 0.02679564 -0.01096061
v -0.03069947 0.02677350 -0.01099191
v -0.03071743 0.02675554 -0.01102818
v -0.03073066 0.02674231 -0.01106831
v -0.03073877 0.02673421 -0.01111108
v -0.03074149 0.02673148 -0.01115518
v -0.03073877 0.02673421 -0.01119929
v -0.03073066 0.02674231 -0.01124205
v -0.03071743 0.02675554 -0.01128218
v -0.03069947 0.02677350 -0.01131845
v -0.03067734 0.02679564 -0.01134976
v -0.03065169 0.02682128 -0.01137515
v -0.03062332 0.02684966 -0.01139386
v -0.03059308 0.02687990 -0.01140532
v -0.03056189 0.02691109 -0.01140918
v -0.03053070 0.02694228 -0.01140532
v -0.03050046 0.02697252 -0.01139386
v -0.03047208 0.02700089 -0.01137515
v -0.03044644 0.02702654 -0.01134976
v -0.03042430 0.02704867 -0.01131845
v -0.03040635 0.02706663 -0.01128218
v -0.03039311 0.02707986 -0.01124205
v -0.03038501 0.02708797 -0.01119929
v -0.03038228 0.02709069 -0.01115518
v -0.03038501 0.02708797 -0.01111108
v -0.03039311 0.02707986 -0.01106831
v -0.03040635 0.02706663 -0.01102818
v -0.03042430 0.02704867 -0.01099191
v -0.02931579 0.02815718 -0.00968719
v -0.02932390 0.02814908 -0.00972995
v -0.02933713 0.02813585 -0.00977008
v -0.02935509 0.02811789 -0.00980635
v -0.02937722 0.02809575 -0.00983766
v -0.02940287 0.02807011 -0.00986305
v -0.02943124 0.02804173 -0.00988176
v -0.02946148 0.02801149 -0.00989322
v -0.02949267 0.02798030 -0.00989708
v -0.02952386 0.02794912 -0.00989322
v -0.02955410 0.02791887 -0.00988176
v -0.02958247 0.02789050 -0.00986305
v -0.02960812 0.02786486 -0.00983766
v -0.02963026 0.02784272 -0.00980635
v -0.02964821 0.02782476 -0.00977008
v -0.02966145 0.02781153 -0.00972995
v -0.02966955 0.02780343 -0.00968719
v -0.02967228 0.02780070 -0.00964308
v -0.02966955 0.02780343 -0.00959897
v -0.02966145 0.02781153 -0.00955621
v -0.02964821 0.02782476 -0.00951608
v -0.02963026 0.02784272 -0.00947981
v -0.02960812 0.02786486 -0.00944851
v -0.02958247 0.02789050 -0.00942311
v -0.02955410 0.02791887 -0.00940440
v -0.02952386 0.02794912 -0.00939294
v -0.02949267 0.02798030 -0.00938908
v -0.02946148 0.02801149 -0.00939294
v -0.02943124 0.02804173 -0.00940440
v -0.02940287 0.02807011 -0.00942311
v -0.02937722 0.02809575 -0.00944851
v -0.02935509 0.02811789 -0.00947981
v -0.02933713 0.02813585 -0.00951608
v -0.02932390 0.02814908 -0.00955621
v -0.02931579 0.02815718 -0.00959897
v -0.02931306 0.02815991 -0.00964308
v -0.02784298 0.02962999 -0.00980635
v -0.02782503 0.02964795 -0.00977008
v -0.02781180 0.02966118 -0.00972995
v -0.02780369 0.02966928 -0.00968719
v -0.02780096 0.02967201 -0.00964308
v -0.02780369 0.02966928 -0.00959897
v -0.02781180 0.02966118 -0.00955621
v -0.02782503 0.02964795 -0.00951608
v -0.02784298 0.02962999 -0.00947981
v -0.02786512 0.02960785 -0.00944851
v -0.02789077 0.02958221 -0.00942311
v -0.02791914 0.02955383 -0.00940440
v -0.02794938 0.02952359 -0.00939294
v -0.02798057 0.02949241 -0.00938908
v -0.02801176 0.02946122 -0.00939294
v -0.02804200 0.02943098 -0.00940440
v -0.02807037 0.02940261 -0.00942311
v -0.02809602 0.02937696 -0.00944851
v -0.02811815 0.02935482 -0.00947981
v -0.02813611 0.02933686 -0.00951608
v -0.02814934 0.02932363 -0.00955621
v -0.02815744 0.02931553 -0.00959897
v -0.02816017 0.02931280 -0.00964308
v -0.02815744 0.02931553 -0.00968719
v -0.02814934 0.02932363 -0.00972995
v -0.02813611 0.02933686 -0.00977008
v -0.02811815 0.02935482 -0.00980635
v -0.02809602 0.02937696 -0.00983766
v -0.02807037 0.02940261 -0.00986305
v -0.02804200 0.02943098 -0.00988176
v -0.02801176 0.02946122 -0.00989322
v -0.02798057 0.02949241 -0.00989708
v -0.02794938 0.02952359 -0.00989322
v -0.02791914 0.02955383 -0.00988176
v -0.02789077 0.02958221 -0.00986305
v -0.02786512 0.02960785 -0.00983766
v -0.02673447 0.03073850 -0.01119929
v -0.02674258 0.03073040 -0.01124205
v -0.02675581 0.03071717 -0.01128218
v -0.02677377 0.03069921 -0.01131845
v -0.02679590 0.03067707 -0.01134976
v -0.02682155 0.03065143 -0.01137515
v -0.02684992 0.03062305 -0.01139386
v -0.02688016 0.03059281 -0.01140532
v -0.02691135 0.03056162 -0.01140918
v -0.02694254 0.03053044 -0.01140532
v -0.02697278 0.03050020 -0.01139386
v -0.02700115 0.03047182 -0.01137515
v -0.02702680 0.03044617 -0.01134976
v -0.02704894 0.03042404 -0.01131845
v -0.02706689 0.03040608 -0.01128218
v -0.02708012 0.03039285 -0.01124205
v -0.02708823 0.03038475 -0.01119929
v -0.02709096 0.03038202 -0.01115518
v -0.02708823 0.03038475 -0.01111108
v -0.02708012 0.03039285 -0.01106831
v -0.02706689 0.03040608 -0.01102818
v -0.02704894 0.03042404 -0.01099191
v -0.02702680 0.03044617 -0.01096061
v -0.02700115 0.03047182 -0.01093521
v -0.02697278 0.03050020 -0.01091650
v -0.02694254 0.03053044 -0.01090504
v -0.02691135 0.03056162 -0.01090118
v -0.02688016 0.03059281 -0.01090504
v -0.02684992 0.03062305 -0.01091650
v -0.02682155 0.03065143 -0.01093521
v -0.02679590 0.03067707 -0.01096061
v -0.02677377 0.03069921 -0.01099191
v -0.02675581 0.03071717 -0.01102818
v -0.02674258 0.03073040 -0.01106831
v -0.02673447 0.03073850 -0.01111108
v -0.02673175 0.03074123 -0.01115518
v -0.02702680 0.03044617 -0.01348819
v -0.02700115 0.03047182 -0.01351359
v -0.02697278 0.03050020 -0.01353230
v -0.02694254 0.03053044 -0.01354376
v -0.02691135 0.03056162 -0.01354762
v -0.02688016 0.03059281 -0.01354376
v -0.02684992 0.03062305 -0.01353230
v -0.02682155 0.03065143 -0.01351359
v -0.02679590 0.03067707 -0.01348819
v -0.02677377 0.03069921 -0.01345689
v -0.02675581 0.03071717 -0.01342062
v -0.02674258 0.03073040 -0.01338049
v -0.02673447 0.03073850 -0.01333772
v -0.02673175 0.03074123 -0.01329362
v -0.02673447 0.03073850 -0.01324951
v -0.02674258 0.03073040 -0.01320674
v -0.02675581 0.03071717 -0.01316662
v -0.02677377 0.03069921 -0.01313035
v -0.02679590 0.03067707 -0.01309904
v -0.02682155 0.03065143 -0.01307365
v -0.02684992 0.03062305 -0.01305494
v -0.02688016 0.03059281 -0.01304348
v -0.02691135 0.03056162 -0.01303962
v -0.02694254 0.03053044 -0.01304348
v -0.02697278 0.03050020 -0.01305494
v -0.02700115 0.03047182 -0.01307365
v -0.02702680 0.03044617 -0.01309904
v -0.02704894 0.03042404 -0.01313035
v -0.02706689 0.03040608 -0.01316662
v -0.02708012 0.03039285 -0.01320674
v -0.02708823 0.03038475 -0.01324951
v -0.02709096 0.03038202 -0.01329362
v -0.02708823 0.03038475 -0.01333772
v -0.02708012 0.03039285 -0.01338049
v -0.02706689 0.03040608 -0.01342062
v -0.02704894 0.03042404 -0.01345689
v -0.02780369 0.02966928 -0.01484983
v -0.02781180 0.02966118 -0.01489259
v -0.02782503 0.02964795 -0.01493272
v -0.02784298 0.02962999 -0.01496899
v -0.02786512 0.02960785 -0.01500029
v -0.02789077 0.02958221 -0.01502569
v -0.02791914 0.02955383 -0.01504440
v -0.02794938 0.02952359 -0.01505586
v -0.02798057 0.02949241 -0.01505972
v -0.02801176 0.02946122 -0.01505586
v -0.02804200 0.02943098 -0.01504440
v -0.02807037 0.02940261 -0.01502569
v -0.02809602 0.02937696 -0.01500029
v -0.02811815 0.02935482 -0.01496899
v -0.02813611 0.02933686 -0.01493272
v -0.02814934 0.02932363 -0.01489259
v -0.02815744 0.02931553 -0.01484983
v -0.02816017 0.02931280 -0.01480572
v -0.02815744 0.02931553 -0.01476161
v -0.02814934 0.02932363 -0.01471885
v -0.02813611 0.02933686 -0.01467872
v -0.02811815 0.02935482 -0.01464245
v -0.02809602 0.02937696 -0.01461115
v -0.02807037 0.02940261 -0.01458575
v -0.02804200 0.02943098 -0.01456704
v -0.02801176 0.02946122 -0.01455558
v -0.02798057 0.02949241 -0.01455172
v -0.02794938 0.02952359 -0.01455558
v -0.02791914 0.02955383 -0.01456704
v -0.02789077 0.02958221 -0.01458575
v -0.02786512 0.02960785 -0.01461115
v -0.02784298 0.02962999 -0.01464245
v -0.02782503 0.02964795 -0.01467872
v -0.02781180 0.02966118 -0.01471885
v -0.02780369 0.02966928 -0.01476161
v -0.02780096 0.02967201 -0.01480572
v -0.02766172 0.02981126 -0.01226851
v -0.02766982 0.02980316 -0.01231127
v -0.02768305 0.02978992 -0.01235140
v -0.02770101 0.02977197 -0.01238767
v -0.02772315 0.02974983 -0.01241897
v -0.02774879 0.02972418 -0.01244437
v -0.02777716 0.02969581 -0.01246308
v -0.02780741 0.02966557 -0.01247454
v -0.02783859 0.02963438 -0.01247840
v -0.02786978 0.02960319 -0.01247454
v -0.02790002 0.02957295 -0.01246308
v -0.02792840 0.02954458 -0.01244437
v -0.02795404 0.02951893 -0.01241897
v -0.02797618 0.02949679 -0.01238767
v -0.02799414 0.02947884 -0.01235140
v -0.02800737 0.02946561 -0.01231127
v -0.02801547 0.02945750 -0.01226851
v -0.02801820 0.02945477 -0.01222440
v -0.02801547 0.02945750 -0.01218029
v -0.02800737 0.02946561 -0.01213753
v -0.02799414 0.02947884 -0.01209740
v -0.02797618 0.02949679 -0.01206113
v -0.02795404 0.02951893 -0.01202983
v -0.02792840 0.02954458 -0.01200443
v -0.02790002 0.02957295 -0.01198572
v -0.02786978 0.02960319 -0.01197426
v -0.02783859 0.02963438 -0.01197040
v -0.02780741 0.02966557 -0.01197426
v -0.02777716 0.02969581 -0.01198572
v -0.02774879 0.02972418 -0.01200443
v -0.02772315 0.02974983 -0.01202983
v -0.02770101 0.02977197 -0.01206113
v -0.02768305 0.02978992 -0.01209740
v -0.02766982 0.02980316 -0.01213753
v -0.02766172 0.02981126 -0.01218029
v -0.02765899 0.02981399 -0.01222440
v -0.02855974 0.02891323 -0.01099851
v -0.02856785 0.02890513 -0.01104127
v -0.02858108 0.02889190 -0.01108140
v -0.02859904 0.02887394 -0.01111767
v -0.02862117 0.02885180 -0.01114898
v -0.02864682 0.02882616 -0.01117437
v -0.02867519 0.02879778 -0.01119308
v -0.02870543 0.02876754 -0.01120454
v -0.02873662 0.02873635 -0.01120840
v -0.02876781 0.02870517 -0.01120454
v -0.02879805 0.02867493 -0.01119308
v -0.02882642 0.02864655 -0.01117437
v -0.02885207 0.02862091 -0.01114898
v -0.02887420 0.02859877 -0.01111767
v -0.02889216 0.02858081 -0.01108140
v -0.02890539 0.02856758 -0.01104127
v -0.02891350 0.02855948 -0.01099851
v -0.02891623 0.02855675 -0.01095440
v -0.02891350 0.02855948 -0.01091029
v -0.02890539 0.02856758 -0.01086753
v -0.02889216 0.02858081 -0.01082740
v -0.02887420 0.02859877 -0.01079113
v -0.02885207 0.02862091 -0.01075982
v -0.02882642 0.02864655 -0.01073443
v -0.02879805 0.02867493 -0.01071572
v -0.02876781 0.02870517 -0.01070426
v -0.02873662 0.02873635 -0.01070040
v -0.02870543 0.02876754 -0.01070426
v -0.02867519 0.02879778 -0.01071572
v -0.02864682 0.02882616 -0.01073443
v -0.02862117 0.02885180 -0.01075982
v -0.02859904 0.02887394 -0.01079113
v -0.02858108 0.02889190 -0.01082740
v -0.02856785 0.02890513 -0.01086753
v -0.02855974 0.02891323 -0.01091029
v -0.02855701 0.02891596 -0.01095440
v -0.02945777 0.02801521 -0.01226851
v -0.02946587 0.02800710 -0.01231127
v -0.02947910 0.02799387 -0.01235140
v -0.02949706 0.02797592 -0.01238767
v -0.02951920 0.02795378 -0.01241897
v -0.02954484 0.02792813 -0.01244437
v -0.02957322 0.02789976 -0.01246308
v -0.02960346 0.02786952 -0.01247454
v -0.02963465 0.02783833 -0.01247840
v -0.02966583 0.02780714 -0.01247454
v -0.02969607 0.02777690 -0.01246308
v -0.02972445 0.02774853 -0.01244437
v -0.02975009 0.02772288 -0.01241897
v -0.02977223 0.02770074 -0.01238767
v -0.02979019 0.02768279 -0.01235140
v -0.02980342 0.02766956 -0.01231127
v -0.02981152 0.02766145 -0.01226851
v -0.02981425 0.02765873 -0.01222440
v -0.02981152 0.02766145 -0.01218029
v -0.02980342 0.02766956 -0.01213753
v -0.02979019 0.02768279 -0.01209740
v -0.02977223 0.02770074 -0.01206113
v -0.02975009 0.02772288 -0.01202983
v -0.02972445 0.02774853 -0.01200443
v -0.02969607 0.02777690 -0.01198572
v -0.02966583 0.02780714 -0.01197426
v -0.02963465 0.02783833 -0.01197040
v -0.02960346 0.02786952 -0.01197426
v -0.02957322 0.02789976 -0.01198572
v -0.02954484 0.02792813 -0.01200443
v -0.02951920 0.02795378 -0.01202983
v -0.02949706 0.02797592 -0.01206113
v -0.02947910 0.02799387 -0.01209740
v -0.02946587 0.02800710 -0.01213753
v -0.02945777 0.02801521 -0.01218029
v -0.02945504 0.02801793 -0.01222440
v -0.02855974 0.02891323 -0.01353851
v -0.02856785 0.02890513 -0.01358127
v -0.02858108 0.02889190 -0.01362140
v -0.02859904 0.02887394 -0.01365767
v -0.02862117 0.02885180 -0.01368898
v -0.02864682 0.02882616 -0.01371437
v -0.02867519 0.02879778 -0.01373308
v -0.02870543 0.02876754 -0.01374454
v -0.02873662 0.02873635 -0.01374840
v -0.02876781 0.02870517 -0.01374454
v -0.02879805 0.02867493 -0.01373308
v -0.02882642 0.02864655 -0.01371437
v -0.02885207 0.02862091 -0.01368898
v -0.02887420 0.02859877 -0.01365767
v -0.02889216 0.02858081 -0.01362140
v -0.02890539 0.02856758 -0.01358127
v -0.02891350 0.02855948 -0.01353851
v -0.02891623 0.02855675 -0.01349440
v -0.02891350 0.02855948 -0.01345029
v -0.02890539 0.02856758 -0.01340753
v -0.02889216 0.02858081 -0.01336740
v -0.02887420 0.02859877 -0.01333113
v -0.02885207 0.02862091 -0.01329982
v -0.02882642 0.02864655 -0.01327443
v -0.02879805 0.02867493 -0.01325572
v -0.02876781 0.02870517 -0.01324426
v -0.02873662 0.02873635 -0.01324040
v -0.02870543 0.02876754 -0.01324426
v -0.02867519 0.02879778 -0.01325572
v -0.02864682 0.02882616 -0.01327443
v -0.02862117 0.02885180 -0.01329982
v -0.02859904 0.02887394 -0.01333113
v -0.02858108 0.02889190 -0.01336740
v -0.02856785 0.02890513 -0.01340753
v -0.02855974 0.02891323 -0.01345029
v -0.02855701 0.02891596 -0.01349440
v -0.03116129 0.02631169 -0.01222440
v -0.03112445 0.02634852 -0.01281984
v -0.03101506 0.02645791 -0.01339719
v -0.03083644 0.02663653 -0.01393890
v -0.03059402 0.02687895 -0.01442852
v -0.03029517 0.02717781 -0.01485117
v -0.02994895 0.02752402 -0.01519400
v -0.02956591 0.02790707 -0.01544661
v -0.02915766 0.02831532 -0.01560131
v -0.02873662 0.02873635 -0.01565340
v -0.02831558 0.02915739 -0.01560131
v -0.02790733 0.02956564 -0.01544661
v -0.02752428 0.02994869 -0.01519400
v -0.02717807 0.03029490 -0.01485117
v -0.02687922 0.03059376 -0.01442852
v -0.02663680 0.03083618 -0.01393890
v -0.02645818 0.03101480 -0.01339719
v -0.02634879 0.03112419 -0.01281984
v -0.02631195 0.03116103 -0.01222440
v -0.02634879 0.03112419 -0.01162896
v -0.02645818 0.03101480 -0.01105161
v -0.02663680 0.03083618 -0.01050990
v -0.02687922 0.03059376 -0.01002028
v -0.02717807 0.03029490 -0.00959763
v -0.02752428 0.02994869 -0.00925480
v -0.02790733 0.02956564 -0.00900219
v -0.02831558 0.02915739 -0.00884750
v -0.02873662 0.02873635 -0.00879540
v -0.02915766 0.02831532 -0.00884750
v -0.02956591 0.02790707 -0.00900219
v -0.02994895 0.02752402 -0.00925480
v -0.03029517 0.02717781 -0.00959763
v -0.03059402 0.02687895 -0.01002028
v -0.03083644 0.02663653 -0.01050990
v -0.03101506 0.02645791 -0.01105161
v -0.03112445 0.02634852 -0.01162896
v -0.02772998 0.02974300 -0.01275901
v -0.02772998 0.02974300 -0.01415006
v -0.02737497 0.03009800 -0.01415006
v -0.02974326 0.02772971 -0.01029874
v -0.03009827 0.02737471 -0.01029874
v -0.02835859 0.02911438 -0.01029874
v -0.02911465 0.02835833 -0.01029874
v -0.02737497 0.03009800 -0.01275901
v -0.02737497 0.03009800 -0.01168979
v -0.02737497 0.03009800 -0.01080079
v -0.02772998 0.02974300 -0.01029874
v -0.02737497 0.03009800 -0.01029874
v -0.03095139 0.02652158 -0.01168979
v -0.03009827 0.02737471 -0.01168979
v -0.03009827 0.02737471 -0.01080079
v -0.03009827 0.02737471 -0.01364801
v -0.03009827 0.02737471 -0.01275901
v -0.03095139 0.02652158 -0.01275901
v -0.02974326 0.02772971 -0.01415006
v -0.03009827 0.02737471 -0.01415006
v -0.02911465 0.02835833 -0.01535656
v -0.02911465 0.02835833 -0.01415006
v -0.02835859 0.02911438 -0.01535656
v -0.02835859 0.02911438 -0.01415006
v -0.02737497 0.03009800 -0.01364801
v -0.02911465 0.02835833 -0.01275901
v -0.02974326 0.02772971 -0.01168979
v -0.02974326 0.02772971 -0.01275901
v -0.02911465 0.02835833 -0.01168979
v -0.02772998 0.02974300 -0.01168979
v -0.02835859 0.02911438 -0.01168979
v -0.02835859 0.02911438 -0.01275901
v -0.02835859 0.02911438 -0.01080079
v -0.02911465 0.02835833 -0.01080079
v -0.02835859 0.02911438 -0.01364801
v -0.02911465 0.02835833 -0.01364801
v -0.02772998 0.02974300 -0.01364801
v -0.02974326 0.02772971 -0.01364801
v -0.02772998 0.02974300 -0.01080079
v -0.02974326 0.02772971 -0.01080079
f 1 2 3
f 3 2 4
f 3 4 5
f 5 4 6
f 5 6 7
f 7 6 8
f 7 8 9
f 9 8 10
f 9 10 11
f 11 10 12
f 11 12 13
f 13 12 14
f 13 14 15
f 15 14 16
f 15 16 17
f 17 16 18
f 17 18 19
f 19 18 20
f 19 20 21
f 21 20 22
f 21 22 23
f 23 22 24
f 23 24 25
f 25 24 26
f 25 26 27
f 27 26 28
f 27 28 29
f 29 28 30
f 29 30 31
f 31 30 32
f 31 32 33
f 33 32 34
f 33 34 35
f 35 34 36
f 35 36 37
f 37 36 38
f 37 38 39
f 39 38 40
f 39 40 41
f 41 40 42
f 41 42 43
f 43 42 44
f 43 44 45
f 45 44 46
f 45 46 47
f 47 46 48
f 47 48 49
f 49 48 50
f 49 50 51
f 51 50 52
f 51 52 53
f 53 52 54
f 53 54 55
f 55 54 56
f 55 56 57
f 57 56 58
f 57 58 59
f 59 58 60
f 59 60 61
f 61 60 62
f 61 62 63
f 63 62 64
f 63 64 65
f 65 64 66
f 65 66 67
f 67 66 68
f 67 68 69
f 69 68 70
f 69 70 71
f 71 70 72
f 71 72 1
f 1 72 2
f 73 74 75
f 76 77 78
f 77 79 78
f 78 79 80
f 78 80 81
f 81 80 82
f 81 82 83
f 83 84 81
f 81 84 85
f 81 85 86
f 86 87 81
f 81 87 88
f 81 88 75
f 75 88 89
f 75 89 73
f 90 91 92
f 93 94 95
f 92 96 90
f 90 96 97
f 90 97 78
f 78 97 98
f 78 98 76
f 99 100 101
f 101 100 102
f 102 103 101
f 101 103 104
f 101 104 90
f 90 104 105
f 90 105 91
f 95 106 93
f 93 106 107
f 93 107 108
f 108 109 93
f 93 109 110
f 93 110 101
f 101 110 111
f 101 111 99
f 74 112 75
f 75 112 113
f 75 113 93
f 93 113 114
f 93 114 94
f 115 90 116
f 116 90 78
f 116 78 117
f 117 78 81
f 117 81 118
f 118 81 75
f 118 75 119
f 119 75 93
f 119 93 120
f 120 93 101
f 120 101 115
f 115 101 90
f 115 116 120
f 120 116 117
f 120 117 119
f 119 117 118
f 121 122 123
f 123 122 124
f 123 124 125
f 126 127 123
f 123 127 128
f 123 128 121
f 129 130 123
f 123 130 131
f 123 131 126
f 132 133 123
f 123 133 134
f 123 134 129
f 135 136 123
f 123 136 137
f 123 137 132
f 138 139 123
f 123 139 140
f 123 140 135
f 141 142 123
f 123 142 143
f 123 143 138
f 144 145 123
f 123 145 146
f 123 146 141
f 147 148 123
f 123 148 149
f 123 149 144
f 150 151 123
f 123 151 152
f 123 152 147
f 153 154 123
f 123 154 155
f 123 155 150
f 125 156 123
f 123 156 157
f 123 157 153
f 158 124 159
f 159 124 122
f 159 122 160
f 160 122 121
f 160 121 161
f 161 121 128
f 161 128 162
f 162 128 127
f 162 127 163
f 163 127 126
f 163 126 164
f 164 126 131
f 164 131 165
f 165 131 130
f 165 130 166
f 166 130 129
f 166 129 167
f 167 129 134
f 167 134 168
f 168 134 133
f 168 133 169
f 169 133 132
f 169 132 170
f 170 132 137
f 170 137 171
f 171 137 136
f 171 136 172
f 172 136 135
f 172 135 173
f 173 135 140
f 173 140 174
f 174 140 139
f 174 139 175
f 175 139 138
f 175 138 176
f 176 138 143
f 176 143 177
f 177 143 142
f 177 142 178
f 178 142 141
f 178 141 179
f 179 141 146
f 179 146 180
f 180 146 145
f 180 145 181
f 181 145 144
f 181 144 182
f 182 144 149
f 182 149 183
f 183 149 148
f 183 148 184
f 184 148 147
f 184 147 185
f 185 147 152
f 185 152 186
f 186 152 151
f 186 151 187
f 187 151 150
f 187 150 188
f 188 150 155
f 188 155 189
f 189 155 154
f 189 154 190
f 190 154 153
f 190 153 191
f 191 153 157
f 191 157 192
f 192 157 156
f 192 156 193
f 193 156 125
f 193 125 158
f 158 125 124
f 194 195 196
f 196 195 197
f 196 197 198
f 198 197 199
f 200 201 202
f 202 201 203
f 202 203 204
f 204 203 205
f 206 207 208
f 208 207 209
f 208 209 210
f 210 209 211
f 212 213 214
f 214 213 215
f 214 215 216
f 216 215 217
f 218 219 220
f 220 219 221
f 220 221 222
f 222 221 223
f 224 225 226
f 226 225 227
f 226 227 228
f 228 227 229
f 175 230 174
f 174 230 231
f 174 231 173
f 173 231 232
f 173 232 172
f 172 232 233
f 172 233 171
f 171 233 234
f 171 234 170
f 170 234 235
f 170 235 169
f 169 235 236
f 169 236 168
f 168 236 237
f 168 237 167
f 167 237 238
f 167 238 166
f 166 238 239
f 166 239 165
f 165 239 240
f 165 240 164
f 164 240 241
f 164 241 163
f 163 241 242
f 163 242 162
f 162 242 243
f 162 243 161
f 161 243 244
f 161 244 160
f 160 244 245
f 160 245 159
f 159 245 246
f 159 246 158
f 158 246 247
f 158 247 193
f 193 247 248
f 193 248 192
f 192 248 249
f 192 249 191
f 191 249 250
f 191 250 190
f 190 250 251
f 190 251 189
f 189 251 252
f 189 252 188
f 188 252 253
f 188 253 187
f 187 253 254
f 187 254 186
f 186 254 255
f 186 255 185
f 185 255 256
f 185 256 184
f 184 256 257
f 184 257 183
f 183 257 258
f 183 258 182
f 182 258 259
f 182 259 181
f 181 259 260
f 181 260 180
f 180 260 261
f 180 261 179
f 179 261 262
f 179 262 178
f 178 262 263
f 178 263 177
f 177 263 264
f 177 264 176
f 176 264 265
f 176 265 175
f 175 265 230
f 195 194 266
f 266 194 267
f 197 195 268
f 268 195 266
f 199 197 269
f 269 197 268
f 198 199 270
f 270 199 269
f 196 198 271
f 271 198 270
f 194 196 267
f 267 196 271
f 202 204 272
f 272 204 273
f 200 202 274
f 274 202 272
f 201 200 275
f 275 200 274
f 203 201 276
f 276 201 275
f 205 203 277
f 277 203 276
f 204 205 273
f 273 205 277
f 206 208 278
f 278 208 279
f 207 206 280
f 280 206 278
f 209 207 281
f 281 207 280
f 211 209 282
f 282 209 281
f 210 211 283
f 283 211 282
f 208 210 279
f 279 210 283
f 212 214 284
f 284 214 285
f 213 212 286
f 286 212 284
f 215 213 287
f 287 213 286
f 217 215 288
f 288 215 287
f 216 217 289
f 289 217 288
f 214 216 285
f 285 216 289
f 223 221 290
f 290 221 291
f 222 223 292
f 292 223 290
f 220 222 293
f 293 222 292
f 218 220 294
f 294 220 293
f 219 218 295
f 295 218 294
f 221 219 291
f 291 219 295
f 224 226 296
f 296 226 297
f 225 224 298
f 298 224 296
f 227 225 299
f 299 225 298
f 229 227 300
f 300 227 299
f 228 229 301
f 301 229 300
f 226 228 297
f 297 228 301
f 302 246 303
f 303 246 245
f 303 245 304
f 304 245 244
f 304 244 305
f 305 244 243
f 305 243 306
f 306 243 242
f 306 242 307
f 307 242 241
f 307 241 308
f 308 241 240
f 308 240 309
f 309 240 239
f 309 239 310
f 310 239 238
f 310 238 311
f 311 238 237
f 311 237 312
f 312 237 236
f 312 236 313
f 313 236 235
f 313 235 314
f 314 235 234
f 314 234 315
f 315 234 233
f 315 233 316
f 316 233 232
f 316 232 317
f 317 232 231
f 317 231 318
f 318 231 230
f 318 230 319
f 319 230 265
f 319 265 320
f 320 265 264
f 320 264 321
f 321 264 263
f 321 263 322
f 322 263 262
f 322 262 323
f 323 262 261
f 323 261 324
f 324 261 260
f 324 260 325
f 325 260 259
f 325 259 326
f 326 259 258
f 326 258 327
f 327 258 257
f 327 257 328
f 328 257 256
f 328 256 329
f 329 256 255
f 329 255 330
f 330 255 254
f 330 254 331
f 331 254 253
f 331 253 332
f 332 253 252
f 332 252 333
f 333 252 251
f 333 251 334
f 334 251 250
f 334 250 335
f 335 250 249
f 335 249 336
f 336 249 248
f 336 248 337
f 337 248 247
f 337 247 302
f 302 247 246
f 338 339 270
f 340 341 266
f 342 343 269
f 344 345 268
f 268 345 346
f 268 346 347
f 348 349 267
f 267 349 350
f 338 270 351
f 341 352 266
f 266 352 353
f 266 353 268
f 268 353 354
f 268 354 344
f 350 355 267
f 267 355 356
f 267 356 266
f 266 356 357
f 266 357 340
f 358 359 271
f 271 359 360
f 271 360 361
f 343 362 269
f 269 362 363
f 269 363 270
f 270 363 364
f 270 364 351
f 347 365 268
f 268 365 366
f 268 366 269
f 269 366 367
f 269 367 342
f 361 368 271
f 271 368 369
f 271 369 267
f 267 369 370
f 267 370 348
f 339 371 270
f 270 371 372
f 270 372 271
f 271 372 373
f 271 373 358
f 374 375 276
f 273 376 377
f 376 273 378
f 378 273 277
f 378 277 379
f 377 380 273
f 273 380 381
f 273 381 382
f 383 384 277
f 277 384 385
f 277 385 379
f 386 387 272
f 272 387 388
f 272 388 389
f 390 391 275
f 275 391 392
f 275 392 393
f 393 394 275
f 275 394 395
f 275 395 276
f 276 395 396
f 276 396 374
f 397 398 274
f 274 398 399
f 274 399 275
f 275 399 400
f 275 400 390
f 382 401 273
f 273 401 402
f 273 402 272
f 272 402 403
f 272 403 386
f 375 404 276
f 276 404 405
f 276 405 277
f 277 405 406
f 277 406 383
f 389 407 272
f 272 407 408
f 272 408 274
f 274 408 409
f 274 409 397
f 410 411 283
f 412 413 280
f 414 415 281
f 416 417 278
f 418 419 282
f 282 419 420
f 282 420 283
f 283 420 421
f 283 421 410
f 414 281 422
f 412 280 423
f 424 425 279
f 279 425 426
f 279 426 427
f 417 428 278
f 278 428 429
f 278 429 280
f 280 429 430
f 280 430 423
f 427 431 279
f 279 431 432
f 279 432 278
f 278 432 433
f 278 433 416
f 411 434 283
f 283 434 435
f 283 435 279
f 279 435 436
f 279 436 424
f 415 437 281
f 281 437 438
f 281 438 282
f 282 438 439
f 282 439 440
f 440 441 282
f 282 441 442
f 282 442 418
f 413 443 280
f 280 443 444
f 280 444 281
f 281 444 445
f 281 445 422
f 446 447 285
f 448 449 289
f 450 451 288
f 452 453 286
f 448 289 454
f 451 455 288
f 288 455 456
f 288 456 289
f 289 456 457
f 289 457 454
f 458 459 284
f 452 286 460
f 446 285 461
f 462 463 287
f 287 463 464
f 287 464 465
f 284 459 286
f 286 459 466
f 286 466 460
f 465 467 287
f 287 467 468
f 287 468 288
f 288 468 469
f 288 469 450
f 453 470 286
f 286 470 471
f 286 471 287
f 287 471 472
f 287 472 462
f 447 473 285
f 285 473 474
f 285 474 284
f 284 474 475
f 284 475 476
f 449 477 289
f 289 477 478
f 289 478 285
f 285 478 479
f 285 479 461
f 476 480 284
f 284 480 481
f 284 481 458
f 482 483 293
f 484 485 294
f 486 487 291
f 291 487 488
f 489 490 295
f 295 490 491
f 295 491 492
f 493 494 292
f 292 494 495
f 496 497 290
f 290 497 498
f 498 499 290
f 290 499 500
f 290 500 292
f 292 500 501
f 292 501 493
f 492 502 295
f 295 502 503
f 295 503 291
f 291 503 504
f 291 504 486
f 485 505 294
f 294 505 506
f 294 506 295
f 295 506 507
f 295 507 489
f 293 508 294
f 294 508 509
f 294 509 484
f 495 510 292
f 292 510 511
f 292 511 293
f 293 511 512
f 293 512 482
f 483 513 293
f 293 513 514
f 293 514 508
f 488 515 291
f 291 515 516
f 291 516 290
f 290 516 517
f 290 517 496
f 518 519 297
f 520 521 301
f 522 523 296
f 522 296 524
f 518 297 525
f 526 527 300
f 300 527 528
f 300 528 529
f 523 530 296
f 296 530 531
f 296 531 298
f 531 532 298
f 298 532 533
f 298 533 534
f 521 535 301
f 301 535 536
f 301 536 297
f 297 536 537
f 297 537 525
f 529 538 300
f 300 538 539
f 300 539 301
f 301 539 540
f 301 540 520
f 534 541 298
f 298 541 542
f 298 542 543
f 543 544 298
f 298 544 545
f 298 545 299
f 299 545 546
f 299 546 547
f 519 548 297
f 297 548 549
f 297 549 296
f 296 549 550
f 296 550 524
f 547 551 299
f 299 551 552
f 299 552 300
f 300 552 553
f 300 553 526
f 313 554 312
f 312 554 555
f 312 555 311
f 311 555 556
f 311 556 310
f 310 556 557
f 310 557 309
f 309 557 558
f 309 558 308
f 308 558 559
f 308 559 307
f 307 559 560
f 307 560 306
f 306 560 561
f 306 561 305
f 305 561 562
f 305 562 304
f 304 562 563
f 304 563 303
f 303 563 564
f 303 564 302
f 302 564 565
f 302 565 337
f 337 565 566
f 337 566 336
f 336 566 567
f 336 567 335
f 335 567 568
f 335 568 334
f 334 568 569
f 334 569 333
f 333 569 570
f 333 570 332
f 332 570 571
f 332 571 331
f 331 571 572
f 331 572 330
f 330 572 573
f 330 573 329
f 329 573 574
f 329 574 328
f 328 574 575
f 328 575 327
f 327 575 576
f 327 576 326
f 326 576 577
f 326 577 325
f 325 577 578
f 325 578 324
f 324 578 579
f 324 579 323
f 323 579 580
f 323 580 322
f 322 580 581
f 322 581 321
f 321 581 582
f 321 582 320
f 320 582 583
f 320 583 319
f 319 583 584
f 319 584 318
f 318 584 585
f 318 585 317
f 317 585 586
f 317 586 316
f 316 586 587
f 316 587 315
f 315 587 588
f 315 588 314
f 314 588 589
f 314 589 313
f 313 589 554
f 590 591 592
f 592 591 593
f 592 593 594
f 595 596 592
f 592 596 597
f 592 597 590
f 598 599 592
f 592 599 600
f 592 600 595
f 601 602 592
f 592 602 603
f 592 603 598
f 604 605 592
f 592 605 606
f 592 606 601
f 607 608 592
f 592 608 609
f 592 609 604
f 610 611 592
f 592 611 612
f 592 612 607
f 613 614 592
f 592 614 615
f 592 615 610
f 616 617 592
f 592 617 618
f 592 618 613
f 619 620 592
f 592 620 621
f 592 621 616
f 622 623 592
f 592 623 624
f 592 624 619
f 594 625 592
f 592 625 626
f 592 626 622
f 627 359 628
f 628 359 358
f 628 358 629
f 629 358 373
f 629 373 630
f 630 373 372
f 630 372 631
f 631 372 371
f 631 371 632
f 632 371 339
f 632 339 633
f 633 339 338
f 633 338 634
f 634 338 351
f 634 351 635
f 635 351 364
f 635 364 636
f 636 364 363
f 636 363 637
f 637 363 362
f 637 362 638
f 638 362 343
f 638 343 639
f 639 343 342
f 639 342 640
f 640 342 367
f 640 367 641
f 641 367 366
f 641 366 642
f 642 366 365
f 642 365 643
f 643 365 347
f 643 347 644
f 644 347 346
f 644 346 645
f 645 346 345
f 645 345 646
f 646 345 344
f 646 344 647
f 647 344 354
f 647 354 648
f 648 354 353
f 648 353 649
f 649 353 352
f 649 352 650
f 650 352 341
f 650 341 651
f 651 341 340
f 651 340 652
f 652 340 357
f 652 357 653
f 653 357 356
f 653 356 654
f 654 356 355
f 654 355 655
f 655 355 350
f 655 350 656
f 656 350 349
f 656 349 657
f 657 349 348
f 657 348 658
f 658 348 370
f 658 370 659
f 659 370 369
f 659 369 660
f 660 369 368
f 660 368 661
f 661 368 361
f 661 361 662
f 662 361 360
f 662 360 627
f 627 360 359
f 663 384 664
f 664 384 383
f 664 383 665
f 665 383 406
f 665 406 666
f 666 406 405
f 666 405 667
f 667 405 404
f 667 404 668
f 668 404 375
f 668 375 669
f 669 375 374
f 669 374 670
f 670 374 396
f 670 396 671
f 671 396 395
f 671 395 672
f 672 395 394
f 672 394 673
f 673 394 393
f 673 393 674
f 674 393 392
f 674 392 675
f 675 392 391
f 675 391 676
f 676 391 390
f 676 390 677
f 677 390 400
f 677 400 678
f 678 400 399
f 678 399 679
f 679 399 398
f 679 398 680
f 680 398 397
f 680 397 681
f 681 397 409
f 681 409 682
f 682 409 408
f 682 408 683
f 683 408 407
f 683 407 684
f 684 407 389
f 684 389 685
f 685 389 388
f 685 388 686
f 686 388 387
f 686 387 687
f 687 387 386
f 687 386 688
f 688 386 403
f 688 403 689
f 689 403 402
f 689 402 690
f 690 402 401
f 690 401 691
f 691 401 382
f 691 382 692
f 692 382 381
f 692 381 693
f 693 381 380
f 693 380 694
f 694 380 377
f 694 377 695
f 695 377 376
f 695 376 696
f 696 376 378
f 696 378 697
f 697 378 379
f 697 379 698
f 698 379 385
f 698 385 663
f 663 385 384
f 699 410 700
f 700 410 421
f 700 421 701
f 701 421 420
f 701 420 702
f 702 420 419
f 702 419 703
f 703 419 418
f 703 418 704
f 704 418 442
f 704 442 705
f 705 442 441
f 705 441 706
f 706 441 440
f 706 440 707
f 707 440 439
f 707 439 708
f 708 439 438
f 708 438 709
f 709 438 437
f 709 437 710
f 710 437 415
f 710 415 711
f 711 415 414
f 711 414 712
f 712 414 422
f 712 422 713
f 713 422 445
f 713 445 714
f 714 445 444
f 714 444 715
f 715 444 443
f 715 443 716
f 716 443 413
f 716 413 717
f 717 413 412
f 717 412 718
f 718 412 423
f 718 423 719
f 719 423 430
f 719 430 720
f 720 430 429
f 720 429 721
f 721 429 428
f 721 428 722
f 722 428 417
f 722 417 723
f 723 417 416
f 723 416 724
f 724 416 433
f 724 433 725
f 725 433 432
f 725 432 726
f 726 432 431
f 726 431 727
f 727 431 427
f 727 427 728
f 728 427 426
f 728 426 729
f 729 426 425
f 729 425 730
f 730 425 424
f 730 424 731
f 731 424 436
f 731 436 732
f 732 436 435
f 732 435 733
f 733 435 434
f 733 434 734
f 734 434 411
f 734 411 699
f 699 411 410
f 735 448 736
f 736 448 454
f 736 454 737
f 737 454 457
f 737 457 738
f 738 457 456
f 738 456 739
f 739 456 455
f 739 455 740
f 740 455 451
f 740 451 741
f 741 451 450
f 741 450 742
f 742 450 469
f 742 469 743
f 743 469 468
f 743 468 744
f 744 468 467
f 744 467 745
f 745 467 465
f 745 465 746
f 746 465 464
f 746 464 747
f 747 464 463
f 747 463 748
f 748 463 462
f 748 462 749
f 749 462 472
f 749 472 750
f 750 472 471
f 750 471 751
f 751 471 470
f 751 470 752
f 752 470 453
f 752 453 753
f 753 453 452
f 753 452 754
f 754 452 460
f 754 460 755
f 755 460 466
f 755 466 756
f 756 466 459
f 756 459 757
f 757 459 458
f 757 458 758
f 758 458 481
f 758 481 759
f 759 481 480
f 759 480 760
f 760 480 476
f 760 476 761
f 761 476 475
f 761 475 762
f 762 475 474
f 762 474 763
f 763 474 473
f 763 473 764
f 764 473 447
f 764 447 765
f 765 447 446
f 765 446 766
f 766 446 461
f 766 461 767
f 767 461 479
f 767 479 768
f 768 479 478
f 768 478 769
f 769 478 477
f 769 477 770
f 770 477 449
f 770 449 735
f 735 449 448
f 771 490 772
f 772 490 489
f 772 489 773
f 773 489 507
f 773 507 774
f 774 507 506
f 774 506 775
f 775 506 505
f 775 505 776
f 776 505 485
f 776 485 777
f 777 485 484
f 777 484 778
f 778 484 509
f 778 509 779
f 779 509 508
f 779 508 780
f 780 508 514
f 780 514 781
f 781 514 513
f 781 513 782
f 782 513 483
f 782 483 783
f 783 483 482
f 783 482 784
f 784 482 512
f 784 512 785
f 785 512 511
f 785 511 786
f 786 511 510
f 786 510 787
f 787 510 495
f 787 495 788
f 788 495 494
f 788 494 789
f 789 494 493
f 789 493 790
f 790 493 501
f 790 501 791
f 791 501 500
f 791 500 792
f 792 500 499
f 792 499 793
f 793 499 498
f 793 498 794
f 794 498 497
f 794 497 795
f 795 497 496
f 795 496 796
f 796 496 517
f 796 517 797
f 797 517 516
f 797 516 798
f 798 516 515
f 798 515 799
f 799 515 488
f 799 488 800
f 800 488 487
f 800 487 801
f 801 487 486
f 801 486 802
f 802 486 504
f 802 504 803
f 803 504 503
f 803 503 804
f 804 503 502
f 804 502 805
f 805 502 492
f 805 492 806
f 806 492 491
f 806 491 771
f 771 491 490
f 807 520 808
f 808 520 540
f 808 540 809
f 809 540 539
f 809 539 810
f 810 539 538
f 810 538 811
f 811 538 529
f 811 529 812
f 812 529 528
f 812 528 813
f 813 528 527
f 813 527 814
f 814 527 526
f 814 526 815
f 815 526 553
f 815 553 816
f 816 553 552
f 816 552 817
f 817 552 551
f 817 551 818
f 818 551 547
f 818 547 819
f 819 547 546
f 819 546 820
f 820 546 545
f 820 545 821
f 821 545 544
f 821 544 822
f 822 544 543
f 822 543 823
f 823 543 542
f 823 542 824
f 824 542 541
f 824 541 825
f 825 541 534
f 825 534 826
f 826 534 533
f 826 533 827
f 827 533 532
f 827 532 828
f 828 532 531
f 828 531 829
f 829 531 530
f 829 530 830
f 830 530 523
f 830 523 831
f 831 523 522
f 831 522 832
f 832 522 524
f 832 524 833
f 833 524 550
f 833 550 834
f 834 550 549
f 834 549 835
f 835 549 548
f 835 548 836
f 836 548 519
f 836 519 837
f 837 519 518
f 837 518 838
f 838 518 525
f 838 525 839
f 839 525 537
f 839 537 840
f 840 537 536
f 840 536 841
f 841 536 535
f 841 535 842
f 842 535 521
f 842 521 807
f 807 521 520
f 843 582 844
f 844 582 581
f 844 581 845
f 845 581 580
f 845 580 846
f 846 580 579
f 846 579 847
f 847 579 578
f 847 578 848
f 848 578 577
f 848 577 849
f 849 577 576
f 849 576 850
f 850 576 575
f 850 575 851
f 851 575 574
f 851 574 852
f 852 574 573
f 852 573 853
f 853 573 572
f 853 572 854
f 854 572 571
f 854 571 855
f 855 571 570
f 855 570 856
f 856 570 569
f 856 569 857
f 857 569 568
f 857 568 858
f 858 568 567
f 858 567 859
f 859 567 566
f 859 566 860
f 860 566 565
f 860 565 861
f 861 565 564
f 861 564 862
f 862 564 563
f 862 563 863
f 863 563 562
f 863 562 864
f 864 562 561
f 864 561 865
f 865 561 560
f 865 560 866
f 866 560 559
f 866 559 867
f 867 559 558
f 867 558 868
f 868 558 557
f 868 557 869
f 869 557 556
f 869 556 870
f 870 556 555
f 870 555 871
f 871 555 554
f 871 554 872
f 872 554 589
f 872 589 873
f 873 589 588
f 873 588 874
f 874 588 587
f 874 587 875
f 875 587 586
f 875 586 876
f 876 586 585
f 876 585 877
f 877 585 584
f 877 584 878
f 878 584 583
f 878 583 843
f 843 583 582
f 879 591 880
f 880 591 590
f 880 590 881
f 881 590 597
f 881 597 882
f 882 597 596
f 882 596 883
f 883 596 595
f 883 595 884
f 884 595 600
f 884 600 885
f 885 600 599
f 885 599 886
f 886 599 598
f 886 598 887
f 887 598 603
f 887 603 888
f 888 603 602
f 888 602 889
f 889 602 601
f 889 601 890
f 890 601 606
f 890 606 891
f 891 606 605
f 891 605 892
f 892 605 604
f 892 604 893
f 893 604 609
f 893 609 894
f 894 609 608
f 894 608 895
f 895 608 607
f 895 607 896
f 896 607 612
f 896 612 897
f 897 612 611
f 897 611 898
f 898 611 610
f 898 610 899
f 899 610 615
f 899 615 900
f 900 615 614
f 900 614 901
f 901 614 613
f 901 613 902
f 902 613 618
f 902 618 903
f 903 618 617
f 903 617 904
f 904 617 616
f 904 616 905
f 905 616 621
f 905 621 906
f 906 621 620
f 906 620 907
f 907 620 619
f 907 619 908
f 908 619 624
f 908 624 909
f 909 624 623
f 909 623 910
f 910 623 622
f 910 622 911
f 911 622 626
f 911 626 912
f 912 626 625
f 912 625 913
f 913 625 594
f 913 594 914
f 914 594 593
f 914 593 879
f 879 593 591
f 661 915 660
f 660 915 916
f 660 916 659
f 659 916 917
f 659 917 658
f 658 917 918
f 658 918 657
f 657 918 919
f 657 919 656
f 656 919 920
f 656 920 655
f 655 920 921
f 655 921 654
f 654 921 922
f 654 922 653
f 653 922 923
f 653 923 652
f 652 923 924
f 652 924 651
f 651 924 925
f 651 925 650
f 650 925 926
f 650 926 649
f 649 926 927
f 649 927 648
f 648 927 928
f 648 928 647
f 647 928 929
f 647 929 646
f 646 929 930
f 646 930 645
f 645 930 931
f 645 931 644
f 644 931 932
f 644 932 643
f 643 932 933
f 643 933 642
f 642 933 934
f 642 934 641
f 641 934 935
f 641 935 640
f 640 935 936
f 640 936 639
f 639 936 937
f 639 937 638
f 638 937 938
f 638 938 637
f 637 938 939
f 637 939 636
f 636 939 940
f 636 940 635
f 635 940 941
f 635 941 634
f 634 941 942
f 634 942 633
f 633 942 943
f 633 943 632
f 632 943 944
f 632 944 631
f 631 944 945
f 631 945 630
f 630 945 946
f 630 946 629
f 629 946 947
f 629 947 628
f 628 947 948
f 628 948 627
f 627 948 949
f 627 949 662
f 662 949 950
f 662 950 661
f 661 950 915
f 675 951 674
f 674 951 952
f 674 952 673
f 673 952 953
f 673 953 672
f 672 953 954
f 672 954 671
f 671 954 955
f 671 955 670
f 670 955 956
f 670 956 669
f 669 956 957
f 669 957 668
f 668 957 958
f 668 958 667
f 667 958 959
f 667 959 666
f 666 959 960
f 666 960 665
f 665 960 961
f 665 961 664
f 664 961 962
f 664 962 663
f 663 962 963
f 663 963 698
f 698 963 964
f 698 964 697
f 697 964 965
f 697 965 696
f 696 965 966
f 696 966 695
f 695 966 967
f 695 967 694
f 694 967 968
f 694 968 693
f 693 968 969
f 693 969 692
f 692 969 970
f 692 970 691
f 691 970 971
f 691 971 690
f 690 971 972
f 690 972 689
f 689 972 973
f 689 973 688
f 688 973 974
f 688 974 687
f 687 974 975
f 687 975 686
f 686 975 976
f 686 976 685
f 685 976 977
f 685 977 684
f 684 977 978
f 684 978 683
f 683 978 979
f 683 979 682
f 682 979 980
f 682 980 681
f 681 980 981
f 681 981 680
f 680 981 982
f 680 982 679
f 679 982 983
f 679 983 678
f 678 983 984
f 678 984 677
f 677 984 985
f 677 985 676
f 676 985 986
f 676 986 675
f 675 986 951
f 724 987 723
f 723 987 988
f 723 988 722
f 722 988 989
f 722 989 721
f 721 989 990
f 721 990 720
f 720 990 991
f 720 991 719
f 719 991 992
f 719 992 718
f 718 992 993
f 718 993 717
f 717 993 994
f 717 994 716
f 716 994 995
f 716 995 715
f 715 995 996
f 715 996 714
f 714 996 997
f 714 997 713
f 713 997 998
f 713 998 712
f 712 998 999
f 712 999 711
f 711 999 1000
f 711 1000 710
f 710 1000 1001
f 710 1001 709
f 709 1001 1002
f 709 1002 708
f 708 1002 1003
f 708 1003 707
f 707 1003 1004
f 707 1004 706
f 706 1004 1005
f 706 1005 705
f 705 1005 1006
f 705 1006 704
f 704 1006 1007
f 704 1007 703
f 703 1007 1008
f 703 1008 702
f 702 1008 1009
f 702 1009 701
f 701 1009 1010
f 701 1010 700
f 700 1010 1011
f 700 1011 699
f 699 1011 1012
f 699 1012 734
f 734 1012 1013
f 734 1013 733
f 733 1013 1014
f 733 1014 732
f 732 1014 1015
f 732 1015 731
f 731 1015 1016
f 731 1016 730
f 730 1016 1017
f 730 1017 729
f 729 1017 1018
f 729 1018 728
f 728 1018 1019
f 728 1019 727
f 727 1019 1020
f 727 1020 726
f 726 1020 1021
f 726 1021 725
f 725 1021 1022
f 725 1022 724
f 724 1022 987
f 764 1023 763
f 763 1023 1024
f 763 1024 762
f 762 1024 1025
f 762 1025 761
f 761 1025 1026
f 761 1026 760
f 760 1026 1027
f 760 1027 759
f 759 1027 1028
f 759 1028 758
f 758 1028 1029
f 758 1029 757
f 757 1029 1030
f 757 1030 756
f 756 1030 1031
f 756 1031 755
f 755 1031 1032
f 755 1032 754
f 754 1032 1033
f 754 1033 753
f 753 1033 1034
f 753 1034 752
f 752 1034 1035
f 752 1035 751
f 751 1035 1036
f 751 1036 750
f 750 1036 1037
f 750 1037 749
f 749 1037 1038
f 749 1038 748
f 748 1038 1039
f 748 1039 747
f 747 1039 1040
f 747 1040 746
f 746 1040 1041
f 746 1041 745
f 745 1041 1042
f 745 1042 744
f 744 1042 1043
f 744 1043 743
f 743 1043 1044
f 743 1044 742
f 742 1044 1045
f 742 1045 741
f 741 1045 1046
f 741 1046 740
f 740 1046 1047
f 740 1047 739
f 739 1047 1048
f 739 1048 738
f 738 1048 1049
f 738 1049 737
f 737 1049 1050
f 737 1050 736
f 736 1050 1051
f 736 1051 735
f 735 1051 1052
f 735 1052 770
f 770 1052 1053
f 770 1053 769
f 769 1053 1054
f 769 1054 768
f 768 1054 1055
f 768 1055 767
f 767 1055 1056
f 767 1056 766
f 766 1056 1057
f 766 1057 765
f 765 1057 1058
f 765 1058 764
f 764 1058 1023
f 801 1059 800
f 800 1059 1060
f 800 1060 799
f 799 1060 1061
f 799 1061 798
f 798 1061 1062
f 798 1062 797
f 797 1062 1063
f 797 1063 796
f 796 1063 1064
f 796 1064 795
f 795 1064 1065
f 795 1065 794
f 794 1065 1066
f 794 1066 793
f 793 1066 1067
f 793 1067 792
f 792 1067 1068
f 792 1068 791
f 791 1068 1069
f 791 1069 790
f 790 1069 1070
f 790 1070 789
f 789 1070 1071
f 789 1071 788
f 788 1071 1072
f 788 1072 787
f 787 1072 1073
f 787 1073 786
f 786 1073 1074
f 786 1074 785
f 785 1074 1075
f 785 1075 784
f 784 1075 1076
f 784 1076 783
f 783 1076 1077
f 783 1077 782
f 782 1077 1078
f 782 1078 781
f 781 1078 1079
f 781 1079 780
f 780 1079 1080
f 780 1080 779
f 779 1080 1081
f 779 1081 778
f 778 1081 1082
f 778 1082 777
f 777 1082 1083
f 777 1083 776
f 776 1083 1084
f 776 1084 775
f 775 1084 1085
f 775 1085 774
f 774 1085 1086
f 774 1086 773
f 773 1086 1087
f 773 1087 772
f 772 1087 1088
f 772 1088 771
f 771 1088 1089
f 771 1089 806
f 806 1089 1090
f 806 1090 805
f 805 1090 1091
f 805 1091 804
f 804 1091 1092
f 804 1092 803
f 803 1092 1093
f 803 1093 802
f 802 1093 1094
f 802 1094 801
f 801 1094 1059
f 811 1095 810
f 810 1095 1096
f 810 1096 809
f 809 1096 1097
f 809 1097 808
f 808 1097 1098
f 808 1098 807
f 807 1098 1099
f 807 1099 842
f 842 1099 1100
f 842 1100 841
f 841 1100 1101
f 841 1101 840
f 840 1101 1102
f 840 1102 839
f 839 1102 1103
f 839 1103 838
f 838 1103 1104
f 838 1104 837
f 837 1104 1105
f 837 1105 836
f 836 1105 1106
f 836 1106 835
f 835 1106 1107
f 835 1107 834
f 834 1107 1108
f 834 1108 833
f 833 1108 1109
f 833 1109 832
f 832 1109 1110
f 832 1110 831
f 831 1110 1111
f 831 1111 830
f 830 1111 1112
f 830 1112 829
f 829 1112 1113
f 829 1113 828
f 828 1113 1114
f 828 1114 827
f 827 1114 1115
f 827 1115 826
f 826 1115 1116
f 826 1116 825
f 825 1116 1117
f 825 1117 824
f 824 1117 1118
f 824 1118 823
f 823 1118 1119
f 823 1119 822
f 822 1119 1120
f 822 1120 821
f 821 1120 1121
f 821 1121 820
f 820 1121 1122
f 820 1122 819
f 819 1122 1123
f 819 1123 818
f 818 1123 1124
f 818 1124 817
f 817 1124 1125
f 817 1125 816
f 816 1125 1126
f 816 1126 815
f 815 1126 1127
f 815 1127 814
f 814 1127 1128
f 814 1128 813
f 813 1128 1129
f 813 1129 812
f 812 1129 1130
f 812 1130 811
f 811 1130 1095
f 860 1131 859
f 859 1131 1132
f 859 1132 858
f 858 1132 1133
f 858 1133 857
f 857 1133 1134
f 857 1134 856
f 856 1134 1135
f 856 1135 855
f 855 1135 1136
f 855 1136 854
f 854 1136 1137
f 854 1137 853
f 853 1137 1138
f 853 1138 852
f 852 1138 1139
f 852 1139 851
f 851 1139 1140
f 851 1140 850
f 850 1140 1141
f 850 1141 849
f 849 1141 1142
f 849 1142 848
f 848 1142 1143
f 848 1143 847
f 847 1143 1144
f 847 1144 846
f 846 1144 1145
f 846 1145 845
f 845 1145 1146
f 845 1146 844
f 844 1146 1147
f 844 1147 843
f 843 1147 1148
f 843 1148 878
f 878 1148 1149
f 878 1149 877
f 877 1149 1150
f 877 1150 876
f 876 1150 1151
f 876 1151 875
f 875 1151 1152
f 875 1152 874
f 874 1152 1153
f 874 1153 873
f 873 1153 1154
f 873 1154 872
f 872 1154 1155
f 872 1155 871
f 871 1155 1156
f 871 1156 870
f 870 1156 1157
f 870 1157 869
f 869 1157 1158
f 869 1158 868
f 868 1158 1159
f 868 1159 867
f 867 1159 1160
f 867 1160 866
f 866 1160 1161
f 866 1161 865
f 865 1161 1162
f 865 1162 864
f 864 1162 1163
f 864 1163 863
f 863 1163 1164
f 863 1164 862
f 862 1164 1165
f 862 1165 861
f 861 1165 1166
f 861 1166 860
f 860 1166 1131
f 879 1167 914
f 914 1167 1168
f 914 1168 913
f 913 1168 1169
f 913 1169 912
f 912 1169 1170
f 912 1170 911
f 911 1170 1171
f 911 1171 910
f 910 1171 1172
f 910 1172 909
f 909 1172 1173
f 909 1173 908
f 908 1173 1174
f 908 1174 907
f 907 1174 1175
f 907 1175 906
f 906 1175 1176
f 906 1176 905
f 905 1176 1177
f 905 1177 904
f 904 1177 1178
f 904 1178 903
f 903 1178 1179
f 903 1179 902
f 902 1179 1180
f 902 1180 901
f 901 1180 1181
f 901 1181 900
f 900 1181 1182
f 900 1182 899
f 899 1182 1183
f 899 1183 898
f 898 1183 1184
f 898 1184 897
f 897 1184 1185
f 897 1185 896
f 896 1185 1186
f 896 1186 895
f 895 1186 1187
f 895 1187 894
f 894 1187 1188
f 894 1188 893
f 893 1188 1189
f 893 1189 892
f 892 1189 1190
f 892 1190 891
f 891 1190 1191
f 891 1191 890
f 890 1191 1192
f 890 1192 889
f 889 1192 1193
f 889 1193 888
f 888 1193 1194
f 888 1194 887
f 887 1194 1195
f 887 1195 886
f 886 1195 1196
f 886 1196 885
f 885 1196 1197
f 885 1197 884
f 884 1197 1198
f 884 1198 883
f 883 1198 1199
f 883 1199 882
f 882 1199 1200
f 882 1200 881
f 881 1200 1201
f 881 1201 880
f 880 1201 1202
f 880 1202 879
f 879 1202 1167
f 943 1203 944
f 944 1203 1204
f 944 1204 945
f 945 1204 1205
f 945 1205 946
f 946 1205 1206
f 946 1206 947
f 947 1206 1207
f 947 1207 948
f 948 1207 1208
f 948 1208 949
f 949 1208 1209
f 949 1209 950
f 950 1209 1210
f 950 1210 915
f 915 1210 1211
f 915 1211 916
f 916 1211 1212
f 916 1212 917
f 917 1212 1213
f 917 1213 918
f 918 1213 1214
f 918 1214 919
f 919 1214 1215
f 919 1215 920
f 920 1215 1216
f 920 1216 921
f 921 1216 1217
f 921 1217 922
f 922 1217 1218
f 922 1218 923
f 923 1218 1219
f 923 1219 924
f 924 1219 1220
f 924 1220 925
f 925 1220 1221
f 925 1221 926
f 926 1221 1222
f 926 1222 927
f 927 1222 1223
f 927 1223 928
f 928 1223 1224
f 928 1224 929
f 929 1224 1225
f 929 1225 930
f 930 1225 1226
f 930 1226 931
f 931 1226 1227
f 931 1227 932
f 932 1227 1228
f 932 1228 933
f 933 1228 1229
f 933 1229 934
f 934 1229 1230
f 934 1230 935
f 935 1230 1231
f 935 1231 936
f 936 1231 1232
f 936 1232 937
f 937 1232 1233
f 937 1233 938
f 938 1233 1234
f 938 1234 939
f 939 1234 1235
f 939 1235 940
f 940 1235 1236
f 940 1236 941
f 941 1236 1237
f 941 1237 942
f 942 1237 1238
f 942 1238 943
f 943 1238 1203
f 978 1239 979
f 979 1239 1240
f 979 1240 980
f 980 1240 1241
f 980 1241 981
f 981 1241 1242
f 981 1242 982
f 982 1242 1243
f 982 1243 983
f 983 1243 1244
f 983 1244 984
f 984 1244 1245
f 984 1245 985
f 985 1245 1246
f 985 1246 986
f 986 1246 1247
f 986 1247 951
f 951 1247 1248
f 951 1248 952
f 952 1248 1249
f 952 1249 953
f 953 1249 1250
f 953 1250 954
f 954 1250 1251
f 954 1251 955
f 955 1251 1252
f 955 1252 956
f 956 1252 1253
f 956 1253 957
f 957 1253 1254
f 957 1254 958
f 958 1254 1255
f 958 1255 959
f 959 1255 1256
f 959 1256 960
f 960 1256 1257
f 960 1257 961
f 961 1257 1258
f 961 1258 962
f 962 1258 1259
f 962 1259 963
f 963 1259 1260
f 963 1260 964
f 964 1260 1261
f 964 1261 965
f 965 1261 1262
f 965 1262 966
f 966 1262 1263
f 966 1263 967
f 967 1263 1264
f 967 1264 968
f 968 1264 1265
f 968 1265 969
f 969 1265 1266
f 969 1266 970
f 970 1266 1267
f 970 1267 971
f 971 1267 1268
f 971 1268 972
f 972 1268 1269
f 972 1269 973
f 973 1269 1270
f 973 1270 974
f 974 1270 1271
f 974 1271 975
f 975 1271 1272
f 975 1272 976
f 976 1272 1273
f 976 1273 977
f 977 1273 1274
f 977 1274 978
f 978 1274 1239
f 1021 1275 1022
f 1022 1275 1276
f 1022 1276 987
f 987 1276 1277
f 987 1277 988
f 988 1277 1278
f 988 1278 989
f 989 1278 1279
f 989 1279 990
f 990 1279 1280
f 990 1280 991
f 991 1280 1281
f 991 1281 992
f 992 1281 1282
f 992 1282 993
f 993 1282 1283
f 993 1283 994
f 994 1283 1284
f 994 1284 995
f 995 1284 1285
f 995 1285 996
f 996 1285 1286
f 996 1286 997
f 997 1286 1287
f 997 1287 998
f 998 1287 1288
f 998 1288 999
f 999 1288 1289
f 999 1289 1000
f 1000 1289 1290
f 1000 1290 1001
f 1001 1290 1291
f 1001 1291 1002
f 1002 1291 1292
f 1002 1292 1003
f 1003 1292 1293
f 1003 1293 1004
f 1004 1293 1294
f 1004 1294 1005
f 1005 1294 1295
f 1005 1295 1006
f 1006 1295 1296
f 1006 1296 1007
f 1007 1296 1297
f 1007 1297 1008
f 1008 1297 1298
f 1008 1298 1009
f 1009 1298 1299
f 1009 1299 1010
f 1010 1299 1300
f 1010 1300 1011
f 1011 1300 1301
f 1011 1301 1012
f 1012 1301 1302
f 1012 1302 1013
f 1013 1302 1303
f 1013 1303 1014
f 1014 1303 1304
f 1014 1304 1015
f 1015 1304 1305
f 1015 1305 1016
f 1016 1305 1306
f 1016 1306 1017
f 1017 1306 1307
f 1017 1307 1018
f 1018 1307 1308
f 1018 1308 1019
f 1019 1308 1309
f 1019 1309 1020
f 1020 1309 1310
f 1020 1310 1021
f 1021 1310 1275
f 1055 1311 1056
f 1056 1311 1312
f 1056 1312 1057
f 1057 1312 1313
f 1057 1313 1058
f 1058 1313 1314
f 1058 1314 1023
f 1023 1314 1315
f 1023 1315 1024
f 1024 1315 1316
f 1024 1316 1025
f 1025 1316 1317
f 1025 1317 1026
f 1026 1317 1318
f 1026 1318 1027
f 1027 1318 1319
f 1027 1319 1028
f 1028 1319 1320
f 1028 1320 1029
f 1029 1320 1321
f 1029 1321 1030
f 1030 1321 1322
f 1030 1322 1031
f 1031 1322 1323
f 1031 1323 1032
f 1032 1323 1324
f 1032 1324 1033
f 1033 1324 1325
f 1033 1325 1034
f 1034 1325 1326
f 1034 1326 1035
f 1035 1326 1327
f 1035 1327 1036
f 1036 1327 1328
f 1036 1328 1037
f 1037 1328 1329
f 1037 1329 1038
f 1038 1329 1330
f 1038 1330 1039
f 1039 1330 1331
f 1039 1331 1040
f 1040 1331 1332
f 1040 1332 1041
f 1041 1332 1333
f 1041 1333 1042
f 1042 1333 1334
f 1042 1334 1043
f 1043 1334 1335
f 1043 1335 1044
f 1044 1335 1336
f 1044 1336 1045
f 1045 1336 1337
f 1045 1337 1046
f 1046 1337 1338
f 1046 1338 1047
f 1047 1338 1339
f 1047 1339 1048
f 1048 1339 1340
f 1048 1340 1049
f 1049 1340 1341
f 1049 1341 1050
f 1050 1341 1342
f 1050 1342 1051
f 1051 1342 1343
f 1051 1343 1052
f 1052 1343 1344
f 1052 1344 1053
f 1053 1344 1345
f 1053 1345 1054
f 1054 1345 1346
f 1054 1346 1055
f 1055 1346 1311
f 1086 1347 1087
f 1087 1347 1348
f 1087 1348 1088
f 1088 1348 1349
f 1088 1349 1089
f 1089 1349 1350
f 1089 1350 1090
f 1090 1350 1351
f 1090 1351 1091
f 1091 1351 1352
f 1091 1352 1092
f 1092 1352 1353
f 1092 1353 1093
f 1093 1353 1354
f 1093 1354 1094
f 1094 1354 1355
f 1094 1355 1059
f 1059 1355 1356
f 1059 1356 1060
f 1060 1356 1357
f 1060 1357 1061
f 1061 1357 1358
f 1061 1358 1062
f 1062 1358 1359
f 1062 1359 1063
f 1063 1359 1360
f 1063 1360 1064
f 1064 1360 1361
f 1064 1361 1065
f 1065 1361 1362
f 1065 1362 1066
f 1066 1362 1363
f 1066 1363 1067
f 1067 1363 1364
f 1067 1364 1068
f 1068 1364 1365
f 1068 1365 1069
f 1069 1365 1366
f 1069 1366 1070
f 1070 1366 1367
f 1070 1367 1071
f 1071 1367 1368
f 1071 1368 1072
f 1072 1368 1369
f 1072 1369 1073
f 1073 1369 1370
f 1073 1370 1074
f 1074 1370 1371
f 1074 1371 1075
f 1075 1371 1372
f 1075 1372 1076
f 1076 1372 1373
f 1076 1373 1077
f 1077 1373 1374
f 1077 1374 1078
f 1078 1374 1375
f 1078 1375 1079
f 1079 1375 1376
f 1079 1376 1080
f 1080 1376 1377
f 1080 1377 1081
f 1081 1377 1378
f 1081 1378 1082
f 1082 1378 1379
f 1082 1379 1083
f 1083 1379 1380
f 1083 1380 1084
f 1084 1380 1381
f 1084 1381 1085
f 1085 1381 1382
f 1085 1382 1086
f 1086 1382 1347
f 1126 1383 1127
f 1127 1383 1384
f 1127 1384 1128
f 1128 1384 1385
f 1128 1385 1129
f 1129 1385 1386
f 1129 1386 1130
f 1130 1386 1387
f 1130 1387 1095
f 1095 1387 1388
f 1095 1388 1096
f 1096 1388 1389
f 1096 1389 1097
f 1097 1389 1390
f 1097 1390 1098
f 1098 1390 1391
f 1098 1391 1099
f 1099 1391 1392
f 1099 1392 1100
f 1100 1392 1393
f 1100 1393 1101
f 1101 1393 1394
f 1101 1394 1102
f 1102 1394 1395
f 1102 1395 1103
f 1103 1395 1396
f 1103 1396 1104
f 1104 1396 1397
f 1104 1397 1105
f 1105 1397 1398
f 1105 1398 1106
f 1106 1398 1399
f 1106 1399 1107
f 1107 1399 1400
f 1107 1400 1108
f 1108 1400 1401
f 1108 1401 1109
f 1109 1401 1402
f 1109 1402 1110
f 1110 1402 1403
f 1110 1403 1111
f 1111 1403 1404
f 1111 1404 1112
f 1112 1404 1405
f 1112 1405 1113
f 1113 1405 1406
f 1113 1406 1114
f 1114 1406 1407
f 1114 1407 1115
f 1115 1407 1408
f 1115 1408 1116
f 1116 1408 1409
f 1116 1409 1117
f 1117 1409 1410
f 1117 1410 1118
f 1118 1410 1411
f 1118 1411 1119
f 1119 1411 1412
f 1119 1412 1120
f 1120 1412 1413
f 1120 1413 1121
f 1121 1413 1414
f 1121 1414 1122
f 1122 1414 1415
f 1122 1415 1123
f 1123 1415 1416
f 1123 1416 1124
f 1124 1416 1417
f 1124 1417 1125
f 1125 1417 1418
f 1125 1418 1126
f 1126 1418 1383
f 1132 1419 1133
f 1133 1419 1420
f 1133 1420 1134
f 1134 1420 1421
f 1134 1421 1135
f 1135 1421 1422
f 1135 1422 1136
f 1136 1422 1423
f 1136 1423 1137
f 1137 1423 1424
f 1137 1424 1138
f 1138 1424 1425
f 1138 1425 1139
f 1139 1425 1426
f 1139 1426 1140
f 1140 1426 1427
f 1140 1427 1141
f 1141 1427 1428
f 1141 1428 1142
f 1142 1428 1429
f 1142 1429 1143
f 1143 1429 1430
f 1143 1430 1144
f 1144 1430 1431
f 1144 1431 1145
f 1145 1431 1432
f 1145 1432 1146
f 1146 1432 1433
f 1146 1433 1147
f 1147 1433 1434
f 1147 1434 1148
f 1148 1434 1435
f 1148 1435 1149
f 1149 1435 1436
f 1149 1436 1150
f 1150 1436 1437
f 1150 1437 1151
f 1151 1437 1438
f 1151 1438 1152
f 1152 1438 1439
f 1152 1439 1153
f 1153 1439 1440
f 1153 1440 1154
f 1154 1440 1441
f 1154 1441 1155
f 1155 1441 1442
f 1155 1442 1156
f 1156 1442 1443
f 1156 1443 1157
f 1157 1443 1444
f 1157 1444 1158
f 1158 1444 1445
f 1158 1445 1159
f 1159 1445 1446
f 1159 1446 1160
f 1160 1446 1447
f 1160 1447 1161
f 1161 1447 1448
f 1161 1448 1162
f 1162 1448 1449
f 1162 1449 1163
f 1163 1449 1450
f 1163 1450 1164
f 1164 1450 1451
f 1164 1451 1165
f 1165 1451 1452
f 1165 1452 1166
f 1166 1452 1453
f 1166 1453 1131
f 1131 1453 1454
f 1131 1454 1132
f 1132 1454 1419
f 1444 1443 1455
f 1432 1431 1456
f 1429 1457 1458
f 1425 1424 1459
f 1387 1386 1460
f 1344 1343 1461
f 1259 1258 1462
f 1463 1220 1219
f 1232 1231 1464
f 1219 1218 1463
f 1463 1218 1217
f 1463 1217 1216
f 1231 1230 1465
f 1230 1229 1465
f 1465 1229 1228
f 1465 1228 1227
f 1216 1215 1463
f 1463 1215 1214
f 1463 1214 1213
f 1466 1209 1208
f 1235 1234 1464
f 1464 1234 1233
f 1464 1233 1232
f 1227 1226 1465
f 1465 1226 1225
f 1465 1225 1224
f 1208 1207 1466
f 1466 1207 1206
f 1466 1206 1467
f 1212 1211 1466
f 1466 1211 1210
f 1466 1210 1209
f 1206 1205 1467
f 1467 1205 1204
f 1467 1204 1468
f 1468 1204 1203
f 1468 1203 1469
f 1203 1238 1469
f 1469 1238 1237
f 1469 1237 1464
f 1464 1237 1236
f 1464 1236 1235
f 1470 1471 1472
f 1472 1471 1473
f 1473 1474 1472
f 1472 1474 1475
f 1472 1475 1476
f 1477 1478 1479
f 1479 1478 1472
f 1479 1472 1480
f 1480 1472 1476
f 1477 1481 1478
f 1478 1481 1482
f 1478 1482 1483
f 1484 1485 1486
f 1486 1485 1487
f 1470 1472 1488
f 1488 1472 1486
f 1488 1486 1489
f 1490 1491 1486
f 1486 1491 1492
f 1486 1492 1484
f 1487 1493 1486
f 1486 1493 1494
f 1486 1494 1489
f 1483 1495 1478
f 1478 1495 1496
f 1478 1496 1497
f 1231 1465 1464
f 1464 1465 1478
f 1464 1478 1498
f 1498 1478 1499
f 1498 1499 1500
f 1500 1501 1498
f 1498 1501 1502
f 1498 1502 1503
f 1497 1504 1478
f 1478 1504 1505
f 1478 1505 1499
f 1506 1507 1490
f 1490 1507 1508
f 1490 1508 1491
f 1503 1509 1498
f 1498 1509 1510
f 1498 1510 1506
f 1506 1510 1511
f 1506 1511 1507
f 1512 1513 1514
f 1514 1513 1515
f 1514 1515 1472
f 1472 1515 1516
f 1472 1516 1486
f 1517 1518 1519
f 1518 1517 1520
f 1520 1517 1521
f 1520 1521 1522
f 1523 1524 1525
f 1523 1525 1526
f 1527 1528 1529
f 1529 1528 1530
f 1530 1528 1531
f 1531 1528 1532
f 1531 1532 1533
f 1533 1532 1534
f 1534 1532 1461
f 1534 1461 1535
f 1535 1461 1343
f 1535 1343 1342
f 1342 1341 1535
f 1535 1341 1340
f 1535 1340 1536
f 1340 1339 1536
f 1536 1339 1338
f 1536 1338 1537
f 1537 1338 1337
f 1537 1337 1538
f 1538 1337 1336
f 1538 1336 1335
f 1539 1540 1538
f 1541 1542 1543
f 1543 1542 1544
f 1543 1544 1540
f 1545 1546 1541
f 1541 1546 1547
f 1541 1547 1542
f 1545 1541 1548
f 1548 1541 1549
f 1548 1549 1550
f 1550 1549 1551
f 1551 1549 1294
f 1551 1294 1552
f 1294 1293 1552
f 1552 1293 1292
f 1552 1292 1553
f 1554 1555 1556
f 1556 1555 1557
f 1554 1558 1555
f 1555 1558 1559
f 1555 1559 1553
f 1553 1559 1560
f 1561 1562 1557
f 1557 1562 1563
f 1557 1563 1564
f 1564 1565 1557
f 1557 1565 1566
f 1557 1566 1556
f 1567 1553 1568
f 1560 1569 1553
f 1553 1569 1570
f 1553 1570 1571
f 1571 1572 1553
f 1553 1572 1573
f 1553 1573 1568
f 1574 1575 1576
f 1576 1575 1577
f 1576 1577 1578
f 1568 1579 1567
f 1567 1579 1580
f 1567 1580 1576
f 1576 1580 1581
f 1576 1581 1574
f 1578 1582 1576
f 1576 1582 1583
f 1576 1583 1584
f 1584 1585 1462
f 1462 1585 1586
f 1462 1586 1587
f 1587 1588 1462
f 1462 1588 1589
f 1462 1589 1590
f 1590 1591 1462
f 1462 1591 1592
f 1462 1592 1557
f 1557 1592 1593
f 1557 1593 1561
f 1584 1462 1576
f 1576 1462 1258
f 1576 1258 1594
f 1258 1257 1594
f 1594 1257 1256
f 1594 1256 1595
f 1595 1256 1596
f 1595 1596 1597
f 1597 1598 1599
f 1599 1600 1597
f 1597 1600 1601
f 1597 1601 1595
f 1602 1603 1597
f 1603 1604 1597
f 1597 1604 1605
f 1597 1605 1606
f 1607 1608 1609
f 1609 1608 1610
f 1609 1610 1611
f 1609 1612 1613
f 1611 1614 1609
f 1609 1614 1615
f 1609 1615 1597
f 1597 1615 1616
f 1597 1616 1602
f 1613 1617 1609
f 1609 1617 1618
f 1609 1618 1607
f 1619 1620 1598
f 1598 1620 1621
f 1598 1621 1622
f 1623 1624 1625
f 1626 1627 1628
f 1628 1627 1629
f 1606 1630 1597
f 1597 1630 1631
f 1597 1631 1598
f 1598 1631 1632
f 1598 1632 1619
f 1625 1633 1623
f 1623 1633 1634
f 1623 1634 1628
f 1628 1634 1635
f 1628 1635 1626
f 1629 1636 1628
f 1628 1636 1637
f 1628 1637 1638
f 1622 1639 1598
f 1598 1639 1640
f 1598 1640 1624
f 1624 1640 1641
f 1624 1641 1625
f 1213 1212 1463
f 1463 1212 1466
f 1463 1466 1642
f 1642 1466 1628
f 1642 1628 1609
f 1609 1628 1638
f 1609 1638 1612
f 1179 1178 1455
f 1174 1173 1643
f 1173 1172 1643
f 1643 1172 1171
f 1643 1171 1170
f 1187 1644 1188
f 1188 1644 1189
f 1455 1183 1182
f 1178 1177 1455
f 1455 1177 1176
f 1455 1176 1643
f 1643 1176 1175
f 1643 1175 1174
f 1170 1169 1643
f 1643 1169 1168
f 1643 1168 1645
f 1645 1168 1167
f 1167 1202 1645
f 1645 1202 1201
f 1645 1201 1200
f 1182 1181 1455
f 1455 1181 1180
f 1455 1180 1179
f 1187 1186 1644
f 1644 1186 1185
f 1644 1185 1455
f 1455 1185 1184
f 1455 1184 1183
f 1200 1199 1645
f 1645 1199 1198
f 1645 1198 1517
f 1517 1198 1197
f 1193 1192 1521
f 1521 1192 1191
f 1521 1191 1644
f 1644 1191 1190
f 1644 1190 1189
f 1197 1196 1517
f 1517 1196 1195
f 1517 1195 1521
f 1521 1195 1194
f 1521 1194 1193
f 1222 1221 1646
f 1224 1223 1465
f 1465 1223 1222
f 1465 1222 1647
f 1647 1222 1646
f 1243 1242 1648
f 1648 1242 1241
f 1273 1272 1459
f 1459 1272 1271
f 1241 1240 1648
f 1648 1240 1239
f 1648 1239 1459
f 1459 1239 1274
f 1459 1274 1273
f 1246 1245 1609
f 1609 1245 1244
f 1609 1244 1642
f 1250 1597 1251
f 1251 1597 1252
f 1250 1249 1597
f 1597 1249 1248
f 1597 1248 1609
f 1609 1248 1247
f 1609 1247 1246
f 1256 1255 1596
f 1596 1255 1254
f 1596 1254 1597
f 1597 1254 1253
f 1597 1253 1252
f 1649 1270 1269
f 1269 1268 1649
f 1649 1268 1267
f 1649 1267 1266
f 1265 1264 1462
f 1462 1264 1263
f 1462 1263 1262
f 1262 1261 1462
f 1462 1261 1260
f 1462 1260 1259
f 1309 1308 1650
f 1650 1308 1307
f 1280 1279 1458
f 1458 1279 1278
f 1458 1278 1277
f 1277 1276 1458
f 1458 1276 1275
f 1458 1275 1650
f 1650 1275 1310
f 1650 1310 1309
f 1553 1292 1555
f 1555 1292 1291
f 1555 1291 1290
f 1284 1283 1651
f 1290 1289 1555
f 1555 1289 1288
f 1555 1288 1287
f 1287 1286 1555
f 1555 1286 1285
f 1555 1285 1284
f 1283 1282 1651
f 1651 1282 1281
f 1651 1281 1280
f 1306 1305 1652
f 1652 1305 1304
f 1297 1296 1549
f 1549 1296 1295
f 1549 1295 1294
f 1300 1299 1549
f 1549 1299 1298
f 1549 1298 1297
f 1304 1303 1652
f 1652 1303 1302
f 1652 1302 1549
f 1549 1302 1301
f 1549 1301 1300
f 1318 1317 1653
f 1653 1314 1313
f 1334 1333 1654
f 1654 1333 1332
f 1654 1332 1331
f 1317 1316 1653
f 1653 1316 1315
f 1653 1315 1314
f 1312 1311 1461
f 1328 1456 1329
f 1329 1456 1654
f 1329 1654 1330
f 1330 1654 1331
f 1328 1327 1456
f 1456 1327 1326
f 1456 1326 1325
f 1325 1324 1456
f 1456 1324 1323
f 1456 1323 1322
f 1311 1346 1461
f 1461 1346 1345
f 1461 1345 1344
f 1322 1321 1456
f 1456 1321 1320
f 1456 1320 1653
f 1653 1320 1319
f 1653 1319 1318
f 1655 1526 1656
f 1656 1526 1525
f 1656 1525 1348
f 1348 1525 1657
f 1348 1657 1349
f 1658 1359 1358
f 1355 1657 1356
f 1356 1657 1658
f 1356 1658 1357
f 1357 1658 1358
f 1355 1354 1657
f 1657 1354 1353
f 1657 1353 1352
f 1352 1351 1657
f 1657 1351 1350
f 1657 1350 1349
f 1366 1365 1441
f 1442 1361 1658
f 1658 1361 1360
f 1658 1360 1359
f 1368 1367 1653
f 1653 1367 1366
f 1365 1364 1441
f 1441 1364 1363
f 1441 1363 1442
f 1442 1363 1362
f 1442 1362 1361
f 1380 1379 1659
f 1372 1371 1660
f 1660 1371 1370
f 1660 1370 1653
f 1653 1370 1369
f 1653 1369 1368
f 1348 1347 1656
f 1656 1347 1382
f 1656 1382 1659
f 1659 1382 1381
f 1659 1381 1380
f 1379 1378 1659
f 1659 1378 1377
f 1659 1377 1376
f 1376 1375 1659
f 1659 1375 1374
f 1659 1374 1660
f 1660 1374 1373
f 1660 1373 1372
f 1386 1385 1460
f 1460 1385 1384
f 1460 1384 1661
f 1661 1384 1383
f 1661 1383 1418
f 1395 1394 1478
f 1390 1389 1472
f 1472 1389 1388
f 1394 1393 1478
f 1478 1393 1392
f 1478 1392 1472
f 1472 1392 1391
f 1472 1391 1390
f 1402 1401 1647
f 1647 1401 1400
f 1400 1399 1647
f 1647 1399 1398
f 1647 1398 1465
f 1465 1398 1397
f 1465 1397 1478
f 1478 1397 1396
f 1478 1396 1395
f 1448 1404 1449
f 1449 1404 1403
f 1408 1407 1643
f 1643 1407 1406
f 1643 1406 1448
f 1448 1406 1405
f 1448 1405 1404
f 1416 1415 1645
f 1519 1661 1517
f 1517 1661 1418
f 1517 1418 1645
f 1645 1418 1417
f 1645 1417 1416
f 1415 1414 1645
f 1645 1414 1413
f 1645 1413 1412
f 1412 1411 1645
f 1645 1411 1410
f 1645 1410 1643
f 1643 1410 1409
f 1643 1409 1408
f 1452 1451 1647
f 1403 1402 1449
f 1449 1402 1647
f 1449 1647 1450
f 1450 1647 1451
f 1646 1421 1420
f 1420 1419 1646
f 1646 1419 1454
f 1646 1454 1647
f 1647 1454 1453
f 1647 1453 1452
f 1459 1424 1648
f 1648 1424 1423
f 1648 1423 1646
f 1646 1423 1422
f 1646 1422 1421
f 1429 1428 1457
f 1457 1428 1427
f 1457 1427 1459
f 1459 1427 1426
f 1459 1426 1425
f 1366 1441 1653
f 1653 1441 1440
f 1653 1440 1439
f 1439 1438 1653
f 1653 1438 1437
f 1653 1437 1456
f 1456 1437 1436
f 1456 1436 1435
f 1435 1434 1456
f 1456 1434 1433
f 1456 1433 1432
f 1448 1447 1643
f 1643 1447 1446
f 1643 1446 1455
f 1455 1446 1445
f 1455 1445 1444
f 1284 1651 1555
f 1555 1651 1662
f 1555 1662 1557
f 1557 1662 1649
f 1557 1649 1462
f 1462 1649 1266
f 1462 1266 1265
f 1663 1664 1543
f 1664 1665 1543
f 1543 1665 1666
f 1543 1666 1667
f 1667 1668 1543
f 1543 1668 1669
f 1543 1669 1541
f 1541 1669 1670
f 1541 1670 1671
f 1671 1672 1541
f 1541 1672 1673
f 1541 1673 1674
f 1675 1676 1549
f 1549 1676 1677
f 1678 1652 1679
f 1679 1652 1680
f 1674 1681 1541
f 1541 1681 1682
f 1541 1682 1683
f 1683 1684 1541
f 1541 1684 1685
f 1541 1685 1549
f 1549 1685 1686
f 1549 1686 1675
f 1677 1687 1549
f 1549 1687 1688
f 1549 1688 1689
f 1689 1690 1549
f 1549 1690 1691
f 1549 1691 1652
f 1652 1691 1692
f 1652 1692 1680
f 1678 1693 1652
f 1652 1693 1694
f 1652 1694 1695
f 1695 1696 1652
f 1652 1696 1697
f 1652 1697 1543
f 1543 1697 1698
f 1543 1698 1663
f 1280 1458 1651
f 1651 1458 1457
f 1651 1457 1662
f 1662 1457 1459
f 1662 1459 1649
f 1649 1459 1271
f 1649 1271 1270
f 1540 1539 1543
f 1543 1539 1650
f 1543 1650 1652
f 1652 1650 1307
f 1652 1307 1306
f 1244 1243 1642
f 1642 1243 1648
f 1642 1648 1463
f 1463 1648 1646
f 1463 1646 1220
f 1220 1646 1221
f 1335 1334 1538
f 1538 1334 1654
f 1538 1654 1539
f 1539 1654 1456
f 1539 1456 1650
f 1650 1456 1431
f 1650 1431 1458
f 1458 1431 1430
f 1458 1430 1429
f 1528 1699 1532
f 1532 1699 1700
f 1532 1700 1701
f 1702 1528 1703
f 1703 1528 1704
f 1702 1705 1528
f 1528 1705 1706
f 1528 1706 1707
f 1708 1709 1660
f 1707 1710 1528
f 1528 1710 1711
f 1528 1711 1699
f 1712 1713 1659
f 1659 1713 1714
f 1659 1714 1715
f 1655 1656 1527
f 1527 1656 1659
f 1527 1659 1528
f 1528 1659 1715
f 1528 1715 1704
f 1709 1716 1660
f 1660 1716 1717
f 1660 1717 1718
f 1701 1719 1532
f 1532 1719 1720
f 1532 1720 1721
f 1721 1722 1532
f 1532 1722 1723
f 1532 1723 1724
f 1659 1725 1726
f 1313 1312 1653
f 1653 1312 1461
f 1653 1461 1660
f 1660 1461 1532
f 1660 1532 1708
f 1708 1532 1724
f 1718 1727 1660
f 1660 1727 1728
f 1660 1728 1729
f 1726 1730 1659
f 1659 1730 1731
f 1659 1731 1712
f 1729 1732 1660
f 1660 1732 1733
f 1660 1733 1659
f 1659 1733 1734
f 1659 1734 1725
f 1388 1387 1472
f 1472 1387 1460
f 1472 1460 1514
f 1514 1460 1661
f 1514 1661 1512
f 1512 1661 1519
f 1443 1442 1455
f 1455 1442 1658
f 1455 1658 1644
f 1644 1658 1657
f 1644 1657 1521
f 1521 1657 1525
f 1521 1525 1522
f 1522 1525 1524
f 1735 1736 1737
f 1737 1736 1738
f 1737 1738 1739
f 1740 1741 1737
f 1737 1741 1742
f 1737 1742 1735
f 1743 1744 1737
f 1737 1744 1745
f 1737 1745 1740
f 1746 1747 1737
f 1737 1747 1748
f 1737 1748 1743
f 1749 1750 1737
f 1737 1750 1751
f 1737 1751 1746
f 1752 1753 1737
f 1737 1753 1754
f 1737 1754 1749
f 1755 1756 1737
f 1737 1756 1757
f 1737 1757 1752
f 1758 1759 1737
f 1737 1759 1760
f 1737 1760 1755
f 1761 1762 1737
f 1737 1762 1763
f 1737 1763 1758
f 1764 1765 1737
f 1737 1765 1766
f 1737 1766 1761
f 1767 1768 1737
f 1737 1768 1769
f 1737 1769 1764
f 1739 1770 1737
f 1737 1770 1771
f 1737 1771 1767
f 1772 1773 1774
f 1774 1773 1775
f 1774 1775 1776
f 1777 1778 1774
f 1774 1778 1779
f 1774 1779 1772
f 1780 1781 1774
f 1774 1781 1782
f 1774 1782 1777
f 1783 1784 1774
f 1774 1784 1785
f 1774 1785 1780
f 1786 1787 1774
f 1774 1787 1788
f 1774 1788 1783
f 1789 1790 1774
f 1774 1790 1791
f 1774 1791 1786
f 1792 1793 1774
f 1774 1793 1794
f 1774 1794 1789
f 1795 1796 1774
f 1774 1796 1797
f 1774 1797 1792
f 1798 1799 1774
f 1774 1799 1800
f 1774 1800 1795
f 1801 1802 1774
f 1774 1802 1803
f 1774 1803 1798
f 1804 1805 1774
f 1774 1805 1806
f 1774 1806 1801
f 1776 1807 1774
f 1774 1807 1808
f 1774 1808 1804
f 1809 1810 1811
f 1811 1810 1812
f 1811 1812 1813
f 1814 1815 1811
f 1811 1815 1816
f 1811 1816 1809
f 1817 1818 1811
f 1811 1818 1819
f 1811 1819 1814
f 1820 1821 1811
f 1811 1821 1822
f 1811 1822 1817
f 1823 1824 1811
f 1811 1824 1825
f 1811 1825 1820
f 1826 1827 1811
f 1811 1827 1828
f 1811 1828 1823
f 1829 1830 1811
f 1811 1830 1831
f 1811 1831 1826
f 1832 1833 1811
f 1811 1833 1834
f 1811 1834 1829
f 1835 1836 1811
f 1811 1836 1837
f 1811 1837 1832
f 1838 1839 1811
f 1811 1839 1840
f 1811 1840 1835
f 1841 1842 1811
f 1811 1842 1843
f 1811 1843 1838
f 1813 1844 1811
f 1811 1844 1845
f 1811 1845 1841
f 1846 1847 1848
f 1848 1847 1849
f 1848 1849 1850
f 1851 1852 1848
f 1848 1852 1853
f 1848 1853 1846
f 1854 1855 1848
f 1848 1855 1856
f 1848 1856 1851
f 1857 1858 1848
f 1848 1858 1859
f 1848 1859 1854
f 1860 1861 1848
f 1848 1861 1862
f 1848 1862 1857
f 1863 1864 1848
f 1848 1864 1865
f 1848 1865 1860
f 1866 1867 1848
f 1848 1867 1868
f 1848 1868 1863
f 1869 1870 1848
f 1848 1870 1871
f 1848 1871 1866
f 1872 1873 1848
f 1848 1873 1874
f 1848 1874 1869
f 1875 1876 1848
f 1848 1876 1877
f 1848 1877 1872
f 1878 1879 1848
f 1848 1879 1880
f 1848 1880 1875
f 1850 1881 1848
f 1848 1881 1882
f 1848 1882 1878
f 1883 1884 1885
f 1885 1884 1886
f 1885 1886 1887
f 1888 1889 1885
f 1885 1889 1890
f 1885 1890 1883
f 1891 1892 1885
f 1885 1892 1893
f 1885 1893 1888
f 1894 1895 1885
f 1885 1895 1896
f 1885 1896 1891
f 1897 1898 1885
f 1885 1898 1899
f 1885 1899 1894
f 1900 1901 1885
f 1885 1901 1902
f 1885 1902 1897
f 1903 1904 1885
f 1885 1904 1905
f 1885 1905 1900
f 1906 1907 1885
f 1885 1907 1908
f 1885 1908 1903
f 1909 1910 1885
f 1885 1910 1911
f 1885 1911 1906
f 1912 1913 1885
f 1885 1913 1914
f 1885 1914 1909
f 1915 1916 1885
f 1885 1916 1917
f 1885 1917 1912
f 1887 1918 1885
f 1885 1918 1919
f 1885 1919 1915
f 1920 1921 1922
f 1922 1921 1923
f 1922 1923 1924
f 1925 1926 1922
f 1922 1926 1927
f 1922 1927 1920
f 1928 1929 1922
f 1922 1929 1930
f 1922 1930 1925
f 1931 1932 1922
f 1922 1932 1933
f 1922 1933 1928
f 1934 1935 1922
f 1922 1935 1936
f 1922 1936 1931
f 1937 1938 1922
f 1922 1938 1939
f 1922 1939 1934
f 1940 1941 1922
f 1922 1941 1942
f 1922 1942 1937
f 1943 1944 1922
f 1922 1944 1945
f 1922 1945 1940
f 1946 1947 1922
f 1922 1947 1948
f 1922 1948 1943
f 1949 1950 1922
f 1922 1950 1951
f 1922 1951 1946
f 1952 1953 1922
f 1922 1953 1954
f 1922 1954 1949
f 1924 1955 1922
f 1922 1955 1956
f 1922 1956 1952
f 1957 1958 1959
f 1960 1961 1959
f 1959 1961 1962
f 1959 1962 1957
f 1963 1964 1959
f 1959 1964 1965
f 1959 1965 1960
f 1966 1967 1959
f 1959 1967 1968
f 1959 1968 1963
f 1969 1970 1959
f 1959 1970 1971
f 1959 1971 1966
f 1972 1973 1959
f 1959 1973 1974
f 1959 1974 1969
f 1975 1976 1959
f 1959 1976 1977
f 1959 1977 1972
f 1978 1979 1959
f 1959 1979 1980
f 1959 1980 1975
f 1981 1982 1959
f 1959 1982 1983
f 1959 1983 1978
f 1984 1985 1959
f 1959 1985 1986
f 1959 1986 1981
f 1987 1988 1959
f 1959 1988 1989
f 1959 1989 1984
f 1990 1991 1959
f 1959 1991 1992
f 1959 1992 1987
f 1958 1993 1959
f 1959 1993 1994
f 1959 1994 1990
f 1995 1996 1997
f 1998 1999 1997
f 1997 1999 2000
f 1997 2000 1995
f 2001 2002 1997
f 1997 2002 2003
f 1997 2003 1998
f 2004 2005 1997
f 1997 2005 2006
f 1997 2006 2001
f 2007 2008 1997
f 1997 2008 2009
f 1997 2009 2004
f 2010 2011 1997
f 1997 2011 2012
f 1997 2012 2007
f 2013 2014 1997
f 1997 2014 2015
f 1997 2015 2010
f 2016 2017 1997
f 1997 2017 2018
f 1997 2018 2013
f 2019 2020 1997
f 1997 2020 2021
f 1997 2021 2016
f 2022 2023 1997
f 1997 2023 2024
f 1997 2024 2019
f 2025 2026 1997
f 1997 2026 2027
f 1997 2027 2022
f 2028 2029 1997
f 1997 2029 2030
f 1997 2030 2025
f 1996 2031 1997
f 1997 2031 2032
f 1997 2032 2028
f 2033 2034 2035
f 2036 2037 2035
f 2035 2037 2038
f 2035 2038 2033
f 2039 2040 2035
f 2035 2040 2041
f 2035 2041 2036
f 2042 2043 2035
f 2035 2043 2044
f 2035 2044 2039
f 2045 2046 2035
f 2035 2046 2047
f 2035 2047 2042
f 2048 2049 2035
f 2035 2049 2050
f 2035 2050 2045
f 2051 2052 2035
f 2035 2052 2053
f 2035 2053 2048
f 2054 2055 2035
f 2035 2055 2056
f 2035 2056 2051
f 2057 2058 2035
f 2035 2058 2059
f 2035 2059 2054
f 2060 2061 2035
f 2035 2061 2062
f 2035 2062 2057
f 2063 2064 2035
f 2035 2064 2065
f 2035 2065 2060
f 2066 2067 2035
f 2035 2067 2068
f 2035 2068 2063
f 2034 2069 2035
f 2035 2069 2070
f 2035 2070 2066
f 2071 2072 2073
f 2074 2075 2073
f 2073 2075 2076
f 2073 2076 2071
f 2077 2078 2073
f 2073 2078 2079
f 2073 2079 2074
f 2080 2081 2073
f 2073 2081 2082
f 2073 2082 2077
f 2083 2084 2073
f 2073 2084 2085
f 2073 2085 2080
f 2086 2087 2073
f 2073 2087 2088
f 2073 2088 2083
f 2089 2090 2073
f 2073 2090 2091
f 2073 2091 2086
f 2092 2093 2073
f 2073 2093 2094
f 2073 2094 2089
f 2095 2096 2073
f 2073 2096 2097
f 2073 2097 2092
f 2098 2099 2073
f 2073 2099 2100
f 2073 2100 2095
f 2101 2102 2073
f 2073 2102 2103
f 2073 2103 2098
f 2104 2105 2073
f 2073 2105 2106
f 2073 2106 2101
f 2072 2107 2073
f 2073 2107 2108
f 2073 2108 2104
f 2109 2110 2111
f 2111 2110 2112
f 2111 2112 2113
f 2114 2115 2111
f 2111 2115 2116
f 2111 2116 2109
f 2117 2118 2111
f 2111 2118 2119
f 2111 2119 2114
f 2120 2121 2111
f 2111 2121 2122
f 2111 2122 2117
f 2123 2124 2111
f 2111 2124 2125
f 2111 2125 2120
f 2126 2127 2111
f 2111 2127 2128
f 2111 2128 2123
f 2129 2130 2111
f 2111 2130 2131
f 2111 2131 2126
f 2132 2133 2111
f 2111 2133 2134
f 2111 2134 2129
f 2135 2136 2111
f 2111 2136 2137
f 2111 2137 2132
f 2138 2139 2111
f 2111 2139 2140
f 2111 2140 2135
f 2141 2142 2111
f 2111 2142 2143
f 2111 2143 2138
f 2113 2144 2111
f 2111 2144 2145
f 2111 2145 2141
f 2146 2147 2148
f 2148 2147 2149
f 2148 2149 2150
f 2151 2152 2148
f 2148 2152 2153
f 2148 2153 2146
f 2154 2155 2148
f 2148 2155 2156
f 2148 2156 2151
f 2157 2158 2148
f 2148 2158 2159
f 2148 2159 2154
f 2160 2161 2148
f 2148 2161 2162
f 2148 2162 2157
f 2163 2164 2148
f 2148 2164 2165
f 2148 2165 2160
f 2166 2167 2148
f 2148 2167 2168
f 2148 2168 2163
f 2169 2170 2148
f 2148 2170 2171
f 2148 2171 2166
f 2172 2173 2148
f 2148 2173 2174
f 2148 2174 2169
f 2175 2176 2148
f 2148 2176 2177
f 2148 2177 2172
f 2178 2179 2148
f 2148 2179 2180
f 2148 2180 2175
f 2150 2181 2148
f 2148 2181 2182
f 2148 2182 2178
f 1586 2183 1587
f 1587 2183 2184
f 1587 2184 1588
f 1588 2184 2185
f 1588 2185 1589
f 1589 2185 2186
f 1589 2186 1590
f 1590 2186 2187
f 1590 2187 1591
f 1591 2187 2188
f 1591 2188 1592
f 1592 2188 2189
f 1592 2189 1593
f 1593 2189 2190
f 1593 2190 1561
f 1561 2190 2191
f 1561 2191 1562
f 1562 2191 2192
f 1562 2192 1563
f 1563 2192 2193
f 1563 2193 1564
f 1564 2193 2194
f 1564 2194 1565
f 1565 2194 2195
f 1565 2195 1566
f 2195 2196 1566
f 1566 2196 2197
f 1566 2197 1556
f 1556 2197 2198
f 1556 2198 1554
f 1554 2198 2199
f 1554 2199 1558
f 1558 2199 2200
f 1558 2200 1559
f 1559 2200 2201
f 1559 2201 1560
f 1560 2201 2202
f 1560 2202 1569
f 1569 2202 2203
f 1569 2203 1570
f 1570 2203 2204
f 1570 2204 1571
f 1571 2204 2205
f 1571 2205 1572
f 1572 2205 2206
f 1572 2206 1573
f 1573 2206 2207
f 1573 2207 1568
f 1568 2207 2208
f 1568 2208 1579
f 1579 2208 2209
f 1579 2209 1580
f 1580 2209 2210
f 1580 2210 1581
f 1581 2210 2211
f 1581 2211 1574
f 1574 2211 2212
f 1574 2212 1575
f 1575 2212 2213
f 1575 2213 1577
f 1577 2213 2214
f 1577 2214 1578
f 1578 2214 2215
f 1578 2215 1582
f 1582 2215 2216
f 1582 2216 1583
f 1583 2216 2217
f 1583 2217 1584
f 1584 2217 2218
f 1584 2218 1585
f 1585 2218 2219
f 1585 2219 1586
f 1586 2219 2220
f 1586 2220 2183
f 1636 2221 1637
f 1637 2221 2222
f 1637 2222 1638
f 1638 2222 2223
f 1638 2223 1612
f 1612 2223 2224
f 1612 2224 1613
f 1613 2224 2225
f 1613 2225 1617
f 1617 2225 2226
f 1617 2226 1618
f 1618 2226 2227
f 1618 2227 1607
f 1607 2227 2228
f 1607 2228 1608
f 1608 2228 2229
f 1608 2229 1610
f 1610 2229 2230
f 1610 2230 1611
f 1611 2230 2231
f 1611 2231 1614
f 1614 2231 2232
f 1614 2232 1615
f 1615 2232 2233
f 1615 2233 1616
f 1616 2233 2234
f 1616 2234 1602
f 2234 2235 1602
f 1602 2235 2236
f 1602 2236 1603
f 1603 2236 2237
f 1603 2237 1604
f 1604 2237 2238
f 1604 2238 1605
f 1605 2238 2239
f 1605 2239 1606
f 1606 2239 2240
f 1606 2240 1630
f 1630 2240 2241
f 1630 2241 1631
f 1631 2241 2242
f 1631 2242 1632
f 1632 2242 2243
f 1632 2243 1619
f 1619 2243 2244
f 1619 2244 1620
f 1620 2244 2245
f 1620 2245 1621
f 1621 2245 2246
f 1621 2246 1622
f 1622 2246 2247
f 1622 2247 1639
f 1639 2247 2248
f 1639 2248 1640
f 1640 2248 2249
f 1640 2249 1641
f 1641 2249 2250
f 1641 2250 1625
f 1625 2250 2251
f 1625 2251 1633
f 1633 2251 2252
f 1633 2252 1634
f 1634 2252 2253
f 1634 2253 1635
f 1635 2253 2254
f 1635 2254 1626
f 1626 2254 2255
f 1626 2255 1627
f 1627 2255 2256
f 1627 2256 1629
f 1629 2256 2257
f 1629 2257 1636
f 1636 2257 2258
f 1636 2258 2221
f 1475 2259 1476
f 1476 2259 2260
f 1476 2260 1480
f 1480 2260 2261
f 1480 2261 1479
f 1479 2261 2262
f 1479 2262 1477
f 1477 2262 2263
f 1477 2263 1481
f 1481 2263 2264
f 1481 2264 1482
f 1482 2264 2265
f 1482 2265 1483
f 1483 2265 2266
f 1483 2266 1495
f 1495 2266 2267
f 1495 2267 1496
f 1496 2267 2268
f 1496 2268 1497
f 1497 2268 2269
f 1497 2269 1504
f 1504 2269 2270
f 1504 2270 1505
f 1505 2270 2271
f 1505 2271 1499
f 1499 2271 2272
f 1499 2272 1500
f 2272 2273 1500
f 1500 2273 2274
f 1500 2274 1501
f 1501 2274 2275
f 1501 2275 1502
f 1502 2275 2276
f 1502 2276 1503
f 1503 2276 2277
f 1503 2277 1509
f 1509 2277 2278
f 1509 2278 1510
f 1510 2278 2279
f 1510 2279 1511
f 1511 2279 2280
f 1511 2280 1507
f 1507 2280 2281
f 1507 2281 1508
f 1508 2281 2282
f 1508 2282 1491
f 1491 2282 2283
f 1491 2283 1492
f 1492 2283 2284
f 1492 2284 1484
f 1484 2284 2285
f 1484 2285 1485
f 1485 2285 2286
f 1485 2286 1487
f 1487 2286 2287
f 1487 2287 1493
f 1493 2287 2288
f 1493 2288 1494
f 1494 2288 2289
f 1494 2289 1489
f 1489 2289 2290
f 1489 2290 1488
f 1488 2290 2291
f 1488 2291 1470
f 1470 2291 2292
f 1470 2292 1471
f 1471 2292 2293
f 1471 2293 1473
f 1473 2293 2294
f 1473 2294 1474
f 1474 2294 2295
f 1474 2295 1475
f 1475 2295 2296
f 1475 2296 2259
f 1663 2297 1664
f 1664 2297 2298
f 1664 2298 1665
f 1665 2298 2299
f 1665 2299 1666
f 1666 2299 2300
f 1666 2300 1667
f 1667 2300 2301
f 1667 2301 1668
f 1668 2301 2302
f 1668 2302 1669
f 1669 2302 2303
f 1669 2303 1670
f 1670 2303 2304
f 1670 2304 1671
f 1671 2304 2305
f 1671 2305 1672
f 1672 2305 2306
f 1672 2306 1673
f 1673 2306 2307
f 1673 2307 1674
f 1674 2307 2308
f 1674 2308 1681
f 1681 2308 2309
f 1681 2309 1682
f 1682 2309 2310
f 1682 2310 1683
f 1683 2310 2311
f 1683 2311 1684
f 1684 2311 2312
f 1684 2312 1685
f 1685 2312 2313
f 1685 2313 1686
f 1686 2313 2314
f 1686 2314 1675
f 1675 2314 2315
f 1675 2315 1676
f 1676 2315 2316
f 1676 2316 1677
f 1677 2316 2317
f 1677 2317 1687
f 1687 2317 2318
f 1687 2318 1688
f 2318 2319 1688
f 1688 2319 2320
f 1688 2320 1689
f 1689 2320 2321
f 1689 2321 1690
f 1690 2321 2322
f 1690 2322 1691
f 1691 2322 2323
f 1691 2323 1692
f 1692 2323 2324
f 1692 2324 1680
f 1680 2324 2325
f 1680 2325 1679
f 1679 2325 2326
f 1679 2326 1678
f 1678 2326 2327
f 1678 2327 1693
f 1693 2327 2328
f 1693 2328 1694
f 1694 2328 2329
f 1694 2329 1695
f 1695 2329 2330
f 1695 2330 1696
f 1696 2330 2331
f 1696 2331 1697
f 1697 2331 2332
f 1697 2332 1698
f 1698 2332 2333
f 1698 2333 1663
f 1663 2333 2334
f 1663 2334 2297
f 1468 2335 1467
f 1467 2335 2336
f 1467 2336 1466
f 1466 2336 2337
f 1466 2337 1628
f 1628 2337 2338
f 1628 2338 1623
f 1623 2338 2339
f 1623 2339 1624
f 1624 2339 2340
f 1624 2340 1598
f 1598 2340 2341
f 1598 2341 1599
f 1599 2341 2342
f 1599 2342 1600
f 1600 2342 2343
f 1600 2343 1601
f 1601 2343 2344
f 1601 2344 1595
f 1595 2344 2345
f 1595 2345 1594
f 1594 2345 2346
f 1594 2346 1576
f 1576 2346 2347
f 1576 2347 1567
f 1567 2347 2348
f 1567 2348 1553
f 1553 2348 2349
f 1553 2349 1552
f 1552 2349 2350
f 1552 2350 1551
f 1551 2350 2351
f 1551 2351 1550
f 1550 2351 2352
f 1550 2352 1548
f 1548 2352 2353
f 1548 2353 1545
f 1545 2353 2354
f 1545 2354 1546
f 1546 2354 2355
f 1546 2355 1547
f 1547 2355 2356
f 1547 2356 1542
f 1542 2356 2357
f 1542 2357 1544
f 1544 2357 2358
f 1544 2358 1540
f 1540 2358 2359
f 1540 2359 1538
f 1538 2359 2360
f 1538 2360 1537
f 1537 2360 2361
f 1537 2361 1536
f 1536 2361 2362
f 1536 2362 1535
f 1535 2362 2363
f 1535 2363 1534
f 1534 2363 2364
f 1534 2364 1533
f 1533 2364 2365
f 1533 2365 1531
f 1531 2365 2366
f 1531 2366 1530
f 1530 2366 2367
f 1530 2367 1529
f 1529 2367 2368
f 1529 2368 1527
f 1527 2368 2369
f 1527 2369 1655
f 1655 2369 2370
f 1655 2370 1526
f 1526 2370 2371
f 1526 2371 1523
f 1523 2371 2372
f 1523 2372 1524
f 1524 2372 2373
f 1524 2373 1522
f 1522 2373 2374
f 1522 2374 1520
f 1520 2374 2375
f 1520 2375 1518
f 1518 2375 2376
f 1518 2376 1519
f 1519 2376 2377
f 1519 2377 1512
f 1512 2377 2378
f 1512 2378 1513
f 1513 2378 2379
f 1513 2379 1515
f 1515 2379 2380
f 1515 2380 1516
f 1516 2380 2381
f 1516 2381 1486
f 1486 2381 2382
f 1486 2382 1490
f 1490 2382 2383
f 1490 2383 1506
f 1506 2383 2384
f 1506 2384 1498
f 1498 2384 2385
f 1498 2385 1464
f 1464 2385 2386
f 1464 2386 1469
f 1469 2386 2387
f 1469 2387 1468
f 1468 2387 2335
f 1722 2388 1723
f 1723 2388 2389
f 1723 2389 1724
f 1724 2389 2390
f 1724 2390 1708
f 1708 2390 2391
f 1708 2391 1709
f 1709 2391 2392
f 1709 2392 1716
f 1716 2392 2393
f 1716 2393 1717
f 1717 2393 2394
f 1717 2394 1718
f 1718 2394 2395
f 1718 2395 1727
f 1727 2395 2396
f 1727 2396 1728
f 1728 2396 2397
f 1728 2397 1729
f 1729 2397 2398
f 1729 2398 1732
f 1732 2398 2399
f 1732 2399 1733
f 1733 2399 2400
f 1733 2400 1734
f 1734 2400 2401
f 1734 2401 1725
f 2401 2402 1725
f 1725 2402 2403
f 1725 2403 1726
f 1726 2403 2404
f 1726 2404 1730
f 1730 2404 2405
f 1730 2405 1731
f 1731 2405 2406
f 1731 2406 1712
f 1712 2406 2407
f 1712 2407 1713
f 1713 2407 2408
f 1713 2408 1714
f 1714 2408 2409
f 1714 2409 1715
f 1715 2409 2410
f 1715 2410 1704
f 1704 2410 2411
f 1704 2411 1703
f 1703 2411 2412
f 1703 2412 1702
f 1702 2412 2413
f 1702 2413 1705
f 1705 2413 2414
f 1705 2414 1706
f 1706 2414 2415
f 1706 2415 1707
f 1707 2415 2416
f 1707 2416 1710
f 1710 2416 2417
f 1710 2417 1711
f 1711 2417 2418
f 1711 2418 1699
f 1699 2418 2419
f 1699 2419 1700
f 1700 2419 2420
f 1700 2420 1701
f 1701 2420 2421
f 1701 2421 1719
f 1719 2421 2422
f 1719 2422 1720
f 1720 2422 2423
f 1720 2423 1721
f 1721 2423 2424
f 1721 2424 1722
f 1722 2424 2425
f 1722 2425 2388
f 2426 1736 2427
f 2427 1736 1735
f 2427 1735 2428
f 2428 1735 1742
f 2428 1742 2429
f 2429 1742 1741
f 2429 1741 2430
f 2430 1741 1740
f 2430 1740 2431
f 2431 1740 1745
f 2431 1745 2432
f 2432 1745 1744
f 2432 1744 2433
f 2433 1744 1743
f 2433 1743 2434
f 2434 1743 1748
f 2434 1748 2435
f 2435 1748 1747
f 2435 1747 2436
f 2436 1747 1746
f 2436 1746 2437
f 2437 1746 1751
f 2437 1751 2438
f 2438 1751 1750
f 2438 1750 2439
f 2439 1750 1749
f 2439 1749 2440
f 2440 1749 1754
f 2440 1754 2441
f 2441 1754 1753
f 2441 1753 2442
f 2442 1753 1752
f 2442 1752 2443
f 2443 1752 1757
f 2443 1757 2444
f 2444 1757 1756
f 2444 1756 2445
f 2445 1756 1755
f 2445 1755 2446
f 2446 1755 1760
f 2446 1760 2447
f 2447 1760 1759
f 2447 1759 2448
f 2448 1759 1758
f 2448 1758 2449
f 2449 1758 1763
f 2449 1763 2450
f 2450 1763 1762
f 2450 1762 2451
f 2451 1762 1761
f 2451 1761 2452
f 2452 1761 1766
f 2452 1766 2453
f 2453 1766 1765
f 2453 1765 2454
f 2454 1765 1764
f 2454 1764 2455
f 2455 1764 1769
f 2455 1769 2456
f 2456 1769 1768
f 2456 1768 2457
f 2457 1768 1767
f 2457 1767 2458
f 2458 1767 1771
f 2458 1771 2459
f 2459 1771 1770
f 2459 1770 2460
f 2460 1770 1739
f 2460 1739 2461
f 2461 1739 1738
f 2461 1738 2426
f 2426 1738 1736
f 2462 1793 2463
f 2463 1793 1792
f 2463 1792 2464
f 2464 1792 1797
f 2464 1797 2465
f 2465 1797 1796
f 2465 1796 2466
f 2466 1796 1795
f 2466 1795 2467
f 2467 1795 1800
f 2467 1800 2468
f 2468 1800 1799
f 2468 1799 2469
f 2469 1799 1798
f 2469 1798 2470
f 2470 1798 1803
f 2470 1803 2471
f 2471 1803 1802
f 2471 1802 2472
f 2472 1802 1801
f 2472 1801 2473
f 2473 1801 1806
f 2473 1806 2474
f 2474 1806 1805
f 2474 1805 2475
f 2475 1805 1804
f 2475 1804 2476
f 2476 1804 1808
f 2476 1808 2477
f 2477 1808 1807
f 2477 1807 2478
f 2478 1807 1776
f 2478 1776 2479
f 2479 1776 1775
f 2479 1775 2480
f 2480 1775 1773
f 2480 1773 2481
f 2481 1773 1772
f 2481 1772 2482
f 2482 1772 1779
f 2482 1779 2483
f 2483 1779 1778
f 2483 1778 2484
f 2484 1778 1777
f 2484 1777 2485
f 2485 1777 1782
f 2485 1782 2486
f 2486 1782 1781
f 2486 1781 2487
f 2487 1781 1780
f 2487 1780 2488
f 2488 1780 1785
f 2488 1785 2489
f 2489 1785 1784
f 2489 1784 2490
f 2490 1784 1783
f 2490 1783 2491
f 2491 1783 1788
f 2491 1788 2492
f 2492 1788 1787
f 2492 1787 2493
f 2493 1787 1786
f 2493 1786 2494
f 2494 1786 1791
f 2494 1791 2495
f 2495 1791 1790
f 2495 1790 2496
f 2496 1790 1789
f 2496 1789 2497
f 2497 1789 1794
f 2497 1794 2462
f 2462 1794 1793
f 2498 1839 2499
f 2499 1839 1838
f 2499 1838 2500
f 2500 1838 1843
f 2500 1843 2501
f 2501 1843 1842
f 2501 1842 2502
f 2502 1842 1841
f 2502 1841 2503
f 2503 1841 1845
f 2503 1845 2504
f 2504 1845 1844
f 2504 1844 2505
f 2505 1844 1813
f 2505 1813 2506
f 2506 1813 1812
f 2506 1812 2507
f 2507 1812 1810
f 2507 1810 2508
f 2508 1810 1809
f 2508 1809 2509
f 2509 1809 1816
f 2509 1816 2510
f 2510 1816 1815
f 2510 1815 2511
f 2511 1815 1814
f 2511 1814 2512
f 2512 1814 1819
f 2512 1819 2513
f 2513 1819 1818
f 2513 1818 2514
f 2514 1818 1817
f 2514 1817 2515
f 2515 1817 1822
f 2515 1822 2516
f 2516 1822 1821
f 2516 1821 2517
f 2517 1821 1820
f 2517 1820 2518
f 2518 1820 1825
f 2518 1825 2519
f 2519 1825 1824
f 2519 1824 2520
f 2520 1824 1823
f 2520 1823 2521
f 2521 1823 1828
f 2521 1828 2522
f 2522 1828 1827
f 2522 1827 2523
f 2523 1827 1826
f 2523 1826 2524
f 2524 1826 1831
f 2524 1831 2525
f 2525 1831 1830
f 2525 1830 2526
f 2526 1830 1829
f 2526 1829 2527
f 2527 1829 1834
f 2527 1834 2528
f 2528 1834 1833
f 2528 1833 2529
f 2529 1833 1832
f 2529 1832 2530
f 2530 1832 1837
f 2530 1837 2531
f 2531 1837 1836
f 2531 1836 2532
f 2532 1836 1835
f 2532 1835 2533
f 2533 1835 1840
f 2533 1840 2498
f 2498 1840 1839
f 2534 1847 2535
f 2535 1847 1846
f 2535 1846 2536
f 2536 1846 1853
f 2536 1853 2537
f 2537 1853 1852
f 2537 1852 2538
f 2538 1852 1851
f 2538 1851 2539
f 2539 1851 1856
f 2539 1856 2540
f 2540 1856 1855
f 2540 1855 2541
f 2541 1855 1854
f 2541 1854 2542
f 2542 1854 1859
f 2542 1859 2543
f 2543 1859 1858
f 2543 1858 2544
f 2544 1858 1857
f 2544 1857 2545
f 2545 1857 1862
f 2545 1862 2546
f 2546 1862 1861
f 2546 1861 2547
f 2547 1861 1860
f 2547 1860 2548
f 2548 1860 1865
f 2548 1865 2549
f 2549 1865 1864
f 2549 1864 2550
f 2550 1864 1863
f 2550 1863 2551
f 2551 1863 1868
f 2551 1868 2552
f 2552 1868 1867
f 2552 1867 2553
f 2553 1867 1866
f 2553 1866 2554
f 2554 1866 1871
f 2554 1871 2555
f 2555 1871 1870
f 2555 1870 2556
f 2556 1870 1869
f 2556 1869 2557
f 2557 1869 1874
f 2557 1874 2558
f 2558 1874 1873
f 2558 1873 2559
f 2559 1873 1872
f 2559 1872 2560
f 2560 1872 1877
f 2560 1877 2561
f 2561 1877 1876
f 2561 1876 2562
f 2562 1876 1875
f 2562 1875 2563
f 2563 1875 1880
f 2563 1880 2564
f 2564 1880 1879
f 2564 1879 2565
f 2565 1879 1878
f 2565 1878 2566
f 2566 1878 1882
f 2566 1882 2567
f 2567 1882 1881
f 2567 1881 2568
f 2568 1881 1850
f 2568 1850 2569
f 2569 1850 1849
f 2569 1849 2534
f 2534 1849 1847
f 2570 1895 2571
f 2571 1895 1894
f 2571 1894 2572
f 2572 1894 1899
f 2572 1899 2573
f 2573 1899 1898
f 2573 1898 2574
f 2574 1898 1897
f 2574 1897 2575
f 2575 1897 1902
f 2575 1902 2576
f 2576 1902 1901
f 2576 1901 2577
f 2577 1901 1900
f 2577 1900 2578
f 2578 1900 1905
f 2578 1905 2579
f 2579 1905 1904
f 2579 1904 2580
f 2580 1904 1903
f 2580 1903 2581
f 2581 1903 1908
f 2581 1908 2582
f 2582 1908 1907
f 2582 1907 2583
f 2583 1907 1906
f 2583 1906 2584
f 2584 1906 1911
f 2584 1911 2585
f 2585 1911 1910
f 2585 1910 2586
f 2586 1910 1909
f 2586 1909 2587
f 2587 1909 1914
f 2587 1914 2588
f 2588 1914 1913
f 2588 1913 2589
f 2589 1913 1912
f 2589 1912 2590
f 2590 1912 1917
f 2590 1917 2591
f 2591 1917 1916
f 2591 1916 2592
f 2592 1916 1915
f 2592 1915 2593
f 2593 1915 1919
f 2593 1919 2594
f 2594 1919 1918
f 2594 1918 2595
f 2595 1918 1887
f 2595 1887 2596
f 2596 1887 1886
f 2596 1886 2597
f 2597 1886 1884
f 2597 1884 2598
f 2598 1884 1883
f 2598 1883 2599
f 2599 1883 1890
f 2599 1890 2600
f 2600 1890 1889
f 2600 1889 2601
f 2601 1889 1888
f 2601 1888 2602
f 2602 1888 1893
f 2602 1893 2603
f 2603 1893 1892
f 2603 1892 2604
f 2604 1892 1891
f 2604 1891 2605
f 2605 1891 1896
f 2605 1896 2570
f 2570 1896 1895
f 2606 1941 2607
f 2607 1941 1940
f 2607 1940 2608
f 2608 1940 1945
f 2608 1945 2609
f 2609 1945 1944
f 2609 1944 2610
f 2610 1944 1943
f 2610 1943 2611
f 2611 1943 1948
f 2611 1948 2612
f 2612 1948 1947
f 2612 1947 2613
f 2613 1947 1946
f 2613 1946 2614
f 2614 1946 1951
f 2614 1951 2615
f 2615 1951 1950
f 2615 1950 2616
f 2616 1950 1949
f 2616 1949 2617
f 2617 1949 1954
f 2617 1954 2618
f 2618 1954 1953
f 2618 1953 2619
f 2619 1953 1952
f 2619 1952 2620
f 2620 1952 1956
f 2620 1956 2621
f 2621 1956 1955
f 2621 1955 2622
f 2622 1955 1924
f 2622 1924 2623
f 2623 1924 1923
f 2623 1923 2624
f 2624 1923 1921
f 2624 1921 2625
f 2625 1921 1920
f 2625 1920 2626
f 2626 1920 1927
f 2626 1927 2627
f 2627 1927 1926
f 2627 1926 2628
f 2628 1926 1925
f 2628 1925 2629
f 2629 1925 1930
f 2629 1930 2630
f 2630 1930 1929
f 2630 1929 2631
f 2631 1929 1928
f 2631 1928 2632
f 2632 1928 1933
f 2632 1933 2633
f 2633 1933 1932
f 2633 1932 2634
f 2634 1932 1931
f 2634 1931 2635
f 2635 1931 1936
f 2635 1936 2636
f 2636 1936 1935
f 2636 1935 2637
f 2637 1935 1934
f 2637 1934 2638
f 2638 1934 1939
f 2638 1939 2639
f 2639 1939 1938
f 2639 1938 2640
f 2640 1938 1937
f 2640 1937 2641
f 2641 1937 1942
f 2641 1942 2606
f 2606 1942 1941
f 1958 1957 2642
f 2642 1957 2643
f 1957 1962 2643
f 2643 1962 1961
f 2643 1961 2644
f 2644 1961 1960
f 2644 1960 2645
f 2645 1960 1965
f 2645 1965 2646
f 2646 1965 1964
f 2646 1964 2647
f 2647 1964 1963
f 2647 1963 2648
f 2648 1963 1968
f 2648 1968 2649
f 2649 1968 1967
f 2649 1967 2650
f 2650 1967 1966
f 2650 1966 2651
f 2651 1966 1971
f 2651 1971 2652
f 2652 1971 1970
f 2652 1970 2653
f 2653 1970 1969
f 2653 1969 2654
f 2654 1969 1974
f 2654 1974 2655
f 2655 1974 1973
f 2655 1973 2656
f 2656 1973 1972
f 2656 1972 2657
f 2657 1972 1977
f 2657 1977 2658
f 2658 1977 1976
f 2658 1976 2659
f 2659 1976 1975
f 2659 1975 2660
f 2660 1975 1980
f 2660 1980 2661
f 2661 1980 1979
f 2661 1979 2662
f 2662 1979 1978
f 2662 1978 2663
f 2663 1978 1983
f 2663 1983 2664
f 2664 1983 1982
f 2664 1982 2665
f 2665 1982 1981
f 2665 1981 2666
f 2666 1981 1986
f 2666 1986 2667
f 2667 1986 1985
f 2667 1985 2668
f 2668 1985 1984
f 2668 1984 2669
f 2669 1984 1989
f 2669 1989 2670
f 2670 1989 1988
f 2670 1988 2671
f 2671 1988 1987
f 2671 1987 2672
f 2672 1987 1992
f 2672 1992 2673
f 2673 1992 1991
f 2673 1991 2674
f 2674 1991 1990
f 2674 1990 2675
f 2675 1990 1994
f 2675 1994 2676
f 2676 1994 1993
f 2676 1993 2677
f 2677 1993 1958
f 2677 1958 2678
f 2678 1958 2642
f 1996 1995 2679
f 2679 1995 2680
f 1995 2000 2680
f 2680 2000 1999
f 2680 1999 2681
f 2681 1999 1998
f 2681 1998 2682
f 2682 1998 2003
f 2682 2003 2683
f 2683 2003 2002
f 2683 2002 2684
f 2684 2002 2001
f 2684 2001 2685
f 2685 2001 2006
f 2685 2006 2686
f 2686 2006 2005
f 2686 2005 2687
f 2687 2005 2004
f 2687 2004 2688
f 2688 2004 2009
f 2688 2009 2689
f 2689 2009 2008
f 2689 2008 2690
f 2690 2008 2007
f 2690 2007 2691
f 2691 2007 2012
f 2691 2012 2692
f 2692 2012 2011
f 2692 2011 2693
f 2693 2011 2010
f 2693 2010 2694
f 2694 2010 2015
f 2694 2015 2695
f 2695 2015 2014
f 2695 2014 2696
f 2696 2014 2013
f 2696 2013 2697
f 2697 2013 2018
f 2697 2018 2698
f 2698 2018 2017
f 2698 2017 2699
f 2699 2017 2016
f 2699 2016 2700
f 2700 2016 2021
f 2700 2021 2701
f 2701 2021 2020
f 2701 2020 2702
f 2702 2020 2019
f 2702 2019 2703
f 2703 2019 2024
f 2703 2024 2704
f 2704 2024 2023
f 2704 2023 2705
f 2705 2023 2022
f 2705 2022 2706
f 2706 2022 2027
f 2706 2027 2707
f 2707 2027 2026
f 2707 2026 2708
f 2708 2026 2025
f 2708 2025 2709
f 2709 2025 2030
f 2709 2030 2710
f 2710 2030 2029
f 2710 2029 2711
f 2711 2029 2028
f 2711 2028 2712
f 2712 2028 2032
f 2712 2032 2713
f 2713 2032 2031
f 2713 2031 2714
f 2714 2031 1996
f 2714 1996 2715
f 2715 1996 2679
f 2716 2717 2033
f 2033 2717 2034
f 2033 2038 2716
f 2716 2038 2037
f 2716 2037 2718
f 2718 2037 2036
f 2718 2036 2719
f 2719 2036 2041
f 2719 2041 2720
f 2720 2041 2040
f 2720 2040 2721
f 2721 2040 2039
f 2721 2039 2722
f 2722 2039 2044
f 2722 2044 2723
f 2723 2044 2043
f 2723 2043 2724
f 2724 2043 2042
f 2724 2042 2725
f 2725 2042 2047
f 2725 2047 2726
f 2726 2047 2046
f 2726 2046 2727
f 2727 2046 2045
f 2727 2045 2728
f 2728 2045 2050
f 2728 2050 2729
f 2729 2050 2049
f 2729 2049 2730
f 2730 2049 2048
f 2730 2048 2731
f 2731 2048 2053
f 2731 2053 2732
f 2732 2053 2052
f 2732 2052 2733
f 2733 2052 2051
f 2733 2051 2734
f 2734 2051 2056
f 2734 2056 2735
f 2735 2056 2055
f 2735 2055 2736
f 2736 2055 2054
f 2736 2054 2737
f 2737 2054 2059
f 2737 2059 2738
f 2738 2059 2058
f 2738 2058 2739
f 2739 2058 2057
f 2739 2057 2740
f 2740 2057 2062
f 2740 2062 2741
f 2741 2062 2061
f 2741 2061 2742
f 2742 2061 2060
f 2742 2060 2743
f 2743 2060 2065
f 2743 2065 2744
f 2744 2065 2064
f 2744 2064 2745
f 2745 2064 2063
f 2745 2063 2746
f 2746 2063 2068
f 2746 2068 2747
f 2747 2068 2067
f 2747 2067 2748
f 2748 2067 2066
f 2748 2066 2749
f 2749 2066 2070
f 2749 2070 2750
f 2750 2070 2069
f 2750 2069 2751
f 2751 2069 2034
f 2751 2034 2752
f 2752 2034 2717
f 2753 2754 2071
f 2071 2754 2072
f 2071 2076 2753
f 2753 2076 2075
f 2753 2075 2755
f 2755 2075 2074
f 2755 2074 2756
f 2756 2074 2079
f 2756 2079 2757
f 2757 2079 2078
f 2757 2078 2758
f 2758 2078 2077
f 2758 2077 2759
f 2759 2077 2082
f 2759 2082 2760
f 2760 2082 2081
f 2760 2081 2761
f 2761 2081 2080
f 2761 2080 2762
f 2762 2080 2085
f 2762 2085 2763
f 2763 2085 2084
f 2763 2084 2764
f 2764 2084 2083
f 2764 2083 2765
f 2765 2083 2088
f 2765 2088 2766
f 2766 2088 2087
f 2766 2087 2767
f 2767 2087 2086
f 2767 2086 2768
f 2768 2086 2091
f 2768 2091 2769
f 2769 2091 2090
f 2769 2090 2770
f 2770 2090 2089
f 2770 2089 2771
f 2771 2089 2094
f 2771 2094 2772
f 2772 2094 2093
f 2772 2093 2773
f 2773 2093 2092
f 2773 2092 2774
f 2774 2092 2097
f 2774 2097 2775
f 2775 2097 2096
f 2775 2096 2776
f 2776 2096 2095
f 2776 2095 2777
f 2777 2095 2100
f 2777 2100 2778
f 2778 2100 2099
f 2778 2099 2779
f 2779 2099 2098
f 2779 2098 2780
f 2780 2098 2103
f 2780 2103 2781
f 2781 2103 2102
f 2781 2102 2782
f 2782 2102 2101
f 2782 2101 2783
f 2783 2101 2106
f 2783 2106 2784
f 2784 2106 2105
f 2784 2105 2785
f 2785 2105 2104
f 2785 2104 2786
f 2786 2104 2108
f 2786 2108 2787
f 2787 2108 2107
f 2787 2107 2788
f 2788 2107 2072
f 2788 2072 2789
f 2789 2072 2754
f 2790 2139 2791
f 2791 2139 2138
f 2791 2138 2792
f 2792 2138 2143
f 2792 2143 2793
f 2793 2143 2142
f 2793 2142 2794
f 2794 2142 2141
f 2794 2141 2795
f 2795 2141 2145
f 2795 2145 2796
f 2796 2145 2144
f 2796 2144 2797
f 2797 2144 2113
f 2797 2113 2798
f 2798 2113 2112
f 2798 2112 2799
f 2799 2112 2110
f 2799 2110 2800
f 2800 2110 2109
f 2800 2109 2801
f 2801 2109 2116
f 2801 2116 2802
f 2802 2116 2115
f 2802 2115 2803
f 2803 2115 2114
f 2803 2114 2804
f 2804 2114 2119
f 2804 2119 2805
f 2805 2119 2118
f 2805 2118 2806
f 2806 2118 2117
f 2806 2117 2807
f 2807 2117 2122
f 2807 2122 2808
f 2808 2122 2121
f 2808 2121 2809
f 2809 2121 2120
f 2809 2120 2810
f 2810 2120 2125
f 2810 2125 2811
f 2811 2125 2124
f 2811 2124 2812
f 2812 2124 2123
f 2812 2123 2813
f 2813 2123 2128
f 2813 2128 2814
f 2814 2128 2127
f 2814 2127 2815
f 2815 2127 2126
f 2815 2126 2816
f 2816 2126 2131
f 2816 2131 2817
f 2817 2131 2130
f 2817 2130 2818
f 2818 2130 2129
f 2818 2129 2819
f 2819 2129 2134
f 2819 2134 2820
f 2820 2134 2133
f 2820 2133 2821
f 2821 2133 2132
f 2821 2132 2822
f 2822 2132 2137
f 2822 2137 2823
f 2823 2137 2136
f 2823 2136 2824
f 2824 2136 2135
f 2824 2135 2825
f 2825 2135 2140
f 2825 2140 2790
f 2790 2140 2139
f 2826 2158 2827
f 2827 2158 2157
f 2827 2157 2828
f 2828 2157 2162
f 2828 2162 2829
f 2829 2162 2161
f 2829 2161 2830
f 2830 2161 2160
f 2830 2160 2831
f 2831 2160 2165
f 2831 2165 2832
f 2832 2165 2164
f 2832 2164 2833
f 2833 2164 2163
f 2833 2163 2834
f 2834 2163 2168
f 2834 2168 2835
f 2835 2168 2167
f 2835 2167 2836
f 2836 2167 2166
f 2836 2166 2837
f 2837 2166 2171
f 2837 2171 2838
f 2838 2171 2170
f 2838 2170 2839
f 2839 2170 2169
f 2839 2169 2840
f 2840 2169 2174
f 2840 2174 2841
f 2841 2174 2173
f 2841 2173 2842
f 2842 2173 2172
f 2842 2172 2843
f 2843 2172 2177
f 2843 2177 2844
f 2844 2177 2176
f 2844 2176 2845
f 2845 2176 2175
f 2845 2175 2846
f 2846 2175 2180
f 2846 2180 2847
f 2847 2180 2179
f 2847 2179 2848
f 2848 2179 2178
f 2848 2178 2849
f 2849 2178 2182
f 2849 2182 2850
f 2850 2182 2181
f 2850 2181 2851
f 2851 2181 2150
f 2851 2150 2852
f 2852 2150 2149
f 2852 2149 2853
f 2853 2149 2147
f 2853 2147 2854
f 2854 2147 2146
f 2854 2146 2855
f 2855 2146 2153
f 2855 2153 2856
f 2856 2153 2152
f 2856 2152 2857
f 2857 2152 2151
f 2857 2151 2858
f 2858 2151 2156
f 2858 2156 2859
f 2859 2156 2155
f 2859 2155 2860
f 2860 2155 2154
f 2860 2154 2861
f 2861 2154 2159
f 2861 2159 2826
f 2826 2159 2158
f 2260 2259 2862
f 2260 2862 2261
f 2863 2274 2273
f 2270 2269 2863
f 2863 2269 2268
f 2268 2267 2863
f 2863 2267 2266
f 2863 2266 2265
f 2265 2264 2863
f 2863 2264 2263
f 2863 2263 2862
f 2862 2263 2262
f 2862 2262 2261
f 2273 2272 2863
f 2863 2272 2271
f 2863 2271 2270
f 2222 2221 2864
f 2865 2236 2235
f 2227 2226 2864
f 2864 2226 2225
f 2231 2230 2864
f 2225 2224 2864
f 2864 2224 2223
f 2864 2223 2222
f 2235 2234 2865
f 2865 2234 2233
f 2865 2233 2864
f 2864 2233 2232
f 2864 2232 2231
f 2230 2229 2864
f 2864 2229 2228
f 2864 2228 2227
f 2184 2183 2866
f 2197 2196 2867
f 2867 2196 2195
f 2184 2866 2185
f 2185 2866 2867
f 2185 2867 2186
f 2192 2191 2867
f 2867 2191 2190
f 2867 2190 2189
f 2195 2194 2867
f 2867 2194 2193
f 2867 2193 2192
f 2189 2188 2867
f 2867 2188 2187
f 2867 2187 2186
f 2321 2320 2868
f 2868 2297 2334
f 2321 2868 2322
f 2331 2330 2868
f 2868 2330 2329
f 2868 2329 2328
f 2328 2327 2868
f 2868 2327 2326
f 2868 2326 2325
f 2325 2324 2868
f 2868 2324 2323
f 2868 2323 2322
f 2334 2333 2868
f 2868 2333 2332
f 2868 2332 2331
f 2382 2381 2284
f 2341 2340 2248
f 2212 2211 2347
f 2338 2253 2252
f 2248 2247 2341
f 2341 2247 2246
f 2341 2246 2342
f 2356 2355 2306
f 2366 2365 2418
f 2370 2409 2371
f 2371 2409 2408
f 2371 2408 2372
f 2372 2408 2407
f 2372 2407 2373
f 2295 2869 2296
f 2296 2869 2259
f 2380 2286 2381
f 2381 2286 2285
f 2381 2285 2284
f 2284 2283 2382
f 2382 2283 2282
f 2382 2282 2383
f 2870 2871 2387
f 2871 2872 2387
f 2387 2872 2873
f 2387 2873 2874
f 2338 2252 2339
f 2306 2305 2356
f 2356 2305 2304
f 2356 2304 2357
f 2357 2304 2303
f 2357 2303 2358
f 2358 2303 2302
f 2358 2302 2359
f 2359 2302 2301
f 2359 2301 2360
f 2368 2367 2414
f 2414 2413 2368
f 2368 2413 2412
f 2368 2412 2369
f 2369 2412 2411
f 2369 2411 2370
f 2370 2411 2410
f 2370 2410 2409
f 2379 2288 2380
f 2380 2288 2287
f 2380 2287 2286
f 2256 2387 2257
f 2257 2387 2874
f 2257 2874 2258
f 2258 2874 2875
f 2258 2875 2221
f 2253 2338 2254
f 2254 2338 2337
f 2254 2337 2255
f 2255 2337 2336
f 2255 2336 2256
f 2256 2336 2335
f 2256 2335 2387
f 2252 2251 2339
f 2339 2251 2250
f 2339 2250 2340
f 2340 2250 2249
f 2340 2249 2248
f 2349 2316 2350
f 2350 2316 2315
f 2350 2315 2351
f 2418 2417 2366
f 2366 2417 2416
f 2366 2416 2367
f 2367 2416 2415
f 2367 2415 2414
f 2215 2214 2347
f 2347 2214 2213
f 2347 2213 2212
f 2211 2210 2347
f 2347 2210 2209
f 2347 2209 2348
f 2876 2320 2319
f 2424 2877 2425
f 2425 2877 2878
f 2425 2878 2388
f 2373 2879 2880
f 2282 2281 2383
f 2383 2281 2280
f 2383 2280 2384
f 2384 2280 2279
f 2384 2279 2385
f 2385 2279 2278
f 2385 2278 2386
f 2386 2278 2277
f 2386 2277 2387
f 2387 2277 2276
f 2387 2276 2275
f 2274 2881 2275
f 2275 2881 2882
f 2275 2882 2387
f 2387 2882 2883
f 2387 2883 2870
f 2236 2884 2237
f 2237 2884 2885
f 2237 2885 2238
f 2201 2200 2316
f 2316 2200 2199
f 2316 2199 2317
f 2876 2319 2886
f 2886 2319 2318
f 2886 2318 2887
f 2315 2314 2351
f 2351 2314 2313
f 2351 2313 2352
f 2352 2313 2312
f 2352 2312 2353
f 2354 2308 2355
f 2355 2308 2307
f 2355 2307 2306
f 2407 2406 2373
f 2373 2406 2405
f 2373 2405 2404
f 2880 2888 2373
f 2373 2888 2889
f 2373 2889 2890
f 2890 2869 2373
f 2373 2869 2295
f 2373 2295 2374
f 2374 2295 2294
f 2374 2294 2375
f 2375 2294 2293
f 2375 2293 2376
f 2376 2293 2292
f 2376 2292 2377
f 2377 2292 2291
f 2377 2291 2378
f 2378 2291 2290
f 2378 2290 2379
f 2379 2290 2289
f 2379 2289 2288
f 2183 2220 2891
f 2891 2220 2219
f 2891 2219 2885
f 2885 2219 2239
f 2885 2239 2238
f 2219 2218 2239
f 2239 2218 2217
f 2239 2217 2216
f 2216 2215 2239
f 2239 2215 2347
f 2239 2347 2240
f 2240 2347 2346
f 2240 2346 2241
f 2241 2346 2345
f 2241 2345 2242
f 2242 2345 2344
f 2242 2344 2243
f 2243 2344 2343
f 2243 2343 2244
f 2244 2343 2342
f 2244 2342 2245
f 2245 2342 2246
f 2209 2208 2348
f 2348 2208 2207
f 2348 2207 2349
f 2349 2207 2206
f 2349 2206 2205
f 2205 2204 2349
f 2349 2204 2203
f 2349 2203 2316
f 2316 2203 2202
f 2316 2202 2201
f 2312 2311 2353
f 2353 2311 2310
f 2353 2310 2354
f 2354 2310 2309
f 2354 2309 2308
f 2301 2300 2360
f 2360 2300 2299
f 2360 2299 2298
f 2892 2893 2360
f 2403 2894 2404
f 2404 2894 2895
f 2404 2895 2373
f 2373 2895 2896
f 2373 2896 2879
f 2318 2317 2887
f 2887 2317 2199
f 2887 2199 2897
f 2897 2199 2198
f 2897 2198 2197
f 2297 2898 2298
f 2298 2898 2899
f 2298 2899 2360
f 2360 2899 2900
f 2360 2900 2892
f 2893 2901 2360
f 2360 2901 2902
f 2360 2902 2903
f 2903 2877 2360
f 2360 2877 2424
f 2360 2424 2361
f 2361 2424 2423
f 2361 2423 2362
f 2362 2423 2422
f 2362 2422 2363
f 2363 2422 2421
f 2363 2421 2364
f 2364 2421 2420
f 2364 2420 2365
f 2365 2420 2419
f 2365 2419 2418
f 2389 2388 2904
f 2389 2904 2390
f 2904 2403 2402
f 2402 2401 2904
f 2904 2401 2400
f 2904 2400 2399
f 2393 2392 2904
f 2904 2392 2391
f 2904 2391 2390
f 2399 2398 2904
f 2904 2398 2397
f 2904 2397 2396
f 2396 2395 2904
f 2904 2395 2394
f 2904 2394 2393
f 2905 2906 2907
f 2908 2909 2910
f 2911 2912 2910
f 2913 2914 2915
f 2657 2658 2916
f 2671 2672 2917
f 2917 2672 2673
f 2645 2646 2918
f 2652 2653 2919
f 2673 2674 2917
f 2917 2674 2675
f 2917 2675 2918
f 2653 2654 2919
f 2919 2654 2655
f 2919 2655 2916
f 2916 2655 2656
f 2916 2656 2657
f 2645 2918 2644
f 2647 2648 2919
f 2919 2648 2649
f 2920 2663 2921
f 2921 2663 2664
f 2921 2664 2922
f 2649 2650 2919
f 2919 2650 2651
f 2919 2651 2652
f 2664 2665 2922
f 2922 2665 2666
f 2922 2666 2917
f 2917 2666 2667
f 2917 2667 2668
f 2675 2676 2918
f 2918 2676 2677
f 2918 2677 2678
f 2658 2659 2916
f 2916 2659 2660
f 2916 2660 2923
f 2923 2660 2661
f 2923 2661 2920
f 2920 2661 2662
f 2920 2662 2663
f 2668 2669 2917
f 2917 2669 2670
f 2917 2670 2671
f 2678 2642 2918
f 2918 2642 2643
f 2918 2643 2644
f 2913 2915 2924
f 2924 2915 2925
f 2924 2925 2926
f 2585 2586 2926
f 2926 2586 2927
f 2927 2586 2587
f 2927 2587 2588
f 2597 2598 2928
f 2570 2571 2925
f 2925 2571 2572
f 2925 2572 2573
f 2570 2925 2605
f 2605 2925 2928
f 2605 2928 2604
f 2925 2576 2577
f 2581 2582 2926
f 2573 2574 2925
f 2925 2574 2575
f 2925 2575 2576
f 2577 2578 2925
f 2925 2578 2579
f 2925 2579 2926
f 2926 2579 2580
f 2926 2580 2581
f 2594 2929 2593
f 2593 2929 2592
f 2594 2595 2929
f 2929 2595 2596
f 2929 2596 2597
f 2598 2599 2928
f 2928 2599 2600
f 2928 2600 2601
f 2588 2589 2927
f 2927 2589 2590
f 2927 2590 2929
f 2929 2590 2591
f 2929 2591 2592
f 2601 2602 2928
f 2928 2602 2603
f 2928 2603 2604
f 2582 2583 2926
f 2926 2583 2584
f 2926 2584 2585
f 2681 2682 2912
f 2686 2687 2930
f 2682 2683 2912
f 2912 2683 2684
f 2912 2684 2930
f 2930 2684 2685
f 2930 2685 2686
f 2692 2930 2691
f 2691 2930 2690
f 2705 2706 2911
f 2687 2688 2930
f 2930 2688 2689
f 2930 2689 2690
f 2597 2928 2929
f 2929 2928 2930
f 2929 2930 2931
f 2931 2930 2692
f 2931 2692 2693
f 2693 2694 2931
f 2931 2694 2695
f 2931 2695 2696
f 2701 2702 2932
f 2932 2702 2703
f 2932 2703 2911
f 2911 2703 2704
f 2911 2704 2705
f 2706 2707 2911
f 2911 2707 2708
f 2911 2708 2709
f 2931 2699 2932
f 2932 2699 2700
f 2932 2700 2701
f 2712 2912 2711
f 2711 2912 2911
f 2711 2911 2710
f 2710 2911 2709
f 2712 2713 2912
f 2912 2713 2714
f 2912 2714 2715
f 2696 2697 2931
f 2931 2697 2698
f 2931 2698 2699
f 2715 2679 2912
f 2912 2679 2680
f 2912 2680 2681
f 2909 2933 2910
f 2910 2933 2934
f 2910 2934 2911
f 2935 2936 2937
f 2937 2936 2938
f 2937 2938 2939
f 2939 2938 2940
f 2939 2940 2941
f 2942 2943 2944
f 2944 2943 2945
f 2946 2947 2948
f 2948 2947 2942
f 2948 2942 2949
f 2950 2951 2946
f 2952 2953 2951
f 2954 2955 2956
f 2956 2955 2953
f 2954 2956 2957
f 2957 2956 2958
f 2957 2958 2959
f 2959 2958 2960
f 2960 2958 2961
f 2960 2961 2962
f 2962 2607 2608
f 2625 2963 2624
f 2624 2963 2964
f 2608 2609 2962
f 2962 2609 2610
f 2962 2610 2611
f 2611 2612 2962
f 2962 2612 2613
f 2962 2613 2965
f 2613 2614 2965
f 2965 2614 2615
f 2965 2615 2966
f 2966 2615 2616
f 2966 2616 2967
f 2621 2622 2964
f 2964 2622 2623
f 2964 2623 2624
f 2625 2626 2963
f 2963 2626 2627
f 2963 2627 2628
f 2633 2961 2632
f 2632 2961 2963
f 2632 2963 2631
f 2633 2634 2961
f 2961 2634 2635
f 2961 2635 2636
f 2639 2640 2961
f 2961 2640 2641
f 2961 2641 2962
f 2962 2641 2606
f 2962 2606 2607
f 2616 2617 2967
f 2967 2617 2618
f 2967 2618 2968
f 2968 2618 2619
f 2968 2619 2964
f 2964 2619 2620
f 2964 2620 2621
f 2628 2629 2963
f 2963 2629 2630
f 2963 2630 2631
f 2636 2637 2961
f 2961 2637 2638
f 2961 2638 2639
f 2916 2969 2919
f 2919 2969 2970
f 2919 2970 2963
f 2963 2970 2971
f 2963 2971 2964
f 2458 2459 2972
f 2972 2459 2460
f 2441 2442 2973
f 2434 2435 2973
f 2460 2461 2972
f 2972 2461 2426
f 2972 2426 2427
f 2444 2445 2974
f 2974 2445 2446
f 2974 2446 2447
f 2427 2428 2975
f 2975 2428 2429
f 2975 2429 2430
f 2430 2431 2975
f 2975 2431 2432
f 2975 2432 2433
f 2435 2436 2973
f 2973 2436 2437
f 2973 2437 2438
f 2973 2442 2974
f 2974 2442 2443
f 2974 2443 2444
f 2438 2439 2973
f 2973 2439 2440
f 2973 2440 2441
f 2456 2457 2976
f 2456 2976 2455
f 2448 2449 2977
f 2977 2449 2450
f 2977 2450 2451
f 2451 2452 2977
f 2977 2452 2453
f 2977 2453 2976
f 2976 2453 2454
f 2976 2454 2455
f 2477 2478 2978
f 2978 2478 2479
f 2463 2464 2979
f 2979 2464 2465
f 2979 2465 2466
f 2479 2480 2978
f 2978 2480 2481
f 2978 2481 2980
f 2481 2482 2980
f 2980 2482 2483
f 2980 2483 2484
f 2484 2485 2980
f 2980 2485 2486
f 2980 2486 2487
f 2488 2489 2981
f 2981 2489 2490
f 2490 2491 2981
f 2981 2491 2492
f 2981 2492 2493
f 2493 2494 2981
f 2981 2494 2495
f 2981 2495 2496
f 2496 2497 2979
f 2979 2497 2462
f 2979 2462 2463
f 2469 2963 2468
f 2468 2963 2467
f 2469 2470 2963
f 2963 2470 2471
f 2963 2471 2919
f 2919 2471 2472
f 2919 2472 2473
f 2473 2474 2919
f 2919 2474 2475
f 2919 2475 2978
f 2978 2475 2476
f 2978 2476 2477
f 2802 2803 2981
f 2981 2803 2804
f 2981 2804 2805
f 2797 2798 2982
f 2809 2810 2975
f 2797 2982 2796
f 2805 2806 2981
f 2981 2806 2807
f 2981 2807 2975
f 2975 2807 2808
f 2975 2808 2809
f 2798 2799 2982
f 2982 2799 2800
f 2982 2800 2981
f 2981 2800 2801
f 2981 2801 2802
f 2810 2811 2975
f 2975 2811 2812
f 2975 2812 2813
f 2819 2983 2818
f 2818 2983 2817
f 2813 2814 2975
f 2975 2814 2815
f 2975 2815 2983
f 2983 2815 2816
f 2983 2816 2817
f 2791 2792 2984
f 2792 2793 2984
f 2984 2793 2794
f 2984 2794 2982
f 2982 2794 2795
f 2982 2795 2796
f 2819 2820 2983
f 2983 2820 2821
f 2983 2821 2985
f 2985 2821 2822
f 2985 2822 2823
f 2823 2824 2985
f 2985 2824 2825
f 2985 2825 2790
f 2827 2828 2980
f 2980 2828 2829
f 2859 2860 2973
f 2973 2860 2861
f 2973 2861 2980
f 2980 2861 2826
f 2980 2826 2827
f 2848 2849 2986
f 2986 2849 2850
f 2850 2851 2986
f 2986 2851 2852
f 2986 2852 2853
f 2854 2855 2973
f 2973 2855 2856
f 2829 2830 2980
f 2980 2830 2831
f 2980 2831 2832
f 2836 2837 2987
f 2987 2837 2838
f 2856 2857 2973
f 2973 2857 2858
f 2973 2858 2859
f 2833 2834 2987
f 2987 2834 2835
f 2987 2835 2836
f 2930 2846 2847
f 2839 2840 2928
f 2928 2840 2841
f 2928 2841 2842
f 2842 2843 2928
f 2928 2843 2844
f 2928 2844 2930
f 2930 2844 2845
f 2930 2845 2846
f 2914 2917 2915
f 2915 2917 2918
f 2915 2918 2925
f 2925 2918 2988
f 2925 2988 2928
f 2928 2988 2987
f 2928 2987 2839
f 2839 2987 2838
f 2646 2647 2918
f 2918 2647 2919
f 2918 2919 2988
f 2988 2919 2978
f 2988 2978 2987
f 2987 2978 2980
f 2987 2980 2833
f 2833 2980 2832
f 2771 2772 2952
f 2776 2777 2956
f 2956 2777 2778
f 2953 2952 2956
f 2956 2952 2775
f 2956 2775 2776
f 2762 2763 2984
f 2984 2763 2764
f 2768 2769 2952
f 2952 2769 2770
f 2952 2770 2771
f 2772 2773 2952
f 2952 2773 2774
f 2952 2774 2775
f 2778 2779 2956
f 2956 2779 2780
f 2956 2780 2781
f 2759 2760 2984
f 2984 2760 2761
f 2984 2761 2762
f 2764 2765 2984
f 2984 2765 2766
f 2984 2766 2952
f 2952 2766 2767
f 2952 2767 2768
f 2781 2782 2956
f 2956 2782 2783
f 2956 2783 2784
f 2785 2786 2989
f 2755 2756 2989
f 2989 2756 2757
f 2989 2757 2758
f 2496 2979 2981
f 2981 2979 2990
f 2981 2990 2982
f 2982 2990 2989
f 2982 2989 2984
f 2984 2989 2758
f 2984 2758 2759
f 2784 2785 2956
f 2956 2785 2989
f 2956 2989 2958
f 2958 2989 2990
f 2958 2990 2961
f 2961 2990 2979
f 2961 2979 2963
f 2963 2979 2466
f 2963 2466 2467
f 2786 2787 2989
f 2989 2787 2788
f 2989 2788 2789
f 2789 2754 2989
f 2989 2754 2753
f 2989 2753 2755
f 2487 2488 2980
f 2980 2488 2981
f 2980 2981 2973
f 2973 2981 2975
f 2973 2975 2434
f 2434 2975 2433
f 2951 2950 2952
f 2952 2950 2985
f 2952 2985 2984
f 2984 2985 2790
f 2984 2790 2791
f 2853 2854 2986
f 2986 2854 2973
f 2986 2973 2991
f 2991 2973 2974
f 2991 2974 2992
f 2427 2975 2972
f 2972 2975 2983
f 2972 2983 2993
f 2993 2983 2985
f 2993 2985 2949
f 2946 2948 2950
f 2950 2948 2498
f 2950 2498 2499
f 2531 2532 2948
f 2948 2532 2533
f 2948 2533 2498
f 2499 2500 2950
f 2950 2500 2501
f 2950 2501 2502
f 2948 2527 2528
f 2502 2503 2950
f 2950 2503 2504
f 2950 2504 2505
f 2509 2510 2985
f 2517 2518 2949
f 2949 2518 2519
f 2949 2519 2520
f 2520 2521 2949
f 2949 2521 2522
f 2949 2522 2523
f 2505 2506 2950
f 2950 2506 2507
f 2950 2507 2985
f 2985 2507 2508
f 2985 2508 2509
f 2523 2524 2949
f 2949 2524 2525
f 2949 2525 2948
f 2948 2525 2526
f 2948 2526 2527
f 2528 2529 2948
f 2948 2529 2530
f 2948 2530 2531
f 2510 2511 2985
f 2985 2511 2512
f 2985 2512 2513
f 2513 2514 2985
f 2985 2514 2515
f 2985 2515 2949
f 2949 2515 2516
f 2949 2516 2517
f 2847 2848 2930
f 2930 2848 2986
f 2930 2986 2912
f 2912 2986 2991
f 2912 2991 2910
f 2910 2991 2992
f 2910 2992 2908
f 2942 2944 2949
f 2949 2944 2994
f 2949 2994 2993
f 2993 2994 2976
f 2993 2976 2972
f 2972 2976 2457
f 2972 2457 2458
f 2567 2568 2941
f 2941 2568 2569
f 2941 2569 2534
f 2534 2535 2977
f 2541 2542 2977
f 2992 2550 2551
f 2907 2552 2553
f 2543 2544 2992
f 2906 2908 2907
f 2907 2908 2992
f 2907 2992 2552
f 2552 2992 2551
f 2907 2559 2560
f 2560 2561 2907
f 2907 2561 2941
f 2907 2941 2905
f 2905 2941 2940
f 2535 2536 2977
f 2977 2536 2537
f 2977 2537 2538
f 2447 2448 2974
f 2974 2448 2977
f 2974 2977 2992
f 2992 2977 2542
f 2992 2542 2543
f 2553 2554 2907
f 2907 2554 2555
f 2907 2555 2556
f 2538 2539 2977
f 2977 2539 2540
f 2977 2540 2541
f 2544 2545 2992
f 2992 2545 2546
f 2992 2546 2547
f 2547 2548 2992
f 2992 2548 2549
f 2992 2549 2550
f 2561 2562 2941
f 2941 2562 2563
f 2941 2563 2564
f 2556 2557 2907
f 2907 2557 2558
f 2907 2558 2559
f 2564 2565 2941
f 2941 2565 2566
f 2941 2566 2567
f 2746 2747 2937
f 2746 2937 2745
f 2730 2731 2939
f 2939 2731 2732
f 2939 2732 2733
f 2748 2749 2994
f 2718 2719 2994
f 2733 2734 2939
f 2939 2734 2735
f 2939 2735 2736
f 2736 2737 2939
f 2939 2737 2738
f 2939 2738 2937
f 2937 2738 2739
f 2739 2740 2937
f 2937 2740 2741
f 2937 2741 2742
f 2742 2743 2937
f 2937 2743 2744
f 2937 2744 2745
f 2747 2748 2937
f 2937 2748 2994
f 2937 2994 2935
f 2935 2994 2944
f 2935 2944 2995
f 2995 2944 2945
f 2719 2720 2994
f 2994 2720 2721
f 2994 2721 2976
f 2976 2721 2722
f 2976 2722 2723
f 2534 2977 2941
f 2941 2977 2976
f 2941 2976 2939
f 2939 2976 2729
f 2939 2729 2730
f 2749 2750 2994
f 2994 2750 2751
f 2994 2751 2752
f 2723 2724 2976
f 2976 2724 2725
f 2976 2725 2726
f 2726 2727 2976
f 2976 2727 2728
f 2976 2728 2729
f 2752 2717 2994
f 2994 2717 2716
f 2994 2716 2718
f 2996 2922 2997
f 2997 2922 2917
f 2997 2917 2998
f 2998 2917 2914
f 2998 2914 2999
f 2999 2914 2913
f 2999 2913 3000
f 3000 2913 2924
f 3000 2924 3001
f 3001 2924 2926
f 3001 2926 3002
f 3002 2926 2927
f 3002 2927 3003
f 3003 2927 2929
f 3003 2929 3004
f 3004 2929 2931
f 3004 2931 3005
f 3005 2931 2932
f 3005 2932 3006
f 3006 2932 2911
f 3006 2911 3007
f 3007 2911 2934
f 3007 2934 3008
f 3008 2934 2933
f 3008 2933 3009
f 3009 2933 2909
f 3009 2909 3010
f 2909 2908 3010
f 3010 2908 2906
f 3010 2906 3011
f 3011 2906 2905
f 3011 2905 3012
f 3012 2905 2940
f 3012 2940 3013
f 3013 2940 2938
f 3013 2938 3014
f 3014 2938 2936
f 3014 2936 3015
f 3015 2936 2935
f 3015 2935 3016
f 3016 2935 2995
f 3016 2995 3017
f 3017 2995 2945
f 3017 2945 3018
f 3018 2945 2943
f 3018 2943 3019
f 2943 2942 3019
f 3019 2942 2947
f 3019 2947 3020
f 3020 2947 2946
f 3020 2946 3021
f 3021 2946 2951
f 3021 2951 3022
f 3022 2951 2953
f 3022 2953 3023
f 3023 2953 2955
f 3023 2955 3024
f 3024 2955 2954
f 3024 2954 3025
f 3025 2954 2957
f 3025 2957 3026
f 3026 2957 2959
f 3026 2959 3027
f 3027 2959 2960
f 3027 2960 3028
f 3028 2960 2962
f 3028 2962 3029
f 3029 2962 2965
f 3029 3030 3028
f 3028 3030 3031
f 3028 3031 3027
f 3027 3031 3032
f 3027 3032 3026
f 3026 3032 3033
f 3026 3033 3025
f 3025 3033 3034
f 3025 3034 3024
f 3024 3034 3035
f 3024 3035 3023
f 3023 3035 3036
f 3023 3036 3022
f 3022 3036 3037
f 3022 3037 3021
f 3021 3037 3038
f 3021 3038 3020
f 3020 3038 3039
f 3020 3039 3019
f 3019 3039 3040
f 3019 3040 3018
f 3018 3040 3041
f 3018 3041 3017
f 3017 3041 3042
f 3017 3042 3016
f 3016 3042 3043
f 3016 3043 3015
f 3015 3043 3044
f 3015 3044 3014
f 3014 3044 3045
f 3014 3045 3013
f 3013 3045 3046
f 3013 3046 3012
f 3012 3046 3047
f 3012 3047 3011
f 3011 3047 3048
f 3011 3048 3010
f 3010 3048 3049
f 3010 3049 3009
f 3009 3049 3050
f 3009 3050 3008
f 3008 3050 3051
f 3008 3051 3007
f 3007 3051 3052
f 3007 3052 3006
f 3006 3052 3053
f 3006 3053 3005
f 3005 3053 3054
f 3005 3054 3004
f 3004 3054 3055
f 3004 3055 3003
f 3003 3055 3056
f 3003 3056 3002
f 3002 3056 3057
f 3002 3057 3001
f 3001 3057 3058
f 3001 3058 3000
f 3000 3058 3059
f 3000 3059 2999
f 2999 3059 3060
f 2999 3060 2998
f 2998 3060 3061
f 2998 3061 2997
f 2997 3061 3062
f 2997 3062 2996
f 2996 3062 3063
f 3064 2864 3065
f 3065 2864 2221
f 3065 2221 3066
f 3067 2885 3068
f 3068 2885 2884
f 3068 2884 3069
f 3069 2884 2236
f 3069 2236 3064
f 3064 2236 2865
f 3064 2865 2864
f 3070 2866 3071
f 3071 2866 2183
f 3071 2183 3067
f 3067 2183 2891
f 3067 2891 2885
f 2320 2876 3072
f 3072 2876 2886
f 3072 2886 3073
f 3073 2886 2887
f 3073 2887 3074
f 3074 2887 2897
f 3074 2897 3075
f 3075 2897 2197
f 3075 2197 3070
f 3070 2197 2867
f 3070 2867 2866
f 2320 3072 2868
f 2868 3072 3076
f 2868 3076 2297
f 2297 3076 3077
f 2297 3077 2898
f 2898 3077 3078
f 2898 3078 2899
f 2899 3078 3079
f 2899 3079 2900
f 2900 3079 3080
f 2900 3080 2892
f 2892 3080 3081
f 2892 3081 2893
f 2893 3081 3082
f 2893 3082 2901
f 3083 2877 3084
f 3084 2877 2903
f 3084 2903 3085
f 3085 2903 2902
f 3085 2902 3086
f 3086 2902 2901
f 3086 2901 3087
f 3087 2901 3082
f 3088 2388 3083
f 3083 2388 2878
f 3083 2878 2877
f 3089 2890 3090
f 3090 2890 2889
f 3090 2889 3091
f 3091 2889 2888
f 3091 2888 3092
f 3092 2888 2880
f 3092 2880 3093
f 3093 2880 2879
f 3093 2879 3094
f 3094 2879 2896
f 3094 2896 3095
f 3095 2896 2895
f 3095 2895 3096
f 3096 2895 2894
f 3096 2894 3097
f 3097 2894 2403
f 3097 2403 3088
f 3088 2403 2904
f 3088 2904 2388
f 3098 2862 3099
f 3099 2862 2259
f 3099 2259 3089
f 3089 2259 2869
f 3089 2869 2890
f 2881 2274 3098
f 3098 2274 2863
f 3098 2863 2862
f 2221 2875 3066
f 3066 2875 2874
f 3066 2874 3100
f 3100 2874 2873
f 3100 2873 3101
f 3101 2873 2872
f 3101 2872 3102
f 3102 2872 2871
f 3102 2871 3103
f 3103 2871 2870
f 3103 2870 3104
f 3104 2870 2883
f 3104 2883 3105
f 3105 2883 2882
f 3105 2882 3106
f 3106 2882 2881
f 3106 2881 3107
f 3107 2881 3098
f 2921 2922 2996
f 3108 3030 3109
f 3109 3030 3029
f 3063 3110 2996
f 2996 3110 3111
f 2996 3111 2921
f 2921 3111 3112
f 2921 3112 2920
f 2920 3112 3113
f 2920 3113 2923
f 2923 3113 3114
f 2923 3114 2916
f 2916 3114 3115
f 2916 3115 2969
f 2969 3115 3116
f 2969 3116 2970
f 2970 3116 3117
f 2970 3117 2971
f 2971 3117 3118
f 2971 3118 2964
f 2964 3118 3119
f 2964 3119 2968
f 2968 3119 3120
f 2968 3120 2967
f 2967 3120 3109
f 2967 3109 2966
f 2966 3109 3029
f 2966 3029 2965
f 3030 3108 3031
f 3031 3108 3121
f 3031 3121 3032
f 3032 3121 3122
f 3032 3122 3033
f 3033 3122 3123
f 3033 3123 3034
f 3034 3123 3124
f 3034 3124 3035
f 3035 3124 3125
f 3035 3125 3036
f 3036 3125 3126
f 3036 3126 3037
f 3037 3126 3127
f 3037 3127 3038
f 3038 3127 3128
f 3038 3128 3039
f 3039 3128 3129
f 3039 3129 3040
f 3040 3129 3130
f 3040 3130 3041
f 3041 3130 3131
f 3041 3131 3042
f 3042 3131 3132
f 3042 3132 3043
f 3043 3132 3133
f 3043 3133 3044
f 3044 3133 3134
f 3044 3134 3045
f 3045 3134 3135
f 3045 3135 3046
f 3046 3135 3136
f 3046 3136 3047
f 3047 3136 3137
f 3047 3137 3048
f 3048 3137 3138
f 3048 3138 3049
f 3049 3138 3139
f 3049 3139 3050
f 3050 3139 3140
f 3050 3140 3051
f 3051 3140 3141
f 3051 3141 3052
f 3052 3141 3142
f 3052 3142 3053
f 3053 3142 3143
f 3053 3143 3054
f 3054 3143 3144
f 3054 3144 3055
f 3055 3144 3145
f 3055 3145 3056
f 3056 3145 3146
f 3056 3146 3057
f 3057 3146 3147
f 3057 3147 3058
f 3058 3147 3148
f 3058 3148 3059
f 3059 3148 3149
f 3059 3149 3060
f 3060 3149 3150
f 3060 3150 3061
f 3061 3150 3151
f 3061 3151 3062
f 3062 3151 3152
f 3062 3152 3063
f 3063 3152 3110
f 3083 3084 3153
f 3154 3155 3156
f 3156 3155 3157
f 3158 3100 3101
f 3100 3158 3066
f 3080 3079 3159
f 3159 3079 3078
f 3091 3092 3157
f 3157 3092 3093
f 3157 3093 3094
f 3153 3084 3160
f 3160 3084 3085
f 3160 3085 3161
f 3161 3085 3086
f 3161 3086 3162
f 3091 3157 3090
f 3090 3157 3155
f 3090 3155 3163
f 3077 3164 3165
f 3068 3069 3166
f 3166 3069 3064
f 3094 3095 3157
f 3157 3095 3096
f 3157 3096 3167
f 3167 3096 3097
f 3167 3097 3168
f 3168 3097 3088
f 3168 3088 3169
f 3169 3088 3083
f 3169 3083 3170
f 3170 3083 3153
f 3171 3172 3156
f 3156 3172 3173
f 3166 3174 3068
f 3068 3174 3175
f 3068 3175 3067
f 3067 3175 3176
f 3067 3176 3071
f 3071 3176 3177
f 3071 3177 3070
f 3158 3178 3066
f 3066 3178 3166
f 3066 3166 3065
f 3065 3166 3064
f 3162 3086 3179
f 3179 3086 3087
f 3179 3087 3180
f 3180 3087 3082
f 3180 3082 3181
f 3181 3082 3081
f 3181 3081 3182
f 3183 3184 3185
f 3173 3186 3156
f 3156 3186 3187
f 3156 3187 3154
f 3188 3189 3190
f 3190 3189 3191
f 3190 3191 3192
f 3193 3194 3163
f 3195 3196 3197
f 3077 3076 3164
f 3164 3076 3072
f 3164 3072 3198
f 3198 3072 3073
f 3198 3073 3199
f 3199 3073 3074
f 3199 3074 3200
f 3200 3074 3075
f 3200 3075 3201
f 3201 3075 3070
f 3201 3070 3202
f 3202 3070 3177
f 3203 3204 3081
f 3204 3205 3081
f 3081 3205 3206
f 3081 3206 3207
f 3171 3208 3172
f 3172 3208 3209
f 3172 3209 3210
f 3101 3102 3158
f 3158 3102 3103
f 3158 3103 3211
f 3211 3103 3104
f 3207 3212 3081
f 3081 3212 3213
f 3081 3213 3182
f 3080 3159 3081
f 3081 3159 3214
f 3081 3214 3203
f 3078 3077 3159
f 3159 3077 3165
f 3159 3165 3185
f 3185 3165 3215
f 3185 3215 3183
f 3188 3190 3163
f 3163 3190 3216
f 3163 3216 3193
f 3107 3217 3106
f 3106 3217 3218
f 3106 3218 3105
f 3105 3218 3219
f 3105 3219 3104
f 3104 3219 3220
f 3104 3220 3211
f 3221 3222 3223
f 3223 3222 3166
f 3223 3166 3224
f 3224 3166 3178
f 3224 3178 3197
f 3197 3178 3225
f 3197 3225 3195
f 3226 3227 3228
f 3184 3229 3185
f 3185 3229 3230
f 3185 3230 3231
f 3231 3232 3185
f 3185 3232 3233
f 3185 3233 3234
f 3194 3235 3163
f 3163 3235 3236
f 3163 3236 3090
f 3090 3236 3237
f 3090 3237 3089
f 3089 3237 3238
f 3089 3238 3099
f 3099 3238 3239
f 3099 3239 3098
f 3098 3239 3240
f 3098 3240 3107
f 3107 3240 3241
f 3107 3241 3217
f 3196 3242 3197
f 3197 3242 3243
f 3197 3243 3244
f 3244 3243 3245
f 3244 3245 3246
f 3226 3247 3227
f 3227 3247 3248
f 3227 3248 3249
f 3223 3250 3221
f 3221 3250 3226
f 3221 3226 3251
f 3251 3226 3228
f 3108 3109 3252
f 3252 3109 3120
f 3252 3120 3119
f 3119 3118 3252
f 3252 3118 3117
f 3252 3117 3116
f 3116 3115 3252
f 3252 3115 3114
f 3252 3114 3113
f 3113 3112 3252
f 3252 3112 3111
f 3252 3111 3253
f 3253 3111 3110
f 3253 3110 3254
f 3254 3110 3152
f 3254 3152 3255
f 3255 3152 3256
f 3256 3152 3151
f 3256 3151 3257
f 3257 3151 3150
f 3257 3150 3258
f 3258 3150 3149
f 3258 3149 3259
f 3259 3149 3148
f 3259 3148 3260
f 3260 3148 3147
f 3260 3147 3261
f 3261 3147 3146
f 3261 3146 3262
f 3262 3146 3145
f 3262 3145 3263
f 3263 3145 3144
f 3263 3144 3264
f 3264 3144 3143
f 3264 3143 3265
f 3265 3143 3142
f 3265 3142 3266
f 3266 3142 3141
f 3266 3141 3267
f 3267 3141 3140
f 3267 3140 3268
f 3268 3140 3139
f 3268 3139 3269
f 3269 3139 3138
f 3269 3138 3270
f 3252 3271 3108
f 3108 3271 3272
f 3108 3272 3121
f 3121 3272 3273
f 3121 3273 3122
f 3122 3273 3274
f 3122 3274 3123
f 3123 3274 3275
f 3123 3275 3124
f 3124 3275 3276
f 3124 3276 3125
f 3125 3276 3277
f 3125 3277 3126
f 3126 3277 3278
f 3126 3278 3127
f 3127 3278 3279
f 3127 3279 3128
f 3128 3279 3280
f 3128 3280 3129
f 3129 3280 3281
f 3129 3281 3130
f 3130 3281 3282
f 3130 3282 3131
f 3131 3282 3283
f 3131 3283 3132
f 3132 3283 3284
f 3132 3284 3133
f 3133 3284 3285
f 3133 3285 3134
f 3134 3285 3286
f 3134 3286 3135
f 3135 3286 3287
f 3135 3287 3136
f 3136 3287 3270
f 3136 3270 3137
f 3137 3270 3138
f 3288 3289 3290
f 3290 3289 3291
f 3292 3293 3294
f 3294 3293 3290
f 3294 3290 3295
f 3295 3290 3291
f 3295 3291 3296
f 3297 3298 3299
f 3299 3298 3300
f 3301 3302 3303
f 3303 3302 3304
f 3305 3306 3307
f 3307 3306 3308
f 3309 3310 3311
f 3311 3310 3312
f 3313 3314 3312
f 3312 3314 3307
f 3312 3307 3311
f 3311 3307 3308
f 3311 3308 3315
f 3315 3308 3316
f 3317 3318 3319
f 3319 3318 3320
f 3319 3320 3321
f 3321 3320 3322
f 3323 3324 3320
f 3320 3324 3325
f 3320 3325 3322
f 3326 3327 3222
f 3222 3327 3166
f 3166 3327 3174
f 3174 3327 3328
f 3174 3328 3175
f 3175 3328 3329
f 3175 3329 3176
f 3176 3329 3330
f 3176 3330 3177
f 3177 3330 3331
f 3177 3331 3202
f 3202 3331 3332
f 3202 3332 3201
f 3201 3332 3333
f 3201 3333 3200
f 3200 3333 3334
f 3200 3334 3199
f 3199 3334 3335
f 3199 3335 3198
f 3198 3335 3336
f 3198 3336 3164
f 3164 3336 3337
f 3165 3164 3338
f 3338 3164 3337
f 3165 3338 3215
f 3215 3338 3339
f 3215 3339 3183
f 3183 3339 3340
f 3183 3340 3184
f 3184 3340 3341
f 3184 3341 3229
f 3229 3341 3342
f 3229 3342 3230
f 3230 3342 3343
f 3230 3343 3231
f 3231 3343 3344
f 3231 3344 3232
f 3232 3344 3345
f 3232 3345 3233
f 3233 3345 3346
f 3233 3346 3234
f 3234 3346 3347
f 3234 3347 3185
f 3185 3347 3348
f 3348 3349 3185
f 3185 3349 3159
f 3159 3349 3214
f 3214 3349 3350
f 3214 3350 3203
f 3203 3350 3351
f 3203 3351 3204
f 3204 3351 3352
f 3204 3352 3205
f 3205 3352 3353
f 3205 3353 3206
f 3206 3353 3354
f 3206 3354 3207
f 3207 3354 3355
f 3207 3355 3212
f 3212 3355 3356
f 3212 3356 3213
f 3213 3356 3357
f 3213 3357 3182
f 3182 3357 3358
f 3182 3358 3181
f 3181 3358 3359
f 3359 3360 3181
f 3181 3360 3180
f 3180 3360 3179
f 3179 3360 3361
f 3179 3361 3162
f 3162 3361 3362
f 3162 3362 3161
f 3161 3362 3363
f 3161 3363 3160
f 3160 3363 3364
f 3160 3364 3153
f 3153 3364 3365
f 3153 3365 3170
f 3170 3365 3366
f 3170 3366 3169
f 3169 3366 3367
f 3169 3367 3168
f 3168 3367 3368
f 3168 3368 3167
f 3167 3368 3369
f 3167 3369 3157
f 3157 3369 3370
f 3156 3157 3371
f 3371 3157 3370
f 3156 3371 3171
f 3171 3371 3372
f 3171 3372 3208
f 3208 3372 3373
f 3208 3373 3209
f 3209 3373 3374
f 3209 3374 3210
f 3210 3374 3375
f 3210 3375 3172
f 3172 3375 3376
f 3172 3376 3173
f 3173 3376 3377
f 3173 3377 3186
f 3186 3377 3378
f 3186 3378 3187
f 3187 3378 3379
f 3187 3379 3154
f 3154 3379 3380
f 3154 3380 3155
f 3155 3380 3381
f 3381 3382 3155
f 3155 3382 3163
f 3163 3382 3188
f 3188 3382 3383
f 3188 3383 3189
f 3189 3383 3384
f 3189 3384 3191
f 3191 3384 3385
f 3191 3385 3192
f 3192 3385 3386
f 3192 3386 3190
f 3190 3386 3387
f 3190 3387 3216
f 3216 3387 3388
f 3216 3388 3193
f 3193 3388 3389
f 3193 3389 3194
f 3194 3389 3390
f 3194 3390 3235
f 3235 3390 3391
f 3235 3391 3236
f 3236 3391 3392
f 3392 3393 3236
f 3236 3393 3237
f 3237 3393 3238
f 3238 3393 3394
f 3238 3394 3239
f 3239 3394 3395
f 3239 3395 3240
f 3240 3395 3396
f 3240 3396 3241
f 3241 3396 3397
f 3241 3397 3217
f 3217 3397 3398
f 3217 3398 3218
f 3218 3398 3399
f 3218 3399 3219
f 3219 3399 3400
f 3219 3400 3220
f 3220 3400 3401
f 3220 3401 3211
f 3211 3401 3402
f 3211 3402 3158
f 3158 3402 3403
f 3178 3158 3404
f 3404 3158 3403
f 3178 3404 3225
f 3225 3404 3405
f 3225 3405 3195
f 3195 3405 3406
f 3195 3406 3196
f 3196 3406 3407
f 3196 3407 3242
f 3242 3407 3408
f 3242 3408 3243
f 3243 3408 3409
f 3243 3409 3245
f 3245 3409 3410
f 3245 3410 3246
f 3246 3410 3411
f 3246 3411 3244
f 3244 3411 3412
f 3244 3412 3197
f 3197 3412 3413
f 3197 3413 3224
f 3224 3413 3414
f 3414 3415 3224
f 3224 3415 3223
f 3223 3415 3250
f 3250 3415 3416
f 3250 3416 3226
f 3226 3416 3417
f 3226 3417 3247
f 3247 3417 3418
f 3247 3418 3248
f 3248 3418 3419
f 3248 3419 3249
f 3249 3419 3420
f 3249 3420 3227
f 3227 3420 3421
f 3227 3421 3228
f 3228 3421 3422
f 3228 3422 3251
f 3251 3422 3423
f 3251 3423 3221
f 3221 3423 3424
f 3221 3424 3222
f 3222 3424 3326
f 3425 3426 3427
f 3427 3426 3428
f 3429 3430 3431
f 3431 3430 3432
f 3433 3434 3435
f 3435 3434 3436
f 3437 3438 3439
f 3439 3438 3440
f 3441 3442 3443
f 3443 3442 3444
f 3445 3446 3444
f 3444 3446 3439
f 3444 3439 3443
f 3443 3439 3440
f 3443 3440 3447
f 3447 3440 3448
f 3449 3450 3451
f 3451 3450 3452
f 3453 3454 3455
f 3455 3454 3456
f 3457 3458 3456
f 3456 3458 3451
f 3456 3451 3455
f 3455 3451 3452
f 3455 3452 3459
f 3459 3452 3460
f 3461 3462 3463
f 3463 3462 3464
f 3465 3466 3467
f 3467 3466 3468
f 3469 3470 3468
f 3468 3470 3463
f 3468 3463 3467
f 3467 3463 3464
f 3467 3464 3471
f 3471 3464 3472
f 3473 3474 3475
f 3475 3474 3476
f 3477 3478 3479
f 3479 3478 3480
f 3481 3482 3483
f 3483 3482 3484
f 3485 3486 3487
f 3487 3486 3488
f 3489 3490 3271
f 3491 3492 3278
f 3278 3492 3279
f 3491 3278 3493
f 3493 3278 3277
f 3493 3277 3494
f 3494 3277 3495
f 3495 3277 3276
f 3495 3276 3496
f 3496 3276 3275
f 3496 3275 3497
f 3497 3275 3274
f 3497 3274 3498
f 3498 3274 3273
f 3498 3273 3499
f 3271 3490 3272
f 3490 3500 3272
f 3272 3500 3501
f 3272 3501 3273
f 3273 3501 3502
f 3273 3502 3499
f 3489 3271 3503
f 3503 3271 3252
f 3503 3252 3504
f 3504 3252 3253
f 3504 3253 3505
f 3505 3253 3506
f 3506 3253 3254
f 3506 3254 3507
f 3507 3254 3508
f 3508 3254 3255
f 3508 3255 3509
f 3509 3255 3256
f 3509 3256 3510
f 3510 3256 3257
f 3510 3257 3511
f 3511 3257 3258
f 3511 3258 3512
f 3512 3258 3513
f 3513 3258 3259
f 3513 3259 3514
f 3514 3259 3515
f 3515 3259 3260
f 3515 3260 3516
f 3516 3260 3517
f 3517 3260 3261
f 3517 3261 3518
f 3518 3261 3519
f 3519 3261 3262
f 3519 3262 3520
f 3520 3262 3521
f 3521 3262 3263
f 3521 3263 3522
f 3522 3263 3523
f 3523 3263 3264
f 3523 3264 3524
f 3524 3264 3265
f 3524 3265 3525
f 3525 3265 3266
f 3525 3266 3526
f 3526 3266 3267
f 3526 3267 3527
f 3268 3269 3528
f 3528 3529 3268
f 3268 3529 3530
f 3268 3530 3267
f 3267 3530 3531
f 3267 3531 3527
f 3287 3532 3270
f 3270 3532 3533
f 3270 3533 3269
f 3269 3533 3534
f 3269 3534 3528
f 3286 3535 3287
f 3287 3535 3536
f 3287 3536 3532
f 3282 3537 3283
f 3283 3537 3538
f 3283 3538 3284
f 3284 3538 3539
f 3284 3539 3285
f 3285 3539 3540
f 3285 3540 3286
f 3286 3540 3541
f 3286 3541 3535
f 3281 3542 3282
f 3282 3542 3543
f 3282 3543 3537
f 3280 3544 3281
f 3281 3544 3545
f 3281 3545 3542
f 3492 3546 3279
f 3279 3546 3547
f 3279 3547 3280
f 3280 3547 3548
f 3280 3548 3544
f 3289 3288 3549
f 3549 3288 3550
f 3289 3549 3291
f 3291 3549 3551
f 3291 3551 3552
f 3291 3552 3296
f 3296 3552 3553
f 3296 3553 3295
f 3295 3553 3554
f 3295 3554 3294
f 3294 3554 3555
f 3556 3292 3555
f 3555 3292 3294
f 3292 3556 3293
f 3293 3556 3557
f 3558 3290 3557
f 3557 3290 3293
f 3550 3288 3559
f 3559 3288 3290
f 3559 3290 3558
f 3298 3297 3560
f 3560 3297 3561
f 3298 3560 3300
f 3300 3560 3562
f 3300 3562 3299
f 3299 3562 3563
f 3299 3563 3297
f 3297 3563 3561
f 3564 3304 3565
f 3565 3304 3302
f 3566 3303 3567
f 3567 3303 3304
f 3567 3304 3564
f 3566 3568 3303
f 3303 3568 3301
f 3301 3568 3302
f 3302 3568 3569
f 3302 3569 3565
f 3306 3305 3570
f 3570 3305 3571
f 3306 3570 3308
f 3308 3570 3572
f 3308 3572 3316
f 3316 3572 3573
f 3316 3573 3315
f 3315 3573 3574
f 3315 3574 3311
f 3311 3574 3575
f 3576 3309 3577
f 3577 3309 3311
f 3577 3311 3575
f 3309 3576 3310
f 3310 3576 3578
f 3310 3578 3312
f 3312 3578 3579
f 3312 3579 3580
f 3312 3580 3313
f 3313 3580 3581
f 3313 3581 3314
f 3314 3581 3582
f 3314 3582 3307
f 3307 3582 3583
f 3307 3583 3305
f 3305 3583 3571
f 3320 3584 3323
f 3323 3584 3585
f 3586 3324 3585
f 3585 3324 3323
f 3324 3586 3325
f 3325 3586 3587
f 3588 3322 3587
f 3587 3322 3325
f 3589 3321 3588
f 3588 3321 3322
f 3590 3319 3589
f 3589 3319 3321
f 3319 3590 3317
f 3317 3590 3591
f 3591 3592 3317
f 3317 3592 3318
f 3318 3592 3320
f 3320 3592 3584
f 3593 3429 3594
f 3594 3429 3431
f 3595 3430 3593
f 3593 3430 3429
f 3596 3432 3595
f 3595 3432 3430
f 3427 3597 3425
f 3425 3597 3598
f 3425 3598 3426
f 3426 3598 3599
f 3426 3599 3428
f 3428 3599 3600
f 3601 3602 3435
f 3348 3347 3603
f 3604 3594 3431
f 3603 3347 3605
f 3606 3372 3371
f 3381 3431 3382
f 3382 3431 3432
f 3382 3432 3383
f 3383 3432 3384
f 3607 3424 3423
f 3428 3345 3427
f 3427 3345 3344
f 3427 3344 3343
f 3343 3342 3427
f 3427 3342 3341
f 3427 3341 3340
f 3428 3600 3608
f 3358 3436 3359
f 3359 3436 3361
f 3359 3361 3360
f 3358 3357 3436
f 3436 3357 3356
f 3436 3356 3435
f 3435 3356 3355
f 3435 3355 3354
f 3604 3431 3609
f 3609 3431 3381
f 3609 3381 3610
f 3610 3381 3380
f 3610 3380 3611
f 3380 3379 3611
f 3611 3379 3378
f 3611 3378 3612
f 3613 3614 3389
f 3366 3365 3436
f 3436 3365 3364
f 3615 3601 3352
f 3352 3601 3435
f 3352 3435 3353
f 3353 3435 3354
f 3607 3423 3616
f 3617 3618 3345
f 3345 3618 3619
f 3364 3363 3436
f 3436 3363 3362
f 3436 3362 3361
f 3378 3377 3612
f 3612 3377 3376
f 3612 3376 3620
f 3376 3375 3620
f 3620 3375 3374
f 3620 3374 3606
f 3606 3374 3373
f 3606 3373 3372
f 3436 3621 3366
f 3366 3621 3622
f 3366 3622 3623
f 3597 3427 3624
f 3624 3427 3331
f 3624 3331 3625
f 3625 3331 3330
f 3625 3330 3626
f 3626 3330 3329
f 3626 3329 3607
f 3607 3329 3328
f 3328 3327 3607
f 3607 3327 3326
f 3607 3326 3424
f 3414 3413 3627
f 3627 3413 3412
f 3627 3412 3628
f 3389 3388 3613
f 3613 3388 3387
f 3613 3387 3629
f 3629 3387 3386
f 3629 3386 3385
f 3384 3432 3385
f 3385 3432 3596
f 3385 3596 3630
f 3334 3427 3335
f 3335 3427 3336
f 3334 3333 3427
f 3427 3333 3332
f 3427 3332 3331
f 3603 3631 3348
f 3348 3631 3632
f 3348 3632 3349
f 3349 3632 3633
f 3352 3351 3615
f 3615 3351 3350
f 3615 3350 3634
f 3634 3350 3349
f 3634 3349 3635
f 3635 3349 3633
f 3347 3346 3605
f 3605 3346 3345
f 3605 3345 3636
f 3636 3345 3619
f 3623 3637 3366
f 3366 3637 3638
f 3366 3638 3639
f 3639 3640 3366
f 3366 3640 3641
f 3366 3641 3367
f 3367 3641 3642
f 3367 3642 3368
f 3368 3642 3606
f 3368 3606 3369
f 3369 3606 3371
f 3369 3371 3370
f 3420 3643 3421
f 3421 3643 3616
f 3421 3616 3422
f 3422 3616 3423
f 3630 3644 3385
f 3385 3644 3645
f 3385 3645 3629
f 3340 3339 3427
f 3427 3339 3338
f 3427 3338 3336
f 3336 3338 3337
f 3428 3608 3345
f 3345 3608 3646
f 3345 3646 3617
f 3420 3419 3643
f 3643 3419 3418
f 3643 3418 3647
f 3647 3418 3417
f 3417 3416 3647
f 3647 3416 3415
f 3647 3415 3648
f 3648 3415 3649
f 3412 3411 3628
f 3628 3411 3410
f 3628 3410 3567
f 3567 3410 3409
f 3409 3408 3567
f 3567 3408 3407
f 3567 3407 3650
f 3650 3407 3406
f 3650 3406 3651
f 3651 3406 3405
f 3651 3405 3404
f 3627 3652 3414
f 3414 3652 3653
f 3414 3653 3415
f 3415 3653 3654
f 3415 3654 3649
f 3655 3656 3396
f 3396 3656 3397
f 3397 3656 3657
f 3397 3657 3398
f 3398 3657 3658
f 3398 3658 3399
f 3399 3658 3659
f 3399 3659 3400
f 3400 3659 3660
f 3400 3660 3401
f 3401 3660 3651
f 3401 3651 3402
f 3402 3651 3404
f 3402 3404 3403
f 3396 3395 3655
f 3655 3395 3394
f 3655 3394 3393
f 3393 3392 3655
f 3655 3392 3391
f 3655 3391 3614
f 3614 3391 3390
f 3614 3390 3389
f 3602 3661 3435
f 3435 3661 3433
f 3662 3434 3661
f 3661 3434 3433
f 3621 3436 3662
f 3662 3436 3434
f 3439 3663 3437
f 3437 3663 3664
f 3665 3438 3664
f 3664 3438 3437
f 3438 3665 3440
f 3440 3665 3666
f 3440 3666 3448
f 3448 3666 3667
f 3668 3447 3667
f 3667 3447 3448
f 3447 3668 3443
f 3443 3668 3669
f 3443 3669 3441
f 3441 3669 3670
f 3671 3442 3670
f 3670 3442 3441
f 3442 3671 3444
f 3444 3671 3672
f 3444 3672 3445
f 3445 3672 3673
f 3673 3674 3445
f 3445 3674 3446
f 3446 3674 3439
f 3439 3674 3663
f 3675 3456 3676
f 3676 3456 3454
f 3677 3457 3678
f 3678 3457 3456
f 3678 3456 3675
f 3679 3458 3677
f 3677 3458 3457
f 3680 3451 3681
f 3681 3451 3458
f 3681 3458 3679
f 3682 3449 3680
f 3680 3449 3451
f 3683 3450 3682
f 3682 3450 3449
f 3684 3452 3683
f 3683 3452 3450
f 3685 3460 3684
f 3684 3460 3452
f 3686 3459 3685
f 3685 3459 3460
f 3687 3455 3686
f 3686 3455 3459
f 3687 3688 3455
f 3455 3688 3453
f 3676 3454 3688
f 3688 3454 3453
f 3462 3461 3689
f 3689 3461 3690
f 3691 3464 3689
f 3689 3464 3462
f 3692 3472 3691
f 3691 3472 3464
f 3472 3692 3471
f 3471 3692 3693
f 3694 3467 3693
f 3693 3467 3471
f 3695 3465 3696
f 3696 3465 3467
f 3696 3467 3694
f 3465 3695 3466
f 3466 3695 3697
f 3698 3468 3699
f 3699 3468 3466
f 3699 3466 3697
f 3700 3469 3701
f 3701 3469 3468
f 3701 3468 3698
f 3469 3700 3470
f 3470 3700 3702
f 3470 3702 3463
f 3463 3702 3703
f 3463 3703 3704
f 3690 3461 3704
f 3704 3461 3463
f 3474 3473 3705
f 3705 3473 3706
f 3474 3705 3476
f 3476 3705 3707
f 3476 3707 3475
f 3475 3707 3708
f 3475 3708 3473
f 3473 3708 3706
f 3709 3710 3711
f 3711 3710 3712
f 3711 3712 3713
f 3713 3712 3714
f 3713 3714 3715
f 3715 3714 3716
f 3715 3716 3478
f 3478 3716 3480
f 3717 3718 3719
f 3720 3480 3721
f 3721 3480 3716
f 3716 3714 3721
f 3721 3714 3712
f 3721 3712 3710
f 3717 3719 3722
f 3720 3723 3480
f 3480 3723 3724
f 3480 3724 3479
f 3479 3724 3725
f 3719 3726 3722
f 3722 3726 3727
f 3722 3727 3728
f 3728 3727 3479
f 3728 3479 3729
f 3729 3479 3725
f 3477 3479 3730
f 3730 3479 3727
f 3730 3727 3731
f 3731 3727 3726
f 3731 3726 3732
f 3732 3726 3719
f 3732 3719 3733
f 3733 3719 3718
f 3734 3477 3735
f 3735 3477 3730
f 3736 3709 3711
f 3730 3731 3735
f 3735 3731 3732
f 3735 3732 3737
f 3737 3732 3733
f 3711 3713 3736
f 3736 3713 3715
f 3736 3715 3738
f 3738 3715 3478
f 3738 3478 3739
f 3734 3740 3477
f 3477 3740 3741
f 3477 3741 3478
f 3478 3741 3742
f 3478 3742 3739
f 3743 3744 3484
f 3745 3746 3747
f 3747 3748 3745
f 3745 3748 3749
f 3745 3749 3750
f 3750 3749 3483
f 3750 3483 3751
f 3484 3752 3743
f 3743 3752 3753
f 3743 3753 3754
f 3754 3753 3755
f 3754 3755 3756
f 3744 3757 3484
f 3484 3757 3758
f 3484 3758 3483
f 3483 3758 3759
f 3483 3759 3751
f 3481 3483 3760
f 3760 3483 3749
f 3760 3749 3761
f 3761 3749 3748
f 3761 3748 3762
f 3762 3748 3747
f 3762 3747 3763
f 3763 3747 3746
f 3764 3765 3766
f 3766 3765 3767
f 3766 3767 3768
f 3769 3770 3482
f 3482 3770 3765
f 3482 3765 3771
f 3771 3765 3764
f 3772 3481 3773
f 3773 3481 3760
f 3760 3761 3773
f 3773 3761 3762
f 3773 3762 3763
f 3772 3774 3481
f 3481 3774 3775
f 3481 3775 3482
f 3482 3775 3776
f 3482 3776 3769
f 3768 3756 3766
f 3766 3756 3755
f 3766 3755 3764
f 3764 3755 3753
f 3764 3753 3771
f 3771 3753 3752
f 3771 3752 3482
f 3482 3752 3484
f 3777 3778 3779
f 3779 3778 3780
f 3781 3782 3783
f 3783 3782 3784
f 3783 3784 3785
f 3784 3786 3785
f 3785 3786 3487
f 3785 3487 3787
f 3787 3487 3788
f 3780 3778 3789
f 3789 3778 3790
f 3789 3790 3488
f 3790 3791 3488
f 3488 3791 3792
f 3488 3792 3487
f 3487 3792 3793
f 3487 3793 3788
f 3485 3487 3794
f 3794 3487 3786
f 3794 3786 3795
f 3795 3786 3784
f 3795 3784 3796
f 3796 3784 3782
f 3796 3782 3797
f 3797 3782 3781
f 3796 3797 3798
f 3799 3800 3486
f 3801 3802 3803
f 3803 3802 3804
f 3803 3804 3800
f 3800 3804 3805
f 3800 3805 3486
f 3806 3485 3807
f 3807 3485 3794
f 3807 3794 3798
f 3798 3794 3795
f 3798 3795 3796
f 3806 3808 3485
f 3485 3808 3809
f 3485 3809 3486
f 3486 3809 3810
f 3486 3810 3799
f 3801 3777 3802
f 3802 3777 3779
f 3802 3779 3804
f 3804 3779 3780
f 3804 3780 3805
f 3805 3780 3789
f 3805 3789 3486
f 3486 3789 3488
f 3811 3812 3813
f 3813 3812 3814
f 3813 3814 3815
f 3815 3814 3816
f 3817 3818 3819
f 3819 3818 3820
f 3819 3820 3821
f 3821 3820 3822
f 3823 3824 3825
f 3825 3824 3826
f 3825 3826 3827
f 3827 3826 3828
f 3829 3830 3831
f 3831 3830 3832
f 3831 3832 3833
f 3833 3832 3834
f 3835 3836 3837
f 3837 3836 3838
f 3837 3838 3839
f 3839 3838 3840
f 3699 3701 3698
f 3682 3680 3681
f 3550 3559 3841
f 3503 3504 3642
f 3547 3546 3842
f 3842 3546 3492
f 3640 3491 3493
f 3528 3534 3843
f 3843 3534 3533
f 3541 3540 3844
f 3844 3540 3539
f 3844 3539 3538
f 3533 3532 3843
f 3843 3532 3536
f 3843 3536 3844
f 3844 3536 3535
f 3844 3535 3541
f 3538 3537 3844
f 3844 3537 3543
f 3844 3543 3542
f 3542 3545 3844
f 3844 3545 3544
f 3844 3544 3842
f 3842 3544 3548
f 3842 3548 3547
f 3510 3511 3606
f 3506 3507 3606
f 3642 3504 3606
f 3606 3504 3505
f 3606 3505 3506
f 3507 3508 3606
f 3606 3508 3509
f 3606 3509 3510
f 3511 3512 3606
f 3606 3512 3513
f 3606 3513 3514
f 3514 3515 3606
f 3606 3515 3516
f 3606 3516 3517
f 3518 3519 3845
f 3845 3519 3520
f 3845 3520 3521
f 3521 3522 3845
f 3845 3522 3523
f 3845 3523 3524
f 3524 3525 3845
f 3845 3525 3526
f 3845 3526 3527
f 3527 3531 3845
f 3845 3531 3530
f 3845 3530 3843
f 3843 3530 3529
f 3843 3529 3528
f 3640 3493 3641
f 3641 3493 3494
f 3641 3494 3495
f 3495 3496 3641
f 3641 3496 3497
f 3641 3497 3498
f 3498 3499 3641
f 3641 3499 3502
f 3641 3502 3501
f 3501 3500 3641
f 3641 3500 3490
f 3641 3490 3642
f 3642 3490 3489
f 3642 3489 3503
f 3562 3560 3803
f 3628 3567 3564
f 3778 3777 3841
f 3803 3560 3801
f 3801 3560 3561
f 3801 3561 3777
f 3777 3561 3841
f 3841 3561 3549
f 3841 3549 3550
f 3556 3846 3557
f 3557 3846 3841
f 3557 3841 3558
f 3558 3841 3559
f 3556 3555 3554
f 3650 3566 3567
f 3552 3551 3553
f 3553 3551 3569
f 3553 3569 3554
f 3554 3569 3568
f 3554 3568 3556
f 3581 3580 3579
f 3586 3574 3573
f 3573 3572 3586
f 3586 3572 3570
f 3586 3570 3587
f 3587 3570 3588
f 3662 3661 3571
f 3570 3571 3588
f 3588 3571 3661
f 3588 3661 3589
f 3589 3661 3602
f 3589 3602 3601
f 3571 3583 3662
f 3662 3583 3582
f 3662 3582 3621
f 3621 3582 3622
f 3592 3591 3737
f 3585 3584 3592
f 3586 3585 3718
f 3718 3585 3592
f 3718 3592 3733
f 3733 3592 3737
f 3574 3586 3847
f 3847 3586 3718
f 3847 3718 3848
f 3582 3581 3622
f 3622 3581 3579
f 3622 3579 3623
f 3623 3579 3578
f 3623 3578 3576
f 3630 3596 3595
f 3594 3604 3593
f 3593 3604 3696
f 3689 3706 3691
f 3691 3706 3708
f 3691 3708 3692
f 3696 3694 3593
f 3593 3694 3693
f 3593 3693 3595
f 3595 3693 3692
f 3595 3692 3630
f 3630 3692 3708
f 3630 3708 3707
f 3704 3703 3690
f 3690 3703 3776
f 3690 3776 3689
f 3689 3776 3775
f 3689 3775 3706
f 3706 3775 3705
f 3598 3597 3664
f 3664 3597 3624
f 3664 3624 3665
f 3677 3678 3599
f 3849 3671 3850
f 3850 3671 3670
f 3670 3669 3850
f 3850 3669 3668
f 3850 3668 3667
f 3678 3675 3676
f 3688 3646 3676
f 3676 3646 3608
f 3676 3608 3678
f 3678 3608 3600
f 3678 3600 3599
f 3688 3687 3646
f 3646 3687 3686
f 3646 3686 3685
f 3849 3851 3683
f 3683 3682 3849
f 3849 3682 3681
f 3849 3681 3671
f 3671 3681 3679
f 3671 3679 3672
f 3672 3679 3677
f 3672 3677 3673
f 3673 3677 3599
f 3673 3599 3674
f 3674 3599 3598
f 3674 3598 3663
f 3663 3598 3664
f 3699 3697 3701
f 3701 3697 3769
f 3701 3769 3700
f 3700 3769 3776
f 3700 3776 3702
f 3702 3776 3703
f 3721 3710 3852
f 3605 3636 3709
f 3718 3717 3848
f 3848 3717 3722
f 3848 3722 3853
f 3853 3722 3728
f 3853 3728 3854
f 3854 3728 3729
f 3854 3729 3855
f 3855 3729 3725
f 3855 3725 3856
f 3856 3725 3724
f 3856 3724 3857
f 3857 3724 3723
f 3857 3723 3858
f 3858 3723 3720
f 3858 3720 3859
f 3859 3720 3721
f 3859 3721 3860
f 3860 3721 3852
f 3590 3589 3591
f 3591 3589 3601
f 3591 3601 3737
f 3737 3601 3615
f 3737 3615 3735
f 3735 3615 3634
f 3735 3634 3734
f 3734 3634 3635
f 3734 3635 3740
f 3740 3635 3633
f 3740 3633 3741
f 3741 3633 3632
f 3741 3632 3742
f 3742 3632 3631
f 3742 3631 3739
f 3739 3631 3603
f 3739 3603 3738
f 3738 3603 3605
f 3738 3605 3736
f 3736 3605 3709
f 3754 3756 3861
f 3756 3768 3620
f 3620 3768 3612
f 3862 3750 3863
f 3863 3750 3751
f 3863 3751 3864
f 3864 3751 3759
f 3864 3759 3865
f 3865 3759 3758
f 3865 3758 3866
f 3866 3758 3757
f 3866 3757 3867
f 3867 3757 3744
f 3867 3744 3868
f 3868 3744 3743
f 3868 3743 3869
f 3869 3743 3754
f 3869 3754 3870
f 3870 3754 3861
f 3773 3763 3613
f 3613 3763 3746
f 3613 3629 3773
f 3773 3629 3645
f 3773 3645 3772
f 3772 3645 3644
f 3772 3644 3774
f 3774 3644 3630
f 3774 3630 3775
f 3775 3630 3707
f 3775 3707 3705
f 3768 3767 3612
f 3612 3767 3765
f 3612 3765 3611
f 3611 3765 3770
f 3611 3770 3610
f 3610 3770 3769
f 3610 3769 3609
f 3609 3769 3697
f 3609 3697 3604
f 3604 3697 3695
f 3604 3695 3696
f 3871 3785 3872
f 3872 3785 3787
f 3872 3787 3873
f 3873 3787 3788
f 3873 3788 3874
f 3874 3788 3793
f 3874 3793 3875
f 3875 3793 3792
f 3875 3792 3876
f 3876 3792 3791
f 3876 3791 3877
f 3877 3791 3790
f 3877 3790 3878
f 3878 3790 3778
f 3878 3778 3879
f 3879 3778 3841
f 3798 3797 3616
f 3616 3797 3781
f 3616 3643 3798
f 3798 3643 3647
f 3798 3647 3807
f 3807 3647 3648
f 3807 3648 3806
f 3806 3648 3649
f 3806 3649 3808
f 3808 3649 3654
f 3808 3654 3809
f 3809 3654 3653
f 3809 3653 3810
f 3810 3653 3652
f 3810 3652 3799
f 3799 3652 3627
f 3799 3627 3800
f 3800 3627 3628
f 3800 3628 3803
f 3803 3628 3564
f 3803 3564 3562
f 3562 3564 3565
f 3562 3565 3563
f 3563 3565 3569
f 3563 3569 3561
f 3561 3569 3551
f 3561 3551 3549
f 3666 3665 3667
f 3667 3665 3624
f 3667 3624 3850
f 3850 3624 3625
f 3850 3625 3880
f 3880 3625 3626
f 3880 3626 3881
f 3881 3626 3607
f 3881 3607 3882
f 3882 3607 3616
f 3882 3616 3883
f 3883 3616 3781
f 3883 3781 3871
f 3871 3781 3783
f 3871 3783 3785
f 3684 3683 3685
f 3685 3683 3851
f 3685 3851 3646
f 3646 3851 3884
f 3646 3884 3617
f 3617 3884 3885
f 3617 3885 3618
f 3618 3885 3886
f 3618 3886 3619
f 3619 3886 3852
f 3619 3852 3636
f 3636 3852 3710
f 3636 3710 3709
f 3575 3574 3577
f 3577 3574 3847
f 3577 3847 3576
f 3576 3847 3887
f 3576 3887 3623
f 3623 3887 3888
f 3623 3888 3637
f 3637 3888 3889
f 3637 3889 3638
f 3638 3889 3890
f 3638 3890 3639
f 3639 3890 3842
f 3639 3842 3640
f 3640 3842 3492
f 3640 3492 3491
f 3756 3620 3861
f 3861 3620 3606
f 3861 3606 3845
f 3845 3606 3517
f 3845 3517 3518
f 3568 3566 3556
f 3556 3566 3650
f 3556 3650 3846
f 3846 3650 3651
f 3846 3651 3891
f 3891 3651 3660
f 3891 3660 3892
f 3892 3660 3659
f 3892 3659 3893
f 3893 3659 3658
f 3893 3658 3894
f 3894 3658 3657
f 3894 3657 3895
f 3895 3657 3656
f 3895 3656 3896
f 3896 3656 3655
f 3896 3655 3897
f 3897 3655 3614
f 3897 3614 3898
f 3898 3614 3613
f 3898 3613 3899
f 3899 3613 3746
f 3899 3746 3862
f 3862 3746 3745
f 3862 3745 3750
f 3814 3900 3816
f 3816 3900 3901
f 3816 3901 3815
f 3815 3901 3902
f 3815 3902 3813
f 3813 3902 3903
f 3813 3903 3811
f 3811 3903 3904
f 3811 3904 3812
f 3812 3904 3905
f 3812 3905 3814
f 3814 3905 3900
f 3820 3906 3822
f 3822 3906 3907
f 3822 3907 3821
f 3821 3907 3908
f 3821 3908 3819
f 3819 3908 3909
f 3819 3909 3817
f 3817 3909 3910
f 3817 3910 3818
f 3818 3910 3911
f 3818 3911 3820
f 3820 3911 3906
f 3826 3912 3828
f 3828 3912 3913
f 3828 3913 3827
f 3827 3913 3914
f 3827 3914 3825
f 3825 3914 3915
f 3825 3915 3823
f 3823 3915 3916
f 3823 3916 3824
f 3824 3916 3917
f 3824 3917 3826
f 3826 3917 3912
f 3832 3918 3834
f 3834 3918 3919
f 3834 3919 3833
f 3833 3919 3920
f 3833 3920 3831
f 3831 3920 3921
f 3831 3921 3829
f 3829 3921 3922
f 3829 3922 3830
f 3830 3922 3923
f 3830 3923 3832
f 3832 3923 3918
f 3838 3924 3840
f 3840 3924 3925
f 3840 3925 3839
f 3839 3925 3926
f 3839 3926 3837
f 3837 3926 3927
f 3837 3927 3835
f 3835 3927 3928
f 3835 3928 3836
f 3836 3928 3929
f 3836 3929 3838
f 3838 3929 3924
f 3930 3931 3847
f 3847 3931 3932
f 3847 3932 3887
f 3887 3932 3933
f 3887 3933 3888
f 3888 3933 3934
f 3888 3934 3889
f 3889 3934 3935
f 3889 3935 3890
f 3890 3935 3936
f 3890 3936 3842
f 3842 3936 3937
f 3842 3937 3844
f 3844 3937 3938
f 3844 3938 3843
f 3843 3938 3939
f 3843 3939 3845
f 3845 3939 3940
f 3845 3940 3861
f 3861 3940 3941
f 3861 3941 3870
f 3870 3941 3942
f 3870 3942 3869
f 3869 3942 3943
f 3869 3943 3868
f 3868 3943 3944
f 3868 3944 3867
f 3867 3944 3945
f 3867 3945 3866
f 3866 3945 3946
f 3866 3946 3865
f 3865 3946 3947
f 3865 3947 3864
f 3864 3947 3948
f 3864 3948 3863
f 3863 3948 3949
f 3863 3949 3862
f 3862 3949 3950
f 3862 3950 3899
f 3899 3950 3951
f 3899 3951 3898
f 3898 3951 3952
f 3898 3952 3897
f 3897 3952 3953
f 3897 3953 3896
f 3896 3953 3954
f 3896 3954 3895
f 3895 3954 3955
f 3895 3955 3894
f 3894 3955 3956
f 3894 3956 3893
f 3893 3956 3957
f 3893 3957 3892
f 3892 3957 3958
f 3892 3958 3891
f 3891 3958 3959
f 3891 3959 3846
f 3846 3959 3960
f 3846 3960 3841
f 3841 3960 3961
f 3841 3961 3879
f 3879 3961 3962
f 3879 3962 3878
f 3878 3962 3963
f 3878 3963 3877
f 3877 3963 3964
f 3877 3964 3876
f 3876 3964 3965
f 3876 3965 3875
f 3875 3965 3966
f 3875 3966 3874
f 3874 3966 3967
f 3874 3967 3873
f 3873 3967 3968
f 3873 3968 3872
f 3872 3968 3969
f 3872 3969 3871
f 3871 3969 3970
f 3871 3970 3883
f 3883 3970 3971
f 3883 3971 3882
f 3882 3971 3972
f 3882 3972 3881
f 3881 3972 3973
f 3881 3973 3880
f 3880 3973 3974
f 3880 3974 3850
f 3850 3974 3975
f 3850 3975 3849
f 3849 3975 3976
f 3849 3976 3851
f 3851 3976 3977
f 3851 3977 3884
f 3884 3977 3978
f 3884 3978 3885
f 3885 3978 3979
f 3885 3979 3886
f 3886 3979 3980
f 3886 3980 3852
f 3852 3980 3981
f 3852 3981 3860
f 3860 3981 3982
f 3860 3982 3859
f 3859 3982 3983
f 3859 3983 3858
f 3858 3983 3984
f 3858 3984 3857
f 3857 3984 3985
f 3857 3985 3856
f 3856 3985 3986
f 3856 3986 3855
f 3855 3986 3987
f 3855 3987 3854
f 3854 3987 3988
f 3854 3988 3853
f 3853 3988 3989
f 3853 3989 3848
f 3848 3989 3930
f 3848 3930 3847
f 3990 3991 3905
f 3904 3992 3993
f 3992 3904 3994
f 3903 3995 3996
f 3991 3997 3905
f 3905 3997 3998
f 3905 3998 3900
f 3900 3998 3999
f 3900 3999 4000
f 3993 4001 3904
f 3904 4001 4002
f 3904 4002 3905
f 3905 4002 4003
f 3905 4003 3990
f 4004 4005 3902
f 3902 4005 4006
f 3902 4006 4007
f 4007 4008 3902
f 3902 4008 4009
f 3902 4009 3903
f 3903 4009 4010
f 3903 4010 3995
f 4011 4012 3901
f 3901 4012 4013
f 4013 4014 3901
f 3901 4014 4015
f 3901 4015 3902
f 3902 4015 4016
f 3902 4016 4004
f 4000 4017 3900
f 3900 4017 4018
f 3900 4018 4019
f 4019 4020 3900
f 3900 4020 4021
f 3900 4021 3901
f 3901 4021 4022
f 3901 4022 4011
f 3996 4023 3903
f 3903 4023 4024
f 3903 4024 3904
f 3904 4024 4025
f 3904 4025 3994
f 4026 4027 3911
f 4028 4029 3907
f 4026 3911 4030
f 4030 3911 3910
f 4030 3910 4031
f 4032 4033 3908
f 3908 4033 4034
f 3908 4034 4035
f 4036 4037 3906
f 3906 4037 4038
f 3906 4038 4039
f 4039 4040 3906
f 3906 4040 4041
f 3906 4041 3907
f 3907 4041 4042
f 3907 4042 4028
f 4027 4043 3911
f 3911 4043 4044
f 3911 4044 3906
f 3906 4044 4045
f 3906 4045 4036
f 4046 4047 3910
f 3910 4047 4048
f 3910 4048 4031
f 4049 4050 3909
f 3909 4050 4051
f 3909 4051 4052
f 4029 4053 3907
f 3907 4053 4054
f 3907 4054 3908
f 3908 4054 4055
f 3908 4055 4032
f 4052 4056 3909
f 3909 4056 4057
f 3909 4057 3910
f 3910 4057 4058
f 3910 4058 4046
f 4035 4059 3908
f 3908 4059 4060
f 3908 4060 3909
f 3909 4060 4061
f 3909 4061 4049
f 4062 4063 3913
f 4064 4065 3912
f 3912 4065 4066
f 4067 4068 3917
f 3917 4068 4069
f 3916 4070 4071
f 4072 4073 3915
f 3915 4073 4074
f 3915 4074 4075
f 4075 4076 3915
f 3915 4076 4077
f 3915 4077 3916
f 3916 4077 4078
f 3916 4078 4070
f 4079 4080 3914
f 3914 4080 4081
f 3914 4081 4082
f 4071 4083 3916
f 3916 4083 4084
f 3916 4084 3917
f 3917 4084 4085
f 3917 4085 4067
f 4082 4086 3914
f 3914 4086 4087
f 3914 4087 3915
f 3915 4087 4088
f 3915 4088 4072
f 4063 4089 3913
f 3913 4089 4090
f 3913 4090 3914
f 3914 4090 4091
f 3914 4091 4079
f 4066 4092 3912
f 3912 4092 4093
f 3912 4093 3913
f 3913 4093 4094
f 3913 4094 4062
f 4069 4095 3917
f 3917 4095 4096
f 3917 4096 3912
f 3912 4096 4097
f 3912 4097 4064
f 4098 4099 3919
f 3919 4099 4100
f 3919 4100 4101
f 4101 4102 3919
f 3919 4102 4103
f 3919 4103 3920
f 3920 4103 4104
f 3920 4104 4105
f 4098 3919 4106
f 4106 3919 3918
f 4106 3918 4107
f 4108 4109 3918
f 3918 4109 4110
f 3918 4110 4107
f 4111 4112 3922
f 3922 4112 4113
f 3922 4113 4114
f 4114 4115 3922
f 3922 4115 4116
f 3922 4116 3923
f 3923 4116 4117
f 3923 4117 4118
f 4119 4120 3921
f 3921 4120 4121
f 4105 4122 3920
f 3920 4122 4123
f 3920 4123 4124
f 4124 4125 3920
f 3920 4125 4126
f 3920 4126 3921
f 3921 4126 4127
f 3921 4127 4119
f 4118 4128 3923
f 3923 4128 4129
f 3923 4129 3918
f 3918 4129 4130
f 3918 4130 4108
f 4121 4131 3921
f 3921 4131 4132
f 3921 4132 3922
f 3922 4132 4133
f 3922 4133 4111
f 4134 4135 3929
f 4136 4137 3924
f 4136 3924 4138
f 4139 4140 3928
f 3928 4140 4141
f 3927 4142 4143
f 4144 3926 4145
f 4145 3926 4146
f 3925 4147 4148
f 4148 4149 3925
f 3925 4149 4150
f 3925 4150 3926
f 3926 4150 4151
f 3926 4151 4146
f 4143 4152 3927
f 3927 4152 4153
f 3927 4153 3928
f 3928 4153 4154
f 3928 4154 4139
f 4137 4155 3924
f 3924 4155 4156
f 3924 4156 3925
f 3925 4156 4157
f 3925 4157 4158
f 4158 4159 3925
f 3925 4159 4160
f 3925 4160 4147
f 4135 4161 3929
f 3929 4161 4162
f 3929 4162 3924
f 3924 4162 4163
f 3924 4163 4138
f 4141 4164 3928
f 3928 4164 4165
f 3928 4165 3929
f 3929 4165 4166
f 3929 4166 4134
f 4144 4167 3926
f 3926 4167 4168
f 3926 4168 3927
f 3927 4168 4169
f 3927 4169 4142
f 3932 3931 4170
f 4170 4171 3932
f 3932 4171 4172
f 3932 4172 3933
f 3933 4172 4173
f 3933 4173 3934
f 3934 4173 4174
f 3934 4174 3935
f 3935 4174 4175
f 3935 4175 3936
f 3936 4175 4176
f 3936 4176 3937
f 3937 4176 4177
f 3937 4177 3938
f 3938 4177 4178
f 3938 4178 3939
f 3939 4178 4179
f 3939 4179 3940
f 3940 4179 4180
f 3940 4180 3941
f 3941 4180 4181
f 3941 4181 3942
f 3942 4181 4182
f 3942 4182 3943
f 3943 4182 4183
f 3943 4183 3944
f 3944 4183 4184
f 3944 4184 3945
f 3945 4184 4185
f 3945 4185 3946
f 3946 4185 4186
f 3946 4186 3947
f 3947 4186 4187
f 3947 4187 3948
f 3948 4187 4188
f 3948 4188 3949
f 3949 4188 4189
f 3949 4189 3950
f 3950 4189 4190
f 3950 4190 3951
f 3951 4190 4191
f 3951 4191 3952
f 3952 4191 4192
f 3952 4192 3953
f 3953 4192 4193
f 3953 4193 3954
f 3954 4193 4194
f 3954 4194 3955
f 3955 4194 4195
f 3955 4195 3956
f 3956 4195 4196
f 3956 4196 3957
f 3957 4196 4197
f 3957 4197 3958
f 3958 4197 4198
f 3958 4198 3959
f 3959 4198 4199
f 3959 4199 3960
f 3960 4199 4200
f 3960 4200 3961
f 3961 4200 4201
f 3961 4201 3962
f 3962 4201 4202
f 3962 4202 3963
f 3963 4202 4203
f 3963 4203 3964
f 3964 4203 4204
f 3964 4204 3965
f 3965 4204 4205
f 3965 4205 3966
f 3966 4205 4206
f 3966 4206 3967
f 3967 4206 4207
f 3967 4207 3968
f 3968 4207 4208
f 3968 4208 3969
f 3969 4208 4209
f 3969 4209 3970
f 3970 4209 4210
f 3970 4210 3971
f 3971 4210 4211
f 3971 4211 3972
f 3972 4211 4212
f 3972 4212 3973
f 3973 4212 4213
f 3973 4213 3974
f 3974 4213 4214
f 3974 4214 3975
f 3975 4214 4215
f 3975 4215 3976
f 3976 4215 4216
f 3976 4216 3977
f 3977 4216 4217
f 3977 4217 3978
f 3978 4217 4218
f 3978 4218 3979
f 3979 4218 4219
f 3979 4219 3980
f 3980 4219 4220
f 3980 4220 3981
f 3981 4220 4221
f 3981 4221 3982
f 3982 4221 4222
f 3982 4222 3983
f 3983 4222 4223
f 3983 4223 3984
f 3984 4223 4224
f 3984 4224 3985
f 3985 4224 4225
f 3985 4225 3986
f 3986 4225 4226
f 3986 4226 3987
f 3987 4226 4227
f 3987 4227 3988
f 3988 4227 4228
f 3988 4228 3989
f 3989 4228 4229
f 3989 4229 3930
f 3930 4229 4230
f 3930 4230 3931
f 3931 4230 4231
f 3931 4231 4170
f 44 4232 46
f 46 4232 4233
f 46 4233 48
f 48 4233 4234
f 48 4234 50
f 50 4234 4235
f 50 4235 52
f 52 4235 4236
f 52 4236 54
f 54 4236 4237
f 54 4237 56
f 56 4237 4238
f 56 4238 58
f 58 4238 4239
f 58 4239 60
f 60 4239 4240
f 60 4240 62
f 62 4240 4241
f 62 4241 64
f 64 4241 4242
f 64 4242 66
f 66 4242 4243
f 66 4243 68
f 68 4243 4244
f 68 4244 70
f 70 4244 4245
f 70 4245 72
f 72 4245 4246
f 72 4246 2
f 2 4246 4247
f 2 4247 4
f 4 4247 4248
f 4 4248 6
f 6 4248 4249
f 6 4249 8
f 8 4249 4250
f 8 4250 10
f 10 4250 4251
f 10 4251 12
f 12 4251 4252
f 12 4252 14
f 14 4252 4253
f 14 4253 16
f 16 4253 4254
f 16 4254 18
f 18 4254 4255
f 18 4255 20
f 20 4255 4256
f 20 4256 22
f 22 4256 4257
f 22 4257 24
f 24 4257 4258
f 24 4258 26
f 26 4258 4259
f 26 4259 28
f 28 4259 4260
f 28 4260 30
f 30 4260 4261
f 30 4261 32
f 32 4261 4262
f 32 4262 34
f 34 4262 4263
f 34 4263 36
f 36 4263 4264
f 36 4264 38
f 38 4264 4265
f 38 4265 40
f 40 4265 4266
f 40 4266 42
f 42 4266 4267
f 42 4267 44
f 44 4267 4232
f 3997 4268 3998
f 3998 4268 4269
f 3998 4269 3999
f 3999 4269 4270
f 3999 4270 4000
f 4000 4270 4271
f 4000 4271 4017
f 4017 4271 4272
f 4017 4272 4018
f 4018 4272 4273
f 4018 4273 4019
f 4019 4273 4274
f 4019 4274 4020
f 4020 4274 4275
f 4020 4275 4021
f 4021 4275 4276
f 4021 4276 4022
f 4022 4276 4277
f 4022 4277 4011
f 4011 4277 4278
f 4011 4278 4012
f 4012 4278 4279
f 4012 4279 4013
f 4013 4279 4280
f 4013 4280 4014
f 4014 4280 4281
f 4014 4281 4015
f 4015 4281 4282
f 4015 4282 4016
f 4016 4282 4283
f 4016 4283 4004
f 4004 4283 4284
f 4004 4284 4005
f 4005 4284 4285
f 4005 4285 4006
f 4006 4285 4286
f 4006 4286 4007
f 4007 4286 4287
f 4007 4287 4008
f 4008 4287 4288
f 4008 4288 4009
f 4009 4288 4289
f 4009 4289 4010
f 4010 4289 4290
f 4010 4290 3995
f 3995 4290 4291
f 3995 4291 3996
f 3996 4291 4292
f 3996 4292 4023
f 4023 4292 4293
f 4023 4293 4024
f 4024 4293 4294
f 4024 4294 4025
f 4025 4294 4295
f 4025 4295 3994
f 3994 4295 4296
f 3994 4296 3992
f 3992 4296 4297
f 3992 4297 3993
f 3993 4297 4298
f 3993 4298 4001
f 4001 4298 4299
f 4001 4299 4002
f 4002 4299 4300
f 4002 4300 4003
f 4003 4300 4301
f 4003 4301 3990
f 3990 4301 4302
f 3990 4302 3991
f 3991 4302 4303
f 3991 4303 3997
f 3997 4303 4268
f 4043 4304 4044
f 4044 4304 4305
f 4044 4305 4045
f 4045 4305 4306
f 4045 4306 4036
f 4036 4306 4307
f 4036 4307 4037
f 4037 4307 4308
f 4037 4308 4038
f 4038 4308 4309
f 4038 4309 4039
f 4039 4309 4310
f 4039 4310 4040
f 4040 4310 4311
f 4040 4311 4041
f 4041 4311 4312
f 4041 4312 4042
f 4042 4312 4313
f 4042 4313 4028
f 4028 4313 4314
f 4028 4314 4029
f 4029 4314 4315
f 4029 4315 4053
f 4053 4315 4316
f 4053 4316 4054
f 4054 4316 4317
f 4054 4317 4055
f 4055 4317 4318
f 4055 4318 4032
f 4032 4318 4319
f 4032 4319 4033
f 4033 4319 4320
f 4033 4320 4034
f 4034 4320 4321
f 4034 4321 4035
f 4035 4321 4322
f 4035 4322 4059
f 4059 4322 4323
f 4059 4323 4060
f 4060 4323 4324
f 4060 4324 4061
f 4061 4324 4325
f 4061 4325 4049
f 4049 4325 4326
f 4049 4326 4050
f 4050 4326 4327
f 4050 4327 4051
f 4051 4327 4328
f 4051 4328 4052
f 4052 4328 4329
f 4052 4329 4056
f 4056 4329 4330
f 4056 4330 4057
f 4057 4330 4331
f 4057 4331 4058
f 4058 4331 4332
f 4058 4332 4046
f 4046 4332 4333
f 4046 4333 4047
f 4047 4333 4334
f 4047 4334 4048
f 4048 4334 4335
f 4048 4335 4031
f 4031 4335 4336
f 4031 4336 4030
f 4030 4336 4337
f 4030 4337 4026
f 4026 4337 4338
f 4026 4338 4027
f 4027 4338 4339
f 4027 4339 4043
f 4043 4339 4304
f 4069 4340 4095
f 4095 4340 4341
f 4095 4341 4096
f 4096 4341 4342
f 4096 4342 4097
f 4097 4342 4343
f 4097 4343 4064
f 4064 4343 4344
f 4064 4344 4065
f 4065 4344 4345
f 4065 4345 4066
f 4066 4345 4346
f 4066 4346 4092
f 4092 4346 4347
f 4092 4347 4093
f 4093 4347 4348
f 4093 4348 4094
f 4094 4348 4349
f 4094 4349 4062
f 4062 4349 4350
f 4062 4350 4063
f 4063 4350 4351
f 4063 4351 4089
f 4089 4351 4352
f 4089 4352 4090
f 4090 4352 4353
f 4090 4353 4091
f 4091 4353 4354
f 4091 4354 4079
f 4079 4354 4355
f 4079 4355 4080
f 4080 4355 4356
f 4080 4356 4081
f 4081 4356 4357
f 4081 4357 4082
f 4082 4357 4358
f 4082 4358 4086
f 4086 4358 4359
f 4086 4359 4087
f 4087 4359 4360
f 4087 4360 4088
f 4088 4360 4361
f 4088 4361 4072
f 4072 4361 4362
f 4072 4362 4073
f 4073 4362 4363
f 4073 4363 4074
f 4074 4363 4364
f 4074 4364 4075
f 4075 4364 4365
f 4075 4365 4076
f 4076 4365 4366
f 4076 4366 4077
f 4077 4366 4367
f 4077 4367 4078
f 4078 4367 4368
f 4078 4368 4070
f 4070 4368 4369
f 4070 4369 4071
f 4071 4369 4370
f 4071 4370 4083
f 4083 4370 4371
f 4083 4371 4084
f 4084 4371 4372
f 4084 4372 4085
f 4085 4372 4373
f 4085 4373 4067
f 4067 4373 4374
f 4067 4374 4068
f 4068 4374 4375
f 4068 4375 4069
f 4069 4375 4340
f 4128 4376 4129
f 4129 4376 4377
f 4129 4377 4130
f 4130 4377 4378
f 4130 4378 4108
f 4108 4378 4379
f 4108 4379 4109
f 4109 4379 4380
f 4109 4380 4110
f 4110 4380 4381
f 4110 4381 4107
f 4107 4381 4382
f 4107 4382 4106
f 4106 4382 4383
f 4106 4383 4098
f 4098 4383 4384
f 4098 4384 4099
f 4099 4384 4385
f 4099 4385 4100
f 4100 4385 4386
f 4100 4386 4101
f 4101 4386 4387
f 4101 4387 4102
f 4102 4387 4388
f 4102 4388 4103
f 4103 4388 4389
f 4103 4389 4104
f 4104 4389 4390
f 4104 4390 4105
f 4105 4390 4391
f 4105 4391 4122
f 4122 4391 4392
f 4122 4392 4123
f 4123 4392 4393
f 4123 4393 4124
f 4124 4393 4394
f 4124 4394 4125
f 4125 4394 4395
f 4125 4395 4126
f 4126 4395 4396
f 4126 4396 4127
f 4127 4396 4397
f 4127 4397 4119
f 4119 4397 4398
f 4119 4398 4120
f 4120 4398 4399
f 4120 4399 4121
f 4121 4399 4400
f 4121 4400 4131
f 4131 4400 4401
f 4131 4401 4132
f 4132 4401 4402
f 4132 4402 4133
f 4133 4402 4403
f 4133 4403 4111
f 4111 4403 4404
f 4111 4404 4112
f 4112 4404 4405
f 4112 4405 4113
f 4113 4405 4406
f 4113 4406 4114
f 4114 4406 4407
f 4114 4407 4115
f 4115 4407 4408
f 4115 4408 4116
f 4116 4408 4409
f 4116 4409 4117
f 4117 4409 4410
f 4117 4410 4118
f 4118 4410 4411
f 4118 4411 4128
f 4128 4411 4376
f 4161 4412 4162
f 4162 4412 4413
f 4162 4413 4163
f 4163 4413 4414
f 4163 4414 4138
f 4138 4414 4415
f 4138 4415 4136
f 4136 4415 4416
f 4136 4416 4137
f 4137 4416 4417
f 4137 4417 4155
f 4155 4417 4418
f 4155 4418 4156
f 4156 4418 4419
f 4156 4419 4157
f 4157 4419 4420
f 4157 4420 4158
f 4158 4420 4421
f 4158 4421 4159
f 4159 4421 4422
f 4159 4422 4160
f 4160 4422 4423
f 4160 4423 4147
f 4147 4423 4424
f 4147 4424 4148
f 4148 4424 4425
f 4148 4425 4149
f 4149 4425 4426
f 4149 4426 4150
f 4150 4426 4427
f 4150 4427 4151
f 4151 4427 4428
f 4151 4428 4146
f 4146 4428 4429
f 4146 4429 4145
f 4145 4429 4430
f 4145 4430 4144
f 4144 4430 4431
f 4144 4431 4167
f 4167 4431 4432
f 4167 4432 4168
f 4168 4432 4433
f 4168 4433 4169
f 4169 4433 4434
f 4169 4434 4142
f 4142 4434 4435
f 4142 4435 4143
f 4143 4435 4436
f 4143 4436 4152
f 4152 4436 4437
f 4152 4437 4153
f 4153 4437 4438
f 4153 4438 4154
f 4154 4438 4439
f 4154 4439 4139
f 4139 4439 4440
f 4139 4440 4140
f 4140 4440 4441
f 4140 4441 4141
f 4141 4441 4442
f 4141 4442 4164
f 4164 4442 4443
f 4164 4443 4165
f 4165 4443 4444
f 4165 4444 4166
f 4166 4444 4445
f 4166 4445 4134
f 4134 4445 4446
f 4134 4446 4135
f 4135 4446 4447
f 4135 4447 4161
f 4161 4447 4412
f 4175 4174 4448
f 4230 4170 4231
f 4198 4272 4199
f 4199 4272 4271
f 4199 4271 4270
f 4203 4202 4297
f 4204 4293 4449
f 4449 4293 4292
f 4449 4292 4291
f 4291 4290 4449
f 4449 4290 4289
f 4449 4289 4288
f 4284 4283 4450
f 4450 4283 4282
f 4450 4282 4281
f 4281 4280 4450
f 4450 4280 4279
f 4450 4279 4278
f 4301 4201 4302
f 4302 4201 4200
f 4278 4277 4196
f 4196 4277 4276
f 4196 4276 4197
f 4270 4269 4199
f 4199 4269 4268
f 4199 4268 4200
f 4200 4268 4303
f 4200 4303 4302
f 4301 4300 4201
f 4201 4300 4299
f 4201 4299 4202
f 4202 4299 4298
f 4202 4298 4297
f 4297 4296 4203
f 4203 4296 4295
f 4203 4295 4204
f 4204 4295 4294
f 4204 4294 4293
f 4288 4287 4449
f 4449 4287 4286
f 4449 4286 4285
f 4276 4275 4197
f 4197 4275 4274
f 4197 4274 4198
f 4198 4274 4273
f 4198 4273 4272
f 4449 4208 4207
f 4207 4206 4449
f 4449 4206 4205
f 4449 4205 4204
f 4433 4432 4451
f 4414 4413 4209
f 4209 4413 4412
f 4209 4412 4210
f 4422 4421 4449
f 4449 4421 4420
f 4449 4420 4208
f 4208 4420 4419
f 4208 4419 4418
f 4412 4447 4210
f 4210 4447 4446
f 4210 4446 4211
f 4211 4446 4445
f 4211 4445 4444
f 4432 4431 4451
f 4451 4431 4430
f 4451 4430 4429
f 4429 4428 4451
f 4451 4428 4427
f 4451 4427 4449
f 4449 4427 4426
f 4449 4426 4425
f 4418 4417 4208
f 4208 4417 4416
f 4208 4416 4209
f 4209 4416 4415
f 4209 4415 4414
f 4444 4443 4211
f 4211 4443 4442
f 4211 4442 4452
f 4452 4442 4441
f 4452 4441 4440
f 4440 4439 4452
f 4452 4439 4438
f 4452 4438 4437
f 4437 4436 4452
f 4452 4436 4435
f 4452 4435 4451
f 4451 4435 4434
f 4451 4434 4433
f 4425 4424 4449
f 4449 4424 4423
f 4449 4423 4422
f 4264 4263 4214
f 4264 4214 4265
f 4265 4214 4213
f 4265 4213 4452
f 4452 4213 4212
f 4452 4212 4211
f 4216 4256 4255
f 4263 4262 4214
f 4214 4262 4261
f 4214 4261 4215
f 4215 4261 4260
f 4260 4259 4215
f 4215 4259 4258
f 4215 4258 4216
f 4216 4258 4257
f 4216 4257 4256
f 4255 4254 4216
f 4216 4254 4253
f 4216 4253 4217
f 4217 4253 4453
f 4217 4453 4218
f 4218 4453 4219
f 4454 4455 4453
f 4453 4455 4456
f 4453 4456 4457
f 4219 4458 4459
f 4457 4460 4453
f 4453 4460 4461
f 4453 4461 4219
f 4219 4461 4462
f 4219 4462 4458
f 4463 4464 4465
f 4465 4464 4466
f 4465 4466 4467
f 4468 4469 4470
f 4471 4472 4470
f 4470 4472 4473
f 4470 4473 4453
f 4453 4473 4474
f 4453 4474 4454
f 4459 4475 4219
f 4219 4475 4476
f 4219 4476 4220
f 4467 4477 4465
f 4465 4477 4478
f 4465 4478 4470
f 4470 4478 4479
f 4470 4479 4468
f 4476 4480 4220
f 4220 4480 4481
f 4220 4481 4221
f 4221 4481 4482
f 4469 4483 4470
f 4470 4483 4484
f 4470 4484 4471
f 4482 4485 4221
f 4221 4485 4486
f 4221 4486 4222
f 4222 4486 4487
f 4222 4487 4488
f 4488 4489 4222
f 4222 4489 4490
f 4222 4490 4465
f 4465 4490 4491
f 4465 4491 4463
f 4465 4226 4225
f 4225 4224 4465
f 4465 4224 4223
f 4465 4223 4222
f 4393 4392 4465
f 4465 4392 4391
f 4391 4390 4465
f 4465 4390 4389
f 4465 4389 4388
f 4228 4380 4229
f 4229 4380 4379
f 4229 4379 4378
f 4388 4387 4465
f 4465 4387 4386
f 4465 4386 4226
f 4399 4398 4448
f 4448 4398 4397
f 4448 4397 4396
f 4396 4395 4448
f 4448 4395 4394
f 4448 4394 4393
f 4386 4385 4226
f 4226 4385 4384
f 4226 4384 4227
f 4378 4377 4229
f 4229 4377 4376
f 4229 4376 4230
f 4230 4376 4411
f 4230 4411 4170
f 4170 4411 4410
f 4170 4410 4171
f 4171 4410 4409
f 4409 4408 4171
f 4171 4408 4407
f 4171 4407 4172
f 4384 4383 4227
f 4227 4383 4382
f 4227 4382 4228
f 4228 4382 4381
f 4228 4381 4380
f 4174 4173 4403
f 4407 4406 4172
f 4172 4406 4405
f 4172 4405 4173
f 4173 4405 4404
f 4173 4404 4403
f 4403 4402 4174
f 4174 4402 4401
f 4174 4401 4448
f 4448 4401 4400
f 4448 4400 4399
f 4178 4177 4448
f 4448 4177 4176
f 4448 4176 4175
f 4370 4369 4182
f 4182 4369 4183
f 4365 4364 4184
f 4357 4356 4492
f 4492 4356 4355
f 4492 4355 4448
f 4448 4355 4354
f 4448 4354 4353
f 4353 4352 4448
f 4448 4352 4351
f 4448 4351 4350
f 4370 4182 4371
f 4371 4182 4181
f 4371 4181 4372
f 4369 4368 4183
f 4183 4368 4367
f 4183 4367 4184
f 4184 4367 4366
f 4184 4366 4365
f 4363 4362 4492
f 4492 4362 4361
f 4492 4361 4360
f 4360 4359 4492
f 4492 4359 4358
f 4492 4358 4357
f 4350 4349 4448
f 4448 4349 4348
f 4448 4348 4178
f 4178 4348 4347
f 4178 4347 4346
f 4342 4341 4179
f 4179 4341 4340
f 4179 4340 4180
f 4340 4375 4180
f 4180 4375 4374
f 4180 4374 4181
f 4181 4374 4373
f 4181 4373 4372
f 4346 4345 4178
f 4178 4345 4344
f 4178 4344 4179
f 4179 4344 4343
f 4179 4343 4342
f 4364 4363 4184
f 4184 4363 4492
f 4184 4492 4185
f 4185 4492 4493
f 4185 4493 4186
f 4192 4333 4332
f 4325 4324 4450
f 4190 4338 4191
f 4191 4338 4337
f 4337 4336 4191
f 4191 4336 4335
f 4191 4335 4192
f 4192 4335 4334
f 4192 4334 4333
f 4493 4322 4321
f 4450 4324 4493
f 4493 4324 4323
f 4493 4323 4322
f 4321 4320 4493
f 4493 4320 4319
f 4493 4319 4318
f 4318 4317 4493
f 4493 4317 4316
f 4493 4316 4186
f 4186 4316 4315
f 4186 4315 4314
f 4188 4308 4189
f 4189 4308 4307
f 4189 4307 4306
f 4306 4305 4189
f 4189 4305 4304
f 4189 4304 4190
f 4190 4304 4339
f 4190 4339 4338
f 4314 4313 4186
f 4186 4313 4312
f 4186 4312 4187
f 4312 4311 4187
f 4187 4311 4310
f 4187 4310 4188
f 4188 4310 4309
f 4188 4309 4308
f 4331 4330 4450
f 4450 4330 4329
f 4450 4329 4328
f 4328 4327 4450
f 4450 4327 4326
f 4450 4326 4325
f 4278 4196 4450
f 4450 4196 4195
f 4450 4195 4194
f 4332 4331 4192
f 4192 4331 4450
f 4192 4450 4193
f 4193 4450 4194
f 4253 4252 4453
f 4453 4252 4251
f 4453 4251 4250
f 4239 4238 4451
f 4451 4238 4237
f 4233 4232 4452
f 4246 4245 4470
f 4470 4245 4244
f 4470 4244 4243
f 4243 4242 4470
f 4470 4242 4241
f 4470 4241 4451
f 4451 4241 4240
f 4451 4240 4239
f 4232 4267 4452
f 4452 4267 4266
f 4452 4266 4265
f 4250 4249 4453
f 4453 4249 4248
f 4453 4248 4470
f 4470 4248 4247
f 4470 4247 4246
f 4237 4236 4451
f 4451 4236 4235
f 4451 4235 4452
f 4452 4235 4234
f 4452 4234 4233
f 4393 4465 4448
f 4448 4465 4470
f 4448 4470 4492
f 4492 4470 4451
f 4492 4451 4493
f 4493 4451 4449
f 4493 4449 4450
f 4450 4449 4285
f 4450 4285 4284
f 79 4476 80
f 80 4476 4475
f 80 4475 82
f 82 4475 4459
f 82 4459 83
f 83 4459 4458
f 83 4458 84
f 84 4458 4462
f 84 4462 85
f 85 4462 4461
f 85 4461 86
f 86 4461 4460
f 86 4460 87
f 87 4460 4457
f 87 4457 88
f 88 4457 4456
f 88 4456 89
f 89 4456 4455
f 89 4455 73
f 73 4455 4454
f 73 4454 74
f 74 4454 4474
f 74 4474 112
f 112 4474 4473
f 112 4473 113
f 113 4473 4472
f 113 4472 114
f 114 4472 4471
f 114 4471 94
f 94 4471 4484
f 94 4484 95
f 95 4484 4483
f 95 4483 106
f 106 4483 4469
f 106 4469 107
f 107 4469 4468
f 107 4468 108
f 108 4468 4479
f 108 4479 109
f 109 4479 4478
f 109 4478 110
f 110 4478 4477
f 110 4477 111
f 111 4477 4467
f 111 4467 99
f 99 4467 4466
f 99 4466 100
f 100 4466 4464
f 100 4464 102
f 102 4464 4463
f 102 4463 103
f 103 4463 4491
f 103 4491 104
f 104 4491 4490
f 104 4490 105
f 105 4490 4489
f 105 4489 91
f 91 4489 4488
f 91 4488 92
f 92 4488 4487
f 92 4487 96
f 96 4487 4486
f 96 4486 97
f 97 4486 4485
f 97 4485 98
f 98 4485 4482
f 98 4482 76
f 76 4482 4481
f 76 4481 77
f 77 4481 4480
f 77 4480 79
f 79 4480 4476
f 4494 4495 4496
f 4496 4495 4497
f 4496 4497 4498
f 4499 4500 4496
f 4496 4500 4501
f 4496 4501 4494
f 4502 4503 4496
f 4496 4503 4504
f 4496 4504 4499
f 4505 4506 4496
f 4496 4506 4507
f 4496 4507 4502
f 4508 4509 4496
f 4496 4509 4510
f 4496 4510 4505
f 4511 4512 4496
f 4496 4512 4513
f 4496 4513 4508
f 4514 4515 4496
f 4496 4515 4516
f 4496 4516 4511
f 4517 4518 4496
f 4496 4518 4519
f 4496 4519 4514
f 4520 4521 4496
f 4496 4521 4522
f 4496 4522 4517
f 4523 4524 4496
f 4496 4524 4525
f 4496 4525 4520
f 4526 4527 4496
f 4496 4527 4528
f 4496 4528 4523
f 4498 4529 4496
f 4496 4529 4530
f 4496 4530 4526
f 4531 4515 4532
f 4532 4515 4514
f 4532 4514 4533
f 4533 4514 4519
f 4533 4519 4534
f 4534 4519 4518
f 4534 4518 4535
f 4535 4518 4517
f 4535 4517 4536
f 4536 4517 4522
f 4536 4522 4537
f 4537 4522 4521
f 4537 4521 4538
f 4538 4521 4520
f 4538 4520 4539
f 4539 4520 4525
f 4539 4525 4540
f 4540 4525 4524
f 4540 4524 4541
f 4541 4524 4523
f 4541 4523 4542
f 4542 4523 4528
f 4542 4528 4543
f 4543 4528 4527
f 4543 4527 4544
f 4544 4527 4526
f 4544 4526 4545
f 4545 4526 4530
f 4545 4530 4546
f 4546 4530 4529
f 4546 4529 4547
f 4547 4529 4498
f 4547 4498 4548
f 4548 4498 4497
f 4548 4497 4549
f 4549 4497 4495
f 4549 4495 4550
f 4550 4495 4494
f 4550 4494 4551
f 4551 4494 4501
f 4551 4501 4552
f 4552 4501 4500
f 4552 4500 4553
f 4553 4500 4499
f 4553 4499 4554
f 4554 4499 4504
f 4554 4504 4555
f 4555 4504 4503
f 4555 4503 4556
f 4556 4503 4502
f 4556 4502 4557
f 4557 4502 4507
f 4557 4507 4558
f 4558 4507 4506
f 4558 4506 4559
f 4559 4506 4505
f 4559 4505 4560
f 4560 4505 4510
f 4560 4510 4561
f 4561 4510 4509
f 4561 4509 4562
f 4562 4509 4508
f 4562 4508 4563
f 4563 4508 4513
f 4563 4513 4564
f 4564 4513 4512
f 4564 4512 4565
f 4565 4512 4511
f 4565 4511 4566
f 4566 4511 4516
f 4566 4516 4531
f 4531 4516 4515
f 7 4532 5
f 5 4532 4533
f 5 4533 3
f 3 4533 4534
f 3 4534 1
f 1 4534 4535
f 1 4535 71
f 71 4535 4536
f 71 4536 69
f 69 4536 4537
f 69 4537 67
f 67 4537 4538
f 67 4538 65
f 65 4538 4539
f 65 4539 63
f 63 4539 4540
f 63 4540 61
f 61 4540 4541
f 61 4541 59
f 59 4541 4542
f 59 4542 57
f 57 4542 4543
f 57 4543 55
f 55 4543 4544
f 55 4544 53
f 53 4544 4545
f 53 4545 51
f 51 4545 4546
f 51 4546 49
f 49 4546 4547
f 49 4547 47
f 47 4547 4548
f 47 4548 45
f 45 4548 4549
f 45 4549 43
f 43 4549 4550
f 43 4550 41
f 41 4550 4551
f 41 4551 39
f 39 4551 4552
f 39 4552 37
f 37 4552 4553
f 37 4553 35
f 35 4553 4554
f 35 4554 33
f 33 4554 4555
f 33 4555 31
f 31 4555 4556
f 31 4556 29
f 29 4556 4557
f 29 4557 27
f 27 4557 4558
f 27 4558 25
f 25 4558 4559
f 25 4559 23
f 23 4559 4560
f 23 4560 21
f 21 4560 4561
f 21 4561 19
f 19 4561 4562
f 19 4562 17
f 17 4562 4563
f 17 4563 15
f 15 4563 4564
f 15 4564 13
f 13 4564 4565
f 13 4565 11
f 11 4565 4566
f 11 4566 9
f 9 4566 4531
f 9 4531 7
f 7 4531 4532
f 4567 4568 4569
f 4569 4568 4570
f 4569 4570 4571
f 4571 4570 4572
f 4571 4572 4573
f 4573 4572 4574
f 4573 4574 4575
f 4575 4574 4576
f 4575 4576 4577
f 4577 4576 4578
f 4577 4578 4579
f 4579 4578 4580
f 4579 4580 4581
f 4581 4580 4582
f 4581 4582 4583
f 4583 4582 4584
f 4583 4584 4585
f 4585 4584 4586
f 4585 4586 4587
f 4587 4586 4588
f 4587 4588 4589
f 4589 4588 4590
f 4589 4590 4591
f 4591 4590 4592
f 4591 4592 4593
f 4593 4592 4594
f 4593 4594 4595
f 4595 4594 4596
f 4595 4596 4597
f 4597 4596 4598
f 4597 4598 4599
f 4599 4598 4600
f 4599 4600 4601
f 4601 4600 4602
f 4601 4602 4603
f 4603 4602 4604
f 4603 4604 4605
f 4605 4604 4606
f 4605 4606 4607
f 4607 4606 4608
f 4607 4608 4609
f 4609 4608 4610
f 4609 4610 4611
f 4611 4610 4612
f 4611 4612 4613
f 4613 4612 4614
f 4613 4614 4615
f 4615 4614 4616
f 4615 4616 4617
f 4617 4616 4618
f 4617 4618 4619
f 4619 4618 4620
f 4619 4620 4621
f 4621 4620 4622
f 4621 4622 4623
f 4623 4622 4624
f 4623 4624 4625
f 4625 4624 4626
f 4625 4626 4627
f 4627 4626 4628
f 4627 4628 4629
f 4629 4628 4630
f 4629 4630 4631
f 4631 4630 4632
f 4631 4632 4633
f 4633 4632 4634
f 4633 4634 4635
f 4635 4634 4636
f 4635 4636 4637
f 4637 4636 4638
f 4637 4638 4567
f 4567 4638 4568
f 4634 4639 4636
f 4636 4639 4640
f 4636 4640 4638
f 4638 4640 4641
f 4638 4641 4568
f 4568 4641 4642
f 4568 4642 4570
f 4570 4642 4643
f 4570 4643 4572
f 4572 4643 4644
f 4572 4644 4574
f 4574 4644 4645
f 4574 4645 4576
f 4576 4645 4646
f 4576 4646 4578
f 4578 4646 4647
f 4578 4647 4580
f 4580 4647 4648
f 4580 4648 4582
f 4582 4648 4649
f 4582 4649 4584
f 4584 4649 4650
f 4584 4650 4586
f 4586 4650 4651
f 4586 4651 4588
f 4588 4651 4652
f 4588 4652 4590
f 4590 4652 4653
f 4590 4653 4592
f 4592 4653 4654
f 4592 4654 4594
f 4594 4654 4655
f 4594 4655 4596
f 4596 4655 4656
f 4596 4656 4598
f 4598 4656 4657
f 4598 4657 4600
f 4600 4657 4658
f 4600 4658 4602
f 4602 4658 4659
f 4602 4659 4604
f 4604 4659 4660
f 4604 4660 4606
f 4606 4660 4661
f 4606 4661 4608
f 4608 4661 4662
f 4608 4662 4610
f 4610 4662 4663
f 4610 4663 4612
f 4612 4663 4664
f 4612 4664 4614
f 4614 4664 4665
f 4614 4665 4616
f 4616 4665 4666
f 4616 4666 4618
f 4618 4666 4667
f 4618 4667 4620
f 4620 4667 4668
f 4620 4668 4622
f 4622 4668 4669
f 4622 4669 4624
f 4624 4669 4670
f 4624 4670 4626
f 4626 4670 4671
f 4626 4671 4628
f 4628 4671 4672
f 4628 4672 4630
f 4630 4672 4673
f 4630 4673 4632
f 4632 4673 4674
f 4632 4674 4634
f 4634 4674 4639
f 4675 4635 4676
f 4676 4635 4637
f 4676 4637 4677
f 4677 4637 4567
f 4677 4567 4678
f 4678 4567 4569
f 4678 4569 4679
f 4679 4569 4571
f 4679 4571 4680
f 4680 4571 4573
f 4680 4573 4681
f 4681 4573 4575
f 4681 4575 4682
f 4682 4575 4577
f 4682 4577 4683
f 4683 4577 4579
f 4683 4579 4684
f 4684 4579 4581
f 4684 4581 4685
f 4685 4581 4583
f 4685 4583 4686
f 4686 4583 4585
f 4686 4585 4687
f 4687 4585 4587
f 4687 4587 4688
f 4688 4587 4589
f 4688 4589 4689
f 4689 4589 4591
f 4689 4591 4690
f 4690 4591 4593
f 4690 4593 4691
f 4691 4593 4595
f 4691 4595 4692
f 4692 4595 4597
f 4692 4597 4693
f 4693 4597 4599
f 4693 4599 4694
f 4694 4599 4601
f 4694 4601 4695
f 4695 4601 4603
f 4695 4603 4696
f 4696 4603 4605
f 4696 4605 4697
f 4697 4605 4607
f 4697 4607 4698
f 4698 4607 4609
f 4698 4609 4699
f 4699 4609 4611
f 4699 4611 4700
f 4700 4611 4613
f 4700 4613 4701
f 4701 4613 4615
f 4701 4615 4702
f 4702 4615 4617
f 4702 4617 4703
f 4703 4617 4619
f 4703 4619 4704
f 4704 4619 4621
f 4704 4621 4705
f 4705 4621 4623
f 4705 4623 4706
f 4706 4623 4625
f 4706 4625 4707
f 4707 4625 4627
f 4707 4627 4708
f 4708 4627 4629
f 4708 4629 4709
f 4709 4629 4631
f 4709 4631 4710
f 4710 4631 4633
f 4710 4633 4675
f 4675 4633 4635
f 4639 4676 4640
f 4640 4676 4677
f 4640 4677 4641
f 4641 4677 4678
f 4641 4678 4642
f 4642 4678 4679
f 4642 4679 4643
f 4643 4679 4680
f 4643 4680 4644
f 4644 4680 4681
f 4644 4681 4645
f 4645 4681 4682
f 4645 4682 4646
f 4646 4682 4683
f 4646 4683 4647
f 4647 4683 4684
f 4647 4684 4648
f 4648 4684 4685
f 4648 4685 4649
f 4649 4685 4686
f 4649 4686 4650
f 4650 4686 4687
f 4650 4687 4651
f 4651 4687 4688
f 4651 4688 4652
f 4652 4688 4689
f 4652 4689 4653
f 4653 4689 4690
f 4653 4690 4654
f 4654 4690 4691
f 4654 4691 4655
f 4655 4691 4692
f 4655 4692 4656
f 4656 4692 4693
f 4656 4693 4657
f 4657 4693 4694
f 4657 4694 4658
f 4658 4694 4695
f 4658 4695 4659
f 4659 4695 4696
f 4659 4696 4660
f 4660 4696 4697
f 4660 4697 4661
f 4661 4697 4698
f 4661 4698 4662
f 4662 4698 4699
f 4662 4699 4663
f 4663 4699 4700
f 4663 4700 4664
f 4664 4700 4701
f 4664 4701 4665
f 4665 4701 4702
f 4665 4702 4666
f 4666 4702 4703
f 4666 4703 4667
f 4667 4703 4704
f 4667 4704 4668
f 4668 4704 4705
f 4668 4705 4669
f 4669 4705 4706
f 4669 4706 4670
f 4670 4706 4707
f 4670 4707 4671
f 4671 4707 4708
f 4671 4708 4672
f 4672 4708 4709
f 4672 4709 4673
f 4673 4709 4710
f 4673 4710 4674
f 4674 4710 4675
f 4674 4675 4639
f 4639 4675 4676
f 4711 4712 4713
f 4713 4712 4714
f 4713 4714 4715
f 4715 4714 4716
f 4715 4716 4717
f 4717 4716 4718
f 4717 4718 4719
f 4719 4718 4720
f 4719 4720 4721
f 4721 4720 4722
f 4721 4722 4723
f 4723 4722 4724
f 4723 4724 4725
f 4725 4724 4726
f 4725 4726 4727
f 4727 4726 4728
f 4727 4728 4729
f 4729 4728 4730
f 4729 4730 4731
f 4731 4730 4732
f 4731 4732 4733
f 4733 4732 4734
f 4733 4734 4735
f 4735 4734 4736
f 4735 4736 4737
f 4737 4736 4738
f 4737 4738 4739
f 4739 4738 4740
f 4739 4740 4741
f 4741 4740 4742
f 4741 4742 4743
f 4743 4742 4744
f 4743 4744 4745
f 4745 4744 4746
f 4745 4746 4747
f 4747 4746 4748
f 4747 4748 4749
f 4749 4748 4750
f 4749 4750 4751
f 4751 4750 4752
f 4751 4752 4753
f 4753 4752 4754
f 4753 4754 4755
f 4755 4754 4756
f 4755 4756 4757
f 4757 4756 4758
f 4757 4758 4759
f 4759 4758 4760
f 4759 4760 4761
f 4761 4760 4762
f 4761 4762 4763
f 4763 4762 4764
f 4763 4764 4765
f 4765 4764 4766
f 4765 4766 4767
f 4767 4766 4768
f 4767 4768 4769
f 4769 4768 4770
f 4769 4770 4771
f 4771 4770 4772
f 4771 4772 4773
f 4773 4772 4774
f 4773 4774 4775
f 4775 4774 4776
f 4775 4776 4777
f 4777 4776 4778
f 4777 4778 4779
f 4779 4778 4780
f 4779 4780 4781
f 4781 4780 4782
f 4781 4782 4711
f 4711 4782 4712
f 4776 4783 4778
f 4778 4783 4784
f 4778 4784 4780
f 4780 4784 4785
f 4780 4785 4782
f 4782 4785 4786
f 4782 4786 4712
f 4712 4786 4787
f 4712 4787 4714
f 4714 4787 4788
f 4714 4788 4716
f 4716 4788 4789
f 4716 4789 4718
f 4718 4789 4790
f 4718 4790 4720
f 4720 4790 4791
f 4720 4791 4722
f 4722 4791 4792
f 4722 4792 4724
f 4724 4792 4793
f 4724 4793 4726
f 4726 4793 4794
f 4726 4794 4728
f 4728 4794 4795
f 4728 4795 4730
f 4730 4795 4796
f 4730 4796 4732
f 4732 4796 4797
f 4732 4797 4734
f 4734 4797 4798
f 4734 4798 4736
f 4736 4798 4799
f 4736 4799 4738
f 4738 4799 4800
f 4738 4800 4740
f 4740 4800 4801
f 4740 4801 4742
f 4742 4801 4802
f 4742 4802 4744
f 4744 4802 4803
f 4744 4803 4746
f 4746 4803 4804
f 4746 4804 4748
f 4748 4804 4805
f 4748 4805 4750
f 4750 4805 4806
f 4750 4806 4752
f 4752 4806 4807
f 4752 4807 4754
f 4754 4807 4808
f 4754 4808 4756
f 4756 4808 4809
f 4756 4809 4758
f 4758 4809 4810
f 4758 4810 4760
f 4760 4810 4811
f 4760 4811 4762
f 4762 4811 4812
f 4762 4812 4764
f 4764 4812 4813
f 4764 4813 4766
f 4766 4813 4814
f 4766 4814 4768
f 4768 4814 4815
f 4768 4815 4770
f 4770 4815 4816
f 4770 4816 4772
f 4772 4816 4817
f 4772 4817 4774
f 4774 4817 4818
f 4774 4818 4776
f 4776 4818 4783
f 4819 4717 4820
f 4820 4717 4719
f 4820 4719 4821
f 4821 4719 4721
f 4821 4721 4822
f 4822 4721 4723
f 4822 4723 4823
f 4823 4723 4725
f 4823 4725 4824
f 4824 4725 4727
f 4824 4727 4825
f 4825 4727 4729
f 4825 4729 4826
f 4826 4729 4731
f 4826 4731 4827
f 4827 4731 4733
f 4827 4733 4828
f 4828 4733 4735
f 4828 4735 4829
f 4829 4735 4737
f 4829 4737 4830
f 4830 4737 4739
f 4830 4739 4831
f 4831 4739 4741
f 4831 4741 4832
f 4832 4741 4743
f 4832 4743 4833
f 4833 4743 4745
f 4833 4745 4834
f 4834 4745 4747
f 4834 4747 4835
f 4835 4747 4749
f 4835 4749 4836
f 4836 4749 4751
f 4836 4751 4837
f 4837 4751 4753
f 4837 4753 4838
f 4838 4753 4755
f 4838 4755 4839
f 4839 4755 4757
f 4839 4757 4840
f 4840 4757 4759
f 4840 4759 4841
f 4841 4759 4761
f 4841 4761 4842
f 4842 4761 4763
f 4842 4763 4843
f 4843 4763 4765
f 4843 4765 4844
f 4844 4765 4767
f 4844 4767 4845
f 4845 4767 4769
f 4845 4769 4846
f 4846 4769 4771
f 4846 4771 4847
f 4847 4771 4773
f 4847 4773 4848
f 4848 4773 4775
f 4848 4775 4849
f 4849 4775 4777
f 4849 4777 4850
f 4850 4777 4779
f 4850 4779 4851
f 4851 4779 4781
f 4851 4781 4852
f 4852 4781 4711
f 4852 4711 4853
f 4853 4711 4713
f 4853 4713 4854
f 4854 4713 4715
f 4854 4715 4819
f 4819 4715 4717
f 4789 4820 4790
f 4790 4820 4821
f 4790 4821 4791
f 4791 4821 4822
f 4791 4822 4792
f 4792 4822 4823
f 4792 4823 4793
f 4793 4823 4824
f 4793 4824 4794
f 4794 4824 4825
f 4794 4825 4795
f 4795 4825 4826
f 4795 4826 4796
f 4796 4826 4827
f 4796 4827 4797
f 4797 4827 4828
f 4797 4828 4798
f 4798 4828 4829
f 4798 4829 4799
f 4799 4829 4830
f 4799 4830 4800
f 4800 4830 4831
f 4800 4831 4801
f 4801 4831 4832
f 4801 4832 4802
f 4802 4832 4833
f 4802 4833 4803
f 4803 4833 4834
f 4803 4834 4804
f 4804 4834 4835
f 4804 4835 4805
f 4805 4835 4836
f 4805 4836 4806
f 4806 4836 4837
f 4806 4837 4807
f 4807 4837 4838
f 4807 4838 4808
f 4808 4838 4839
f 4808 4839 4809
f 4809 4839 4840
f 4809 4840 4810
f 4810 4840 4841
f 4810 4841 4811
f 4811 4841 4842
f 4811 4842 4812
f 4812 4842 4843
f 4812 4843 4813
f 4813 4843 4844
f 4813 4844 4814
f 4814 4844 4845
f 4814 4845 4815
f 4815 4845 4846
f 4815 4846 4816
f 4816 4846 4847
f 4816 4847 4817
f 4817 4847 4848
f 4817 4848 4818
f 4818 4848 4849
f 4818 4849 4783
f 4783 4849 4850
f 4783 4850 4784
f 4784 4850 4851
f 4784 4851 4785
f 4785 4851 4852
f 4785 4852 4786
f 4786 4852 4853
f 4786 4853 4787
f 4787 4853 4854
f 4787 4854 4788
f 4788 4854 4819
f 4788 4819 4789
f 4789 4819 4820
f 4855 4856 4857
f 4857 4856 4858
f 4857 4858 4859
f 4859 4858 4860
f 4859 4860 4861
f 4861 4860 4862
f 4861 4862 4863
f 4863 4862 4864
f 4863 4864 4865
f 4865 4864 4866
f 4865 4866 4867
f 4867 4866 4868
f 4867 4868 4869
f 4869 4868 4870
f 4869 4870 4871
f 4871 4870 4872
f 4871 4872 4873
f 4873 4872 4874
f 4873 4874 4875
f 4875 4874 4876
f 4875 4876 4877
f 4877 4876 4878
f 4877 4878 4879
f 4879 4878 4880
f 4879 4880 4881
f 4881 4880 4882
f 4881 4882 4883
f 4883 4882 4884
f 4883 4884 4885
f 4885 4884 4886
f 4885 4886 4887
f 4887 4886 4888
f 4887 4888 4889
f 4889 4888 4890
f 4889 4890 4891
f 4891 4890 4892
f 4891 4892 4893
f 4893 4892 4894
f 4893 4894 4895
f 4895 4894 4896
f 4895 4896 4897
f 4897 4896 4898
f 4897 4898 4899
f 4899 4898 4900
f 4899 4900 4901
f 4901 4900 4902
f 4901 4902 4903
f 4903 4902 4904
f 4903 4904 4905
f 4905 4904 4906
f 4905 4906 4907
f 4907 4906 4908
f 4907 4908 4909
f 4909 4908 4910
f 4909 4910 4911
f 4911 4910 4912
f 4911 4912 4913
f 4913 4912 4914
f 4913 4914 4915
f 4915 4914 4916
f 4915 4916 4917
f 4917 4916 4918
f 4917 4918 4919
f 4919 4918 4920
f 4919 4920 4921
f 4921 4920 4922
f 4921 4922 4923
f 4923 4922 4924
f 4923 4924 4925
f 4925 4924 4926
f 4925 4926 4855
f 4855 4926 4856
f 4918 4927 4920
f 4920 4927 4928
f 4920 4928 4922
f 4922 4928 4929
f 4922 4929 4924
f 4924 4929 4930
f 4924 4930 4926
f 4926 4930 4931
f 4926 4931 4856
f 4856 4931 4932
f 4856 4932 4858
f 4858 4932 4933
f 4858 4933 4860
f 4860 4933 4934
f 4860 4934 4862
f 4862 4934 4935
f 4862 4935 4864
f 4864 4935 4936
f 4864 4936 4866
f 4866 4936 4937
f 4866 4937 4868
f 4868 4937 4938
f 4868 4938 4870
f 4870 4938 4939
f 4870 4939 4872
f 4872 4939 4940
f 4872 4940 4874
f 4874 4940 4941
f 4874 4941 4876
f 4876 4941 4942
f 4876 4942 4878
f 4878 4942 4943
f 4878 4943 4880
f 4880 4943 4944
f 4880 4944 4882
f 4882 4944 4945
f 4882 4945 4884
f 4884 4945 4946
f 4884 4946 4886
f 4886 4946 4947
f 4886 4947 4888
f 4888 4947 4948
f 4888 4948 4890
f 4890 4948 4949
f 4890 4949 4892
f 4892 4949 4950
f 4892 4950 4894
f 4894 4950 4951
f 4894 4951 4896
f 4896 4951 4952
f 4896 4952 4898
f 4898 4952 4953
f 4898 4953 4900
f 4900 4953 4954
f 4900 4954 4902
f 4902 4954 4955
f 4902 4955 4904
f 4904 4955 4956
f 4904 4956 4906
f 4906 4956 4957
f 4906 4957 4908
f 4908 4957 4958
f 4908 4958 4910
f 4910 4958 4959
f 4910 4959 4912
f 4912 4959 4960
f 4912 4960 4914
f 4914 4960 4961
f 4914 4961 4916
f 4916 4961 4962
f 4916 4962 4918
f 4918 4962 4927
f 4963 4871 4964
f 4964 4871 4873
f 4964 4873 4965
f 4965 4873 4875
f 4965 4875 4966
f 4966 4875 4877
f 4966 4877 4967
f 4967 4877 4879
f 4967 4879 4968
f 4968 4879 4881
f 4968 4881 4969
f 4969 4881 4883
f 4969 4883 4970
f 4970 4883 4885
f 4970 4885 4971
f 4971 4885 4887
f 4971 4887 4972
f 4972 4887 4889
f 4972 4889 4973
f 4973 4889 4891
f 4973 4891 4974
f 4974 4891 4893
f 4974 4893 4975
f 4975 4893 4895
f 4975 4895 4976
f 4976 4895 4897
f 4976 4897 4977
f 4977 4897 4899
f 4977 4899 4978
f 4978 4899 4901
f 4978 4901 4979
f 4979 4901 4903
f 4979 4903 4980
f 4980 4903 4905
f 4980 4905 4981
f 4981 4905 4907
f 4981 4907 4982
f 4982 4907 4909
f 4982 4909 4983
f 4983 4909 4911
f 4983 4911 4984
f 4984 4911 4913
f 4984 4913 4985
f 4985 4913 4915
f 4985 4915 4986
f 4986 4915 4917
f 4986 4917 4987
f 4987 4917 4919
f 4987 4919 4988
f 4988 4919 4921
f 4988 4921 4989
f 4989 4921 4923
f 4989 4923 4990
f 4990 4923 4925
f 4990 4925 4991
f 4991 4925 4855
f 4991 4855 4992
f 4992 4855 4857
f 4992 4857 4993
f 4993 4857 4859
f 4993 4859 4994
f 4994 4859 4861
f 4994 4861 4995
f 4995 4861 4863
f 4995 4863 4996
f 4996 4863 4865
f 4996 4865 4997
f 4997 4865 4867
f 4997 4867 4998
f 4998 4867 4869
f 4998 4869 4963
f 4963 4869 4871
f 4939 4964 4940
f 4940 4964 4965
f 4940 4965 4941
f 4941 4965 4966
f 4941 4966 4942
f 4942 4966 4967
f 4942 4967 4943
f 4943 4967 4968
f 4943 4968 4944
f 4944 4968 4969
f 4944 4969 4945
f 4945 4969 4970
f 4945 4970 4946
f 4946 4970 4971
f 4946 4971 4947
f 4947 4971 4972
f 4947 4972 4948
f 4948 4972 4973
f 4948 4973 4949
f 4949 4973 4974
f 4949 4974 4950
f 4950 4974 4975
f 4950 4975 4951
f 4951 4975 4976
f 4951 4976 4952
f 4952 4976 4977
f 4952 4977 4953
f 4953 4977 4978
f 4953 4978 4954
f 4954 4978 4979
f 4954 4979 4955
f 4955 4979 4980
f 4955 4980 4956
f 4956 4980 4981
f 4956 4981 4957
f 4957 4981 4982
f 4957 4982 4958
f 4958 4982 4983
f 4958 4983 4959
f 4959 4983 4984
f 4959 4984 4960
f 4960 4984 4985
f 4960 4985 4961
f 4961 4985 4986
f 4961 4986 4962
f 4962 4986 4987
f 4962 4987 4927
f 4927 4987 4988
f 4927 4988 4928
f 4928 4988 4989
f 4928 4989 4929
f 4929 4989 4990
f 4929 4990 4930
f 4930 4990 4991
f 4930 4991 4931
f 4931 4991 4992
f 4931 4992 4932
f 4932 4992 4993
f 4932 4993 4933
f 4933 4993 4994
f 4933 4994 4934
f 4934 4994 4995
f 4934 4995 4935
f 4935 4995 4996
f 4935 4996 4936
f 4936 4996 4997
f 4936 4997 4937
f 4937 4997 4998
f 4937 4998 4938
f 4938 4998 4963
f 4938 4963 4939
f 4939 4963 4964
f 4999 5000 5001
f 5001 5000 5002
f 5001 5002 5003
f 5003 5002 5004
f 5003 5004 5005
f 5005 5004 5006
f 5005 5006 5007
f 5007 5006 5008
f 5007 5008 5009
f 5009 5008 5010
f 5009 5010 5011
f 5011 5010 5012
f 5011 5012 5013
f 5013 5012 5014
f 5013 5014 5015
f 5015 5014 5016
f 5015 5016 5017
f 5017 5016 5018
f 5017 5018 5019
f 5019 5018 5020
f 5019 5020 5021
f 5021 5020 5022
f 5021 5022 5023
f 5023 5022 5024
f 5023 5024 5025
f 5025 5024 5026
f 5025 5026 5027
f 5027 5026 5028
f 5027 5028 5029
f 5029 5028 5030
f 5029 5030 5031
f 5031 5030 5032
f 5031 5032 5033
f 5033 5032 5034
f 5033 5034 5035
f 5035 5034 5036
f 5035 5036 5037
f 5037 5036 5038
f 5037 5038 5039
f 5039 5038 5040
f 5039 5040 5041
f 5041 5040 5042
f 5041 5042 5043
f 5043 5042 5044
f 5043 5044 5045
f 5045 5044 5046
f 5045 5046 5047
f 5047 5046 5048
f 5047 5048 5049
f 5049 5048 5050
f 5049 5050 5051
f 5051 5050 5052
f 5051 5052 5053
f 5053 5052 5054
f 5053 5054 5055
f 5055 5054 5056
f 5055 5056 5057
f 5057 5056 5058
f 5057 5058 5059
f 5059 5058 5060
f 5059 5060 5061
f 5061 5060 5062
f 5061 5062 5063
f 5063 5062 5064
f 5063 5064 5065
f 5065 5064 5066
f 5065 5066 5067
f 5067 5066 5068
f 5067 5068 5069
f 5069 5068 5070
f 5069 5070 4999
f 4999 5070 5000
f 5046 5071 5048
f 5048 5071 5072
f 5048 5072 5050
f 5050 5072 5073
f 5050 5073 5052
f 5052 5073 5074
f 5052 5074 5054
f 5054 5074 5075
f 5054 5075 5056
f 5056 5075 5076
f 5056 5076 5058
f 5058 5076 5077
f 5058 5077 5060
f 5060 5077 5078
f 5060 5078 5062
f 5062 5078 5079
f 5062 5079 5064
f 5064 5079 5080
f 5064 5080 5066
f 5066 5080 5081
f 5066 5081 5068
f 5068 5081 5082
f 5068 5082 5070
f 5070 5082 5083
f 5070 5083 5000
f 5000 5083 5084
f 5000 5084 5002
f 5002 5084 5085
f 5002 5085 5004
f 5004 5085 5086
f 5004 5086 5006
f 5006 5086 5087
f 5006 5087 5008
f 5008 5087 5088
f 5008 5088 5010
f 5010 5088 5089
f 5010 5089 5012
f 5012 5089 5090
f 5012 5090 5014
f 5014 5090 5091
f 5014 5091 5016
f 5016 5091 5092
f 5016 5092 5018
f 5018 5092 5093
f 5018 5093 5020
f 5020 5093 5094
f 5020 5094 5022
f 5022 5094 5095
f 5022 5095 5024
f 5024 5095 5096
f 5024 5096 5026
f 5026 5096 5097
f 5026 5097 5028
f 5028 5097 5098
f 5028 5098 5030
f 5030 5098 5099
f 5030 5099 5032
f 5032 5099 5100
f 5032 5100 5034
f 5034 5100 5101
f 5034 5101 5036
f 5036 5101 5102
f 5036 5102 5038
f 5038 5102 5103
f 5038 5103 5040
f 5040 5103 5104
f 5040 5104 5042
f 5042 5104 5105
f 5042 5105 5044
f 5044 5105 5106
f 5044 5106 5046
f 5046 5106 5071
f 5107 5011 5108
f 5108 5011 5013
f 5108 5013 5109
f 5109 5013 5015
f 5109 5015 5110
f 5110 5015 5017
f 5110 5017 5111
f 5111 5017 5019
f 5111 5019 5112
f 5112 5019 5021
f 5112 5021 5113
f 5113 5021 5023
f 5113 5023 5114
f 5114 5023 5025
f 5114 5025 5115
f 5115 5025 5027
f 5115 5027 5116
f 5116 5027 5029
f 5116 5029 5117
f 5117 5029 5031
f 5117 5031 5118
f 5118 5031 5033
f 5118 5033 5119
f 5119 5033 5035
f 5119 5035 5120
f 5120 5035 5037
f 5120 5037 5121
f 5121 5037 5039
f 5121 5039 5122
f 5122 5039 5041
f 5122 5041 5123
f 5123 5041 5043
f 5123 5043 5124
f 5124 5043 5045
f 5124 5045 5125
f 5125 5045 5047
f 5125 5047 5126
f 5126 5047 5049
f 5126 5049 5127
f 5127 5049 5051
f 5127 5051 5128
f 5128 5051 5053
f 5128 5053 5129
f 5129 5053 5055
f 5129 5055 5130
f 5130 5055 5057
f 5130 5057 5131
f 5131 5057 5059
f 5131 5059 5132
f 5132 5059 5061
f 5132 5061 5133
f 5133 5061 5063
f 5133 5063 5134
f 5134 5063 5065
f 5134 5065 5135
f 5135 5065 5067
f 5135 5067 5136
f 5136 5067 5069
f 5136 5069 5137
f 5137 5069 4999
f 5137 4999 5138
f 5138 4999 5001
f 5138 5001 5139
f 5139 5001 5003
f 5139 5003 5140
f 5140 5003 5005
f 5140 5005 5141
f 5141 5005 5007
f 5141 5007 5142
f 5142 5007 5009
f 5142 5009 5107
f 5107 5009 5011
f 5089 5108 5090
f 5090 5108 5109
f 5090 5109 5091
f 5091 5109 5110
f 5091 5110 5092
f 5092 5110 5111
f 5092 5111 5093
f 5093 5111 5112
f 5093 5112 5094
f 5094 5112 5113
f 5094 5113 5095
f 5095 5113 5114
f 5095 5114 5096
f 5096 5114 5115
f 5096 5115 5097
f 5097 5115 5116
f 5097 5116 5098
f 5098 5116 5117
f 5098 5117 5099
f 5099 5117 5118
f 5099 5118 5100
f 5100 5118 5119
f 5100 5119 5101
f 5101 5119 5120
f 5101 5120 5102
f 5102 5120 5121
f 5102 5121 5103
f 5103 5121 5122
f 5103 5122 5104
f 5104 5122 5123
f 5104 5123 5105
f 5105 5123 5124
f 5105 5124 5106
f 5106 5124 5125
f 5106 5125 5071
f 5071 5125 5126
f 5071 5126 5072
f 5072 5126 5127
f 5072 5127 5073
f 5073 5127 5128
f 5073 5128 5074
f 5074 5128 5129
f 5074 5129 5075
f 5075 5129 5130
f 5075 5130 5076
f 5076 5130 5131
f 5076 5131 5077
f 5077 5131 5132
f 5077 5132 5078
f 5078 5132 5133
f 5078 5133 5079
f 5079 5133 5134
f 5079 5134 5080
f 5080 5134 5135
f 5080 5135 5081
f 5081 5135 5136
f 5081 5136 5082
f 5082 5136 5137
f 5082 5137 5083
f 5083 5137 5138
f 5083 5138 5084
f 5084 5138 5139
f 5084 5139 5085
f 5085 5139 5140
f 5085 5140 5086
f 5086 5140 5141
f 5086 5141 5087
f 5087 5141 5142
f 5087 5142 5088
f 5088 5142 5107
f 5088 5107 5089
f 5089 5107 5108
f 5143 5144 5145
f 5145 5144 5146
f 5145 5146 5147
f 5147 5146 5148
f 5147 5148 5149
f 5149 5148 5150
f 5149 5150 5151
f 5151 5150 5152
f 5151 5152 5153
f 5153 5152 5154
f 5153 5154 5155
f 5155 5154 5156
f 5155 5156 5157
f 5157 5156 5158
f 5157 5158 5159
f 5159 5158 5160
f 5159 5160 5161
f 5161 5160 5162
f 5161 5162 5163
f 5163 5162 5164
f 5163 5164 5165
f 5165 5164 5166
f 5165 5166 5167
f 5167 5166 5168
f 5167 5168 5169
f 5169 5168 5170
f 5169 5170 5171
f 5171 5170 5172
f 5171 5172 5173
f 5173 5172 5174
f 5173 5174 5175
f 5175 5174 5176
f 5175 5176 5177
f 5177 5176 5178
f 5177 5178 5179
f 5179 5178 5180
f 5179 5180 5181
f 5181 5180 5182
f 5181 5182 5183
f 5183 5182 5184
f 5183 5184 5185
f 5185 5184 5186
f 5185 5186 5187
f 5187 5186 5188
f 5187 5188 5189
f 5189 5188 5190
f 5189 5190 5191
f 5191 5190 5192
f 5191 5192 5193
f 5193 5192 5194
f 5193 5194 5195
f 5195 5194 5196
f 5195 5196 5197
f 5197 5196 5198
f 5197 5198 5199
f 5199 5198 5200
f 5199 5200 5201
f 5201 5200 5202
f 5201 5202 5203
f 5203 5202 5204
f 5203 5204 5205
f 5205 5204 5206
f 5205 5206 5207
f 5207 5206 5208
f 5207 5208 5209
f 5209 5208 5210
f 5209 5210 5211
f 5211 5210 5212
f 5211 5212 5213
f 5213 5212 5214
f 5213 5214 5143
f 5143 5214 5144
f 5192 5215 5194
f 5194 5215 5216
f 5194 5216 5196
f 5196 5216 5217
f 5196 5217 5198
f 5198 5217 5218
f 5198 5218 5200
f 5200 5218 5219
f 5200 5219 5202
f 5202 5219 5220
f 5202 5220 5204
f 5204 5220 5221
f 5204 5221 5206
f 5206 5221 5222
f 5206 5222 5208
f 5208 5222 5223
f 5208 5223 5210
f 5210 5223 5224
f 5210 5224 5212
f 5212 5224 5225
f 5212 5225 5214
f 5214 5225 5226
f 5214 5226 5144
f 5144 5226 5227
f 5144 5227 5146
f 5146 5227 5228
f 5146 5228 5148
f 5148 5228 5229
f 5148 5229 5150
f 5150 5229 5230
f 5150 5230 5152
f 5152 5230 5231
f 5152 5231 5154
f 5154 5231 5232
f 5154 5232 5156
f 5156 5232 5233
f 5156 5233 5158
f 5158 5233 5234
f 5158 5234 5160
f 5160 5234 5235
f 5160 5235 5162
f 5162 5235 5236
f 5162 5236 5164
f 5164 5236 5237
f 5164 5237 5166
f 5166 5237 5238
f 5166 5238 5168
f 5168 5238 5239
f 5168 5239 5170
f 5170 5239 5240
f 5170 5240 5172
f 5172 5240 5241
f 5172 5241 5174
f 5174 5241 5242
f 5174 5242 5176
f 5176 5242 5243
f 5176 5243 5178
f 5178 5243 5244
f 5178 5244 5180
f 5180 5244 5245
f 5180 5245 5182
f 5182 5245 5246
f 5182 5246 5184
f 5184 5246 5247
f 5184 5247 5186
f 5186 5247 5248
f 5186 5248 5188
f 5188 5248 5249
f 5188 5249 5190
f 5190 5249 5250
f 5190 5250 5192
f 5192 5250 5215
f 5251 5169 5252
f 5252 5169 5171
f 5252 5171 5253
f 5253 5171 5173
f 5253 5173 5254
f 5254 5173 5175
f 5254 5175 5255
f 5255 5175 5177
f 5255 5177 5256
f 5256 5177 5179
f 5256 5179 5257
f 5257 5179 5181
f 5257 5181 5258
f 5258 5181 5183
f 5258 5183 5259
f 5259 5183 5185
f 5259 5185 5260
f 5260 5185 5187
f 5260 5187 5261
f 5261 5187 5189
f 5261 5189 5262
f 5262 5189 5191
f 5262 5191 5263
f 5263 5191 5193
f 5263 5193 5264
f 5264 5193 5195
f 5264 5195 5265
f 5265 5195 5197
f 5265 5197 5266
f 5266 5197 5199
f 5266 5199 5267
f 5267 5199 5201
f 5267 5201 5268
f 5268 5201 5203
f 5268 5203 5269
f 5269 5203 5205
f 5269 5205 5270
f 5270 5205 5207
f 5270 5207 5271
f 5271 5207 5209
f 5271 5209 5272
f 5272 5209 5211
f 5272 5211 5273
f 5273 5211 5213
f 5273 5213 5274
f 5274 5213 5143
f 5274 5143 5275
f 5275 5143 5145
f 5275 5145 5276
f 5276 5145 5147
f 5276 5147 5277
f 5277 5147 5149
f 5277 5149 5278
f 5278 5149 5151
f 5278 5151 5279
f 5279 5151 5153
f 5279 5153 5280
f 5280 5153 5155
f 5280 5155 5281
f 5281 5155 5157
f 5281 5157 5282
f 5282 5157 5159
f 5282 5159 5283
f 5283 5159 5161
f 5283 5161 5284
f 5284 5161 5163
f 5284 5163 5285
f 5285 5163 5165
f 5285 5165 5286
f 5286 5165 5167
f 5286 5167 5251
f 5251 5167 5169
f 5239 5252 5240
f 5240 5252 5253
f 5240 5253 5241
f 5241 5253 5254
f 5241 5254 5242
f 5242 5254 5255
f 5242 5255 5243
f 5243 5255 5256
f 5243 5256 5244
f 5244 5256 5257
f 5244 5257 5245
f 5245 5257 5258
f 5245 5258 5246
f 5246 5258 5259
f 5246 5259 5247
f 5247 5259 5260
f 5247 5260 5248
f 5248 5260 5261
f 5248 5261 5249
f 5249 5261 5262
f 5249 5262 5250
f 5250 5262 5263
f 5250 5263 5215
f 5215 5263 5264
f 5215 5264 5216
f 5216 5264 5265
f 5216 5265 5217
f 5217 5265 5266
f 5217 5266 5218
f 5218 5266 5267
f 5218 5267 5219
f 5219 5267 5268
f 5219 5268 5220
f 5220 5268 5269
f 5220 5269 5221
f 5221 5269 5270
f 5221 5270 5222
f 5222 5270 5271
f 5222 5271 5223
f 5223 5271 5272
f 5223 5272 5224
f 5224 5272 5273
f 5224 5273 5225
f 5225 5273 5274
f 5225 5274 5226
f 5226 5274 5275
f 5226 5275 5227
f 5227 5275 5276
f 5227 5276 5228
f 5228 5276 5277
f 5228 5277 5229
f 5229 5277 5278
f 5229 5278 5230
f 5230 5278 5279
f 5230 5279 5231
f 5231 5279 5280
f 5231 5280 5232
f 5232 5280 5281
f 5232 5281 5233
f 5233 5281 5282
f 5233 5282 5234
f 5234 5282 5283
f 5234 5283 5235
f 5235 5283 5284
f 5235 5284 5236
f 5236 5284 5285
f 5236 5285 5237
f 5237 5285 5286
f 5237 5286 5238
f 5238 5286 5251
f 5238 5251 5239
f 5239 5251 5252
f 5287 5288 5289
f 5289 5288 5290
f 5289 5290 5291
f 5291 5290 5292
f 5291 5292 5293
f 5293 5292 5294
f 5293 5294 5295
f 5295 5294 5296
f 5295 5296 5297
f 5297 5296 5298
f 5297 5298 5299
f 5299 5298 5300
f 5299 5300 5301
f 5301 5300 5302
f 5301 5302 5303
f 5303 5302 5304
f 5303 5304 5305
f 5305 5304 5306
f 5305 5306 5307
f 5307 5306 5308
f 5307 5308 5309
f 5309 5308 5310
f 5309 5310 5311
f 5311 5310 5312
f 5311 5312 5313
f 5313 5312 5314
f 5313 5314 5315
f 5315 5314 5316
f 5315 5316 5317
f 5317 5316 5318
f 5317 5318 5319
f 5319 5318 5320
f 5319 5320 5321
f 5321 5320 5322
f 5321 5322 5323
f 5323 5322 5324
f 5323 5324 5325
f 5325 5324 5326
f 5325 5326 5327
f 5327 5326 5328
f 5327 5328 5329
f 5329 5328 5330
f 5329 5330 5331
f 5331 5330 5332
f 5331 5332 5333
f 5333 5332 5334
f 5333 5334 5335
f 5335 5334 5336
f 5335 5336 5337
f 5337 5336 5338
f 5337 5338 5339
f 5339 5338 5340
f 5339 5340 5341
f 5341 5340 5342
f 5341 5342 5343
f 5343 5342 5344
f 5343 5344 5345
f 5345 5344 5346
f 5345 5346 5347
f 5347 5346 5348
f 5347 5348 5349
f 5349 5348 5350
f 5349 5350 5351
f 5351 5350 5352
f 5351 5352 5353
f 5353 5352 5354
f 5353 5354 5355
f 5355 5354 5356
f 5355 5356 5357
f 5357 5356 5358
f 5357 5358 5287
f 5287 5358 5288
f 5350 5359 5352
f 5352 5359 5360
f 5352 5360 5354
f 5354 5360 5361
f 5354 5361 5356
f 5356 5361 5362
f 5356 5362 5358
f 5358 5362 5363
f 5358 5363 5288
f 5288 5363 5364
f 5288 5364 5290
f 5290 5364 5365
f 5290 5365 5292
f 5292 5365 5366
f 5292 5366 5294
f 5294 5366 5367
f 5294 5367 5296
f 5296 5367 5368
f 5296 5368 5298
f 5298 5368 5369
f 5298 5369 5300
f 5300 5369 5370
f 5300 5370 5302
f 5302 5370 5371
f 5302 5371 5304
f 5304 5371 5372
f 5304 5372 5306
f 5306 5372 5373
f 5306 5373 5308
f 5308 5373 5374
f 5308 5374 5310
f 5310 5374 5375
f 5310 5375 5312
f 5312 5375 5376
f 5312 5376 5314
f 5314 5376 5377
f 5314 5377 5316
f 5316 5377 5378
f 5316 5378 5318
f 5318 5378 5379
f 5318 5379 5320
f 5320 5379 5380
f 5320 5380 5322
f 5322 5380 5381
f 5322 5381 5324
f 5324 5381 5382
f 5324 5382 5326
f 5326 5382 5383
f 5326 5383 5328
f 5328 5383 5384
f 5328 5384 5330
f 5330 5384 5385
f 5330 5385 5332
f 5332 5385 5386
f 5332 5386 5334
f 5334 5386 5387
f 5334 5387 5336
f 5336 5387 5388
f 5336 5388 5338
f 5338 5388 5389
f 5338 5389 5340
f 5340 5389 5390
f 5340 5390 5342
f 5342 5390 5391
f 5342 5391 5344
f 5344 5391 5392
f 5344 5392 5346
f 5346 5392 5393
f 5346 5393 5348
f 5348 5393 5394
f 5348 5394 5350
f 5350 5394 5359
f 5395 5339 5396
f 5396 5339 5341
f 5396 5341 5397
f 5397 5341 5343
f 5397 5343 5398
f 5398 5343 5345
f 5398 5345 5399
f 5399 5345 5347
f 5399 5347 5400
f 5400 5347 5349
f 5400 5349 5401
f 5401 5349 5351
f 5401 5351 5402
f 5402 5351 5353
f 5402 5353 5403
f 5403 5353 5355
f 5403 5355 5404
f 5404 5355 5357
f 5404 5357 5405
f 5405 5357 5287
f 5405 5287 5406
f 5406 5287 5289
f 5406 5289 5407
f 5407 5289 5291
f 5407 5291 5408
f 5408 5291 5293
f 5408 5293 5409
f 5409 5293 5295
f 5409 5295 5410
f 5410 5295 5297
f 5410 5297 5411
f 5411 5297 5299
f 5411 5299 5412
f 5412 5299 5301
f 5412 5301 5413
f 5413 5301 5303
f 5413 5303 5414
f 5414 5303 5305
f 5414 5305 5415
f 5415 5305 5307
f 5415 5307 5416
f 5416 5307 5309
f 5416 5309 5417
f 5417 5309 5311
f 5417 5311 5418
f 5418 5311 5313
f 5418 5313 5419
f 5419 5313 5315
f 5419 5315 5420
f 5420 5315 5317
f 5420 5317 5421
f 5421 5317 5319
f 5421 5319 5422
f 5422 5319 5321
f 5422 5321 5423
f 5423 5321 5323
f 5423 5323 5424
f 5424 5323 5325
f 5424 5325 5425
f 5425 5325 5327
f 5425 5327 5426
f 5426 5327 5329
f 5426 5329 5427
f 5427 5329 5331
f 5427 5331 5428
f 5428 5331 5333
f 5428 5333 5429
f 5429 5333 5335
f 5429 5335 5430
f 5430 5335 5337
f 5430 5337 5395
f 5395 5337 5339
f 5389 5396 5390
f 5390 5396 5397
f 5390 5397 5391
f 5391 5397 5398
f 5391 5398 5392
f 5392 5398 5399
f 5392 5399 5393
f 5393 5399 5400
f 5393 5400 5394
f 5394 5400 5401
f 5394 5401 5359
f 5359 5401 5402
f 5359 5402 5360
f 5360 5402 5403
f 5360 5403 5361
f 5361 5403 5404
f 5361 5404 5362
f 5362 5404 5405
f 5362 5405 5363
f 5363 5405 5406
f 5363 5406 5364
f 5364 5406 5407
f 5364 5407 5365
f 5365 5407 5408
f 5365 5408 5366
f 5366 5408 5409
f 5366 5409 5367
f 5367 5409 5410
f 5367 5410 5368
f 5368 5410 5411
f 5368 5411 5369
f 5369 5411 5412
f 5369 5412 5370
f 5370 5412 5413
f 5370 5413 5371
f 5371 5413 5414
f 5371 5414 5372
f 5372 5414 5415
f 5372 5415 5373
f 5373 5415 5416
f 5373 5416 5374
f 5374 5416 5417
f 5374 5417 5375
f 5375 5417 5418
f 5375 5418 5376
f 5376 5418 5419
f 5376 5419 5377
f 5377 5419 5420
f 5377 5420 5378
f 5378 5420 5421
f 5378 5421 5379
f 5379 5421 5422
f 5379 5422 5380
f 5380 5422 5423
f 5380 5423 5381
f 5381 5423 5424
f 5381 5424 5382
f 5382 5424 5425
f 5382 5425 5383
f 5383 5425 5426
f 5383 5426 5384
f 5384 5426 5427
f 5384 5427 5385
f 5385 5427 5428
f 5385 5428 5386
f 5386 5428 5429
f 5386 5429 5387
f 5387 5429 5430
f 5387 5430 5388
f 5388 5430 5395
f 5388 5395 5389
f 5389 5395 5396
f 5431 5432 5433
f 5433 5432 5434
f 5433 5434 5435
f 5435 5434 5436
f 5435 5436 5437
f 5437 5436 5438
f 5437 5438 5439
f 5439 5438 5440
f 5439 5440 5441
f 5441 5440 5442
f 5441 5442 5443
f 5443 5442 5444
f 5443 5444 5445
f 5445 5444 5446
f 5445 5446 5447
f 5447 5446 5448
f 5447 5448 5449
f 5449 5448 5450
f 5449 5450 5451
f 5451 5450 5452
f 5451 5452 5453
f 5453 5452 5454
f 5453 5454 5455
f 5455 5454 5456
f 5455 5456 5457
f 5457 5456 5458
f 5457 5458 5459
f 5459 5458 5460
f 5459 5460 5461
f 5461 5460 5462
f 5461 5462 5463
f 5463 5462 5464
f 5463 5464 5465
f 5465 5464 5466
f 5465 5466 5467
f 5467 5466 5468
f 5467 5468 5469
f 5469 5468 5470
f 5469 5470 5471
f 5471 5470 5472
f 5471 5472 5473
f 5473 5472 5474
f 5473 5474 5475
f 5475 5474 5476
f 5475 5476 5477
f 5477 5476 5478
f 5477 5478 5479
f 5479 5478 5480
f 5479 5480 5481
f 5481 5480 5482
f 5481 5482 5483
f 5483 5482 5484
f 5483 5484 5485
f 5485 5484 5486
f 5485 5486 5487
f 5487 5486 5488
f 5487 5488 5489
f 5489 5488 5490
f 5489 5490 5491
f 5491 5490 5492
f 5491 5492 5493
f 5493 5492 5494
f 5493 5494 5495
f 5495 5494 5496
f 5495 5496 5497
f 5497 5496 5498
f 5497 5498 5499
f 5499 5498 5500
f 5499 5500 5501
f 5501 5500 5502
f 5501 5502 5431
f 5431 5502 5432
f 5437 5503 5435
f 5435 5503 5504
f 5435 5504 5433
f 5433 5504 5505
f 5433 5505 5431
f 5431 5505 5506
f 5431 5506 5501
f 5501 5506 5507
f 5501 5507 5499
f 5499 5507 5508
f 5499 5508 5497
f 5497 5508 5509
f 5497 5509 5495
f 5495 5509 5510
f 5495 5510 5493
f 5493 5510 5511
f 5493 5511 5491
f 5491 5511 5512
f 5491 5512 5489
f 5489 5512 5513
f 5489 5513 5487
f 5487 5513 5514
f 5487 5514 5485
f 5485 5514 5515
f 5485 5515 5483
f 5483 5515 5516
f 5483 5516 5481
f 5481 5516 5517
f 5481 5517 5479
f 5479 5517 5518
f 5479 5518 5477
f 5477 5518 5519
f 5477 5519 5475
f 5475 5519 5520
f 5475 5520 5473
f 5473 5520 5521
f 5473 5521 5471
f 5471 5521 5522
f 5471 5522 5469
f 5469 5522 5523
f 5469 5523 5467
f 5467 5523 5524
f 5467 5524 5465
f 5465 5524 5525
f 5465 5525 5463
f 5463 5525 5526
f 5463 5526 5461
f 5461 5526 5527
f 5461 5527 5459
f 5459 5527 5528
f 5459 5528 5457
f 5457 5528 5529
f 5457 5529 5455
f 5455 5529 5530
f 5455 5530 5453
f 5453 5530 5531
f 5453 5531 5451
f 5451 5531 5532
f 5451 5532 5449
f 5449 5532 5533
f 5449 5533 5447
f 5447 5533 5534
f 5447 5534 5445
f 5445 5534 5535
f 5445 5535 5443
f 5443 5535 5536
f 5443 5536 5441
f 5441 5536 5537
f 5441 5537 5439
f 5439 5537 5538
f 5439 5538 5437
f 5437 5538 5503
f 5539 5492 5540
f 5540 5492 5490
f 5540 5490 5541
f 5541 5490 5488
f 5541 5488 5542
f 5542 5488 5486
f 5542 5486 5543
f 5543 5486 5484
f 5543 5484 5544
f 5544 5484 5482
f 5544 5482 5545
f 5545 5482 5480
f 5545 5480 5546
f 5546 5480 5478
f 5546 5478 5547
f 5547 5478 5476
f 5547 5476 5548
f 5548 5476 5474
f 5548 5474 5549
f 5549 5474 5472
f 5549 5472 5550
f 5550 5472 5470
f 5550 5470 5551
f 5551 5470 5468
f 5551 5468 5552
f 5552 5468 5466
f 5552 5466 5553
f 5553 5466 5464
f 5553 5464 5554
f 5554 5464 5462
f 5554 5462 5555
f 5555 5462 5460
f 5555 5460 5556
f 5556 5460 5458
f 5556 5458 5557
f 5557 5458 5456
f 5557 5456 5558
f 5558 5456 5454
f 5558 5454 5559
f 5559 5454 5452
f 5559 5452 5560
f 5560 5452 5450
f 5560 5450 5561
f 5561 5450 5448
f 5561 5448 5562
f 5562 5448 5446
f 5562 5446 5563
f 5563 5446 5444
f 5563 5444 5564
f 5564 5444 5442
f 5564 5442 5565
f 5565 5442 5440
f 5565 5440 5566
f 5566 5440 5438
f 5566 5438 5567
f 5567 5438 5436
f 5567 5436 5568
f 5568 5436 5434
f 5568 5434 5569
f 5569 5434 5432
f 5569 5432 5570
f 5570 5432 5502
f 5570 5502 5571
f 5571 5502 5500
f 5571 5500 5572
f 5572 5500 5498
f 5572 5498 5573
f 5573 5498 5496
f 5573 5496 5574
f 5574 5496 5494
f 5574 5494 5539
f 5539 5494 5492
f 5533 5561 5534
f 5534 5561 5562
f 5534 5562 5535
f 5535 5562 5563
f 5535 5563 5536
f 5536 5563 5564
f 5536 5564 5537
f 5537 5564 5565
f 5537 5565 5538
f 5538 5565 5566
f 5538 5566 5503
f 5503 5566 5567
f 5503 5567 5504
f 5504 5567 5568
f 5504 5568 5505
f 5505 5568 5569
f 5505 5569 5506
f 5506 5569 5570
f 5506 5570 5507
f 5507 5570 5571
f 5507 5571 5508
f 5508 5571 5572
f 5508 5572 5509
f 5509 5572 5573
f 5509 5573 5510
f 5510 5573 5574
f 5510 5574 5511
f 5511 5574 5539
f 5511 5539 5512
f 5512 5539 5540
f 5512 5540 5513
f 5513 5540 5541
f 5513 5541 5514
f 5514 5541 5542
f 5514 5542 5515
f 5515 5542 5543
f 5515 5543 5516
f 5516 5543 5544
f 5516 5544 5517
f 5517 5544 5545
f 5517 5545 5518
f 5518 5545 5546
f 5518 5546 5519
f 5519 5546 5547
f 5519 5547 5520
f 5520 5547 5548
f 5520 5548 5521
f 5521 5548 5549
f 5521 5549 5522
f 5522 5549 5550
f 5522 5550 5523
f 5523 5550 5551
f 5523 5551 5524
f 5524 5551 5552
f 5524 5552 5525
f 5525 5552 5553
f 5525 5553 5526
f 5526 5553 5554
f 5526 5554 5527
f 5527 5554 5555
f 5527 5555 5528
f 5528 5555 5556
f 5528 5556 5529
f 5529 5556 5557
f 5529 5557 5530
f 5530 5557 5558
f 5530 5558 5531
f 5531 5558 5559
f 5531 5559 5532
f 5532 5559 5560
f 5532 5560 5533
f 5533 5560 5561
f 5575 5576 5577
f 5577 5576 5578
f 5577 5578 5579
f 5579 5578 5580
f 5579 5580 5581
f 5581 5580 5582
f 5581 5582 5583
f 5583 5582 5584
f 5583 5584 5585
f 5585 5584 5586
f 5585 5586 5587
f 5587 5586 5588
f 5587 5588 5589
f 5589 5588 5590
f 5589 5590 5591
f 5591 5590 5592
f 5591 5592 5593
f 5593 5592 5594
f 5593 5594 5595
f 5595 5594 5596
f 5595 5596 5597
f 5597 5596 5598
f 5597 5598 5599
f 5599 5598 5600
f 5599 5600 5601
f 5601 5600 5602
f 5601 5602 5603
f 5603 5602 5604
f 5603 5604 5605
f 5605 5604 5606
f 5605 5606 5607
f 5607 5606 5608
f 5607 5608 5609
f 5609 5608 5610
f 5609 5610 5611
f 5611 5610 5612
f 5611 5612 5613
f 5613 5612 5614
f 5613 5614 5615
f 5615 5614 5616
f 5615 5616 5617
f 5617 5616 5618
f 5617 5618 5619
f 5619 5618 5620
f 5619 5620 5621
f 5621 5620 5622
f 5621 5622 5623
f 5623 5622 5624
f 5623 5624 5625
f 5625 5624 5626
f 5625 5626 5627
f 5627 5626 5628
f 5627 5628 5629
f 5629 5628 5630
f 5629 5630 5631
f 5631 5630 5632
f 5631 5632 5633
f 5633 5632 5634
f 5633 5634 5635
f 5635 5634 5636
f 5635 5636 5637
f 5637 5636 5638
f 5637 5638 5639
f 5639 5638 5640
f 5639 5640 5641
f 5641 5640 5642
f 5641 5642 5643
f 5643 5642 5644
f 5643 5644 5645
f 5645 5644 5646
f 5645 5646 5575
f 5575 5646 5576
f 5589 5647 5587
f 5587 5647 5648
f 5587 5648 5585
f 5585 5648 5649
f 5585 5649 5583
f 5583 5649 5650
f 5583 5650 5581
f 5581 5650 5651
f 5581 5651 5579
f 5579 5651 5652
f 5579 5652 5577
f 5577 5652 5653
f 5577 5653 5575
f 5575 5653 5654
f 5575 5654 5645
f 5645 5654 5655
f 5645 5655 5643
f 5643 5655 5656
f 5643 5656 5641
f 5641 5656 5657
f 5641 5657 5639
f 5639 5657 5658
f 5639 5658 5637
f 5637 5658 5659
f 5637 5659 5635
f 5635 5659 5660
f 5635 5660 5633
f 5633 5660 5661
f 5633 5661 5631
f 5631 5661 5662
f 5631 5662 5629
f 5629 5662 5663
f 5629 5663 5627
f 5627 5663 5664
f 5627 5664 5625
f 5625 5664 5665
f 5625 5665 5623
f 5623 5665 5666
f 5623 5666 5621
f 5621 5666 5667
f 5621 5667 5619
f 5619 5667 5668
f 5619 5668 5617
f 5617 5668 5669
f 5617 5669 5615
f 5615 5669 5670
f 5615 5670 5613
f 5613 5670 5671
f 5613 5671 5611
f 5611 5671 5672
f 5611 5672 5609
f 5609 5672 5673
f 5609 5673 5607
f 5607 5673 5674
f 5607 5674 5605
f 5605 5674 5675
f 5605 5675 5603
f 5603 5675 5676
f 5603 5676 5601
f 5601 5676 5677
f 5601 5677 5599
f 5599 5677 5678
f 5599 5678 5597
f 5597 5678 5679
f 5597 5679 5595
f 5595 5679 5680
f 5595 5680 5593
f 5593 5680 5681
f 5593 5681 5591
f 5591 5681 5682
f 5591 5682 5589
f 5589 5682 5647
f 5683 5638 5684
f 5684 5638 5636
f 5684 5636 5685
f 5685 5636 5634
f 5685 5634 5686
f 5686 5634 5632
f 5686 5632 5687
f 5687 5632 5630
f 5687 5630 5688
f 5688 5630 5628
f 5688 5628 5689
f 5689 5628 5626
f 5689 5626 5690
f 5690 5626 5624
f 5690 5624 5691
f 5691 5624 5622
f 5691 5622 5692
f 5692 5622 5620
f 5692 5620 5693
f 5693 5620 5618
f 5693 5618 5694
f 5694 5618 5616
f 5694 5616 5695
f 5695 5616 5614
f 5695 5614 5696
f 5696 5614 5612
f 5696 5612 5697
f 5697 5612 5610
f 5697 5610 5698
f 5698 5610 5608
f 5698 5608 5699
f 5699 5608 5606
f 5699 5606 5700
f 5700 5606 5604
f 5700 5604 5701
f 5701 5604 5602
f 5701 5602 5702
f 5702 5602 5600
f 5702 5600 5703
f 5703 5600 5598
f 5703 5598 5704
f 5704 5598 5596
f 5704 5596 5705
f 5705 5596 5594
f 5705 5594 5706
f 5706 5594 5592
f 5706 5592 5707
f 5707 5592 5590
f 5707 5590 5708
f 5708 5590 5588
f 5708 5588 5709
f 5709 5588 5586
f 5709 5586 5710
f 5710 5586 5584
f 5710 5584 5711
f 5711 5584 5582
f 5711 5582 5712
f 5712 5582 5580
f 5712 5580 5713
f 5713 5580 5578
f 5713 5578 5714
f 5714 5578 5576
f 5714 5576 5715
f 5715 5576 5646
f 5715 5646 5716
f 5716 5646 5644
f 5716 5644 5717
f 5717 5644 5642
f 5717 5642 5718
f 5718 5642 5640
f 5718 5640 5683
f 5683 5640 5638
f 5660 5685 5661
f 5661 5685 5686
f 5661 5686 5662
f 5662 5686 5687
f 5662 5687 5663
f 5663 5687 5688
f 5663 5688 5664
f 5664 5688 5689
f 5664 5689 5665
f 5665 5689 5690
f 5665 5690 5666
f 5666 5690 5691
f 5666 5691 5667
f 5667 5691 5692
f 5667 5692 5668
f 5668 5692 5693
f 5668 5693 5669
f 5669 5693 5694
f 5669 5694 5670
f 5670 5694 5695
f 5670 5695 5671
f 5671 5695 5696
f 5671 5696 5672
f 5672 5696 5697
f 5672 5697 5673
f 5673 5697 5698
f 5673 5698 5674
f 5674 5698 5699
f 5674 5699 5675
f 5675 5699 5700
f 5675 5700 5676
f 5676 5700 5701
f 5676 5701 5677
f 5677 5701 5702
f 5677 5702 5678
f 5678 5702 5703
f 5678 5703 5679
f 5679 5703 5704
f 5679 5704 5680
f 5680 5704 5705
f 5680 5705 5681
f 5681 5705 5706
f 5681 5706 5682
f 5682 5706 5707
f 5682 5707 5647
f 5647 5707 5708
f 5647 5708 5648
f 5648 5708 5709
f 5648 5709 5649
f 5649 5709 5710
f 5649 5710 5650
f 5650 5710 5711
f 5650 5711 5651
f 5651 5711 5712
f 5651 5712 5652
f 5652 5712 5713
f 5652 5713 5653
f 5653 5713 5714
f 5653 5714 5654
f 5654 5714 5715
f 5654 5715 5655
f 5655 5715 5716
f 5655 5716 5656
f 5656 5716 5717
f 5656 5717 5657
f 5657 5717 5718
f 5657 5718 5658
f 5658 5718 5683
f 5658 5683 5659
f 5659 5683 5684
f 5659 5684 5660
f 5660 5684 5685
f 5719 5720 5721
f 5721 5720 5722
f 5721 5722 5723
f 5723 5722 5724
f 5723 5724 5725
f 5725 5724 5726
f 5725 5726 5727
f 5727 5726 5728
f 5727 5728 5729
f 5729 5728 5730
f 5729 5730 5731
f 5731 5730 5732
f 5731 5732 5733
f 5733 5732 5734
f 5733 5734 5735
f 5735 5734 5736
f 5735 5736 5737
f 5737 5736 5738
f 5737 5738 5739
f 5739 5738 5740
f 5739 5740 5741
f 5741 5740 5742
f 5741 5742 5743
f 5743 5742 5744
f 5743 5744 5745
f 5745 5744 5746
f 5745 5746 5747
f 5747 5746 5748
f 5747 5748 5749
f 5749 5748 5750
f 5749 5750 5751
f 5751 5750 5752
f 5751 5752 5753
f 5753 5752 5754
f 5753 5754 5755
f 5755 5754 5756
f 5755 5756 5757
f 5757 5756 5758
f 5757 5758 5759
f 5759 5758 5760
f 5759 5760 5761
f 5761 5760 5762
f 5761 5762 5763
f 5763 5762 5764
f 5763 5764 5765
f 5765 5764 5766
f 5765 5766 5767
f 5767 5766 5768
f 5767 5768 5769
f 5769 5768 5770
f 5769 5770 5771
f 5771 5770 5772
f 5771 5772 5773
f 5773 5772 5774
f 5773 5774 5775
f 5775 5774 5776
f 5775 5776 5777
f 5777 5776 5778
f 5777 5778 5779
f 5779 5778 5780
f 5779 5780 5781
f 5781 5780 5782
f 5781 5782 5783
f 5783 5782 5784
f 5783 5784 5785
f 5785 5784 5786
f 5785 5786 5787
f 5787 5786 5788
f 5787 5788 5789
f 5789 5788 5790
f 5789 5790 5719
f 5719 5790 5720
f 5721 5791 5719
f 5719 5791 5792
f 5719 5792 5789
f 5789 5792 5793
f 5789 5793 5787
f 5787 5793 5794
f 5787 5794 5785
f 5785 5794 5795
f 5785 5795 5783
f 5783 5795 5796
f 5783 5796 5781
f 5781 5796 5797
f 5781 5797 5779
f 5779 5797 5798
f 5779 5798 5777
f 5777 5798 5799
f 5777 5799 5775
f 5775 5799 5800
f 5775 5800 5773
f 5773 5800 5801
f 5773 5801 5771
f 5771 5801 5802
f 5771 5802 5769
f 5769 5802 5803
f 5769 5803 5767
f 5767 5803 5804
f 5767 5804 5765
f 5765 5804 5805
f 5765 5805 5763
f 5763 5805 5806
f 5763 5806 5761
f 5761 5806 5807
f 5761 5807 5759
f 5759 5807 5808
f 5759 5808 5757
f 5757 5808 5809
f 5757 5809 5755
f 5755 5809 5810
f 5755 5810 5753
f 5753 5810 5811
f 5753 5811 5751
f 5751 5811 5812
f 5751 5812 5749
f 5749 5812 5813
f 5749 5813 5747
f 5747 5813 5814
f 5747 5814 5745
f 5745 5814 5815
f 5745 5815 5743
f 5743 5815 5816
f 5743 5816 5741
f 5741 5816 5817
f 5741 5817 5739
f 5739 5817 5818
f 5739 5818 5737
f 5737 5818 5819
f 5737 5819 5735
f 5735 5819 5820
f 5735 5820 5733
f 5733 5820 5821
f 5733 5821 5731
f 5731 5821 5822
f 5731 5822 5729
f 5729 5822 5823
f 5729 5823 5727
f 5727 5823 5824
f 5727 5824 5725
f 5725 5824 5825
f 5725 5825 5723
f 5723 5825 5826
f 5723 5826 5721
f 5721 5826 5791
f 5827 5728 5828
f 5828 5728 5726
f 5828 5726 5829
f 5829 5726 5724
f 5829 5724 5830
f 5830 5724 5722
f 5830 5722 5831
f 5831 5722 5720
f 5831 5720 5832
f 5832 5720 5790
f 5832 5790 5833
f 5833 5790 5788
f 5833 5788 5834
f 5834 5788 5786
f 5834 5786 5835
f 5835 5786 5784
f 5835 5784 5836
f 5836 5784 5782
f 5836 5782 5837
f 5837 5782 5780
f 5837 5780 5838
f 5838 5780 5778
f 5838 5778 5839
f 5839 5778 5776
f 5839 5776 5840
f 5840 5776 5774
f 5840 5774 5841
f 5841 5774 5772
f 5841 5772 5842
f 5842 5772 5770
f 5842 5770 5843
f 5843 5770 5768
f 5843 5768 5844
f 5844 5768 5766
f 5844 5766 5845
f 5845 5766 5764
f 5845 5764 5846
f 5846 5764 5762
f 5846 5762 5847
f 5847 5762 5760
f 5847 5760 5848
f 5848 5760 5758
f 5848 5758 5849
f 5849 5758 5756
f 5849 5756 5850
f 5850 5756 5754
f 5850 5754 5851
f 5851 5754 5752
f 5851 5752 5852
f 5852 5752 5750
f 5852 5750 5853
f 5853 5750 5748
f 5853 5748 5854
f 5854 5748 5746
f 5854 5746 5855
f 5855 5746 5744
f 5855 5744 5856
f 5856 5744 5742
f 5856 5742 5857
f 5857 5742 5740
f 5857 5740 5858
f 5858 5740 5738
f 5858 5738 5859
f 5859 5738 5736
f 5859 5736 5860
f 5860 5736 5734
f 5860 5734 5861
f 5861 5734 5732
f 5861 5732 5862
f 5862 5732 5730
f 5862 5730 5827
f 5827 5730 5728
f 5819 5859 5820
f 5820 5859 5860
f 5820 5860 5821
f 5821 5860 5861
f 5821 5861 5822
f 5822 5861 5862
f 5822 5862 5823
f 5823 5862 5827
f 5823 5827 5824
f 5824 5827 5828
f 5824 5828 5825
f 5825 5828 5829
f 5825 5829 5826
f 5826 5829 5830
f 5826 5830 5791
f 5791 5830 5831
f 5791 5831 5792
f 5792 5831 5832
f 5792 5832 5793
f 5793 5832 5833
f 5793 5833 5794
f 5794 5833 5834
f 5794 5834 5795
f 5795 5834 5835
f 5795 5835 5796
f 5796 5835 5836
f 5796 5836 5797
f 5797 5836 5837
f 5797 5837 5798
f 5798 5837 5838
f 5798 5838 5799
f 5799 5838 5839
f 5799 5839 5800
f 5800 5839 5840
f 5800 5840 5801
f 5801 5840 5841
f 5801 5841 5802
f 5802 5841 5842
f 5802 5842 5803
f 5803 5842 5843
f 5803 5843 5804
f 5804 5843 5844
f 5804 5844 5805
f 5805 5844 5845
f 5805 5845 5806
f 5806 5845 5846
f 5806 5846 5807
f 5807 5846 5847
f 5807 5847 5808
f 5808 5847 5848
f 5808 5848 5809
f 5809 5848 5849
f 5809 5849 5810
f 5810 5849 5850
f 5810 5850 5811
f 5811 5850 5851
f 5811 5851 5812
f 5812 5851 5852
f 5812 5852 5813
f 5813 5852 5853
f 5813 5853 5814
f 5814 5853 5854
f 5814 5854 5815
f 5815 5854 5855
f 5815 5855 5816
f 5816 5855 5856
f 5816 5856 5817
f 5817 5856 5857
f 5817 5857 5818
f 5818 5857 5858
f 5818 5858 5819
f 5819 5858 5859
f 5863 5864 5865
f 5865 5864 5866
f 5865 5866 5867
f 5867 5866 5868
f 5867 5868 5869
f 5869 5868 5870
f 5869 5870 5871
f 5871 5870 5872
f 5871 5872 5873
f 5873 5872 5874
f 5873 5874 5875
f 5875 5874 5876
f 5875 5876 5877
f 5877 5876 5878
f 5877 5878 5879
f 5879 5878 5880
f 5879 5880 5881
f 5881 5880 5882
f 5881 5882 5883
f 5883 5882 5884
f 5883 5884 5885
f 5885 5884 5886
f 5885 5886 5887
f 5887 5886 5888
f 5887 5888 5889
f 5889 5888 5890
f 5889 5890 5891
f 5891 5890 5892
f 5891 5892 5893
f 5893 5892 5894
f 5893 5894 5895
f 5895 5894 5896
f 5895 5896 5897
f 5897 5896 5898
f 5897 5898 5899
f 5899 5898 5900
f 5899 5900 5901
f 5901 5900 5902
f 5901 5902 5903
f 5903 5902 5904
f 5903 5904 5905
f 5905 5904 5906
f 5905 5906 5907
f 5907 5906 5908
f 5907 5908 5909
f 5909 5908 5910
f 5909 5910 5911
f 5911 5910 5912
f 5911 5912 5913
f 5913 5912 5914
f 5913 5914 5915
f 5915 5914 5916
f 5915 5916 5917
f 5917 5916 5918
f 5917 5918 5919
f 5919 5918 5920
f 5919 5920 5921
f 5921 5920 5922
f 5921 5922 5923
f 5923 5922 5924
f 5923 5924 5925
f 5925 5924 5926
f 5925 5926 5927
f 5927 5926 5928
f 5927 5928 5929
f 5929 5928 5930
f 5929 5930 5931
f 5931 5930 5932
f 5931 5932 5933
f 5933 5932 5934
f 5933 5934 5863
f 5863 5934 5864
f 5927 5935 5925
f 5925 5935 5936
f 5925 5936 5923
f 5923 5936 5937
f 5923 5937 5921
f 5921 5937 5938
f 5921 5938 5919
f 5919 5938 5939
f 5919 5939 5917
f 5917 5939 5940
f 5917 5940 5915
f 5915 5940 5941
f 5915 5941 5913
f 5913 5941 5942
f 5913 5942 5911
f 5911 5942 5943
f 5911 5943 5909
f 5909 5943 5944
f 5909 5944 5907
f 5907 5944 5945
f 5907 5945 5905
f 5905 5945 5946
f 5905 5946 5903
f 5903 5946 5947
f 5903 5947 5901
f 5901 5947 5948
f 5901 5948 5899
f 5899 5948 5949
f 5899 5949 5897
f 5897 5949 5950
f 5897 5950 5895
f 5895 5950 5951
f 5895 5951 5893
f 5893 5951 5952
f 5893 5952 5891
f 5891 5952 5953
f 5891 5953 5889
f 5889 5953 5954
f 5889 5954 5887
f 5887 5954 5955
f 5887 5955 5885
f 5885 5955 5956
f 5885 5956 5883
f 5883 5956 5957
f 5883 5957 5881
f 5881 5957 5958
f 5881 5958 5879
f 5879 5958 5959
f 5879 5959 5877
f 5877 5959 5960
f 5877 5960 5875
f 5875 5960 5961
f 5875 5961 5873
f 5873 5961 5962
f 5873 5962 5871
f 5871 5962 5963
f 5871 5963 5869
f 5869 5963 5964
f 5869 5964 5867
f 5867 5964 5965
f 5867 5965 5865
f 5865 5965 5966
f 5865 5966 5863
f 5863 5966 5967
f 5863 5967 5933
f 5933 5967 5968
f 5933 5968 5931
f 5931 5968 5969
f 5931 5969 5929
f 5929 5969 5970
f 5929 5970 5927
f 5927 5970 5935
f 5971 5874 5972
f 5972 5874 5872
f 5972 5872 5973
f 5973 5872 5870
f 5973 5870 5974
f 5974 5870 5868
f 5974 5868 5975
f 5975 5868 5866
f 5975 5866 5976
f 5976 5866 5864
f 5976 5864 5977
f 5977 5864 5934
f 5977 5934 5978
f 5978 5934 5932
f 5978 5932 5979
f 5979 5932 5930
f 5979 5930 5980
f 5980 5930 5928
f 5980 5928 5981
f 5981 5928 5926
f 5981 5926 5982
f 5982 5926 5924
f 5982 5924 5983
f 5983 5924 5922
f 5983 5922 5984
f 5984 5922 5920
f 5984 5920 5985
f 5985 5920 5918
f 5985 5918 5986
f 5986 5918 5916
f 5986 5916 5987
f 5987 5916 5914
f 5987 5914 5988
f 5988 5914 5912
f 5988 5912 5989
f 5989 5912 5910
f 5989 5910 5990
f 5990 5910 5908
f 5990 5908 5991
f 5991 5908 5906
f 5991 5906 5992
f 5992 5906 5904
f 5992 5904 5993
f 5993 5904 5902
f 5993 5902 5994
f 5994 5902 5900
f 5994 5900 5995
f 5995 5900 5898
f 5995 5898 5996
f 5996 5898 5896
f 5996 5896 5997
f 5997 5896 5894
f 5997 5894 5998
f 5998 5894 5892
f 5998 5892 5999
f 5999 5892 5890
f 5999 5890 6000
f 6000 5890 5888
f 6000 5888 6001
f 6001 5888 5886
f 6001 5886 6002
f 6002 5886 5884
f 6002 5884 6003
f 6003 5884 5882
f 6003 5882 6004
f 6004 5882 5880
f 6004 5880 6005
f 6005 5880 5878
f 6005 5878 6006
f 6006 5878 5876
f 6006 5876 5971
f 5971 5876 5874
f 5956 6002 5957
f 5957 6002 6003
f 5957 6003 5958
f 5958 6003 6004
f 5958 6004 5959
f 5959 6004 6005
f 5959 6005 5960
f 5960 6005 6006
f 5960 6006 5961
f 5961 6006 5971
f 5961 5971 5962
f 5962 5971 5972
f 5962 5972 5963
f 5963 5972 5973
f 5963 5973 5964
f 5964 5973 5974
f 5964 5974 5965
f 5965 5974 5975
f 5965 5975 5966
f 5966 5975 5976
f 5966 5976 5967
f 5967 5976 5977
f 5967 5977 5968
f 5968 5977 5978
f 5968 5978 5969
f 5969 5978 5979
f 5969 5979 5970
f 5970 5979 5980
f 5970 5980 5935
f 5935 5980 5981
f 5935 5981 5936
f 5936 5981 5982
f 5936 5982 5937
f 5937 5982 5983
f 5937 5983 5938
f 5938 5983 5984
f 5938 5984 5939
f 5939 5984 5985
f 5939 5985 5940
f 5940 5985 5986
f 5940 5986 5941
f 5941 5986 5987
f 5941 5987 5942
f 5942 5987 5988
f 5942 5988 5943
f 5943 5988 5989
f 5943 5989 5944
f 5944 5989 5990
f 5944 5990 5945
f 5945 5990 5991
f 5945 5991 5946
f 5946 5991 5992
f 5946 5992 5947
f 5947 5992 5993
f 5947 5993 5948
f 5948 5993 5994
f 5948 5994 5949
f 5949 5994 5995
f 5949 5995 5950
f 5950 5995 5996
f 5950 5996 5951
f 5951 5996 5997
f 5951 5997 5952
f 5952 5997 5998
f 5952 5998 5953
f 5953 5998 5999
f 5953 5999 5954
f 5954 5999 6000
f 5954 6000 5955
f 5955 6000 6001
f 5955 6001 5956
f 5956 6001 6002
f 6007 6008 6009
f 6009 6008 6010
f 6009 6010 6011
f 6011 6010 6012
f 6011 6012 6013
f 6013 6012 6014
f 6013 6014 6015
f 6015 6014 6016
f 6015 6016 6017
f 6017 6016 6018
f 6017 6018 6019
f 6019 6018 6020
f 6019 6020 6021
f 6021 6020 6022
f 6021 6022 6023
f 6023 6022 6024
f 6023 6024 6025
f 6025 6024 6026
f 6025 6026 6027
f 6027 6026 6028
f 6027 6028 6029
f 6029 6028 6030
f 6029 6030 6031
f 6031 6030 6032
f 6031 6032 6033
f 6033 6032 6034
f 6033 6034 6035
f 6035 6034 6036
f 6035 6036 6037
f 6037 6036 6038
f 6037 6038 6039
f 6039 6038 6040
f 6039 6040 6041
f 6041 6040 6042
f 6041 6042 6043
f 6043 6042 6044
f 6043 6044 6045
f 6045 6044 6046
f 6045 6046 6047
f 6047 6046 6048
f 6047 6048 6049
f 6049 6048 6050
f 6049 6050 6051
f 6051 6050 6052
f 6051 6052 6053
f 6053 6052 6054
f 6053 6054 6055
f 6055 6054 6056
f 6055 6056 6057
f 6057 6056 6058
f 6057 6058 6059
f 6059 6058 6060
f 6059 6060 6061
f 6061 6060 6062
f 6061 6062 6063
f 6063 6062 6064
f 6063 6064 6065
f 6065 6064 6066
f 6065 6066 6067
f 6067 6066 6068
f 6067 6068 6069
f 6069 6068 6070
f 6069 6070 6071
f 6071 6070 6072
f 6071 6072 6073
f 6073 6072 6074
f 6073 6074 6075
f 6075 6074 6076
f 6075 6076 6077
f 6077 6076 6078
f 6077 6078 6007
f 6007 6078 6008
f 6065 6079 6063
f 6063 6079 6080
f 6063 6080 6061
f 6061 6080 6081
f 6061 6081 6059
f 6059 6081 6082
f 6059 6082 6057
f 6057 6082 6083
f 6057 6083 6055
f 6055 6083 6084
f 6055 6084 6053
f 6053 6084 6085
f 6053 6085 6051
f 6051 6085 6086
f 6051 6086 6049
f 6049 6086 6087
f 6049 6087 6047
f 6047 6087 6088
f 6047 6088 6045
f 6045 6088 6089
f 6045 6089 6043
f 6043 6089 6090
f 6043 6090 6041
f 6041 6090 6091
f 6041 6091 6039
f 6039 6091 6092
f 6039 6092 6037
f 6037 6092 6093
f 6037 6093 6035
f 6035 6093 6094
f 6035 6094 6033
f 6033 6094 6095
f 6033 6095 6031
f 6031 6095 6096
f 6031 6096 6029
f 6029 6096 6097
f 6029 6097 6027
f 6027 6097 6098
f 6027 6098 6025
f 6025 6098 6099
f 6025 6099 6023
f 6023 6099 6100
f 6023 6100 6021
f 6021 6100 6101
f 6021 6101 6019
f 6019 6101 6102
f 6019 6102 6017
f 6017 6102 6103
f 6017 6103 6015
f 6015 6103 6104
f 6015 6104 6013
f 6013 6104 6105
f 6013 6105 6011
f 6011 6105 6106
f 6011 6106 6009
f 6009 6106 6107
f 6009 6107 6007
f 6007 6107 6108
f 6007 6108 6077
f 6077 6108 6109
f 6077 6109 6075
f 6075 6109 6110
f 6075 6110 6073
f 6073 6110 6111
f 6073 6111 6071
f 6071 6111 6112
f 6071 6112 6069
f 6069 6112 6113
f 6069 6113 6067
f 6067 6113 6114
f 6067 6114 6065
f 6065 6114 6079
f 6115 6024 6116
f 6116 6024 6022
f 6116 6022 6117
f 6117 6022 6020
f 6117 6020 6118
f 6118 6020 6018
f 6118 6018 6119
f 6119 6018 6016
f 6119 6016 6120
f 6120 6016 6014
f 6120 6014 6121
f 6121 6014 6012
f 6121 6012 6122
f 6122 6012 6010
f 6122 6010 6123
f 6123 6010 6008
f 6123 6008 6124
f 6124 6008 6078
f 6124 6078 6125
f 6125 6078 6076
f 6125 6076 6126
f 6126 6076 6074
f 6126 6074 6127
f 6127 6074 6072
f 6127 6072 6128
f 6128 6072 6070
f 6128 6070 6129
f 6129 6070 6068
f 6129 6068 6130
f 6130 6068 6066
f 6130 6066 6131
f 6131 6066 6064
f 6131 6064 6132
f 6132 6064 6062
f 6132 6062 6133
f 6133 6062 6060
f 6133 6060 6134
f 6134 6060 6058
f 6134 6058 6135
f 6135 6058 6056
f 6135 6056 6136
f 6136 6056 6054
f 6136 6054 6137
f 6137 6054 6052
f 6137 6052 6138
f 6138 6052 6050
f 6138 6050 6139
f 6139 6050 6048
f 6139 6048 6140
f 6140 6048 6046
f 6140 6046 6141
f 6141 6046 6044
f 6141 6044 6142
f 6142 6044 6042
f 6142 6042 6143
f 6143 6042 6040
f 6143 6040 6144
f 6144 6040 6038
f 6144 6038 6145
f 6145 6038 6036
f 6145 6036 6146
f 6146 6036 6034
f 6146 6034 6147
f 6147 6034 6032
f 6147 6032 6148
f 6148 6032 6030
f 6148 6030 6149
f 6149 6030 6028
f 6149 6028 6150
f 6150 6028 6026
f 6150 6026 6115
f 6115 6026 6024
f 6107 6123 6108
f 6108 6123 6124
f 6108 6124 6109
f 6109 6124 6125
f 6109 6125 6110
f 6110 6125 6126
f 6110 6126 6111
f 6111 6126 6127
f 6111 6127 6112
f 6112 6127 6128
f 6112 6128 6113
f 6113 6128 6129
f 6113 6129 6114
f 6114 6129 6130
f 6114 6130 6079
f 6079 6130 6131
f 6079 6131 6080
f 6080 6131 6132
f 6080 6132 6081
f 6081 6132 6133
f 6081 6133 6082
f 6082 6133 6134
f 6082 6134 6083
f 6083 6134 6135
f 6083 6135 6084
f 6084 6135 6136
f 6084 6136 6085
f 6085 6136 6137
f 6085 6137 6086
f 6086 6137 6138
f 6086 6138 6087
f 6087 6138 6139
f 6087 6139 6088
f 6088 6139 6140
f 6088 6140 6089
f 6089 6140 6141
f 6089 6141 6090
f 6090 6141 6142
f 6090 6142 6091
f 6091 6142 6143
f 6091 6143 6092
f 6092 6143 6144
f 6092 6144 6093
f 6093 6144 6145
f 6093 6145 6094
f 6094 6145 6146
f 6094 6146 6095
f 6095 6146 6147
f 6095 6147 6096
f 6096 6147 6148
f 6096 6148 6097
f 6097 6148 6149
f 6097 6149 6098
f 6098 6149 6150
f 6098 6150 6099
f 6099 6150 6115
f 6099 6115 6100
f 6100 6115 6116
f 6100 6116 6101
f 6101 6116 6117
f 6101 6117 6102
f 6102 6117 6118
f 6102 6118 6103
f 6103 6118 6119
f 6103 6119 6104
f 6104 6119 6120
f 6104 6120 6105
f 6105 6120 6121
f 6105 6121 6106
f 6106 6121 6122
f 6106 6122 6107
f 6107 6122 6123
f 6151 6152 6153
f 6153 6152 6154
f 6153 6154 6155
f 6155 6154 6156
f 6155 6156 6157
f 6157 6156 6158
f 6157 6158 6159
f 6159 6158 6160
f 6159 6160 6161
f 6161 6160 6162
f 6161 6162 6163
f 6163 6162 6164
f 6163 6164 6165
f 6165 6164 6166
f 6165 6166 6167
f 6167 6166 6168
f 6167 6168 6169
f 6169 6168 6170
f 6169 6170 6171
f 6171 6170 6172
f 6171 6172 6173
f 6173 6172 6174
f 6173 6174 6175
f 6175 6174 6176
f 6175 6176 6177
f 6177 6176 6178
f 6177 6178 6179
f 6179 6178 6180
f 6179 6180 6181
f 6181 6180 6182
f 6181 6182 6183
f 6183 6182 6184
f 6183 6184 6185
f 6185 6184 6186
f 6185 6186 6187
f 6187 6186 6188
f 6187 6188 6189
f 6189 6188 6190
f 6189 6190 6191
f 6191 6190 6192
f 6191 6192 6193
f 6193 6192 6194
f 6193 6194 6195
f 6195 6194 6196
f 6195 6196 6197
f 6197 6196 6198
f 6197 6198 6199
f 6199 6198 6200
f 6199 6200 6201
f 6201 6200 6202
f 6201 6202 6203
f 6203 6202 6204
f 6203 6204 6205
f 6205 6204 6206
f 6205 6206 6207
f 6207 6206 6208
f 6207 6208 6209
f 6209 6208 6210
f 6209 6210 6211
f 6211 6210 6212
f 6211 6212 6213
f 6213 6212 6214
f 6213 6214 6215
f 6215 6214 6216
f 6215 6216 6217
f 6217 6216 6218
f 6217 6218 6219
f 6219 6218 6220
f 6219 6220 6221
f 6221 6220 6222
f 6221 6222 6151
f 6151 6222 6152
f 6209 6223 6207
f 6207 6223 6224
f 6207 6224 6205
f 6205 6224 6225
f 6205 6225 6203
f 6203 6225 6226
f 6203 6226 6201
f 6201 6226 6227
f 6201 6227 6199
f 6199 6227 6228
f 6199 6228 6197
f 6197 6228 6229
f 6197 6229 6195
f 6195 6229 6230
f 6195 6230 6193
f 6193 6230 6231
f 6193 6231 6191
f 6191 6231 6232
f 6191 6232 6189
f 6189 6232 6233
f 6189 6233 6187
f 6187 6233 6234
f 6187 6234 6185
f 6185 6234 6235
f 6185 6235 6183
f 6183 6235 6236
f 6183 6236 6181
f 6181 6236 6237
f 6181 6237 6179
f 6179 6237 6238
f 6179 6238 6177
f 6177 6238 6239
f 6177 6239 6175
f 6175 6239 6240
f 6175 6240 6173
f 6173 6240 6241
f 6173 6241 6171
f 6171 6241 6242
f 6171 6242 6169
f 6169 6242 6243
f 6169 6243 6167
f 6167 6243 6244
f 6167 6244 6165
f 6165 6244 6245
f 6165 6245 6163
f 6163 6245 6246
f 6163 6246 6161
f 6161 6246 6247
f 6161 6247 6159
f 6159 6247 6248
f 6159 6248 6157
f 6157 6248 6249
f 6157 6249 6155
f 6155 6249 6250
f 6155 6250 6153
f 6153 6250 6251
f 6153 6251 6151
f 6151 6251 6252
f 6151 6252 6221
f 6221 6252 6253
f 6221 6253 6219
f 6219 6253 6254
f 6219 6254 6217
f 6217 6254 6255
f 6217 6255 6215
f 6215 6255 6256
f 6215 6256 6213
f 6213 6256 6257
f 6213 6257 6211
f 6211 6257 6258
f 6211 6258 6209
f 6209 6258 6223
f 6259 6180 6260
f 6260 6180 6178
f 6260 6178 6261
f 6261 6178 6176
f 6261 6176 6262
f 6262 6176 6174
f 6262 6174 6263
f 6263 6174 6172
f 6263 6172 6264
f 6264 6172 6170
f 6264 6170 6265
f 6265 6170 6168
f 6265 6168 6266
f 6266 6168 6166
f 6266 6166 6267
f 6267 6166 6164
f 6267 6164 6268
f 6268 6164 6162
f 6268 6162 6269
f 6269 6162 6160
f 6269 6160 6270
f 6270 6160 6158
f 6270 6158 6271
f 6271 6158 6156
f 6271 6156 6272
f 6272 6156 6154
f 6272 6154 6273
f 6273 6154 6152
f 6273 6152 6274
f 6274 6152 6222
f 6274 6222 6275
f 6275 6222 6220
f 6275 6220 6276
f 6276 6220 6218
f 6276 6218 6277
f 6277 6218 6216
f 6277 6216 6278
f 6278 6216 6214
f 6278 6214 6279
f 6279 6214 6212
f 6279 6212 6280
f 6280 6212 6210
f 6280 6210 6281
f 6281 6210 6208
f 6281 6208 6282
f 6282 6208 6206
f 6282 6206 6283
f 6283 6206 6204
f 6283 6204 6284
f 6284 6204 6202
f 6284 6202 6285
f 6285 6202 6200
f 6285 6200 6286
f 6286 6200 6198
f 6286 6198 6287
f 6287 6198 6196
f 6287 6196 6288
f 6288 6196 6194
f 6288 6194 6289
f 6289 6194 6192
f 6289 6192 6290
f 6290 6192 6190
f 6290 6190 6291
f 6291 6190 6188
f 6291 6188 6292
f 6292 6188 6186
f 6292 6186 6293
f 6293 6186 6184
f 6293 6184 6294
f 6294 6184 6182
f 6294 6182 6259
f 6259 6182 6180
f 6251 6273 6252
f 6252 6273 6274
f 6252 6274 6253
f 6253 6274 6275
f 6253 6275 6254
f 6254 6275 6276
f 6254 6276 6255
f 6255 6276 6277
f 6255 6277 6256
f 6256 6277 6278
f 6256 6278 6257
f 6257 6278 6279
f 6257 6279 6258
f 6258 6279 6280
f 6258 6280 6223
f 6223 6280 6281
f 6223 6281 6224
f 6224 6281 6282
f 6224 6282 6225
f 6225 6282 6283
f 6225 6283 6226
f 6226 6283 6284
f 6226 6284 6227
f 6227 6284 6285
f 6227 6285 6228
f 6228 6285 6286
f 6228 6286 6229
f 6229 6286 6287
f 6229 6287 6230
f 6230 6287 6288
f 6230 6288 6231
f 6231 6288 6289
f 6231 6289 6232
f 6232 6289 6290
f 6232 6290 6233
f 6233 6290 6291
f 6233 6291 6234
f 6234 6291 6292
f 6234 6292 6235
f 6235 6292 6293
f 6235 6293 6236
f 6236 6293 6294
f 6236 6294 6237
f 6237 6294 6259
f 6237 6259 6238
f 6238 6259 6260
f 6238 6260 6239
f 6239 6260 6261
f 6239 6261 6240
f 6240 6261 6262
f 6240 6262 6241
f 6241 6262 6263
f 6241 6263 6242
f 6242 6263 6264
f 6242 6264 6243
f 6243 6264 6265
f 6243 6265 6244
f 6244 6265 6266
f 6244 6266 6245
f 6245 6266 6267
f 6245 6267 6246
f 6246 6267 6268
f 6246 6268 6247
f 6247 6268 6269
f 6247 6269 6248
f 6248 6269 6270
f 6248 6270 6249
f 6249 6270 6271
f 6249 6271 6250
f 6250 6271 6272
f 6250 6272 6251
f 6251 6272 6273
f 6295 6296 6297
f 6298 6299 6300
f 6301 6302 6303
f 6304 6305 6306
f 6307 6308 6309
f 6310 6311 6312
f 6312 6311 6313
f 6314 6315 6316
f 6313 6317 6312
f 6312 6317 6318
f 6312 6318 6319
f 6320 6321 6316
f 6315 6322 6316
f 6316 6322 6323
f 6316 6323 6324
f 6320 6316 6325
f 6321 6326 6316
f 6316 6326 6327
f 6316 6327 6314
f 6323 6328 6324
f 6324 6328 6329
f 6324 6329 6330
f 6331 6332 6333
f 6333 6332 6334
f 6330 6335 6324
f 6324 6335 6336
f 6324 6336 6337
f 6338 6339 6332
f 6332 6339 6340
f 6332 6340 6334
f 6341 6342 6343
f 6344 6345 6346
f 6346 6345 6347
f 6341 6343 6348
f 6342 6349 6343
f 6343 6349 6350
f 6343 6350 6346
f 6346 6350 6351
f 6346 6351 6344
f 6352 6353 6354
f 6355 6356 6357
f 6357 6356 6358
f 6359 6360 6354
f 6354 6360 6361
f 6354 6361 6362
f 6353 6363 6354
f 6354 6363 6364
f 6354 6364 6359
f 6361 6365 6362
f 6362 6365 6366
f 6362 6366 6367
f 6368 6369 6370
f 6370 6369 6371
f 6367 6372 6362
f 6362 6372 6373
f 6362 6373 6374
f 6358 6375 6357
f 6357 6375 6376
f 6357 6376 6354
f 6354 6376 6377
f 6354 6377 6352
f 6378 6379 6370
f 6370 6379 6380
f 6370 6380 6368
f 6381 6382 6309
f 6383 6384 6308
f 6308 6384 6385
f 6382 6386 6309
f 6309 6386 6387
f 6309 6387 6357
f 6357 6387 6388
f 6357 6388 6355
f 6385 6389 6308
f 6308 6389 6390
f 6308 6390 6309
f 6309 6390 6391
f 6309 6391 6381
f 6392 6393 6394
f 6394 6393 6395
f 6394 6395 6396
f 6396 6395 6397
f 6396 6397 6398
f 6399 6400 6401
f 6402 6403 6404
f 6404 6403 6405
f 6404 6405 6406
f 6407 6408 6309
f 6309 6408 6409
f 6409 6410 6309
f 6309 6410 6411
f 6309 6411 6412
f 6413 6414 6307
f 6398 6415 6396
f 6396 6415 6416
f 6396 6416 6399
f 6399 6416 6417
f 6399 6417 6400
f 6401 6418 6399
f 6399 6418 6419
f 6399 6419 6420
f 6412 6421 6309
f 6309 6421 6422
f 6309 6422 6307
f 6307 6422 6423
f 6307 6423 6413
f 6414 6424 6307
f 6307 6424 6425
f 6307 6425 6394
f 6394 6425 6426
f 6394 6426 6392
f 6427 6428 6404
f 6404 6428 6429
f 6404 6429 6430
f 6430 6431 6404
f 6404 6431 6432
f 6404 6432 6402
f 6304 6433 6305
f 6305 6433 6434
f 6305 6434 6399
f 6435 6436 6437
f 6436 6438 6437
f 6437 6438 6439
f 6437 6439 6440
f 6440 6441 6437
f 6437 6441 6442
f 6437 6442 6443
f 6442 6444 6443
f 6443 6444 6445
f 6443 6445 6446
f 6447 6448 6306
f 6446 6449 6443
f 6443 6449 6450
f 6443 6450 6451
f 6452 6453 6304
f 6304 6453 6454
f 6304 6454 6455
f 6451 6456 6443
f 6443 6456 6457
f 6443 6457 6306
f 6306 6457 6458
f 6306 6458 6447
f 6448 6459 6306
f 6306 6459 6460
f 6306 6460 6461
f 6462 6463 6464
f 6461 6465 6306
f 6306 6465 6466
f 6306 6466 6304
f 6304 6466 6467
f 6304 6467 6452
f 6455 6468 6304
f 6304 6468 6469
f 6304 6469 6464
f 6464 6469 6470
f 6464 6470 6462
f 6463 6471 6464
f 6464 6471 6472
f 6464 6472 6437
f 6437 6472 6473
f 6437 6473 6435
f 6474 6475 6437
f 6437 6475 6476
f 6437 6476 6464
f 6477 6478 6479
f 6480 6481 6482
f 6482 6481 6483
f 6482 6483 6484
f 6484 6483 6485
f 6484 6485 6486
f 6487 6488 6489
f 6486 6490 6484
f 6484 6490 6491
f 6484 6491 6492
f 6493 6494 6479
f 6479 6494 6495
f 6479 6495 6487
f 6487 6495 6496
f 6487 6496 6488
f 6492 6497 6484
f 6484 6497 6498
f 6484 6498 6499
f 6500 6501 6502
f 6502 6501 6503
f 6502 6503 6504
f 6478 6505 6479
f 6479 6505 6506
f 6479 6506 6493
f 6489 6507 6487
f 6487 6507 6508
f 6487 6508 6482
f 6482 6508 6509
f 6482 6509 6510
f 6510 6511 6482
f 6482 6511 6512
f 6482 6512 6480
f 6504 6513 6502
f 6502 6513 6514
f 6502 6514 6515
f 6515 6516 6502
f 6502 6516 6517
f 6502 6517 6479
f 6479 6517 6518
f 6479 6518 6477
f 6519 6520 6521
f 6521 6520 6522
f 6521 6522 6523
f 6524 6525 6519
f 6302 6526 6303
f 6303 6526 6527
f 6303 6527 6528
f 6529 6530 6343
f 6343 6530 6531
f 6531 6532 6343
f 6343 6532 6533
f 6343 6533 6519
f 6519 6533 6534
f 6519 6534 6524
f 6525 6535 6519
f 6519 6535 6536
f 6519 6536 6537
f 6538 6539 6343
f 6539 6540 6343
f 6343 6540 6541
f 6343 6541 6529
f 6528 6542 6303
f 6303 6542 6543
f 6303 6543 6544
f 6537 6545 6519
f 6519 6545 6546
f 6519 6546 6520
f 6520 6546 6547
f 6520 6547 6548
f 6544 6549 6303
f 6303 6549 6550
f 6303 6550 6551
f 6548 6552 6520
f 6520 6552 6553
f 6520 6553 6554
f 6554 6555 6520
f 6520 6555 6556
f 6520 6556 6526
f 6526 6556 6557
f 6526 6557 6558
f 6558 6559 6526
f 6526 6559 6560
f 6526 6560 6527
f 6561 6562 6563
f 6563 6562 6564
f 6301 6303 6565
f 6565 6303 6566
f 6565 6566 6563
f 6563 6566 6567
f 6563 6567 6561
f 6568 6569 6570
f 6571 6572 6566
f 6573 6574 6566
f 6564 6575 6563
f 6563 6575 6576
f 6563 6576 6577
f 6577 6576 6578
f 6578 6579 6577
f 6577 6579 6580
f 6577 6580 6581
f 6582 6583 6346
f 6346 6583 6584
f 6584 6585 6346
f 6346 6585 6586
f 6346 6586 6587
f 6574 6588 6566
f 6566 6588 6589
f 6566 6589 6567
f 6581 6590 6577
f 6577 6590 6591
f 6577 6591 6592
f 6569 6593 6570
f 6570 6593 6594
f 6570 6594 6346
f 6346 6594 6595
f 6346 6595 6582
f 6596 6597 6570
f 6570 6597 6598
f 6572 6599 6566
f 6566 6599 6600
f 6566 6600 6573
f 6598 6601 6570
f 6570 6601 6602
f 6570 6602 6568
f 6603 6300 6604
f 6604 6605 6603
f 6603 6605 6577
f 6603 6577 6570
f 6570 6577 6592
f 6570 6592 6596
f 6606 6607 6295
f 6608 6609 6296
f 6296 6609 6610
f 6611 6612 6613
f 6613 6612 6614
f 6613 6614 6615
f 6616 6617 6618
f 6618 6617 6619
f 6618 6619 6620
f 6620 6619 6621
f 6620 6621 6622
f 6299 6623 6300
f 6300 6623 6624
f 6300 6624 6625
f 6625 6626 6300
f 6300 6626 6627
f 6300 6627 6618
f 6618 6627 6628
f 6618 6628 6616
f 6622 6629 6620
f 6620 6629 6630
f 6620 6630 6295
f 6295 6630 6631
f 6295 6631 6606
f 6632 6633 6613
f 6613 6633 6634
f 6607 6635 6295
f 6295 6635 6636
f 6295 6636 6296
f 6296 6636 6637
f 6296 6637 6608
f 6610 6638 6296
f 6296 6638 6639
f 6296 6639 6640
f 6634 6641 6613
f 6613 6641 6642
f 6613 6642 6611
f 6643 6644 6295
f 6645 6297 6646
f 6646 6297 6647
f 6648 6649 6650
f 6650 6649 6651
f 6650 6651 6652
f 6653 6654 6655
f 6655 6654 6656
f 6655 6656 6657
f 6657 6656 6658
f 6657 6658 6659
f 6645 6660 6297
f 6297 6660 6661
f 6297 6661 6295
f 6295 6661 6662
f 6295 6662 6643
f 6644 6663 6295
f 6295 6663 6664
f 6295 6664 6655
f 6655 6664 6665
f 6655 6665 6653
f 6659 6666 6657
f 6657 6666 6667
f 6657 6667 6650
f 6650 6667 6668
f 6650 6668 6648
f 6652 6669 6650
f 6650 6669 6670
f 6650 6670 6671
f 6671 6670 6672
f 6671 6672 6673
f 6673 6674 6671
f 6671 6674 6675
f 6671 6675 6676
f 6676 6677 6671
f 6671 6677 6678
f 6671 6678 6679
f 6680 6681 6297
f 6681 6682 6297
f 6297 6682 6683
f 6297 6683 6647
f 6684 6685 6686
f 6686 6685 6687
f 6686 6687 6688
f 6689 6690 6684
f 6691 6692 6685
f 6690 6693 6684
f 6684 6693 6694
f 6684 6694 6695
f 6685 6692 6696
f 6696 6692 6697
f 6696 6697 6698
f 6307 6699 6700
f 6701 6702 6308
f 6702 6703 6308
f 6308 6703 6704
f 6308 6704 6705
f 6705 6706 6308
f 6308 6706 6707
f 6308 6707 6684
f 6684 6707 6708
f 6684 6708 6689
f 6685 6709 6710
f 6710 6711 6685
f 6685 6711 6712
f 6685 6712 6691
f 6698 6713 6696
f 6696 6713 6714
f 6696 6714 6715
f 6715 6714 6716
f 6715 6716 6717
f 6700 6718 6307
f 6307 6718 6719
f 6307 6719 6308
f 6308 6719 6720
f 6308 6720 6701
f 6717 6721 6715
f 6715 6721 6722
f 6715 6722 6307
f 6307 6722 6723
f 6307 6723 6699
f 6695 6724 6684
f 6684 6724 6725
f 6684 6725 6685
f 6685 6725 6726
f 6685 6726 6709
f 6727 6728 6316
f 6729 6730 6316
f 6316 6730 6731
f 6732 6733 6734
f 6734 6733 6735
f 6731 6736 6316
f 6316 6736 6737
f 6316 6737 6733
f 6733 6737 6738
f 6733 6738 6735
f 6739 6740 6741
f 6741 6740 6742
f 6362 6743 6744
f 6745 6746 6362
f 6362 6746 6747
f 6362 6747 6743
f 6728 6748 6316
f 6316 6748 6749
f 6316 6749 6729
f 6742 6750 6741
f 6741 6750 6751
f 6741 6751 6362
f 6362 6751 6752
f 6362 6752 6745
f 6732 6753 6733
f 6733 6753 6754
f 6733 6754 6296
f 6755 6756 6297
f 6297 6756 6757
f 6297 6757 6741
f 6741 6757 6758
f 6741 6758 6739
f 6754 6759 6296
f 6296 6759 6760
f 6296 6760 6761
f 6761 6762 6296
f 6296 6762 6763
f 6296 6763 6297
f 6297 6763 6764
f 6297 6764 6755
f 6765 6766 6354
f 6767 6768 6769
f 6769 6768 6770
f 6769 6770 6771
f 6772 6773 6354
f 6774 6775 6776
f 6776 6775 6777
f 6324 6778 6779
f 6780 6781 6769
f 6769 6781 6782
f 6769 6782 6767
f 6783 6784 6324
f 6324 6784 6785
f 6324 6785 6778
f 6773 6786 6354
f 6354 6786 6787
f 6354 6787 6780
f 6777 6788 6776
f 6776 6788 6789
f 6776 6789 6324
f 6324 6789 6790
f 6324 6790 6783
f 6766 6791 6354
f 6354 6791 6792
f 6354 6792 6772
f 6502 6793 6776
f 6776 6793 6794
f 6776 6794 6774
f 6795 6796 6443
f 6443 6796 6797
f 6443 6797 6798
f 6799 6800 6502
f 6800 6801 6502
f 6502 6801 6802
f 6502 6802 6793
f 6688 6650 6686
f 6686 6650 6671
f 6686 6671 6684
f 6684 6671 6803
f 6684 6803 6308
f 6308 6803 6370
f 6308 6370 6383
f 6383 6370 6371
f 6679 6680 6671
f 6671 6680 6297
f 6671 6297 6803
f 6803 6297 6741
f 6803 6741 6370
f 6370 6741 6362
f 6370 6362 6378
f 6378 6362 6374
f 6640 6632 6296
f 6296 6632 6613
f 6296 6613 6733
f 6733 6613 6804
f 6733 6804 6316
f 6316 6804 6312
f 6316 6312 6325
f 6325 6312 6319
f 6347 6310 6346
f 6346 6310 6312
f 6346 6312 6570
f 6570 6312 6804
f 6570 6804 6603
f 6603 6804 6613
f 6603 6613 6300
f 6300 6613 6615
f 6300 6615 6298
f 6744 6727 6362
f 6362 6727 6316
f 6362 6316 6354
f 6354 6316 6324
f 6354 6324 6765
f 6765 6324 6779
f 6587 6571 6346
f 6346 6571 6566
f 6346 6566 6343
f 6343 6566 6303
f 6343 6303 6538
f 6538 6303 6551
f 6780 6769 6354
f 6354 6769 6805
f 6354 6805 6357
f 6357 6805 6404
f 6357 6404 6309
f 6309 6404 6406
f 6309 6406 6407
f 6420 6427 6399
f 6399 6427 6404
f 6399 6404 6305
f 6305 6404 6805
f 6305 6805 6306
f 6306 6805 6769
f 6306 6769 6443
f 6443 6769 6771
f 6443 6771 6795
f 6337 6338 6324
f 6324 6338 6332
f 6324 6332 6776
f 6776 6332 6806
f 6776 6806 6502
f 6502 6806 6484
f 6502 6484 6500
f 6500 6484 6499
f 6331 6348 6332
f 6332 6348 6343
f 6332 6343 6806
f 6806 6343 6519
f 6806 6519 6484
f 6484 6519 6521
f 6484 6521 6482
f 6482 6521 6523
f 6798 6799 6443
f 6443 6799 6502
f 6443 6502 6437
f 6437 6502 6479
f 6437 6479 6474
f 6474 6479 6487
f 6675 6674 6807
f 6807 6674 6673
f 6807 6673 6808
f 6808 6673 6672
f 6808 6672 6809
f 6809 6672 6670
f 6809 6670 6810
f 6810 6670 6669
f 6810 6669 6811
f 6811 6669 6652
f 6811 6652 6812
f 6812 6652 6651
f 6812 6651 6813
f 6813 6651 6649
f 6813 6649 6814
f 6814 6649 6648
f 6814 6648 6815
f 6815 6648 6668
f 6815 6668 6816
f 6816 6668 6667
f 6816 6667 6817
f 6817 6667 6666
f 6817 6666 6818
f 6818 6666 6659
f 6818 6659 6819
f 6819 6659 6658
f 6819 6658 6820
f 6820 6658 6656
f 6820 6656 6821
f 6821 6656 6654
f 6821 6654 6822
f 6822 6654 6653
f 6822 6653 6823
f 6823 6653 6665
f 6823 6665 6824
f 6824 6665 6664
f 6824 6664 6825
f 6825 6664 6663
f 6825 6663 6826
f 6826 6663 6644
f 6826 6644 6827
f 6827 6644 6643
f 6827 6643 6828
f 6828 6643 6662
f 6828 6662 6829
f 6829 6662 6661
f 6829 6661 6830
f 6830 6661 6660
f 6830 6660 6831
f 6831 6660 6645
f 6831 6645 6832
f 6832 6645 6646
f 6832 6646 6833
f 6833 6646 6647
f 6833 6647 6834
f 6834 6647 6683
f 6834 6683 6835
f 6835 6683 6682
f 6835 6682 6836
f 6836 6682 6681
f 6836 6681 6837
f 6837 6681 6680
f 6837 6680 6838
f 6838 6680 6679
f 6838 6679 6839
f 6839 6679 6678
f 6839 6678 6840
f 6840 6678 6677
f 6840 6677 6841
f 6841 6677 6676
f 6841 6676 6842
f 6842 6676 6675
f 6842 6675 6807
f 6708 6843 6689
f 6689 6843 6844
f 6689 6844 6690
f 6690 6844 6845
f 6690 6845 6693
f 6693 6845 6846
f 6693 6846 6694
f 6694 6846 6847
f 6694 6847 6695
f 6695 6847 6848
f 6695 6848 6724
f 6724 6848 6849
f 6724 6849 6725
f 6725 6849 6850
f 6725 6850 6726
f 6726 6850 6851
f 6726 6851 6709
f 6709 6851 6852
f 6709 6852 6710
f 6710 6852 6853
f 6710 6853 6711
f 6711 6853 6854
f 6711 6854 6712
f 6712 6854 6855
f 6712 6855 6691
f 6691 6855 6856
f 6691 6856 6692
f 6692 6856 6857
f 6692 6857 6697
f 6697 6857 6858
f 6697 6858 6698
f 6698 6858 6859
f 6698 6859 6713
f 6713 6859 6860
f 6713 6860 6714
f 6714 6860 6861
f 6714 6861 6716
f 6716 6861 6862
f 6716 6862 6717
f 6717 6862 6863
f 6717 6863 6721
f 6721 6863 6864
f 6721 6864 6722
f 6722 6864 6865
f 6722 6865 6723
f 6723 6865 6866
f 6723 6866 6699
f 6699 6866 6867
f 6699 6867 6700
f 6700 6867 6868
f 6700 6868 6718
f 6718 6868 6869
f 6718 6869 6719
f 6719 6869 6870
f 6719 6870 6720
f 6720 6870 6871
f 6720 6871 6701
f 6701 6871 6872
f 6701 6872 6702
f 6702 6872 6873
f 6702 6873 6703
f 6703 6873 6874
f 6703 6874 6704
f 6704 6874 6875
f 6704 6875 6705
f 6705 6875 6876
f 6705 6876 6706
f 6706 6876 6877
f 6706 6877 6707
f 6707 6877 6878
f 6707 6878 6708
f 6708 6878 6843
f 6431 6430 6879
f 6879 6430 6429
f 6879 6429 6880
f 6880 6429 6428
f 6880 6428 6881
f 6881 6428 6427
f 6881 6427 6882
f 6882 6427 6420
f 6882 6420 6883
f 6883 6420 6419
f 6883 6419 6884
f 6884 6419 6418
f 6884 6418 6885
f 6885 6418 6401
f 6885 6401 6886
f 6886 6401 6400
f 6886 6400 6887
f 6887 6400 6417
f 6887 6417 6888
f 6888 6417 6416
f 6888 6416 6889
f 6889 6416 6415
f 6889 6415 6890
f 6890 6415 6398
f 6890 6398 6891
f 6891 6398 6397
f 6891 6397 6892
f 6892 6397 6395
f 6892 6395 6893
f 6893 6395 6393
f 6893 6393 6894
f 6894 6393 6392
f 6894 6392 6895
f 6895 6392 6426
f 6895 6426 6896
f 6896 6426 6425
f 6896 6425 6897
f 6897 6425 6424
f 6897 6424 6898
f 6898 6424 6414
f 6898 6414 6899
f 6899 6414 6413
f 6899 6413 6900
f 6900 6413 6423
f 6900 6423 6901
f 6901 6423 6422
f 6901 6422 6902
f 6902 6422 6421
f 6902 6421 6903
f 6903 6421 6412
f 6903 6412 6904
f 6904 6412 6411
f 6904 6411 6905
f 6905 6411 6410
f 6905 6410 6906
f 6906 6410 6409
f 6906 6409 6907
f 6907 6409 6408
f 6907 6408 6908
f 6908 6408 6407
f 6908 6407 6909
f 6909 6407 6406
f 6909 6406 6910
f 6910 6406 6405
f 6910 6405 6911
f 6911 6405 6403
f 6911 6403 6912
f 6912 6403 6402
f 6912 6402 6913
f 6913 6402 6432
f 6913 6432 6914
f 6914 6432 6431
f 6914 6431 6879
f 6442 6915 6444
f 6444 6915 6916
f 6444 6916 6445
f 6445 6916 6917
f 6445 6917 6446
f 6446 6917 6918
f 6446 6918 6449
f 6449 6918 6919
f 6449 6919 6450
f 6450 6919 6920
f 6450 6920 6451
f 6451 6920 6921
f 6451 6921 6456
f 6456 6921 6922
f 6456 6922 6457
f 6457 6922 6923
f 6457 6923 6458
f 6458 6923 6924
f 6458 6924 6447
f 6447 6924 6925
f 6447 6925 6448
f 6448 6925 6926
f 6448 6926 6459
f 6459 6926 6927
f 6459 6927 6460
f 6460 6927 6928
f 6460 6928 6461
f 6461 6928 6929
f 6461 6929 6465
f 6465 6929 6930
f 6465 6930 6466
f 6466 6930 6931
f 6466 6931 6467
f 6467 6931 6932
f 6467 6932 6452
f 6452 6932 6933
f 6452 6933 6453
f 6453 6933 6934
f 6453 6934 6454
f 6454 6934 6935
f 6454 6935 6455
f 6455 6935 6936
f 6455 6936 6468
f 6468 6936 6937
f 6468 6937 6469
f 6469 6937 6938
f 6469 6938 6470
f 6470 6938 6939
f 6470 6939 6462
f 6462 6939 6940
f 6462 6940 6463
f 6463 6940 6941
f 6463 6941 6471
f 6471 6941 6942
f 6471 6942 6472
f 6472 6942 6943
f 6472 6943 6473
f 6473 6943 6944
f 6473 6944 6435
f 6435 6944 6945
f 6435 6945 6436
f 6436 6945 6946
f 6436 6946 6438
f 6438 6946 6947
f 6438 6947 6439
f 6439 6947 6948
f 6439 6948 6440
f 6440 6948 6949
f 6440 6949 6441
f 6441 6949 6950
f 6441 6950 6442
f 6442 6950 6915
f 6491 6490 6951
f 6951 6490 6486
f 6951 6486 6952
f 6952 6486 6485
f 6952 6485 6953
f 6953 6485 6483
f 6953 6483 6954
f 6954 6483 6481
f 6954 6481 6955
f 6955 6481 6480
f 6955 6480 6956
f 6956 6480 6512
f 6956 6512 6957
f 6957 6512 6511
f 6957 6511 6958
f 6958 6511 6510
f 6958 6510 6959
f 6959 6510 6509
f 6959 6509 6960
f 6960 6509 6508
f 6960 6508 6961
f 6961 6508 6507
f 6961 6507 6962
f 6962 6507 6489
f 6962 6489 6963
f 6963 6489 6488
f 6963 6488 6964
f 6964 6488 6496
f 6964 6496 6965
f 6965 6496 6495
f 6965 6495 6966
f 6966 6495 6494
f 6966 6494 6967
f 6967 6494 6493
f 6967 6493 6968
f 6968 6493 6506
f 6968 6506 6969
f 6969 6506 6505
f 6969 6505 6970
f 6970 6505 6478
f 6970 6478 6971
f 6971 6478 6477
f 6971 6477 6972
f 6972 6477 6518
f 6972 6518 6973
f 6973 6518 6517
f 6973 6517 6974
f 6974 6517 6516
f 6974 6516 6975
f 6975 6516 6515
f 6975 6515 6976
f 6976 6515 6514
f 6976 6514 6977
f 6977 6514 6513
f 6977 6513 6978
f 6978 6513 6504
f 6978 6504 6979
f 6979 6504 6503
f 6979 6503 6980
f 6980 6503 6501
f 6980 6501 6981
f 6981 6501 6500
f 6981 6500 6982
f 6982 6500 6499
f 6982 6499 6983
f 6983 6499 6498
f 6983 6498 6984
f 6984 6498 6497
f 6984 6497 6985
f 6985 6497 6492
f 6985 6492 6986
f 6986 6492 6491
f 6986 6491 6951
f 6560 6987 6527
f 6527 6987 6988
f 6527 6988 6528
f 6528 6988 6989
f 6528 6989 6542
f 6542 6989 6990
f 6542 6990 6543
f 6543 6990 6991
f 6543 6991 6544
f 6544 6991 6992
f 6544 6992 6549
f 6549 6992 6993
f 6549 6993 6550
f 6550 6993 6994
f 6550 6994 6551
f 6551 6994 6995
f 6551 6995 6538
f 6538 6995 6996
f 6538 6996 6539
f 6539 6996 6997
f 6539 6997 6540
f 6540 6997 6998
f 6540 6998 6541
f 6541 6998 6999
f 6541 6999 6529
f 6529 6999 7000
f 6529 7000 6530
f 6530 7000 7001
f 6530 7001 6531
f 6531 7001 7002
f 6531 7002 6532
f 6532 7002 7003
f 6532 7003 6533
f 6533 7003 7004
f 6533 7004 6534
f 6534 7004 7005
f 6534 7005 6524
f 6524 7005 7006
f 6524 7006 6525
f 6525 7006 7007
f 6525 7007 6535
f 6535 7007 7008
f 6535 7008 6536
f 6536 7008 7009
f 6536 7009 6537
f 6537 7009 7010
f 6537 7010 6545
f 6545 7010 7011
f 6545 7011 6546
f 6546 7011 7012
f 6546 7012 6547
f 6547 7012 7013
f 6547 7013 6548
f 6548 7013 7014
f 6548 7014 6552
f 6552 7014 7015
f 6552 7015 6553
f 6553 7015 7016
f 6553 7016 6554
f 6554 7016 7017
f 6554 7017 6555
f 6555 7017 7018
f 6555 7018 6556
f 6556 7018 7019
f 6556 7019 6557
f 6557 7019 7020
f 6557 7020 6558
f 6558 7020 7021
f 6558 7021 6559
f 6559 7021 7022
f 6559 7022 6560
f 6560 7022 6987
f 6601 6598 7023
f 7023 6598 6597
f 7023 6597 7024
f 7024 6597 6596
f 7024 6596 7025
f 7025 6596 6592
f 7025 6592 7026
f 7026 6592 6591
f 7026 6591 7027
f 7027 6591 6590
f 7027 6590 7028
f 7028 6590 6581
f 7028 6581 7029
f 7029 6581 6580
f 7029 6580 7030
f 7030 6580 6579
f 7030 6579 7031
f 7031 6579 6578
f 7031 6578 7032
f 7032 6578 6576
f 7032 6576 7033
f 7033 6576 6575
f 7033 6575 7034
f 7034 6575 6564
f 7034 6564 7035
f 7035 6564 6562
f 7035 6562 7036
f 7036 6562 6561
f 7036 6561 7037
f 7037 6561 6567
f 7037 6567 7038
f 7038 6567 6589
f 7038 6589 7039
f 7039 6589 6588
f 7039 6588 7040
f 7040 6588 6574
f 7040 6574 7041
f 7041 6574 6573
f 7041 6573 7042
f 7042 6573 6600
f 7042 6600 7043
f 7043 6600 6599
f 7043 6599 7044
f 7044 6599 6572
f 7044 6572 7045
f 7045 6572 6571
f 7045 6571 7046
f 7046 6571 6587
f 7046 6587 7047
f 7047 6587 6586
f 7047 6586 7048
f 7048 6586 6585
f 7048 6585 7049
f 7049 6585 6584
f 7049 6584 7050
f 7050 6584 6583
f 7050 6583 7051
f 7051 6583 6582
f 7051 6582 7052
f 7052 6582 6595
f 7052 6595 7053
f 7053 6595 6594
f 7053 6594 7054
f 7054 6594 6593
f 7054 6593 7055
f 7055 6593 6569
f 7055 6569 7056
f 7056 6569 6568
f 7056 6568 7057
f 7057 6568 6602
f 7057 6602 7058
f 7058 6602 6601
f 7058 6601 7023
f 6299 7059 6623
f 6623 7059 7060
f 6623 7060 6624
f 6624 7060 7061
f 6624 7061 6625
f 6625 7061 7062
f 6625 7062 6626
f 6626 7062 7063
f 6626 7063 6627
f 6627 7063 7064
f 6627 7064 6628
f 6628 7064 7065
f 6628 7065 6616
f 6616 7065 7066
f 6616 7066 6617
f 6617 7066 7067
f 6617 7067 6619
f 6619 7067 7068
f 6619 7068 6621
f 6621 7068 7069
f 6621 7069 6622
f 6622 7069 7070
f 6622 7070 6629
f 6629 7070 7071
f 6629 7071 6630
f 6630 7071 7072
f 6630 7072 6631
f 6631 7072 7073
f 6631 7073 6606
f 6606 7073 7074
f 6606 7074 6607
f 6607 7074 7075
f 6607 7075 6635
f 6635 7075 7076
f 6635 7076 6636
f 6636 7076 7077
f 6636 7077 6637
f 6637 7077 7078
f 6637 7078 6608
f 6608 7078 7079
f 6608 7079 6609
f 6609 7079 7080
f 6609 7080 6610
f 6610 7080 7081
f 6610 7081 6638
f 6638 7081 7082
f 6638 7082 6639
f 6639 7082 7083
f 6639 7083 6640
f 6640 7083 7084
f 6640 7084 6632
f 6632 7084 7085
f 6632 7085 6633
f 6633 7085 7086
f 6633 7086 6634
f 6634 7086 7087
f 6634 7087 6641
f 6641 7087 7088
f 6641 7088 6642
f 6642 7088 7089
f 6642 7089 6611
f 6611 7089 7090
f 6611 7090 6612
f 6612 7090 7091
f 6612 7091 6614
f 6614 7091 7092
f 6614 7092 6615
f 6615 7092 7093
f 6615 7093 6298
f 6298 7093 7094
f 6298 7094 6299
f 6299 7094 7059
f 6351 7095 6344
f 6344 7095 7096
f 6344 7096 6345
f 6345 7096 7097
f 6345 7097 6347
f 6347 7097 7098
f 6347 7098 6310
f 6310 7098 7099
f 6310 7099 6311
f 6311 7099 7100
f 6311 7100 6313
f 6313 7100 7101
f 6313 7101 6317
f 6317 7101 7102
f 6317 7102 6318
f 6318 7102 7103
f 6318 7103 6319
f 6319 7103 7104
f 6319 7104 6325
f 6325 7104 7105
f 6325 7105 6320
f 6320 7105 7106
f 6320 7106 6321
f 6321 7106 7107
f 6321 7107 6326
f 6326 7107 7108
f 6326 7108 6327
f 6327 7108 7109
f 6327 7109 6314
f 6314 7109 7110
f 6314 7110 6315
f 6315 7110 7111
f 6315 7111 6322
f 6322 7111 7112
f 6322 7112 6323
f 6323 7112 7113
f 6323 7113 6328
f 6328 7113 7114
f 6328 7114 6329
f 6329 7114 7115
f 6329 7115 6330
f 6330 7115 7116
f 6330 7116 6335
f 6335 7116 7117
f 6335 7117 6336
f 6336 7117 7118
f 6336 7118 6337
f 6337 7118 7119
f 6337 7119 6338
f 6338 7119 7120
f 6338 7120 6339
f 6339 7120 7121
f 6339 7121 6340
f 6340 7121 7122
f 6340 7122 6334
f 6334 7122 7123
f 6334 7123 6333
f 6333 7123 7124
f 6333 7124 6331
f 6331 7124 7125
f 6331 7125 6348
f 6348 7125 7126
f 6348 7126 6341
f 6341 7126 7127
f 6341 7127 6342
f 6342 7127 7128
f 6342 7128 6349
f 6349 7128 7129
f 6349 7129 6350
f 6350 7129 7130
f 6350 7130 6351
f 6351 7130 7095
f 6788 7131 6789
f 6789 7131 7132
f 6789 7132 6790
f 6790 7132 7133
f 6790 7133 6783
f 6783 7133 7134
f 6783 7134 6784
f 6784 7134 7135
f 6784 7135 6785
f 6785 7135 7136
f 6785 7136 6778
f 6778 7136 7137
f 6778 7137 6779
f 6779 7137 7138
f 6779 7138 6765
f 6765 7138 7139
f 6765 7139 6766
f 6766 7139 7140
f 6766 7140 6791
f 6791 7140 7141
f 6791 7141 6792
f 6792 7141 7142
f 6792 7142 6772
f 6772 7142 7143
f 6772 7143 6773
f 6773 7143 7144
f 6773 7144 6786
f 6786 7144 7145
f 6786 7145 6787
f 6787 7145 7146
f 6787 7146 6780
f 6780 7146 7147
f 6780 7147 6781
f 6781 7147 7148
f 6781 7148 6782
f 6782 7148 7149
f 6782 7149 6767
f 6767 7149 7150
f 6767 7150 6768
f 6768 7150 7151
f 6768 7151 6770
f 6770 7151 7152
f 6770 7152 6771
f 6771 7152 7153
f 6771 7153 6795
f 6795 7153 7154
f 6795 7154 6796
f 6796 7154 7155
f 6796 7155 6797
f 6797 7155 7156
f 6797 7156 6798
f 6798 7156 7157
f 6798 7157 6799
f 6799 7157 7158
f 6799 7158 6800
f 6800 7158 7159
f 6800 7159 6801
f 6801 7159 7160
f 6801 7160 6802
f 6802 7160 7161
f 6802 7161 6793
f 6793 7161 7162
f 6793 7162 6794
f 6794 7162 7163
f 6794 7163 6774
f 6774 7163 7164
f 6774 7164 6775
f 6775 7164 7165
f 6775 7165 6777
f 6777 7165 7166
f 6777 7166 6788
f 6788 7166 7131
f 6361 7167 6365
f 6365 7167 7168
f 6365 7168 6366
f 6366 7168 7169
f 6366 7169 6367
f 6367 7169 7170
f 6367 7170 6372
f 6372 7170 7171
f 6372 7171 6373
f 6373 7171 7172
f 6373 7172 6374
f 6374 7172 7173
f 6374 7173 6378
f 6378 7173 7174
f 6378 7174 6379
f 6379 7174 7175
f 6379 7175 6380
f 6380 7175 7176
f 6380 7176 6368
f 6368 7176 7177
f 6368 7177 6369
f 6369 7177 7178
f 6369 7178 6371
f 6371 7178 7179
f 6371 7179 6383
f 6383 7179 7180
f 6383 7180 6384
f 6384 7180 7181
f 6384 7181 6385
f 6385 7181 7182
f 6385 7182 6389
f 6389 7182 7183
f 6389 7183 6390
f 6390 7183 7184
f 6390 7184 6391
f 6391 7184 7185
f 6391 7185 6381
f 6381 7185 7186
f 6381 7186 6382
f 6382 7186 7187
f 6382 7187 6386
f 6386 7187 7188
f 6386 7188 6387
f 6387 7188 7189
f 6387 7189 6388
f 6388 7189 7190
f 6388 7190 6355
f 6355 7190 7191
f 6355 7191 6356
f 6356 7191 7192
f 6356 7192 6358
f 6358 7192 7193
f 6358 7193 6375
f 6375 7193 7194
f 6375 7194 6376
f 6376 7194 7195
f 6376 7195 6377
f 6377 7195 7196
f 6377 7196 6352
f 6352 7196 7197
f 6352 7197 6353
f 6353 7197 7198
f 6353 7198 6363
f 6363 7198 7199
f 6363 7199 6364
f 6364 7199 7200
f 6364 7200 6359
f 6359 7200 7201
f 6359 7201 6360
f 6360 7201 7202
f 6360 7202 6361
f 6361 7202 7167
f 6735 7203 6734
f 6734 7203 7204
f 6734 7204 6732
f 6732 7204 7205
f 6732 7205 6753
f 6753 7205 7206
f 6753 7206 6754
f 6754 7206 7207
f 6754 7207 6759
f 6759 7207 7208
f 6759 7208 6760
f 6760 7208 7209
f 6760 7209 6761
f 6761 7209 7210
f 6761 7210 6762
f 6762 7210 7211
f 6762 7211 6763
f 6763 7211 7212
f 6763 7212 6764
f 6764 7212 7213
f 6764 7213 6755
f 6755 7213 7214
f 6755 7214 6756
f 6756 7214 7215
f 6756 7215 6757
f 6757 7215 7216
f 6757 7216 6758
f 6758 7216 7217
f 6758 7217 6739
f 6739 7217 7218
f 6739 7218 6740
f 6740 7218 7219
f 6740 7219 6742
f 6742 7219 7220
f 6742 7220 6750
f 6750 7220 7221
f 6750 7221 6751
f 6751 7221 7222
f 6751 7222 6752
f 6752 7222 7223
f 6752 7223 6745
f 6745 7223 7224
f 6745 7224 6746
f 6746 7224 7225
f 6746 7225 6747
f 6747 7225 7226
f 6747 7226 6743
f 6743 7226 7227
f 6743 7227 6744
f 6744 7227 7228
f 6744 7228 6727
f 6727 7228 7229
f 6727 7229 6728
f 6728 7229 7230
f 6728 7230 6748
f 6748 7230 7231
f 6748 7231 6749
f 6749 7231 7232
f 6749 7232 6729
f 6729 7232 7233
f 6729 7233 6730
f 6730 7233 7234
f 6730 7234 6731
f 6731 7234 7235
f 6731 7235 6736
f 6736 7235 7236
f 6736 7236 6737
f 6737 7236 7237
f 6737 7237 6738
f 6738 7237 7238
f 6738 7238 6735
f 6735 7238 7203
f 6307 7239 6715
f 6715 7239 7240
f 6715 7240 6696
f 6696 7240 7241
f 6696 7241 6685
f 6685 7241 7242
f 6685 7242 6687
f 6687 7242 7243
f 6687 7243 6688
f 6688 7243 7244
f 6688 7244 6650
f 6650 7244 7245
f 6650 7245 6657
f 6657 7245 7246
f 6657 7246 6655
f 6655 7246 7247
f 6655 7247 6295
f 6295 7247 7248
f 6295 7248 6620
f 6620 7248 7249
f 6620 7249 6618
f 6618 7249 7250
f 6618 7250 6300
f 6300 7250 7251
f 6300 7251 6604
f 6604 7251 7252
f 6604 7252 6605
f 6605 7252 7253
f 6605 7253 6577
f 6577 7253 7254
f 6577 7254 6563
f 6563 7254 7255
f 6563 7255 6565
f 6565 7255 7256
f 6565 7256 6301
f 6301 7256 7257
f 6301 7257 6302
f 6302 7257 7258
f 6302 7258 6526
f 6526 7258 7259
f 6526 7259 6520
f 6520 7259 7260
f 6520 7260 6522
f 6522 7260 7261
f 6522 7261 6523
f 6523 7261 7262
f 6523 7262 6482
f 6482 7262 7263
f 6482 7263 6487
f 6487 7263 7264
f 6487 7264 6474
f 6474 7264 7265
f 6474 7265 6475
f 6475 7265 7266
f 6475 7266 6476
f 6476 7266 7267
f 6476 7267 6464
f 6464 7267 7268
f 6464 7268 6304
f 6304 7268 7269
f 6304 7269 6433
f 6433 7269 7270
f 6433 7270 6434
f 6434 7270 7271
f 6434 7271 6399
f 6399 7271 7272
f 6399 7272 6396
f 6396 7272 7273
f 6396 7273 6394
f 6394 7273 7274
f 6394 7274 6307
f 6307 7274 7239
f 7100 7099 7275
f 7251 7276 7277
f 7269 7278 7279
f 7266 7280 7281
f 7257 7282 7283
f 7284 7006 7005
f 7010 7009 7284
f 7004 7003 7283
f 7283 7003 7002
f 7283 7002 7001
f 6989 6988 7258
f 7258 6988 6987
f 7258 6987 7259
f 7259 6987 7022
f 7259 7022 7021
f 7009 7008 7284
f 7284 7008 7007
f 7284 7007 7006
f 7001 7000 7283
f 7283 7000 6999
f 7283 6999 6998
f 6994 6993 7257
f 7021 7020 7259
f 7259 7020 7019
f 7259 7019 7260
f 7260 7019 7018
f 7260 7018 7017
f 7017 7016 7260
f 7260 7016 7015
f 7260 7015 7014
f 6993 6992 7257
f 7257 6992 6991
f 7257 6991 7258
f 7258 6991 6990
f 7258 6990 6989
f 7014 7013 7260
f 7260 7013 7012
f 7260 7012 7284
f 7284 7012 7011
f 7284 7011 7010
f 6998 6997 7283
f 7283 6997 6996
f 7283 6996 7257
f 7257 6996 6995
f 7257 6995 6994
f 7285 7263 7286
f 7286 7263 7262
f 7286 7262 7261
f 6970 6971 7266
f 6971 6972 7266
f 7266 6972 6973
f 7266 6973 7280
f 6955 6956 7263
f 7263 6956 6957
f 7263 6957 6958
f 6973 6974 7280
f 7280 6974 6975
f 7280 6975 6976
f 7285 6953 7263
f 7263 6953 6954
f 7263 6954 6955
f 6958 6959 7263
f 7263 6959 6960
f 7263 6960 7264
f 7264 6960 6961
f 7264 6961 6962
f 6976 6977 7280
f 7280 6977 6978
f 7280 6978 6979
f 6983 6984 7285
f 7285 6984 6985
f 7285 6985 6986
f 6986 6951 7285
f 7285 6951 6952
f 7285 6952 6953
f 6966 6967 7265
f 7265 6967 6968
f 7265 6968 7266
f 7266 6968 6969
f 7266 6969 6970
f 6962 6963 7264
f 7264 6963 6964
f 7264 6964 7265
f 7265 6964 6965
f 7265 6965 6966
f 6979 6980 7280
f 7280 6980 6981
f 7280 6981 7285
f 7285 6981 6982
f 7285 6982 6983
f 6949 6948 7266
f 6929 6928 7278
f 6921 6920 7281
f 6920 6919 7281
f 7281 6919 6918
f 7281 6918 6917
f 6936 6935 7269
f 7269 6935 6934
f 7269 6934 6933
f 6933 6932 7269
f 7269 6932 6931
f 7269 6931 7278
f 7278 6931 6930
f 7278 6930 6929
f 6940 6939 7268
f 7268 6939 6938
f 7268 6938 7269
f 7269 6938 6937
f 7269 6937 6936
f 6928 6927 7278
f 7278 6927 6926
f 7278 6926 6925
f 6948 6947 7266
f 7266 6947 6946
f 7266 6946 7267
f 7267 6946 6945
f 7267 6945 6944
f 6944 6943 7267
f 7267 6943 6942
f 7267 6942 7268
f 7268 6942 6941
f 7268 6941 6940
f 6925 6924 7278
f 7278 6924 6923
f 7278 6923 7281
f 7281 6923 6922
f 7281 6922 6921
f 6917 6916 7281
f 7281 6916 6915
f 7281 6915 7266
f 7266 6915 6950
f 7266 6950 6949
f 7272 7271 7279
f 7279 7271 7270
f 7279 7270 7269
f 7273 6890 6891
f 6895 6896 7287
f 6891 6892 7273
f 7273 6892 6893
f 7273 6893 7287
f 7287 6893 6894
f 7287 6894 6895
f 6907 6908 7288
f 6882 6883 7272
f 6896 6897 7287
f 7287 6897 6898
f 7287 6898 6899
f 6903 6904 7288
f 6909 6910 7289
f 7289 6910 6911
f 6904 6905 7288
f 7288 6905 6906
f 7288 6906 6907
f 6911 6912 7289
f 7289 6912 6913
f 7289 6913 6914
f 6914 6879 7289
f 7289 6879 6880
f 7289 6880 6881
f 6899 6900 7287
f 7287 6900 6901
f 7287 6901 7288
f 7288 6901 6902
f 7288 6902 6903
f 6883 6884 7272
f 7272 6884 6885
f 7272 6885 6886
f 6886 6887 7272
f 7272 6887 6888
f 7272 6888 7273
f 7273 6888 6889
f 7273 6889 6890
f 7240 7239 7287
f 7287 7239 7274
f 7287 7274 7273
f 7241 6860 6859
f 6859 6858 7241
f 7241 6858 6857
f 7241 6857 7242
f 7242 6857 6856
f 7242 6856 6855
f 6845 6844 7290
f 7290 6844 6843
f 6855 6854 7242
f 7242 6854 6853
f 7242 6853 6852
f 6848 6847 7290
f 7290 6847 6846
f 7290 6846 6845
f 6878 6877 7291
f 7291 6877 6876
f 7291 6876 6875
f 7292 6865 6864
f 6875 6874 7291
f 7291 6874 6873
f 7291 6873 6872
f 6868 6867 7292
f 7292 6867 6866
f 7292 6866 6865
f 6864 6863 7292
f 7292 6863 6862
f 7292 6862 7241
f 7241 6862 6861
f 7241 6861 6860
f 6852 6851 7242
f 7242 6851 6850
f 7242 6850 7290
f 7290 6850 6849
f 7290 6849 6848
f 6872 6871 7291
f 7291 6871 6870
f 7291 6870 7292
f 7292 6870 6869
f 7292 6869 6868
f 7293 7245 7294
f 7294 7245 7244
f 7294 7244 7243
f 7293 6809 7245
f 7245 6809 6810
f 7245 6810 6811
f 6823 6824 7295
f 7295 6827 6828
f 6811 6812 7245
f 7245 6812 6813
f 7245 6813 6814
f 6829 6830 7296
f 7296 6830 6831
f 7296 6831 6832
f 6832 6833 7296
f 7296 6833 6834
f 7296 6834 6835
f 6839 6840 7293
f 7293 6840 6841
f 7293 6841 6842
f 6842 6807 7293
f 7293 6807 6808
f 7293 6808 6809
f 6824 6825 7295
f 7295 6825 6826
f 7295 6826 6827
f 6814 6815 7245
f 7245 6815 6816
f 7245 6816 7246
f 6816 6817 7246
f 7246 6817 6818
f 7246 6818 6819
f 6835 6836 7296
f 7296 6836 6837
f 7296 6837 7293
f 7293 6837 6838
f 7293 6838 6839
f 6819 6820 7246
f 7246 6820 6821
f 7246 6821 7295
f 7295 6821 6822
f 7295 6822 6823
f 7250 7249 7297
f 7297 7249 7248
f 7297 7248 7295
f 7295 7248 7247
f 7295 7247 7246
f 7077 7076 7297
f 7297 7076 7075
f 7297 7075 7074
f 7082 7081 7298
f 7251 7060 7059
f 7082 7298 7083
f 7059 7094 7251
f 7251 7094 7093
f 7251 7093 7276
f 7093 7092 7276
f 7276 7092 7091
f 7276 7091 7090
f 7090 7089 7276
f 7276 7089 7088
f 7276 7088 7087
f 7081 7080 7298
f 7298 7080 7079
f 7298 7079 7078
f 7074 7073 7297
f 7297 7073 7072
f 7297 7072 7071
f 7063 7251 7064
f 7064 7251 7250
f 7063 7062 7251
f 7251 7062 7061
f 7251 7061 7060
f 7067 7066 7250
f 7250 7066 7065
f 7250 7065 7064
f 7087 7086 7276
f 7276 7086 7085
f 7276 7085 7298
f 7298 7085 7084
f 7298 7084 7083
f 7071 7070 7297
f 7297 7070 7069
f 7297 7069 7250
f 7250 7069 7068
f 7250 7068 7067
f 7254 7253 7277
f 7277 7253 7252
f 7277 7252 7251
f 7053 7054 7299
f 7299 7054 7055
f 7026 7027 7254
f 7048 7049 7282
f 7048 7282 7047
f 7055 7056 7299
f 7299 7056 7057
f 7299 7057 7058
f 7034 7035 7255
f 7255 7035 7036
f 7255 7036 7256
f 7256 7036 7037
f 7256 7037 7038
f 7257 7042 7043
f 7049 7050 7282
f 7282 7050 7051
f 7282 7051 7052
f 7058 7023 7299
f 7299 7023 7024
f 7299 7024 7025
f 7038 7039 7256
f 7256 7039 7040
f 7256 7040 7257
f 7257 7040 7041
f 7257 7041 7042
f 7027 7028 7254
f 7254 7028 7029
f 7254 7029 7030
f 7030 7031 7254
f 7254 7031 7032
f 7254 7032 7255
f 7255 7032 7033
f 7255 7033 7034
f 7043 7044 7257
f 7257 7044 7045
f 7257 7045 7282
f 7282 7045 7046
f 7282 7046 7047
f 7172 7171 7300
f 7171 7170 7300
f 7300 7170 7169
f 7300 7169 7168
f 7191 7301 7192
f 7192 7301 7193
f 7178 7177 7302
f 7302 7177 7176
f 7167 7202 7303
f 7303 7202 7201
f 7303 7201 7200
f 7200 7199 7303
f 7303 7199 7198
f 7303 7198 7197
f 7197 7196 7303
f 7303 7196 7195
f 7303 7195 7301
f 7301 7195 7194
f 7301 7194 7193
f 7176 7175 7302
f 7302 7175 7174
f 7302 7174 7300
f 7300 7174 7173
f 7300 7173 7172
f 7183 7182 7291
f 7187 7186 7288
f 7288 7186 7185
f 7191 7190 7301
f 7301 7190 7189
f 7301 7189 7288
f 7288 7189 7188
f 7288 7188 7187
f 7183 7291 7184
f 7182 7181 7291
f 7291 7181 7180
f 7291 7180 7302
f 7302 7180 7179
f 7302 7179 7178
f 7097 7096 7282
f 7125 7304 7126
f 7126 7304 7283
f 7126 7283 7127
f 7127 7283 7128
f 7275 7099 7282
f 7282 7099 7098
f 7282 7098 7097
f 7096 7095 7282
f 7282 7095 7130
f 7282 7130 7283
f 7283 7130 7129
f 7283 7129 7128
f 7118 7117 7305
f 7113 7112 7306
f 7306 7112 7111
f 7306 7111 7110
f 7125 7124 7304
f 7304 7124 7123
f 7304 7123 7122
f 7117 7116 7305
f 7305 7116 7115
f 7305 7115 7114
f 7110 7109 7306
f 7306 7109 7108
f 7306 7108 7107
f 7103 7102 7275
f 7275 7102 7101
f 7275 7101 7100
f 7122 7121 7304
f 7304 7121 7120
f 7304 7120 7305
f 7305 7120 7119
f 7305 7119 7118
f 7107 7106 7306
f 7306 7106 7105
f 7306 7105 7275
f 7275 7105 7104
f 7275 7104 7103
f 7165 7164 7307
f 7307 7164 7163
f 7153 7152 7308
f 7308 7152 7151
f 7151 7150 7308
f 7308 7150 7149
f 7308 7149 7148
f 7147 7146 7303
f 7303 7146 7145
f 7137 7136 7305
f 7132 7131 7307
f 7307 7131 7166
f 7307 7166 7165
f 7145 7144 7303
f 7303 7144 7143
f 7303 7143 7142
f 7137 7305 7138
f 7136 7135 7305
f 7305 7135 7134
f 7305 7134 7133
f 7142 7141 7303
f 7303 7141 7140
f 7303 7140 7305
f 7305 7140 7139
f 7305 7139 7138
f 7155 7154 7281
f 7162 7161 7280
f 7280 7161 7160
f 7280 7160 7159
f 7159 7158 7280
f 7280 7158 7157
f 7280 7157 7281
f 7281 7157 7156
f 7281 7156 7155
f 7207 7206 7309
f 7309 7206 7205
f 7224 7223 7300
f 7219 7218 7310
f 7310 7218 7217
f 7205 7204 7309
f 7309 7204 7203
f 7309 7203 7238
f 7227 7226 7300
f 7300 7226 7225
f 7300 7225 7224
f 7222 7221 7310
f 7310 7221 7220
f 7310 7220 7219
f 7237 7236 7306
f 7306 7236 7235
f 7306 7235 7234
f 7234 7233 7306
f 7306 7233 7232
f 7306 7232 7231
f 7231 7230 7306
f 7306 7230 7229
f 7306 7229 7300
f 7300 7229 7228
f 7300 7228 7227
f 7215 7214 7296
f 7209 7208 7298
f 7215 7296 7216
f 7209 7298 7210
f 7214 7213 7296
f 7296 7213 7212
f 7296 7212 7298
f 7298 7212 7211
f 7298 7211 7210
f 6828 6829 7295
f 7295 6829 7296
f 7295 7296 7297
f 7297 7296 7298
f 7297 7298 7077
f 7077 7298 7078
f 7208 7207 7298
f 7298 7207 7309
f 7298 7309 7276
f 7276 7309 7311
f 7276 7311 7277
f 7277 7311 7299
f 7277 7299 7254
f 7254 7299 7025
f 7254 7025 7026
f 7243 7242 7294
f 7294 7242 7290
f 7294 7290 7293
f 7293 7290 7312
f 7293 7312 7296
f 7296 7312 7310
f 7296 7310 7216
f 7216 7310 7217
f 7238 7237 7309
f 7309 7237 7306
f 7309 7306 7311
f 7311 7306 7275
f 7311 7275 7299
f 7299 7275 7282
f 7299 7282 7053
f 7053 7282 7052
f 6843 6878 7290
f 7290 6878 7291
f 7290 7291 7312
f 7312 7291 7302
f 7312 7302 7310
f 7310 7302 7300
f 7310 7300 7222
f 7222 7300 7223
f 7168 7167 7300
f 7300 7167 7303
f 7300 7303 7306
f 7306 7303 7305
f 7306 7305 7113
f 7113 7305 7114
f 7241 7240 7292
f 7292 7240 7287
f 7292 7287 7291
f 7291 7287 7288
f 7291 7288 7184
f 7184 7288 7185
f 7133 7132 7305
f 7305 7132 7307
f 7305 7307 7304
f 7304 7307 7313
f 7304 7313 7283
f 7283 7313 7284
f 7283 7284 7004
f 7004 7284 7005
f 6908 6909 7288
f 7288 6909 7289
f 7288 7289 7301
f 7301 7289 7314
f 7301 7314 7303
f 7303 7314 7308
f 7303 7308 7147
f 7147 7308 7148
f 7163 7162 7307
f 7307 7162 7280
f 7307 7280 7313
f 7313 7280 7285
f 7313 7285 7284
f 7284 7285 7286
f 7284 7286 7260
f 7260 7286 7261
f 7154 7153 7281
f 7281 7153 7308
f 7281 7308 7278
f 7278 7308 7314
f 7278 7314 7279
f 7279 7314 7289
f 7279 7289 7272
f 7272 7289 6881
f 7272 6881 6882

