# Blender 5.0.1
# www.blender.org
mtllib l_finger_linkage_visual.mtl
o L1_visual.001
v 0.255964 -0.559586 -4.040676
v 0.255769 -0.559297 -4.040676
v 0.255308 -0.559586 -4.040133
v 0.255260 -0.558701 -4.040676
v 0.254721 -0.559586 -4.039676
v 0.254553 -0.559408 -4.039676
v 0.254663 -0.558191 -4.040676
v 0.254075 -0.559000 -4.039676
v 0.253994 -0.557781 -4.040676
v 0.253540 -0.558672 -4.039676
v 0.253269 -0.557481 -4.040676
v 0.252960 -0.558432 -4.039676
v 0.252506 -0.557298 -4.040676
v 0.252350 -0.558285 -4.039676
v 0.251724 -0.557236 -4.040676
v 0.251724 -0.558236 -4.039676
v 0.256724 -0.640736 -4.044675
v 0.256724 -0.640736 -4.033075
v 0.255724 -0.641736 -4.045676
v 0.255724 -0.641736 -4.033075
v 0.254224 -0.641277 -4.029383
v 0.254663 -0.640736 -4.029030
v 0.254224 -0.640736 -4.028745
v 0.254224 -0.641736 -4.029953
v 0.254553 -0.641736 -4.030247
v 0.255260 -0.640736 -4.029540
v 0.254960 -0.641736 -4.030725
v 0.255769 -0.640736 -4.030137
v 0.255288 -0.641736 -4.031260
v 0.256179 -0.640736 -4.030806
v 0.255528 -0.641736 -4.031839
v 0.256480 -0.640736 -4.031530
v 0.255675 -0.641736 -4.032450
v 0.256663 -0.640736 -4.032293
v 0.256724 -0.631084 -4.040632
v 0.256724 -0.631618 -4.040504
v 0.256724 -0.632125 -4.040294
v 0.256724 -0.632593 -4.040007
v 0.256724 -0.633011 -4.039650
v 0.256724 -0.633368 -4.039233
v 0.256724 -0.633655 -4.038764
v 0.256724 -0.562236 -4.044675
v 0.256724 -0.562236 -4.040676
v 0.256724 -0.630536 -4.040676
v 0.256724 -0.633865 -4.038257
v 0.256724 -0.633993 -4.037723
v 0.256724 -0.634036 -4.037176
v 0.256724 -0.634036 -4.033075
v 0.229984 -0.559586 -4.040676
v 0.231228 -0.559586 -4.039676
v 0.230641 -0.559586 -4.040133
v 0.231396 -0.559408 -4.039676
v 0.234224 -0.558236 -4.039676
v 0.233599 -0.558285 -4.039676
v 0.232988 -0.558432 -4.039676
v 0.231873 -0.559000 -4.039676
v 0.232408 -0.558672 -4.039676
v 0.234224 -0.557236 -4.040676
v 0.251724 -0.557236 -4.044675
v 0.252506 -0.557298 -4.044675
v 0.253269 -0.557481 -4.044675
v 0.253994 -0.557781 -4.044675
v 0.254663 -0.558191 -4.044675
v 0.255260 -0.558701 -4.044675
v 0.255769 -0.559297 -4.044675
v 0.256179 -0.559966 -4.044675
v 0.256718 -0.561986 -4.040676
v 0.256663 -0.561454 -4.044675
v 0.256663 -0.561454 -4.040676
v 0.256480 -0.560691 -4.044675
v 0.256480 -0.560691 -4.040676
v 0.256179 -0.559966 -4.040676
v 0.255724 -0.562236 -4.039676
v 0.255724 -0.562611 -4.039676
v 0.255724 -0.572386 -4.039676
v 0.255724 -0.587386 -4.039676
v 0.255724 -0.602386 -4.039676
v 0.255724 -0.617386 -4.039676
v 0.255724 -0.630536 -4.039676
v 0.256189 -0.561986 -4.040148
v 0.255716 -0.561986 -4.039676
v 0.229231 -0.561986 -4.040676
v 0.239424 -0.561986 -4.039676
v 0.229759 -0.561986 -4.040148
v 0.230232 -0.561986 -4.039676
v 0.246924 -0.561986 -4.039676
v 0.254024 -0.561986 -4.039676
v 0.237324 -0.564886 -4.045676
v 0.237324 -0.564886 -4.039676
v 0.237301 -0.564607 -4.045676
v 0.237301 -0.564607 -4.039676
v 0.237230 -0.564336 -4.045676
v 0.237230 -0.564336 -4.039676
v 0.237115 -0.564081 -4.045676
v 0.237115 -0.564081 -4.039676
v 0.236958 -0.563850 -4.045676
v 0.236958 -0.563850 -4.039676
v 0.236764 -0.563648 -4.045676
v 0.236764 -0.563648 -4.039676
v 0.236539 -0.563481 -4.045676
v 0.236539 -0.563481 -4.039676
v 0.236289 -0.563355 -4.045676
v 0.236289 -0.563355 -4.039676
v 0.236022 -0.563273 -4.045676
v 0.236022 -0.563273 -4.039676
v 0.235744 -0.563238 -4.045676
v 0.235744 -0.563238 -4.039676
v 0.235465 -0.563249 -4.045676
v 0.235465 -0.563249 -4.039676
v 0.235191 -0.563308 -4.045676
v 0.235191 -0.563308 -4.039676
v 0.234931 -0.563413 -4.045676
v 0.234931 -0.563413 -4.039676
v 0.234693 -0.563560 -4.045676
v 0.234693 -0.563560 -4.039676
v 0.234483 -0.563744 -4.045676
v 0.234483 -0.563744 -4.039676
v 0.234307 -0.563962 -4.045676
v 0.234307 -0.563962 -4.039676
v 0.234171 -0.564206 -4.045676
v 0.234171 -0.564206 -4.039676
v 0.234077 -0.564470 -4.045676
v 0.234077 -0.564470 -4.039676
v 0.234030 -0.564746 -4.045676
v 0.234030 -0.564746 -4.039676
v 0.234030 -0.565026 -4.045676
v 0.234030 -0.565026 -4.039676
v 0.234077 -0.565302 -4.045676
v 0.234077 -0.565302 -4.039676
v 0.234171 -0.565566 -4.045676
v 0.234171 -0.565566 -4.039676
v 0.234307 -0.565810 -4.045676
v 0.234307 -0.565810 -4.039676
v 0.234483 -0.566028 -4.045676
v 0.234483 -0.566028 -4.039676
v 0.234693 -0.566213 -4.045676
v 0.234693 -0.566213 -4.039676
v 0.234931 -0.566359 -4.045676
v 0.234931 -0.566359 -4.039676
v 0.235191 -0.566464 -4.045676
v 0.235191 -0.566464 -4.039676
v 0.235465 -0.566523 -4.045676
v 0.235465 -0.566523 -4.039676
v 0.235744 -0.566535 -4.045676
v 0.235744 -0.566535 -4.039676
v 0.236022 -0.566499 -4.045676
v 0.236022 -0.566499 -4.039676
v 0.236289 -0.566417 -4.045676
v 0.236289 -0.566417 -4.039676
v 0.236539 -0.566291 -4.045676
v 0.236539 -0.566291 -4.039676
v 0.236764 -0.566125 -4.045676
v 0.236764 -0.566125 -4.039676
v 0.236958 -0.565923 -4.045676
v 0.236958 -0.565923 -4.039676
v 0.237115 -0.565691 -4.045676
v 0.237115 -0.565691 -4.039676
v 0.237230 -0.565436 -4.045676
v 0.237230 -0.565436 -4.039676
v 0.237301 -0.565165 -4.045676
v 0.237301 -0.565165 -4.039676
v 0.237324 -0.579886 -4.045676
v 0.237324 -0.579886 -4.039676
v 0.237301 -0.579607 -4.045676
v 0.237301 -0.579607 -4.039676
v 0.237230 -0.579336 -4.045676
v 0.237230 -0.579336 -4.039676
v 0.237115 -0.579081 -4.045676
v 0.237115 -0.579081 -4.039676
v 0.236958 -0.578850 -4.045676
v 0.236958 -0.578850 -4.039676
v 0.236764 -0.578647 -4.045676
v 0.236764 -0.578647 -4.039676
v 0.236539 -0.578481 -4.045676
v 0.236539 -0.578481 -4.039676
v 0.236289 -0.578355 -4.045676
v 0.236289 -0.578355 -4.039676
v 0.236022 -0.578273 -4.045676
v 0.236022 -0.578273 -4.039676
v 0.235744 -0.578238 -4.045676
v 0.235744 -0.578238 -4.039676
v 0.235465 -0.578250 -4.045676
v 0.235465 -0.578250 -4.039676
v 0.235191 -0.578308 -4.045676
v 0.235191 -0.578308 -4.039676
v 0.234931 -0.578413 -4.045676
v 0.234931 -0.578413 -4.039676
v 0.234693 -0.578560 -4.045676
v 0.234693 -0.578560 -4.039676
v 0.234483 -0.578744 -4.045676
v 0.234483 -0.578744 -4.039676
v 0.234307 -0.578962 -4.045676
v 0.234307 -0.578962 -4.039676
v 0.234171 -0.579206 -4.045676
v 0.234171 -0.579206 -4.039676
v 0.234077 -0.579470 -4.045676
v 0.234077 -0.579470 -4.039676
v 0.234030 -0.579746 -4.045676
v 0.234030 -0.579746 -4.039676
v 0.234030 -0.580026 -4.045676
v 0.234030 -0.580026 -4.039676
v 0.234077 -0.580302 -4.045676
v 0.234077 -0.580302 -4.039676
v 0.234171 -0.580566 -4.045676
v 0.234171 -0.580566 -4.039676
v 0.234307 -0.580810 -4.045676
v 0.234307 -0.580810 -4.039676
v 0.234483 -0.581028 -4.045676
v 0.234483 -0.581028 -4.039676
v 0.234693 -0.581213 -4.045676
v 0.234693 -0.581213 -4.039676
v 0.234931 -0.581359 -4.045676
v 0.234931 -0.581359 -4.039676
v 0.235191 -0.581464 -4.045676
v 0.235191 -0.581464 -4.039676
v 0.235465 -0.581523 -4.045676
v 0.235465 -0.581523 -4.039676
v 0.235744 -0.581535 -4.045676
v 0.235744 -0.581535 -4.039676
v 0.236022 -0.581499 -4.045676
v 0.236022 -0.581499 -4.039676
v 0.236289 -0.581417 -4.045676
v 0.236289 -0.581417 -4.039676
v 0.236539 -0.581291 -4.045676
v 0.236539 -0.581291 -4.039676
v 0.236764 -0.581125 -4.045676
v 0.236764 -0.581125 -4.039676
v 0.236958 -0.580923 -4.045676
v 0.236958 -0.580923 -4.039676
v 0.237115 -0.580691 -4.045676
v 0.237115 -0.580691 -4.039676
v 0.237230 -0.580436 -4.045676
v 0.237230 -0.580436 -4.039676
v 0.237301 -0.580165 -4.045676
v 0.237301 -0.580165 -4.039676
v 0.237324 -0.594886 -4.045676
v 0.237324 -0.594886 -4.039676
v 0.237301 -0.594607 -4.045676
v 0.237301 -0.594607 -4.039676
v 0.237230 -0.594336 -4.045676
v 0.237230 -0.594336 -4.039676
v 0.237115 -0.594081 -4.045676
v 0.237115 -0.594081 -4.039676
v 0.236958 -0.593850 -4.045676
v 0.236958 -0.593850 -4.039676
v 0.236764 -0.593648 -4.045676
v 0.236764 -0.593648 -4.039676
v 0.236539 -0.593481 -4.045676
v 0.236539 -0.593481 -4.039676
v 0.236289 -0.593355 -4.045676
v 0.236289 -0.593355 -4.039676
v 0.236022 -0.593273 -4.045676
v 0.236022 -0.593273 -4.039676
v 0.235744 -0.593238 -4.045676
v 0.235744 -0.593238 -4.039676
v 0.235465 -0.593249 -4.045676
v 0.235465 -0.593249 -4.039676
v 0.235191 -0.593308 -4.045676
v 0.235191 -0.593308 -4.039676
v 0.234931 -0.593413 -4.045676
v 0.234931 -0.593413 -4.039676
v 0.234693 -0.593560 -4.045676
v 0.234693 -0.593560 -4.039676
v 0.234483 -0.593744 -4.045676
v 0.234483 -0.593744 -4.039676
v 0.234307 -0.593962 -4.045676
v 0.234307 -0.593962 -4.039676
v 0.234171 -0.594207 -4.045676
v 0.234171 -0.594207 -4.039676
v 0.234077 -0.594470 -4.045676
v 0.234077 -0.594470 -4.039676
v 0.234030 -0.594746 -4.045676
v 0.234030 -0.594746 -4.039676
v 0.234030 -0.595026 -4.045676
v 0.234030 -0.595026 -4.039676
v 0.234077 -0.595302 -4.045676
v 0.234077 -0.595302 -4.039676
v 0.234171 -0.595566 -4.045676
v 0.234171 -0.595566 -4.039676
v 0.234307 -0.595810 -4.045676
v 0.234307 -0.595810 -4.039676
v 0.234483 -0.596028 -4.045676
v 0.234483 -0.596028 -4.039676
v 0.234693 -0.596213 -4.045676
v 0.234693 -0.596213 -4.039676
v 0.234931 -0.596359 -4.045676
v 0.234931 -0.596359 -4.039676
v 0.235191 -0.596464 -4.045676
v 0.235191 -0.596464 -4.039676
v 0.235465 -0.596523 -4.045676
v 0.235465 -0.596523 -4.039676
v 0.235744 -0.596535 -4.045676
v 0.235744 -0.596535 -4.039676
v 0.236022 -0.596499 -4.045676
v 0.236022 -0.596499 -4.039676
v 0.236289 -0.596417 -4.045676
v 0.236289 -0.596417 -4.039676
v 0.236539 -0.596291 -4.045676
v 0.236539 -0.596291 -4.039676
v 0.236764 -0.596125 -4.045676
v 0.236764 -0.596125 -4.039676
v 0.236958 -0.595923 -4.045676
v 0.236958 -0.595923 -4.039676
v 0.237115 -0.595691 -4.045676
v 0.237115 -0.595691 -4.039676
v 0.237230 -0.595436 -4.045676
v 0.237230 -0.595436 -4.039676
v 0.237301 -0.595165 -4.045676
v 0.237301 -0.595165 -4.039676
v 0.244824 -0.564886 -4.045676
v 0.244824 -0.564886 -4.039676
v 0.244801 -0.564607 -4.045676
v 0.244801 -0.564607 -4.039676
v 0.244730 -0.564336 -4.045676
v 0.244730 -0.564336 -4.039676
v 0.244615 -0.564081 -4.045676
v 0.244615 -0.564081 -4.039676
v 0.244458 -0.563850 -4.045676
v 0.244458 -0.563850 -4.039676
v 0.244264 -0.563648 -4.045676
v 0.244264 -0.563648 -4.039676
v 0.244039 -0.563481 -4.045676
v 0.244039 -0.563481 -4.039676
v 0.243789 -0.563355 -4.045676
v 0.243789 -0.563355 -4.039676
v 0.243522 -0.563273 -4.045676
v 0.243522 -0.563273 -4.039676
v 0.243244 -0.563238 -4.045676
v 0.243244 -0.563238 -4.039676
v 0.242965 -0.563249 -4.045676
v 0.242965 -0.563249 -4.039676
v 0.242691 -0.563308 -4.045676
v 0.242691 -0.563308 -4.039676
v 0.242431 -0.563413 -4.045676
v 0.242431 -0.563413 -4.039676
v 0.242193 -0.563560 -4.045676
v 0.242193 -0.563560 -4.039676
v 0.241983 -0.563744 -4.045676
v 0.241983 -0.563744 -4.039676
v 0.241807 -0.563962 -4.045676
v 0.241807 -0.563962 -4.039676
v 0.241671 -0.564206 -4.045676
v 0.241671 -0.564206 -4.039676
v 0.241577 -0.564470 -4.045676
v 0.241577 -0.564470 -4.039676
v 0.241530 -0.564746 -4.045676
v 0.241530 -0.564746 -4.039676
v 0.241530 -0.565026 -4.045676
v 0.241530 -0.565026 -4.039676
v 0.241577 -0.565302 -4.045676
v 0.241577 -0.565302 -4.039676
v 0.241671 -0.565566 -4.045676
v 0.241671 -0.565566 -4.039676
v 0.241807 -0.565810 -4.045676
v 0.241807 -0.565810 -4.039676
v 0.241983 -0.566028 -4.045676
v 0.241983 -0.566028 -4.039676
v 0.242193 -0.566213 -4.045676
v 0.242193 -0.566213 -4.039676
v 0.242431 -0.566359 -4.045676
v 0.242431 -0.566359 -4.039676
v 0.242691 -0.566464 -4.045676
v 0.242691 -0.566464 -4.039676
v 0.242965 -0.566523 -4.045676
v 0.242965 -0.566523 -4.039676
v 0.243244 -0.566535 -4.045676
v 0.243244 -0.566535 -4.039676
v 0.243522 -0.566499 -4.045676
v 0.243522 -0.566499 -4.039676
v 0.243789 -0.566417 -4.045676
v 0.243789 -0.566417 -4.039676
v 0.244039 -0.566291 -4.045676
v 0.244039 -0.566291 -4.039676
v 0.244264 -0.566125 -4.045676
v 0.244264 -0.566125 -4.039676
v 0.244458 -0.565923 -4.045676
v 0.244458 -0.565923 -4.039676
v 0.244615 -0.565691 -4.045676
v 0.244615 -0.565691 -4.039676
v 0.244730 -0.565436 -4.045676
v 0.244730 -0.565436 -4.039676
v 0.244801 -0.565165 -4.045676
v 0.244801 -0.565165 -4.039676
v 0.244824 -0.579886 -4.045676
v 0.244824 -0.579886 -4.039676
v 0.244801 -0.579607 -4.045676
v 0.244801 -0.579607 -4.039676
v 0.244730 -0.579336 -4.045676
v 0.244730 -0.579336 -4.039676
v 0.244615 -0.579081 -4.045676
v 0.244615 -0.579081 -4.039676
v 0.244458 -0.578850 -4.045676
v 0.244458 -0.578850 -4.039676
v 0.244264 -0.578647 -4.045676
v 0.244264 -0.578647 -4.039676
v 0.244039 -0.578481 -4.045676
v 0.244039 -0.578481 -4.039676
v 0.243789 -0.578355 -4.045676
v 0.243789 -0.578355 -4.039676
v 0.243522 -0.578273 -4.045676
v 0.243522 -0.578273 -4.039676
v 0.243244 -0.578238 -4.045676
v 0.243244 -0.578238 -4.039676
v 0.242965 -0.578250 -4.045676
v 0.242965 -0.578250 -4.039676
v 0.242691 -0.578308 -4.045676
v 0.242691 -0.578308 -4.039676
v 0.242431 -0.578413 -4.045676
v 0.242431 -0.578413 -4.039676
v 0.242193 -0.578560 -4.045676
v 0.242193 -0.578560 -4.039676
v 0.241983 -0.578744 -4.045676
v 0.241983 -0.578744 -4.039676
v 0.241807 -0.578962 -4.045676
v 0.241807 -0.578962 -4.039676
v 0.241671 -0.579206 -4.045676
v 0.241671 -0.579206 -4.039676
v 0.241577 -0.579470 -4.045676
v 0.241577 -0.579470 -4.039676
v 0.241530 -0.579746 -4.045676
v 0.241530 -0.579746 -4.039676
v 0.241530 -0.580026 -4.045676
v 0.241530 -0.580026 -4.039676
v 0.241577 -0.580302 -4.045676
v 0.241577 -0.580302 -4.039676
v 0.241671 -0.580566 -4.045676
v 0.241671 -0.580566 -4.039676
v 0.241807 -0.580810 -4.045676
v 0.241807 -0.580810 -4.039676
v 0.241983 -0.581028 -4.045676
v 0.241983 -0.581028 -4.039676
v 0.242193 -0.581213 -4.045676
v 0.242193 -0.581213 -4.039676
v 0.242431 -0.581359 -4.045676
v 0.242431 -0.581359 -4.039676
v 0.242691 -0.581464 -4.045676
v 0.242691 -0.581464 -4.039676
v 0.242965 -0.581523 -4.045676
v 0.242965 -0.581523 -4.039676
v 0.243244 -0.581535 -4.045676
v 0.243244 -0.581535 -4.039676
v 0.243522 -0.581499 -4.045676
v 0.243522 -0.581499 -4.039676
v 0.243789 -0.581417 -4.045676
v 0.243789 -0.581417 -4.039676
v 0.244039 -0.581291 -4.045676
v 0.244039 -0.581291 -4.039676
v 0.244264 -0.581125 -4.045676
v 0.244264 -0.581125 -4.039676
v 0.244458 -0.580923 -4.045676
v 0.244458 -0.580923 -4.039676
v 0.244615 -0.580691 -4.045676
v 0.244615 -0.580691 -4.039676
v 0.244730 -0.580436 -4.045676
v 0.244730 -0.580436 -4.039676
v 0.244801 -0.580165 -4.045676
v 0.244801 -0.580165 -4.039676
v 0.244824 -0.594886 -4.045676
v 0.244824 -0.594886 -4.039676
v 0.244801 -0.594607 -4.045676
v 0.244801 -0.594607 -4.039676
v 0.244730 -0.594336 -4.045676
v 0.244730 -0.594336 -4.039676
v 0.244615 -0.594081 -4.045676
v 0.244615 -0.594081 -4.039676
v 0.244458 -0.593850 -4.045676
v 0.244458 -0.593850 -4.039676
v 0.244264 -0.593648 -4.045676
v 0.244264 -0.593648 -4.039676
v 0.244039 -0.593481 -4.045676
v 0.244039 -0.593481 -4.039676
v 0.243789 -0.593355 -4.045676
v 0.243789 -0.593355 -4.039676
v 0.243522 -0.593273 -4.045676
v 0.243522 -0.593273 -4.039676
v 0.243244 -0.593238 -4.045676
v 0.243244 -0.593238 -4.039676
v 0.242965 -0.593249 -4.045676
v 0.242965 -0.593249 -4.039676
v 0.242691 -0.593308 -4.045676
v 0.242691 -0.593308 -4.039676
v 0.242431 -0.593413 -4.045676
v 0.242431 -0.593413 -4.039676
v 0.242193 -0.593560 -4.045676
v 0.242193 -0.593560 -4.039676
v 0.241983 -0.593744 -4.045676
v 0.241983 -0.593744 -4.039676
v 0.241807 -0.593962 -4.045676
v 0.241807 -0.593962 -4.039676
v 0.241671 -0.594207 -4.045676
v 0.241671 -0.594207 -4.039676
v 0.241577 -0.594470 -4.045676
v 0.241577 -0.594470 -4.039676
v 0.241530 -0.594746 -4.045676
v 0.241530 -0.594746 -4.039676
v 0.241530 -0.595026 -4.045676
v 0.241530 -0.595026 -4.039676
v 0.241577 -0.595302 -4.045676
v 0.241577 -0.595302 -4.039676
v 0.241671 -0.595566 -4.045676
v 0.241671 -0.595566 -4.039676
v 0.241807 -0.595810 -4.045676
v 0.241807 -0.595810 -4.039676
v 0.241983 -0.596028 -4.045676
v 0.241983 -0.596028 -4.039676
v 0.242193 -0.596213 -4.045676
v 0.242193 -0.596213 -4.039676
v 0.242431 -0.596359 -4.045676
v 0.242431 -0.596359 -4.039676
v 0.242691 -0.596464 -4.045676
v 0.242691 -0.596464 -4.039676
v 0.242965 -0.596523 -4.045676
v 0.242965 -0.596523 -4.039676
v 0.243244 -0.596535 -4.045676
v 0.243244 -0.596535 -4.039676
v 0.243522 -0.596499 -4.045676
v 0.243522 -0.596499 -4.039676
v 0.243789 -0.596417 -4.045676
v 0.243789 -0.596417 -4.039676
v 0.244039 -0.596291 -4.045676
v 0.244039 -0.596291 -4.039676
v 0.244264 -0.596125 -4.045676
v 0.244264 -0.596125 -4.039676
v 0.244458 -0.595923 -4.045676
v 0.244458 -0.595923 -4.039676
v 0.244615 -0.595691 -4.045676
v 0.244615 -0.595691 -4.039676
v 0.244730 -0.595436 -4.045676
v 0.244730 -0.595436 -4.039676
v 0.244801 -0.595165 -4.045676
v 0.244801 -0.595165 -4.039676
v 0.237324 -0.609886 -4.045676
v 0.237324 -0.609886 -4.039676
v 0.237301 -0.609607 -4.045676
v 0.237301 -0.609607 -4.039676
v 0.237230 -0.609336 -4.045676
v 0.237230 -0.609336 -4.039676
v 0.237115 -0.609081 -4.045676
v 0.237115 -0.609081 -4.039676
v 0.236958 -0.608850 -4.045676
v 0.236958 -0.608850 -4.039676
v 0.236764 -0.608648 -4.045676
v 0.236764 -0.608648 -4.039676
v 0.236539 -0.608481 -4.045676
v 0.236539 -0.608481 -4.039676
v 0.236289 -0.608355 -4.045676
v 0.236289 -0.608355 -4.039676
v 0.236022 -0.608273 -4.045676
v 0.236022 -0.608273 -4.039676
v 0.235744 -0.608238 -4.045676
v 0.235744 -0.608238 -4.039676
v 0.235465 -0.608249 -4.045676
v 0.235465 -0.608249 -4.039676
v 0.235191 -0.608308 -4.045676
v 0.235191 -0.608308 -4.039676
v 0.234931 -0.608413 -4.045676
v 0.234931 -0.608413 -4.039676
v 0.234693 -0.608560 -4.045676
v 0.234693 -0.608560 -4.039676
v 0.234483 -0.608744 -4.045676
v 0.234483 -0.608744 -4.039676
v 0.234307 -0.608962 -4.045676
v 0.234307 -0.608962 -4.039676
v 0.234171 -0.609206 -4.045676
v 0.234171 -0.609206 -4.039676
v 0.234077 -0.609470 -4.045676
v 0.234077 -0.609470 -4.039676
v 0.234030 -0.609746 -4.045676
v 0.234030 -0.609746 -4.039676
v 0.234030 -0.610026 -4.045676
v 0.234030 -0.610026 -4.039676
v 0.234077 -0.610302 -4.045676
v 0.234077 -0.610302 -4.039676
v 0.234171 -0.610566 -4.045676
v 0.234171 -0.610566 -4.039676
v 0.234307 -0.610810 -4.045676
v 0.234307 -0.610810 -4.039676
v 0.234483 -0.611028 -4.045676
v 0.234483 -0.611028 -4.039676
v 0.234693 -0.611213 -4.045676
v 0.234693 -0.611213 -4.039676
v 0.234931 -0.611359 -4.045676
v 0.234931 -0.611359 -4.039676
v 0.235191 -0.611464 -4.045676
v 0.235191 -0.611464 -4.039676
v 0.235465 -0.611523 -4.045676
v 0.235465 -0.611523 -4.039676
v 0.235744 -0.611535 -4.045676
v 0.235744 -0.611535 -4.039676
v 0.236022 -0.611499 -4.045676
v 0.236022 -0.611499 -4.039676
v 0.236289 -0.611417 -4.045676
v 0.236289 -0.611417 -4.039676
v 0.236539 -0.611291 -4.045676
v 0.236539 -0.611291 -4.039676
v 0.236764 -0.611125 -4.045676
v 0.236764 -0.611125 -4.039676
v 0.236958 -0.610923 -4.045676
v 0.236958 -0.610923 -4.039676
v 0.237115 -0.610691 -4.045676
v 0.237115 -0.610691 -4.039676
v 0.237230 -0.610436 -4.045676
v 0.237230 -0.610436 -4.039676
v 0.237301 -0.610165 -4.045676
v 0.237301 -0.610165 -4.039676
v 0.237324 -0.624886 -4.045676
v 0.237324 -0.624886 -4.039676
v 0.237301 -0.624607 -4.045676
v 0.237301 -0.624607 -4.039676
v 0.237230 -0.624336 -4.045676
v 0.237230 -0.624336 -4.039676
v 0.237115 -0.624081 -4.045676
v 0.237115 -0.624081 -4.039676
v 0.236958 -0.623850 -4.045676
v 0.236958 -0.623850 -4.039676
v 0.236764 -0.623648 -4.045676
v 0.236764 -0.623648 -4.039676
v 0.236539 -0.623481 -4.045676
v 0.236539 -0.623481 -4.039676
v 0.236289 -0.623355 -4.045676
v 0.236289 -0.623355 -4.039676
v 0.236022 -0.623273 -4.045676
v 0.236022 -0.623273 -4.039676
v 0.235744 -0.623238 -4.045676
v 0.235744 -0.623238 -4.039676
v 0.235465 -0.623249 -4.045676
v 0.235465 -0.623249 -4.039676
v 0.235191 -0.623308 -4.045676
v 0.235191 -0.623308 -4.039676
v 0.234931 -0.623413 -4.045676
v 0.234931 -0.623413 -4.039676
v 0.234693 -0.623560 -4.045676
v 0.234693 -0.623560 -4.039676
v 0.234483 -0.623744 -4.045676
v 0.234483 -0.623744 -4.039676
v 0.234307 -0.623962 -4.045676
v 0.234307 -0.623962 -4.039676
v 0.234171 -0.624206 -4.045676
v 0.234171 -0.624206 -4.039676
v 0.234077 -0.624470 -4.045676
v 0.234077 -0.624470 -4.039676
v 0.234030 -0.624746 -4.045676
v 0.234030 -0.624746 -4.039676
v 0.234030 -0.625026 -4.045676
v 0.234030 -0.625026 -4.039676
v 0.234077 -0.625302 -4.045676
v 0.234077 -0.625302 -4.039676
v 0.234171 -0.625566 -4.045676
v 0.234171 -0.625566 -4.039676
v 0.234307 -0.625810 -4.045676
v 0.234307 -0.625810 -4.039676
v 0.234483 -0.626028 -4.045676
v 0.234483 -0.626028 -4.039676
v 0.234693 -0.626213 -4.045676
v 0.234693 -0.626213 -4.039676
v 0.234931 -0.626359 -4.045676
v 0.234931 -0.626359 -4.039676
v 0.235191 -0.626464 -4.045676
v 0.235191 -0.626464 -4.039676
v 0.235465 -0.626523 -4.045676
v 0.235465 -0.626523 -4.039676
v 0.235744 -0.626535 -4.045676
v 0.235744 -0.626535 -4.039676
v 0.236022 -0.626499 -4.045676
v 0.236022 -0.626499 -4.039676
v 0.236289 -0.626417 -4.045676
v 0.236289 -0.626417 -4.039676
v 0.236539 -0.626291 -4.045676
v 0.236539 -0.626291 -4.039676
v 0.236764 -0.626125 -4.045676
v 0.236764 -0.626125 -4.039676
v 0.236958 -0.625923 -4.045676
v 0.236958 -0.625923 -4.039676
v 0.237115 -0.625691 -4.045676
v 0.237115 -0.625691 -4.039676
v 0.237230 -0.625436 -4.045676
v 0.237230 -0.625436 -4.039676
v 0.237301 -0.625165 -4.045676
v 0.237301 -0.625165 -4.039676
v 0.244824 -0.609886 -4.045676
v 0.244824 -0.609886 -4.039676
v 0.244801 -0.609607 -4.045676
v 0.244801 -0.609607 -4.039676
v 0.244730 -0.609336 -4.045676
v 0.244730 -0.609336 -4.039676
v 0.244615 -0.609081 -4.045676
v 0.244615 -0.609081 -4.039676
v 0.244458 -0.608850 -4.045676
v 0.244458 -0.608850 -4.039676
v 0.244264 -0.608648 -4.045676
v 0.244264 -0.608648 -4.039676
v 0.244039 -0.608481 -4.045676
v 0.244039 -0.608481 -4.039676
v 0.243789 -0.608355 -4.045676
v 0.243789 -0.608355 -4.039676
v 0.243522 -0.608273 -4.045676
v 0.243522 -0.608273 -4.039676
v 0.243244 -0.608238 -4.045676
v 0.243244 -0.608238 -4.039676
v 0.242965 -0.608249 -4.045676
v 0.242965 -0.608249 -4.039676
v 0.242691 -0.608308 -4.045676
v 0.242691 -0.608308 -4.039676
v 0.242431 -0.608413 -4.045676
v 0.242431 -0.608413 -4.039676
v 0.242193 -0.608560 -4.045676
v 0.242193 -0.608560 -4.039676
v 0.241983 -0.608744 -4.045676
v 0.241983 -0.608744 -4.039676
v 0.241807 -0.608962 -4.045676
v 0.241807 -0.608962 -4.039676
v 0.241671 -0.609206 -4.045676
v 0.241671 -0.609206 -4.039676
v 0.241577 -0.609470 -4.045676
v 0.241577 -0.609470 -4.039676
v 0.241530 -0.609746 -4.045676
v 0.241530 -0.609746 -4.039676
v 0.241530 -0.610026 -4.045676
v 0.241530 -0.610026 -4.039676
v 0.241577 -0.610302 -4.045676
v 0.241577 -0.610302 -4.039676
v 0.241671 -0.610566 -4.045676
v 0.241671 -0.610566 -4.039676
v 0.241807 -0.610810 -4.045676
v 0.241807 -0.610810 -4.039676
v 0.241983 -0.611028 -4.045676
v 0.241983 -0.611028 -4.039676
v 0.242193 -0.611213 -4.045676
v 0.242193 -0.611213 -4.039676
v 0.242431 -0.611359 -4.045676
v 0.242431 -0.611359 -4.039676
v 0.242691 -0.611464 -4.045676
v 0.242691 -0.611464 -4.039676
v 0.242965 -0.611523 -4.045676
v 0.242965 -0.611523 -4.039676
v 0.243244 -0.611535 -4.045676
v 0.243244 -0.611535 -4.039676
v 0.243522 -0.611499 -4.045676
v 0.243522 -0.611499 -4.039676
v 0.243789 -0.611417 -4.045676
v 0.243789 -0.611417 -4.039676
v 0.244039 -0.611291 -4.045676
v 0.244039 -0.611291 -4.039676
v 0.244264 -0.611125 -4.045676
v 0.244264 -0.611125 -4.039676
v 0.244458 -0.610923 -4.045676
v 0.244458 -0.610923 -4.039676
v 0.244615 -0.610691 -4.045676
v 0.244615 -0.610691 -4.039676
v 0.244730 -0.610436 -4.045676
v 0.244730 -0.610436 -4.039676
v 0.244801 -0.610165 -4.045676
v 0.244801 -0.610165 -4.039676
v 0.244824 -0.624886 -4.045676
v 0.244824 -0.624886 -4.039676
v 0.244801 -0.624607 -4.045676
v 0.244801 -0.624607 -4.039676
v 0.244730 -0.624336 -4.045676
v 0.244730 -0.624336 -4.039676
v 0.244615 -0.624081 -4.045676
v 0.244615 -0.624081 -4.039676
v 0.244458 -0.623850 -4.045676
v 0.244458 -0.623850 -4.039676
v 0.244264 -0.623648 -4.045676
v 0.244264 -0.623648 -4.039676
v 0.244039 -0.623481 -4.045676
v 0.244039 -0.623481 -4.039676
v 0.243789 -0.623355 -4.045676
v 0.243789 -0.623355 -4.039676
v 0.243522 -0.623273 -4.045676
v 0.243522 -0.623273 -4.039676
v 0.243244 -0.623238 -4.045676
v 0.243244 -0.623238 -4.039676
v 0.242965 -0.623249 -4.045676
v 0.242965 -0.623249 -4.039676
v 0.242691 -0.623308 -4.045676
v 0.242691 -0.623308 -4.039676
v 0.242431 -0.623413 -4.045676
v 0.242431 -0.623413 -4.039676
v 0.242193 -0.623560 -4.045676
v 0.242193 -0.623560 -4.039676
v 0.241983 -0.623744 -4.045676
v 0.241983 -0.623744 -4.039676
v 0.241807 -0.623962 -4.045676
v 0.241807 -0.623962 -4.039676
v 0.241671 -0.624206 -4.045676
v 0.241671 -0.624206 -4.039676
v 0.241577 -0.624470 -4.045676
v 0.241577 -0.624470 -4.039676
v 0.241530 -0.624746 -4.045676
v 0.241530 -0.624746 -4.039676
v 0.241530 -0.625026 -4.045676
v 0.241530 -0.625026 -4.039676
v 0.241577 -0.625302 -4.045676
v 0.241577 -0.625302 -4.039676
v 0.241671 -0.625566 -4.045676
v 0.241671 -0.625566 -4.039676
v 0.241807 -0.625810 -4.045676
v 0.241807 -0.625810 -4.039676
v 0.241983 -0.626028 -4.045676
v 0.241983 -0.626028 -4.039676
v 0.242193 -0.626213 -4.045676
v 0.242193 -0.626213 -4.039676
v 0.242431 -0.626359 -4.045676
v 0.242431 -0.626359 -4.039676
v 0.242691 -0.626464 -4.045676
v 0.242691 -0.626464 -4.039676
v 0.242965 -0.626523 -4.045676
v 0.242965 -0.626523 -4.039676
v 0.243244 -0.626535 -4.045676
v 0.243244 -0.626535 -4.039676
v 0.243522 -0.626499 -4.045676
v 0.243522 -0.626499 -4.039676
v 0.243789 -0.626417 -4.045676
v 0.243789 -0.626417 -4.039676
v 0.244039 -0.626291 -4.045676
v 0.244039 -0.626291 -4.039676
v 0.244264 -0.626125 -4.045676
v 0.244264 -0.626125 -4.039676
v 0.244458 -0.625923 -4.045676
v 0.244458 -0.625923 -4.039676
v 0.244615 -0.625691 -4.045676
v 0.244615 -0.625691 -4.039676
v 0.244730 -0.625436 -4.045676
v 0.244730 -0.625436 -4.039676
v 0.244801 -0.625165 -4.045676
v 0.244801 -0.625165 -4.039676
v 0.252324 -0.564886 -4.045676
v 0.252324 -0.564886 -4.039676
v 0.252301 -0.564607 -4.045676
v 0.252301 -0.564607 -4.039676
v 0.252230 -0.564336 -4.045676
v 0.252230 -0.564336 -4.039676
v 0.252115 -0.564081 -4.045676
v 0.252115 -0.564081 -4.039676
v 0.251958 -0.563850 -4.045676
v 0.251958 -0.563850 -4.039676
v 0.251764 -0.563648 -4.045676
v 0.251764 -0.563648 -4.039676
v 0.251539 -0.563481 -4.045676
v 0.251539 -0.563481 -4.039676
v 0.251289 -0.563355 -4.045676
v 0.251289 -0.563355 -4.039676
v 0.251022 -0.563273 -4.045676
v 0.251022 -0.563273 -4.039676
v 0.250744 -0.563238 -4.045676
v 0.250744 -0.563238 -4.039676
v 0.250465 -0.563249 -4.045676
v 0.250465 -0.563249 -4.039676
v 0.250191 -0.563308 -4.045676
v 0.250191 -0.563308 -4.039676
v 0.249931 -0.563413 -4.045676
v 0.249931 -0.563413 -4.039676
v 0.249693 -0.563560 -4.045676
v 0.249693 -0.563560 -4.039676
v 0.249483 -0.563744 -4.045676
v 0.249483 -0.563744 -4.039676
v 0.249307 -0.563962 -4.045676
v 0.249307 -0.563962 -4.039676
v 0.249171 -0.564206 -4.045676
v 0.249171 -0.564206 -4.039676
v 0.249077 -0.564470 -4.045676
v 0.249077 -0.564470 -4.039676
v 0.249030 -0.564746 -4.045676
v 0.249030 -0.564746 -4.039676
v 0.249030 -0.565026 -4.045676
v 0.249030 -0.565026 -4.039676
v 0.249077 -0.565302 -4.045676
v 0.249077 -0.565302 -4.039676
v 0.249171 -0.565566 -4.045676
v 0.249171 -0.565566 -4.039676
v 0.249307 -0.565810 -4.045676
v 0.249307 -0.565810 -4.039676
v 0.249483 -0.566028 -4.045676
v 0.249483 -0.566028 -4.039676
v 0.249693 -0.566213 -4.045676
v 0.249693 -0.566213 -4.039676
v 0.249931 -0.566359 -4.045676
v 0.249931 -0.566359 -4.039676
v 0.250191 -0.566464 -4.045676
v 0.250191 -0.566464 -4.039676
v 0.250465 -0.566523 -4.045676
v 0.250465 -0.566523 -4.039676
v 0.250744 -0.566535 -4.045676
v 0.250744 -0.566535 -4.039676
v 0.251022 -0.566499 -4.045676
v 0.251022 -0.566499 -4.039676
v 0.251289 -0.566417 -4.045676
v 0.251289 -0.566417 -4.039676
v 0.251539 -0.566291 -4.045676
v 0.251539 -0.566291 -4.039676
v 0.251764 -0.566125 -4.045676
v 0.251764 -0.566125 -4.039676
v 0.251958 -0.565923 -4.045676
v 0.251958 -0.565923 -4.039676
v 0.252115 -0.565691 -4.045676
v 0.252115 -0.565691 -4.039676
v 0.252230 -0.565436 -4.045676
v 0.252230 -0.565436 -4.039676
v 0.252301 -0.565165 -4.045676
v 0.252301 -0.565165 -4.039676
v 0.252324 -0.579886 -4.045676
v 0.252324 -0.579886 -4.039676
v 0.252301 -0.579607 -4.045676
v 0.252301 -0.579607 -4.039676
v 0.252230 -0.579336 -4.045676
v 0.252230 -0.579336 -4.039676
v 0.252115 -0.579081 -4.045676
v 0.252115 -0.579081 -4.039676
v 0.251958 -0.578850 -4.045676
v 0.251958 -0.578850 -4.039676
v 0.251764 -0.578647 -4.045676
v 0.251764 -0.578647 -4.039676
v 0.251539 -0.578481 -4.045676
v 0.251539 -0.578481 -4.039676
v 0.251289 -0.578355 -4.045676
v 0.251289 -0.578355 -4.039676
v 0.251022 -0.578273 -4.045676
v 0.251022 -0.578273 -4.039676
v 0.250744 -0.578238 -4.045676
v 0.250744 -0.578238 -4.039676
v 0.250465 -0.578250 -4.045676
v 0.250465 -0.578250 -4.039676
v 0.250191 -0.578308 -4.045676
v 0.250191 -0.578308 -4.039676
v 0.249931 -0.578413 -4.045676
v 0.249931 -0.578413 -4.039676
v 0.249693 -0.578560 -4.045676
v 0.249693 -0.578560 -4.039676
v 0.249483 -0.578744 -4.045676
v 0.249483 -0.578744 -4.039676
v 0.249307 -0.578962 -4.045676
v 0.249307 -0.578962 -4.039676
v 0.249171 -0.579206 -4.045676
v 0.249171 -0.579206 -4.039676
v 0.249077 -0.579470 -4.045676
v 0.249077 -0.579470 -4.039676
v 0.249030 -0.579746 -4.045676
v 0.249030 -0.579746 -4.039676
v 0.249030 -0.580026 -4.045676
v 0.249030 -0.580026 -4.039676
v 0.249077 -0.580302 -4.045676
v 0.249077 -0.580302 -4.039676
v 0.249171 -0.580566 -4.045676
v 0.249171 -0.580566 -4.039676
v 0.249307 -0.580810 -4.045676
v 0.249307 -0.580810 -4.039676
v 0.249483 -0.581028 -4.045676
v 0.249483 -0.581028 -4.039676
v 0.249693 -0.581213 -4.045676
v 0.249693 -0.581213 -4.039676
v 0.249931 -0.581359 -4.045676
v 0.249931 -0.581359 -4.039676
v 0.250191 -0.581464 -4.045676
v 0.250191 -0.581464 -4.039676
v 0.250465 -0.581523 -4.045676
v 0.250465 -0.581523 -4.039676
v 0.250744 -0.581535 -4.045676
v 0.250744 -0.581535 -4.039676
v 0.251022 -0.581499 -4.045676
v 0.251022 -0.581499 -4.039676
v 0.251289 -0.581417 -4.045676
v 0.251289 -0.581417 -4.039676
v 0.251539 -0.581291 -4.045676
v 0.251539 -0.581291 -4.039676
v 0.251764 -0.581125 -4.045676
v 0.251764 -0.581125 -4.039676
v 0.251958 -0.580923 -4.045676
v 0.251958 -0.580923 -4.039676
v 0.252115 -0.580691 -4.045676
v 0.252115 -0.580691 -4.039676
v 0.252230 -0.580436 -4.045676
v 0.252230 -0.580436 -4.039676
v 0.252301 -0.580165 -4.045676
v 0.252301 -0.580165 -4.039676
v 0.252324 -0.594886 -4.045676
v 0.252324 -0.594886 -4.039676
v 0.252301 -0.594607 -4.045676
v 0.252301 -0.594607 -4.039676
v 0.252230 -0.594336 -4.045676
v 0.252230 -0.594336 -4.039676
v 0.252115 -0.594081 -4.045676
v 0.252115 -0.594081 -4.039676
v 0.251958 -0.593850 -4.045676
v 0.251958 -0.593850 -4.039676
v 0.251764 -0.593648 -4.045676
v 0.251764 -0.593648 -4.039676
v 0.251539 -0.593481 -4.045676
v 0.251539 -0.593481 -4.039676
v 0.251289 -0.593355 -4.045676
v 0.251289 -0.593355 -4.039676
v 0.251022 -0.593273 -4.045676
v 0.251022 -0.593273 -4.039676
v 0.250744 -0.593238 -4.045676
v 0.250744 -0.593238 -4.039676
v 0.250465 -0.593249 -4.045676
v 0.250465 -0.593249 -4.039676
v 0.250191 -0.593308 -4.045676
v 0.250191 -0.593308 -4.039676
v 0.249931 -0.593413 -4.045676
v 0.249931 -0.593413 -4.039676
v 0.249693 -0.593560 -4.045676
v 0.249693 -0.593560 -4.039676
v 0.249483 -0.593744 -4.045676
v 0.249483 -0.593744 -4.039676
v 0.249307 -0.593962 -4.045676
v 0.249307 -0.593962 -4.039676
v 0.249171 -0.594207 -4.045676
v 0.249171 -0.594207 -4.039676
v 0.249077 -0.594470 -4.045676
v 0.249077 -0.594470 -4.039676
v 0.249030 -0.594746 -4.045676
v 0.249030 -0.594746 -4.039676
v 0.249030 -0.595026 -4.045676
v 0.249030 -0.595026 -4.039676
v 0.249077 -0.595302 -4.045676
v 0.249077 -0.595302 -4.039676
v 0.249171 -0.595566 -4.045676
v 0.249171 -0.595566 -4.039676
v 0.249307 -0.595810 -4.045676
v 0.249307 -0.595810 -4.039676
v 0.249483 -0.596028 -4.045676
v 0.249483 -0.596028 -4.039676
v 0.249693 -0.596213 -4.045676
v 0.249693 -0.596213 -4.039676
v 0.249931 -0.596359 -4.045676
v 0.249931 -0.596359 -4.039676
v 0.250191 -0.596464 -4.045676
v 0.250191 -0.596464 -4.039676
v 0.250465 -0.596523 -4.045676
v 0.250465 -0.596523 -4.039676
v 0.250744 -0.596535 -4.045676
v 0.250744 -0.596535 -4.039676
v 0.251022 -0.596499 -4.045676
v 0.251022 -0.596499 -4.039676
v 0.251289 -0.596417 -4.045676
v 0.251289 -0.596417 -4.039676
v 0.251539 -0.596291 -4.045676
v 0.251539 -0.596291 -4.039676
v 0.251764 -0.596125 -4.045676
v 0.251764 -0.596125 -4.039676
v 0.251958 -0.595923 -4.045676
v 0.251958 -0.595923 -4.039676
v 0.252115 -0.595691 -4.045676
v 0.252115 -0.595691 -4.039676
v 0.252230 -0.595436 -4.045676
v 0.252230 -0.595436 -4.039676
v 0.252301 -0.595165 -4.045676
v 0.252301 -0.595165 -4.039676
v 0.252324 -0.609886 -4.045676
v 0.252324 -0.609886 -4.039676
v 0.252301 -0.609607 -4.045676
v 0.252301 -0.609607 -4.039676
v 0.252230 -0.609336 -4.045676
v 0.252230 -0.609336 -4.039676
v 0.252115 -0.609081 -4.045676
v 0.252115 -0.609081 -4.039676
v 0.251958 -0.608850 -4.045676
v 0.251958 -0.608850 -4.039676
v 0.251764 -0.608648 -4.045676
v 0.251764 -0.608648 -4.039676
v 0.251539 -0.608481 -4.045676
v 0.251539 -0.608481 -4.039676
v 0.251289 -0.608355 -4.045676
v 0.251289 -0.608355 -4.039676
v 0.251022 -0.608273 -4.045676
v 0.251022 -0.608273 -4.039676
v 0.250744 -0.608238 -4.045676
v 0.250744 -0.608238 -4.039676
v 0.250465 -0.608249 -4.045676
v 0.250465 -0.608249 -4.039676
v 0.250191 -0.608308 -4.045676
v 0.250191 -0.608308 -4.039676
v 0.249931 -0.608413 -4.045676
v 0.249931 -0.608413 -4.039676
v 0.249693 -0.608560 -4.045676
v 0.249693 -0.608560 -4.039676
v 0.249483 -0.608744 -4.045676
v 0.249483 -0.608744 -4.039676
v 0.249307 -0.608962 -4.045676
v 0.249307 -0.608962 -4.039676
v 0.249171 -0.609206 -4.045676
v 0.249171 -0.609206 -4.039676
v 0.249077 -0.609470 -4.045676
v 0.249077 -0.609470 -4.039676
v 0.249030 -0.609746 -4.045676
v 0.249030 -0.609746 -4.039676
v 0.249030 -0.610026 -4.045676
v 0.249030 -0.610026 -4.039676
v 0.249077 -0.610302 -4.045676
v 0.249077 -0.610302 -4.039676
v 0.249171 -0.610566 -4.045676
v 0.249171 -0.610566 -4.039676
v 0.249307 -0.610810 -4.045676
v 0.249307 -0.610810 -4.039676
v 0.249483 -0.611028 -4.045676
v 0.249483 -0.611028 -4.039676
v 0.249693 -0.611213 -4.045676
v 0.249693 -0.611213 -4.039676
v 0.249931 -0.611359 -4.045676
v 0.249931 -0.611359 -4.039676
v 0.250191 -0.611464 -4.045676
v 0.250191 -0.611464 -4.039676
v 0.250465 -0.611523 -4.045676
v 0.250465 -0.611523 -4.039676
v 0.250744 -0.611535 -4.045676
v 0.250744 -0.611535 -4.039676
v 0.251022 -0.611499 -4.045676
v 0.251022 -0.611499 -4.039676
v 0.251289 -0.611417 -4.045676
v 0.251289 -0.611417 -4.039676
v 0.251539 -0.611291 -4.045676
v 0.251539 -0.611291 -4.039676
v 0.251764 -0.611125 -4.045676
v 0.251764 -0.611125 -4.039676
v 0.251958 -0.610923 -4.045676
v 0.251958 -0.610923 -4.039676
v 0.252115 -0.610691 -4.045676
v 0.252115 -0.610691 -4.039676
v 0.252230 -0.610436 -4.045676
v 0.252230 -0.610436 -4.039676
v 0.252301 -0.610165 -4.045676
v 0.252301 -0.610165 -4.039676
v 0.252324 -0.624886 -4.045676
v 0.252324 -0.624886 -4.039676
v 0.252301 -0.624607 -4.045676
v 0.252301 -0.624607 -4.039676
v 0.252230 -0.624336 -4.045676
v 0.252230 -0.624336 -4.039676
v 0.252115 -0.624081 -4.045676
v 0.252115 -0.624081 -4.039676
v 0.251958 -0.623850 -4.045676
v 0.251958 -0.623850 -4.039676
v 0.251764 -0.623648 -4.045676
v 0.251764 -0.623648 -4.039676
v 0.251539 -0.623481 -4.045676
v 0.251539 -0.623481 -4.039676
v 0.251289 -0.623355 -4.045676
v 0.251289 -0.623355 -4.039676
v 0.251022 -0.623273 -4.045676
v 0.251022 -0.623273 -4.039676
v 0.250744 -0.623238 -4.045676
v 0.250744 -0.623238 -4.039676
v 0.250465 -0.623249 -4.045676
v 0.250465 -0.623249 -4.039676
v 0.250191 -0.623308 -4.045676
v 0.250191 -0.623308 -4.039676
v 0.249931 -0.623413 -4.045676
v 0.249931 -0.623413 -4.039676
v 0.249693 -0.623560 -4.045676
v 0.249693 -0.623560 -4.039676
v 0.249483 -0.623744 -4.045676
v 0.249483 -0.623744 -4.039676
v 0.249307 -0.623962 -4.045676
v 0.249307 -0.623962 -4.039676
v 0.249171 -0.624206 -4.045676
v 0.249171 -0.624206 -4.039676
v 0.249077 -0.624470 -4.045676
v 0.249077 -0.624470 -4.039676
v 0.249030 -0.624746 -4.045676
v 0.249030 -0.624746 -4.039676
v 0.249030 -0.625026 -4.045676
v 0.249030 -0.625026 -4.039676
v 0.249077 -0.625302 -4.045676
v 0.249077 -0.625302 -4.039676
v 0.249171 -0.625566 -4.045676
v 0.249171 -0.625566 -4.039676
v 0.249307 -0.625810 -4.045676
v 0.249307 -0.625810 -4.039676
v 0.249483 -0.626028 -4.045676
v 0.249483 -0.626028 -4.039676
v 0.249693 -0.626213 -4.045676
v 0.249693 -0.626213 -4.039676
v 0.249931 -0.626359 -4.045676
v 0.249931 -0.626359 -4.039676
v 0.250191 -0.626464 -4.045676
v 0.250191 -0.626464 -4.039676
v 0.250465 -0.626523 -4.045676
v 0.250465 -0.626523 -4.039676
v 0.250744 -0.626535 -4.045676
v 0.250744 -0.626535 -4.039676
v 0.251022 -0.626499 -4.045676
v 0.251022 -0.626499 -4.039676
v 0.251289 -0.626417 -4.045676
v 0.251289 -0.626417 -4.039676
v 0.251539 -0.626291 -4.045676
v 0.251539 -0.626291 -4.039676
v 0.251764 -0.626125 -4.045676
v 0.251764 -0.626125 -4.039676
v 0.251958 -0.625923 -4.045676
v 0.251958 -0.625923 -4.039676
v 0.252115 -0.625691 -4.045676
v 0.252115 -0.625691 -4.039676
v 0.252230 -0.625436 -4.045676
v 0.252230 -0.625436 -4.039676
v 0.252301 -0.625165 -4.045676
v 0.252301 -0.625165 -4.039676
v 0.255024 -0.638936 -4.029319
v 0.255024 -0.638936 -4.045676
v 0.254663 -0.638936 -4.029030
v 0.254224 -0.638936 -4.045676
v 0.254224 -0.638936 -4.028745
v 0.254224 -0.641736 -4.045676
v 0.255724 -0.587386 -4.045676
v 0.255724 -0.602386 -4.045676
v 0.255724 -0.617386 -4.045676
v 0.255724 -0.572386 -4.045676
v 0.255724 -0.562611 -4.045676
v 0.255724 -0.562236 -4.045676
v 0.255201 -0.559586 -4.045304
v 0.254721 -0.559586 -4.045676
v 0.254553 -0.559408 -4.045676
v 0.256001 -0.560057 -4.044876
v 0.255726 -0.559586 -4.044876
v 0.256289 -0.560753 -4.044876
v 0.256465 -0.561485 -4.044876
v 0.256518 -0.561986 -4.044876
v 0.256099 -0.561986 -4.045294
v 0.255716 -0.561986 -4.045676
v 0.254075 -0.559000 -4.045676
v 0.253540 -0.558672 -4.045676
v 0.252960 -0.558432 -4.045676
v 0.252350 -0.558285 -4.045676
v 0.251724 -0.558236 -4.045676
v 0.239424 -0.561986 -4.045676
v 0.230232 -0.561986 -4.045676
v 0.229850 -0.561986 -4.045294
v 0.254024 -0.561986 -4.045676
v 0.246924 -0.561986 -4.045676
v 0.229431 -0.561986 -4.044876
v 0.229483 -0.561485 -4.044876
v 0.230222 -0.559586 -4.044876
v 0.229947 -0.560057 -4.044876
v 0.229659 -0.560753 -4.044876
v 0.231228 -0.559586 -4.045676
v 0.230748 -0.559586 -4.045304
v 0.234224 -0.558236 -4.045676
v 0.231396 -0.559408 -4.045676
v 0.231873 -0.559000 -4.045676
v 0.232408 -0.558672 -4.045676
v 0.232988 -0.558432 -4.045676
v 0.233599 -0.558285 -4.045676
v 0.234224 -0.557236 -4.044675
v 0.255724 -0.633036 -4.037176
v 0.255724 -0.633005 -4.037567
v 0.255724 -0.632914 -4.037948
v 0.255724 -0.632764 -4.038311
v 0.255724 -0.632559 -4.038645
v 0.255724 -0.632304 -4.038943
v 0.255724 -0.632006 -4.039198
v 0.255724 -0.631671 -4.039403
v 0.255724 -0.631309 -4.039553
v 0.255724 -0.630927 -4.039645
v 0.251724 -0.633036 -4.029076
v 0.251724 -0.634036 -4.028076
v 0.252506 -0.634036 -4.028137
v 0.252350 -0.633036 -4.029125
v 0.253269 -0.634036 -4.028320
v 0.252960 -0.633036 -4.029271
v 0.253994 -0.634036 -4.028621
v 0.253540 -0.633036 -4.029511
v 0.254663 -0.634036 -4.029030
v 0.254075 -0.633036 -4.029840
v 0.255260 -0.634036 -4.029540
v 0.254553 -0.633036 -4.030247
v 0.255769 -0.634036 -4.030137
v 0.254960 -0.633036 -4.030725
v 0.256179 -0.634036 -4.030806
v 0.255288 -0.633036 -4.031260
v 0.256480 -0.634036 -4.031530
v 0.255528 -0.633036 -4.031839
v 0.256663 -0.634036 -4.032293
v 0.255675 -0.633036 -4.032450
v 0.255724 -0.633036 -4.033075
v 0.248899 -0.636736 -4.032676
v 0.248899 -0.633036 -4.032676
v 0.248928 -0.636736 -4.032338
v 0.248928 -0.633036 -4.032338
v 0.249013 -0.636736 -4.032009
v 0.249013 -0.633036 -4.032009
v 0.249153 -0.636736 -4.031700
v 0.249153 -0.633036 -4.031700
v 0.249343 -0.636736 -4.031419
v 0.249343 -0.633036 -4.031419
v 0.249578 -0.636736 -4.031174
v 0.249578 -0.633036 -4.031174
v 0.249851 -0.636736 -4.030972
v 0.249851 -0.633036 -4.030972
v 0.250154 -0.636736 -4.030820
v 0.250154 -0.633036 -4.030820
v 0.250478 -0.636736 -4.030720
v 0.250478 -0.633036 -4.030720
v 0.250814 -0.636736 -4.030677
v 0.250814 -0.633036 -4.030677
v 0.251153 -0.636736 -4.030692
v 0.251153 -0.633036 -4.030692
v 0.251485 -0.636736 -4.030763
v 0.251485 -0.633036 -4.030763
v 0.251800 -0.636736 -4.030890
v 0.251800 -0.633036 -4.030890
v 0.252089 -0.636736 -4.031067
v 0.252089 -0.633036 -4.031067
v 0.252343 -0.636736 -4.031291
v 0.252343 -0.633036 -4.031291
v 0.252556 -0.636736 -4.031556
v 0.252556 -0.633036 -4.031556
v 0.252722 -0.636736 -4.031852
v 0.252722 -0.633036 -4.031852
v 0.252835 -0.636736 -4.032172
v 0.252835 -0.633036 -4.032172
v 0.252892 -0.636736 -4.032506
v 0.252892 -0.633036 -4.032506
v 0.252892 -0.636736 -4.032845
v 0.252892 -0.633036 -4.032845
v 0.252835 -0.636736 -4.033179
v 0.252835 -0.633036 -4.033179
v 0.252722 -0.636736 -4.033499
v 0.252722 -0.633036 -4.033499
v 0.252556 -0.636736 -4.033795
v 0.252556 -0.633036 -4.033795
v 0.252343 -0.636736 -4.034060
v 0.252343 -0.633036 -4.034060
v 0.252089 -0.636736 -4.034284
v 0.252089 -0.633036 -4.034284
v 0.251800 -0.636736 -4.034461
v 0.251800 -0.633036 -4.034461
v 0.251485 -0.636736 -4.034588
v 0.251485 -0.633036 -4.034588
v 0.251153 -0.636736 -4.034659
v 0.251153 -0.633036 -4.034659
v 0.250814 -0.636736 -4.034674
v 0.250814 -0.633036 -4.034674
v 0.250478 -0.636736 -4.034631
v 0.250478 -0.633036 -4.034631
v 0.250154 -0.636736 -4.034531
v 0.250154 -0.633036 -4.034531
v 0.249851 -0.636736 -4.034379
v 0.249851 -0.633036 -4.034379
v 0.249578 -0.636736 -4.034177
v 0.249578 -0.633036 -4.034177
v 0.249343 -0.636736 -4.033932
v 0.249343 -0.633036 -4.033932
v 0.249153 -0.636736 -4.033651
v 0.249153 -0.633036 -4.033651
v 0.249013 -0.636736 -4.033342
v 0.249013 -0.633036 -4.033342
v 0.248928 -0.636736 -4.033013
v 0.248928 -0.633036 -4.033013
v 0.233049 -0.636736 -4.032676
v 0.233049 -0.633036 -4.032676
v 0.233078 -0.636736 -4.032338
v 0.233078 -0.633036 -4.032338
v 0.233163 -0.636736 -4.032009
v 0.233163 -0.633036 -4.032009
v 0.233303 -0.636736 -4.031700
v 0.233303 -0.633036 -4.031700
v 0.233493 -0.636736 -4.031419
v 0.233493 -0.633036 -4.031419
v 0.233728 -0.636736 -4.031174
v 0.233728 -0.633036 -4.031174
v 0.234001 -0.636736 -4.030972
v 0.234001 -0.633036 -4.030972
v 0.234304 -0.636736 -4.030820
v 0.234304 -0.633036 -4.030820
v 0.234628 -0.636736 -4.030720
v 0.234628 -0.633036 -4.030720
v 0.234964 -0.636736 -4.030677
v 0.234964 -0.633036 -4.030677
v 0.235303 -0.636736 -4.030692
v 0.235303 -0.633036 -4.030692
v 0.235635 -0.636736 -4.030763
v 0.235635 -0.633036 -4.030763
v 0.235950 -0.636736 -4.030890
v 0.235950 -0.633036 -4.030890
v 0.236239 -0.636736 -4.031067
v 0.236239 -0.633036 -4.031067
v 0.236493 -0.636736 -4.031291
v 0.236493 -0.633036 -4.031291
v 0.236706 -0.636736 -4.031556
v 0.236706 -0.633036 -4.031556
v 0.236872 -0.636736 -4.031852
v 0.236872 -0.633036 -4.031852
v 0.236985 -0.636736 -4.032172
v 0.236985 -0.633036 -4.032172
v 0.237042 -0.636736 -4.032506
v 0.237042 -0.633036 -4.032506
v 0.237042 -0.636736 -4.032845
v 0.237042 -0.633036 -4.032845
v 0.236985 -0.636736 -4.033179
v 0.236985 -0.633036 -4.033179
v 0.236872 -0.636736 -4.033499
v 0.236872 -0.633036 -4.033499
v 0.236706 -0.636736 -4.033795
v 0.236706 -0.633036 -4.033795
v 0.236493 -0.636736 -4.034060
v 0.236493 -0.633036 -4.034060
v 0.236239 -0.636736 -4.034284
v 0.236239 -0.633036 -4.034284
v 0.235950 -0.636736 -4.034461
v 0.235950 -0.633036 -4.034461
v 0.235635 -0.636736 -4.034588
v 0.235635 -0.633036 -4.034588
v 0.235303 -0.636736 -4.034659
v 0.235303 -0.633036 -4.034659
v 0.234964 -0.636736 -4.034674
v 0.234964 -0.633036 -4.034674
v 0.234628 -0.636736 -4.034631
v 0.234628 -0.633036 -4.034631
v 0.234304 -0.636736 -4.034531
v 0.234304 -0.633036 -4.034531
v 0.234001 -0.636736 -4.034379
v 0.234001 -0.633036 -4.034379
v 0.233728 -0.636736 -4.034177
v 0.233728 -0.633036 -4.034177
v 0.233493 -0.636736 -4.033932
v 0.233493 -0.633036 -4.033932
v 0.233303 -0.636736 -4.033651
v 0.233303 -0.633036 -4.033651
v 0.233163 -0.636736 -4.033342
v 0.233163 -0.633036 -4.033342
v 0.233078 -0.636736 -4.033013
v 0.233078 -0.633036 -4.033013
v 0.255024 -0.636736 -4.045676
v 0.255024 -0.636736 -4.029319
v 0.254663 -0.636736 -4.029030
v 0.253994 -0.636736 -4.028621
v 0.253269 -0.636736 -4.028320
v 0.252506 -0.636736 -4.028137
v 0.251724 -0.636736 -4.028076
v 0.234224 -0.634036 -4.028076
v 0.234224 -0.633036 -4.029076
v 0.229769 -0.559966 -4.040676
v 0.229469 -0.560691 -4.040676
v 0.229286 -0.561454 -4.040676
v 0.230179 -0.559297 -4.040676
v 0.230689 -0.558701 -4.040676
v 0.231285 -0.558191 -4.040676
v 0.231954 -0.557781 -4.040676
v 0.232679 -0.557481 -4.040676
v 0.233442 -0.557298 -4.040676
v 0.230224 -0.562236 -4.039676
v 0.239424 -0.617386 -4.039676
v 0.230224 -0.617386 -4.039676
v 0.239424 -0.630536 -4.039676
v 0.230224 -0.630536 -4.039676
v 0.246924 -0.630536 -4.039676
v 0.246924 -0.617386 -4.039676
v 0.254024 -0.630536 -4.039676
v 0.254024 -0.617386 -4.039676
v 0.239424 -0.602386 -4.039676
v 0.230224 -0.602386 -4.039676
v 0.246924 -0.602386 -4.039676
v 0.254024 -0.602386 -4.039676
v 0.239424 -0.587386 -4.039676
v 0.230224 -0.587386 -4.039676
v 0.246924 -0.587386 -4.039676
v 0.254024 -0.587386 -4.039676
v 0.230224 -0.572386 -4.039676
v 0.239424 -0.572386 -4.039676
v 0.246924 -0.572386 -4.039676
v 0.254024 -0.572386 -4.039676
v 0.239424 -0.562611 -4.039676
v 0.230224 -0.562611 -4.039676
v 0.246924 -0.562611 -4.039676
v 0.254024 -0.562611 -4.039676
v 0.229224 -0.562236 -4.040676
v 0.230224 -0.617386 -4.045676
v 0.230924 -0.636736 -4.045676
v 0.239424 -0.636736 -4.045676
v 0.239424 -0.617386 -4.045676
v 0.230224 -0.641736 -4.045676
v 0.230924 -0.638936 -4.045676
v 0.231724 -0.641736 -4.045676
v 0.231724 -0.638936 -4.045676
v 0.246924 -0.636736 -4.045676
v 0.246924 -0.617386 -4.045676
v 0.254024 -0.636736 -4.045676
v 0.254024 -0.617386 -4.045676
v 0.254024 -0.562611 -4.045676
v 0.246924 -0.562611 -4.045676
v 0.239424 -0.562611 -4.045676
v 0.230224 -0.572386 -4.045676
v 0.239424 -0.572386 -4.045676
v 0.230224 -0.562611 -4.045676
v 0.230224 -0.562236 -4.045676
v 0.246924 -0.572386 -4.045676
v 0.254024 -0.572386 -4.045676
v 0.230224 -0.587386 -4.045676
v 0.239424 -0.587386 -4.045676
v 0.246924 -0.587386 -4.045676
v 0.254024 -0.587386 -4.045676
v 0.230224 -0.602386 -4.045676
v 0.239424 -0.602386 -4.045676
v 0.246924 -0.602386 -4.045676
v 0.254024 -0.602386 -4.045676
v 0.229224 -0.562236 -4.044675
v 0.229286 -0.561454 -4.044675
v 0.229469 -0.560691 -4.044675
v 0.229769 -0.559966 -4.044675
v 0.230179 -0.559297 -4.044675
v 0.230689 -0.558701 -4.044675
v 0.231285 -0.558191 -4.044675
v 0.231954 -0.557781 -4.044675
v 0.232679 -0.557481 -4.044675
v 0.233442 -0.557298 -4.044675
v 0.230224 -0.630927 -4.039645
v 0.230224 -0.633036 -4.037176
v 0.230224 -0.633005 -4.037567
v 0.230224 -0.632914 -4.037948
v 0.230224 -0.632764 -4.038311
v 0.230224 -0.632559 -4.038645
v 0.230224 -0.632304 -4.038943
v 0.230224 -0.632006 -4.039198
v 0.230224 -0.631671 -4.039403
v 0.230224 -0.631309 -4.039553
v 0.230224 -0.641736 -4.033075
v 0.231724 -0.641736 -4.029953
v 0.231396 -0.641736 -4.030247
v 0.230988 -0.641736 -4.030725
v 0.230660 -0.641736 -4.031260
v 0.230420 -0.641736 -4.031839
v 0.230274 -0.641736 -4.032450
v 0.230660 -0.633036 -4.031260
v 0.230420 -0.633036 -4.031839
v 0.230274 -0.633036 -4.032450
v 0.230224 -0.633036 -4.033075
v 0.233599 -0.633036 -4.029125
v 0.232988 -0.633036 -4.029271
v 0.232408 -0.633036 -4.029511
v 0.231873 -0.633036 -4.029840
v 0.231396 -0.633036 -4.030247
v 0.230988 -0.633036 -4.030725
v 0.230924 -0.636736 -4.029319
v 0.230924 -0.638936 -4.029319
v 0.231285 -0.638936 -4.029030
v 0.231724 -0.638936 -4.028745
v 0.234224 -0.636736 -4.028076
v 0.231285 -0.636736 -4.029030
v 0.233442 -0.636736 -4.028137
v 0.232679 -0.636736 -4.028320
v 0.231954 -0.636736 -4.028621
v 0.231724 -0.641277 -4.029383
v 0.231724 -0.640736 -4.028745
v 0.231285 -0.640736 -4.029030
v 0.230689 -0.640736 -4.029540
v 0.230179 -0.640736 -4.030137
v 0.229769 -0.640736 -4.030806
v 0.229469 -0.640736 -4.031530
v 0.229286 -0.640736 -4.032293
v 0.229224 -0.640736 -4.033075
v 0.229224 -0.634036 -4.033075
v 0.229286 -0.634036 -4.032293
v 0.229469 -0.634036 -4.031530
v 0.229769 -0.634036 -4.030806
v 0.230179 -0.634036 -4.030137
v 0.230689 -0.634036 -4.029540
v 0.231285 -0.634036 -4.029030
v 0.231954 -0.634036 -4.028621
v 0.232679 -0.634036 -4.028320
v 0.233442 -0.634036 -4.028137
v 0.229224 -0.630536 -4.040676
v 0.229224 -0.640736 -4.044675
v 0.229224 -0.631084 -4.040632
v 0.229224 -0.631618 -4.040504
v 0.229224 -0.632125 -4.040294
v 0.229224 -0.632593 -4.040007
v 0.229224 -0.633011 -4.039650
v 0.229224 -0.633368 -4.039233
v 0.229224 -0.633655 -4.038764
v 0.229224 -0.633865 -4.038257
v 0.229224 -0.633993 -4.037723
v 0.229224 -0.634036 -4.037176
vn 0.5850 0.3952 0.7082
vn 0.5399 0.4610 0.7042
vn 0.5460 0.4592 0.7007
vn 0.5150 0.4846 0.7070
vn 0.4598 0.5385 0.7061
vn 0.3705 0.6037 0.7059
vn 0.3695 0.6040 0.7062
vn 0.2711 0.6542 0.7060
vn 0.1652 0.6886 0.7061
vn 0.1660 0.6885 0.7060
vn 0.0549 0.7061 0.7060
vn 0.0557 0.7059 0.7061
vn 0.7071 -0.7071 -0.0000
vn 0.3863 -0.7035 0.5966
vn 0.4890 -0.6794 0.5471
vn 0.4542 -0.7150 0.5315
vn 0.4523 -0.7052 0.5460
vn 0.5381 -0.7062 0.4601
vn 0.5387 -0.7059 0.4599
vn 0.6028 -0.7067 0.3705
vn 0.6042 -0.7058 0.3699
vn 0.6545 -0.7058 0.2709
vn 0.6542 -0.7061 0.2711
vn 0.6884 -0.7062 0.1655
vn 0.6890 -0.7057 0.1652
vn 0.7056 -0.7064 0.0556
vn 0.7061 -0.7059 0.0556
vn 1.0000 -0.0000 -0.0000
vn 1.0000 0.0001 -0.0000
vn -0.0000 -1.0000 -0.0000
vn -0.0000 -0.0000 1.0000
vn -0.0004 -0.0000 1.0000
vn -0.0038 -0.0000 1.0000
vn -0.0000 0.7071 0.7072
vn -0.0000 0.7071 0.7071
vn 0.0785 0.9969 -0.0000
vn 0.2334 0.9724 -0.0000
vn 0.3827 0.9239 -0.0000
vn 0.3826 0.9239 -0.0000
vn 0.5225 0.8526 -0.0000
vn 0.6494 0.7605 -0.0000
vn 0.6495 0.7604 -0.0000
vn 0.7605 0.6494 -0.0000
vn 0.7604 0.6495 -0.0000
vn 0.8290 0.5592 -0.0000
vn 0.8527 0.5225 -0.0038
vn 0.9997 0.0247 -0.0000
vn 0.9969 0.0785 -0.0034
vn 0.9946 0.1033 -0.0000
vn 0.9724 0.2335 -0.0000
vn 0.9724 0.2334 -0.0000
vn 0.9239 0.3827 -0.0000
vn 0.9239 0.3826 -0.0000
vn 0.8703 0.4925 -0.0000
vn 0.7071 -0.0000 0.7071
vn 0.7068 -0.0000 0.7074
vn 0.7069 -0.0000 0.7073
vn 0.7074 -0.0000 0.7068
vn 0.7070 0.0178 0.7070
vn 0.7058 0.0217 0.7080
vn 0.7064 0.0219 0.7075
vn -0.0000 1.0000 -0.0000
vn -0.0000 1.0000 0.0001
vn -0.0000 1.0000 -0.0001
vn -0.0000 1.0000 -0.0003
vn -0.9964 -0.0849 -0.0000
vn -0.9964 -0.0847 -0.0000
vn -0.9677 -0.2520 -0.0000
vn -0.9677 -0.2519 -0.0000
vn -0.9112 -0.4120 -0.0000
vn -0.9112 -0.4119 -0.0000
vn -0.8285 -0.5600 -0.0000
vn -0.7220 -0.6919 -0.0000
vn -0.5946 -0.8040 -0.0000
vn -0.4502 -0.8929 -0.0000
vn -0.4503 -0.8929 -0.0000
vn -0.2926 -0.9562 -0.0000
vn -0.2927 -0.9562 -0.0000
vn -0.1271 -0.9919 -0.0000
vn -0.1272 -0.9919 -0.0000
vn 0.0424 -0.9991 -0.0000
vn 0.2108 -0.9775 -0.0000
vn 0.3727 -0.9279 -0.0000
vn 0.5243 -0.8515 -0.0000
vn 0.5244 -0.8515 -0.0000
vn 0.6606 -0.7507 -0.0000
vn 0.6607 -0.7507 -0.0000
vn 0.7780 -0.6282 -0.0000
vn 0.8730 -0.4877 -0.0000
vn 0.9429 -0.3332 -0.0000
vn 0.9429 -0.3331 -0.0000
vn 0.9856 -0.1690 -0.0000
vn 0.9856 0.1690 -0.0000
vn 0.9429 0.3331 -0.0000
vn 0.9429 0.3332 -0.0000
vn 0.8729 0.4878 -0.0000
vn 0.8731 0.4876 -0.0000
vn 0.7780 0.6283 -0.0000
vn 0.7781 0.6281 -0.0000
vn 0.6606 0.7507 -0.0000
vn 0.6607 0.7507 -0.0000
vn 0.5243 0.8515 -0.0000
vn 0.5244 0.8515 -0.0000
vn 0.3728 0.9279 -0.0000
vn 0.3730 0.9278 -0.0000
vn 0.2106 0.9776 -0.0000
vn 0.2107 0.9776 -0.0000
vn 0.0424 0.9991 -0.0000
vn -0.1269 0.9919 -0.0000
vn -0.1270 0.9919 -0.0000
vn -0.2928 0.9562 -0.0000
vn -0.2929 0.9562 -0.0000
vn -0.4502 0.8929 -0.0000
vn -0.4503 0.8929 -0.0000
vn -0.5946 0.8041 -0.0000
vn -0.5947 0.8039 -0.0000
vn -0.7219 0.6920 -0.0000
vn -0.7221 0.6918 -0.0000
vn -0.8284 0.5601 -0.0000
vn -0.8286 0.5599 -0.0000
vn -0.9112 0.4120 -0.0000
vn -0.9112 0.4119 -0.0000
vn -0.9677 0.2520 -0.0000
vn -0.9677 0.2519 -0.0000
vn -0.9964 0.0847 -0.0000
vn -0.9964 0.0848 -0.0000
vn -0.9113 -0.4118 -0.0000
vn 0.0426 -0.9991 -0.0000
vn 0.2106 -0.9776 -0.0000
vn 0.9429 -0.3330 -0.0000
vn 0.9856 -0.1691 -0.0000
vn -0.9964 0.0849 -0.0000
vn -0.7219 -0.6920 -0.0000
vn -0.2928 -0.9562 -0.0000
vn -0.2929 -0.9561 -0.0000
vn -0.1269 -0.9919 -0.0000
vn 0.3729 -0.9279 -0.0000
vn 0.5242 -0.8516 -0.0000
vn 0.7781 -0.6281 -0.0000
vn 0.9856 0.1691 -0.0000
vn 0.7781 0.6282 -0.0000
vn 0.7782 0.6280 -0.0000
vn 0.5242 0.8516 -0.0000
vn -0.7218 0.6921 -0.0000
vn -0.7220 0.6919 -0.0000
vn -0.9113 0.4118 -0.0000
vn -0.9677 -0.2521 -0.0000
vn -0.5946 -0.8041 -0.0000
vn -0.5947 -0.8039 -0.0000
vn 0.2109 -0.9775 -0.0000
vn 0.3727 -0.9280 -0.0000
vn 0.3728 -0.9279 -0.0000
vn 0.7780 -0.6283 -0.0000
vn 0.8731 -0.4876 -0.0000
vn 0.9856 -0.1689 -0.0000
vn 0.9856 0.1689 -0.0000
vn 0.8730 0.4877 -0.0000
vn 0.7780 0.6282 -0.0000
vn 0.3729 0.9279 -0.0000
vn -0.5946 0.8040 -0.0000
vn 0.2107 -0.9776 -0.0000
vn -0.2929 -0.9562 -0.0000
vn 0.7781 -0.6282 -0.0000
vn 0.7782 -0.6280 -0.0000
vn -0.9113 0.4117 -0.0000
vn 0.3727 0.9280 -0.0000
vn 0.0426 0.9991 -0.0000
vn -0.1271 0.9919 -0.0000
vn -0.1272 0.9919 -0.0000
vn -0.2927 0.9562 -0.0000
vn -0.2926 0.9562 -0.0000
vn 0.2108 0.9775 -0.0000
vn 0.2109 0.9775 -0.0000
vn 0.3727 0.9279 -0.0000
vn -0.9677 0.2521 -0.0000
vn -0.8286 -0.5599 -0.0000
vn 0.8729 -0.4878 -0.0000
vn -0.8285 0.5600 -0.0000
vn -0.9964 -0.0848 -0.0000
vn -0.7218 -0.6921 -0.0000
vn -1.0000 -0.0000 -0.0000
vn -0.0000 -1.0000 -0.0005
vn -0.0000 -1.0000 0.0001
vn 0.7076 -0.0000 -0.7066
vn 0.7074 -0.0000 -0.7068
vn 0.7072 -0.0000 -0.7070
vn 0.7071 -0.0000 -0.7071
vn 0.7073 -0.0000 -0.7069
vn 0.5300 0.4988 -0.6858
vn 0.6383 0.3723 -0.6738
vn 0.5770 0.4057 -0.7088
vn 0.5410 0.4625 -0.7024
vn 0.6048 0.3701 -0.7052
vn 0.6550 0.2711 -0.7053
vn 0.6555 0.2710 -0.7049
vn 0.6890 0.1655 -0.7056
vn 0.6882 0.1656 -0.7064
vn 0.7035 0.0740 -0.7068
vn 0.7306 0.0574 -0.6804
vn 0.7064 0.0169 -0.7076
vn 0.7068 0.0204 -0.7071
vn 0.7073 0.0219 -0.7065
vn 0.5334 0.4659 -0.7060
vn 0.4603 0.5385 -0.7058
vn 0.4598 0.5388 -0.7059
vn 0.3701 0.6039 -0.7059
vn 0.3702 0.6040 -0.7058
vn 0.2711 0.6544 -0.7059
vn 0.2707 0.6545 -0.7059
vn 0.1655 0.6888 -0.7058
vn 0.1656 0.6887 -0.7059
vn 0.0549 0.7062 -0.7059
vn 0.0563 0.7062 -0.7058
vn -0.0000 1.0000 -0.0002
vn -0.0000 -0.0000 -1.0000
vn -0.0000 -1.0000 -0.0002
vn -0.0000 -1.0000 0.0002
vn -0.0000 -1.0000 -0.0001
vn -0.0030 -0.0000 -1.0000
vn 0.0019 -0.0000 -1.0000
vn -0.0004 -0.0000 -1.0000
vn 0.0004 -0.0000 -1.0000
vn 0.0006 -0.0000 -1.0000
vn -0.0000 0.7072 -0.7070
vn -0.0000 0.7073 -0.7070
vn 0.7062 0.7059 0.0555
vn 0.7060 0.7060 0.0556
vn 0.7061 0.6886 0.1654
vn 0.7062 0.6884 0.1652
vn 0.7061 0.6542 0.2709
vn 0.7058 0.6545 0.2712
vn 0.7062 0.6035 0.3701
vn 0.7055 0.6043 0.3702
vn 0.7067 0.5380 0.4595
vn 0.7056 0.5389 0.4601
vn 0.7054 0.4603 0.5391
vn 0.7066 0.4596 0.5381
vn 0.7065 0.3699 0.6034
vn 0.7056 0.3703 0.6042
vn 0.7060 0.2711 0.6543
vn 0.7061 0.2712 0.6542
vn 0.7061 0.1652 0.6886
vn 0.7062 0.1648 0.6886
vn 0.7057 0.0559 0.7063
vn 0.7061 0.0559 0.7059
vn 0.0555 0.7060 0.7060
vn 0.0557 0.7060 0.7061
vn 0.1656 0.7059 0.6886
vn 0.1650 0.7059 0.6888
vn 0.2707 0.7060 0.6544
vn 0.2712 0.7059 0.6543
vn 0.3700 0.7059 0.6040
vn 0.3708 0.7059 0.6036
vn 0.4598 0.7062 0.5385
vn 0.4602 0.7060 0.5384
vn 0.5382 0.7062 0.4601
vn 0.5389 0.7059 0.4597
vn 0.6037 0.7061 0.3701
vn 0.6035 0.7062 0.3702
vn 0.6542 0.7061 0.2711
vn 0.6545 0.7058 0.2709
vn 0.6885 0.7061 0.1654
vn 0.6884 0.7062 0.1654
vn 0.7061 0.7059 0.0556
vn 0.7070 0.7072 -0.0000
vn 0.7071 0.7071 -0.0000
vn 0.9964 -0.0000 -0.0850
vn 0.9964 -0.0000 -0.0846
vn 0.9678 -0.0000 -0.2516
vn 0.9677 -0.0000 -0.2520
vn 0.9112 -0.0000 -0.4119
vn 0.8279 -0.0000 -0.5608
vn 0.8284 -0.0000 -0.5601
vn 0.7223 -0.0000 -0.6916
vn 0.5940 -0.0000 -0.8045
vn 0.5959 -0.0000 -0.8031
vn 0.4498 -0.0000 -0.8931
vn 0.4498 -0.0000 -0.8932
vn 0.2924 -0.0000 -0.9563
vn 0.2951 -0.0000 -0.9555
vn 0.1261 -0.0000 -0.9920
vn -0.0416 -0.0000 -0.9991
vn -0.0430 -0.0000 -0.9991
vn -0.2107 -0.0000 -0.9775
vn -0.3738 -0.0000 -0.9275
vn -0.3712 -0.0000 -0.9285
vn -0.5229 -0.0000 -0.8524
vn -0.5251 -0.0000 -0.8511
vn -0.6613 -0.0000 -0.7501
vn -0.6605 -0.0000 -0.7508
vn -0.7785 -0.0000 -0.6277
vn -0.7779 -0.0000 -0.6284
vn -0.8733 -0.0000 -0.4872
vn -0.8729 -0.0000 -0.4879
vn -0.9430 -0.0000 -0.3328
vn -0.9428 -0.0000 -0.3333
vn -0.9856 -0.0000 -0.1688
vn -0.9856 -0.0000 -0.1693
vn -0.9856 -0.0000 0.1688
vn -0.9856 -0.0000 0.1693
vn -0.9430 -0.0000 0.3328
vn -0.9428 -0.0000 0.3333
vn -0.8733 -0.0000 0.4872
vn -0.8726 -0.0000 0.4885
vn -0.7785 -0.0000 0.6277
vn -0.6605 -0.0000 0.7508
vn -0.5240 -0.0000 0.8517
vn -0.5251 -0.0000 0.8511
vn -0.3738 -0.0000 0.9275
vn -0.3712 -0.0000 0.9285
vn -0.2107 -0.0000 0.9775
vn -0.0416 -0.0000 0.9991
vn -0.0430 -0.0000 0.9991
vn 0.1261 -0.0000 0.9920
vn 0.1276 -0.0000 0.9918
vn 0.2924 -0.0000 0.9563
vn 0.2951 -0.0000 0.9555
vn 0.4498 -0.0000 0.8931
vn 0.4498 -0.0000 0.8932
vn 0.5940 -0.0000 0.8045
vn 0.5949 -0.0000 0.8038
vn 0.7223 -0.0000 0.6916
vn 0.8279 -0.0000 0.5608
vn 0.8289 -0.0000 0.5595
vn 0.9110 -0.0000 0.4125
vn 0.9112 -0.0000 0.4119
vn 0.9679 -0.0000 0.2513
vn 0.9676 -0.0000 0.2524
vn 0.9964 -0.0000 0.0849
vn 0.8279 -0.0000 -0.5609
vn 0.8284 -0.0000 -0.5602
vn 0.1262 -0.0000 -0.9920
vn -0.3713 -0.0000 -0.9285
vn -0.5250 -0.0000 -0.8511
vn -0.9857 -0.0000 -0.1688
vn -0.9857 -0.0000 0.1688
vn -0.5250 -0.0000 0.8511
vn -0.3713 -0.0000 0.9285
vn 0.1262 -0.0000 0.9920
vn 0.8279 -0.0000 0.5609
vn 0.8288 -0.0000 0.5595
vn 0.5447 -0.0000 0.8386
vn 0.6240 0.0093 0.7814
vn 0.6245 -0.0000 0.7810
vn 0.6495 -0.0082 0.7603
vn 0.6828 -0.0000 0.7306
vn 0.6496 -0.0000 0.7602
vn 0.5217 -0.0000 0.8531
vn 0.5230 -0.0000 0.8524
vn 0.3825 -0.0000 0.9239
vn 0.3833 -0.0000 0.9236
vn 0.2330 -0.0000 0.9725
vn 0.0783 -0.0000 0.9969
vn 0.0791 -0.0000 0.9969
vn 0.6847 -0.0000 0.7288
vn 0.7607 -0.0000 0.6491
vn 0.7601 -0.0000 0.6498
vn 0.8524 -0.0000 0.5229
vn 0.8528 -0.0000 0.5222
vn 0.9239 -0.0000 0.3826
vn 0.9724 -0.0000 0.2335
vn 0.9969 -0.0000 0.0785
vn 0.9969 -0.0000 0.0784
vn -0.5851 0.3954 0.7081
vn -0.5316 0.5001 0.6836
vn -0.5399 0.4610 0.7042
vn -0.5369 0.4619 0.7059
vn -0.4598 0.5385 0.7061
vn -0.4602 0.5384 0.7059
vn -0.3699 0.6039 0.7061
vn -0.3703 0.6037 0.7060
vn -0.2709 0.6543 0.7061
vn -0.2711 0.6543 0.7060
vn -0.1655 0.6886 0.7060
vn -0.1656 0.6886 0.7060
vn -0.0548 0.7060 0.7060
vn -0.0555 0.7060 0.7060
vn -0.0016 -0.0000 1.0000
vn 0.0032 -0.0000 1.0000
vn 0.0005 -0.0000 1.0000
vn 0.0001 -0.0000 1.0000
vn 0.0004 -0.0000 1.0000
vn -0.0001 -0.0000 1.0000
vn -0.0027 -0.0000 1.0000
vn 0.0009 -0.0000 1.0000
vn -0.0011 -0.0000 1.0000
vn 0.0026 -0.0000 1.0000
vn 0.0007 -0.0000 1.0000
vn -0.0003 -0.0000 1.0000
vn -0.0020 -0.0000 1.0000
vn 0.0027 -0.0000 1.0000
vn -0.0006 -0.0000 1.0000
vn 0.0021 -0.0000 1.0000
vn -0.0018 -0.0000 1.0000
vn 0.0025 -0.0000 1.0000
vn -0.0005 -0.0000 1.0000
vn 0.0031 -0.0000 1.0000
vn 0.0039 -0.0000 1.0000
vn 0.0010 -0.0000 1.0000
vn 0.0008 -0.0000 1.0000
vn -0.0007 -0.0000 1.0000
vn -0.0008 -0.0000 1.0000
vn 0.0006 -0.0000 1.0000
vn -0.0025 -0.0000 1.0000
vn 0.0022 -0.0000 1.0000
vn -0.0024 -0.0000 1.0000
vn 0.0015 -0.0000 1.0000
vn -0.0028 -0.0000 1.0000
vn -0.0021 -0.0000 1.0000
vn 0.0017 -0.0000 1.0000
vn -0.0019 -0.0000 1.0000
vn 0.0036 -0.0000 1.0000
vn -0.0015 -0.0000 1.0000
vn 0.0020 -0.0000 1.0000
vn -0.0002 -0.0000 1.0000
vn 0.0014 -0.0000 1.0000
vn 0.0002 -0.0000 1.0000
vn 0.0016 -0.0000 1.0000
vn 0.0030 -0.0000 1.0000
vn 0.0055 -0.0000 1.0000
vn -0.0057 -0.0000 1.0000
vn 0.0003 -0.0000 1.0000
vn 0.0011 -0.0000 1.0000
vn -0.0013 -0.0000 1.0000
vn 0.0040 -0.0000 1.0000
vn 0.0023 -0.0000 1.0000
vn -0.0017 -0.0000 1.0000
vn -0.0022 -0.0000 1.0000
vn -0.0049 -0.0000 1.0000
vn -0.0032 -0.0000 1.0000
vn -0.0010 -0.0000 1.0000
vn -0.0012 -0.0000 1.0000
vn 0.0013 -0.0000 1.0000
vn -0.7059 0.0178 0.7081
vn -0.7070 0.0198 0.7070
vn -0.7065 0.0220 0.7074
vn -0.0006 -0.0000 -1.0000
vn 0.0008 -0.0000 -1.0000
vn 0.0001 -0.0000 -1.0000
vn 0.0053 -0.0000 -1.0000
vn 0.0013 -0.0000 -1.0000
vn -0.0018 -0.0000 -1.0000
vn 0.0035 -0.0000 -1.0000
vn -0.0002 -0.0000 -1.0000
vn 0.0012 -0.0000 -1.0000
vn 0.0020 -0.0000 -1.0000
vn 0.0003 -0.0000 -1.0000
vn -0.0019 -0.0000 -1.0000
vn 0.0009 -0.0000 -1.0000
vn 0.0025 -0.0000 -1.0000
vn -0.0003 -0.0000 -1.0000
vn -0.0016 -0.0000 -1.0000
vn -0.0005 -0.0000 -1.0000
vn 0.0021 -0.0000 -1.0000
vn -0.0007 -0.0000 -1.0000
vn -0.0010 -0.0000 -1.0000
vn -0.0021 -0.0000 -1.0000
vn 0.0015 -0.0000 -1.0000
vn -0.0020 -0.0000 -1.0000
vn -0.0022 -0.0000 -1.0000
vn -0.0015 -0.0000 -1.0000
vn 0.0043 -0.0000 -1.0000
vn -0.0011 -0.0000 -1.0000
vn 0.0014 -0.0000 -1.0000
vn 0.0011 -0.0000 -1.0000
vn -0.0029 -0.0000 -1.0000
vn 0.0016 -0.0000 -1.0000
vn 0.0002 -0.0000 -1.0000
vn -0.0014 -0.0000 -1.0000
vn -0.0031 -0.0000 -1.0000
vn 0.0017 -0.0000 -1.0000
vn -0.0025 -0.0000 -1.0000
vn 0.0024 -0.0000 -1.0000
vn -0.0012 -0.0000 -1.0000
vn -0.0009 -0.0000 -1.0000
vn -0.0001 -0.0000 -1.0000
vn -0.0035 -0.0000 -1.0000
vn 0.0031 -0.0000 -1.0000
vn -0.0013 -0.0000 -1.0000
vn -0.0008 -0.0000 -1.0000
vn -0.0049 -0.0000 -1.0000
vn 0.0039 -0.0000 -1.0000
vn 0.0034 -0.0000 -1.0000
vn -0.0024 -0.0000 -1.0000
vn -0.0027 -0.0000 -1.0000
vn 0.0038 -0.0000 -1.0000
vn 0.0007 -0.0000 -1.0000
vn 0.0005 -0.0000 -1.0000
vn -0.0023 -0.0000 -1.0000
vn 0.0018 -0.0000 -1.0000
vn 0.0027 -0.0000 -1.0000
vn 0.0040 -0.0000 -1.0000
vn 0.0063 -0.0000 -1.0000
vn -0.7403 0.0779 -0.6677
vn -0.7071 0.0179 -0.7069
vn -0.7055 0.0225 -0.7083
vn -0.7074 0.0222 -0.7065
vn -0.7069 0.0555 -0.7052
vn -0.6890 0.1654 -0.7056
vn -0.6881 0.1657 -0.7064
vn -0.6550 0.2711 -0.7054
vn -0.6554 0.2709 -0.7050
vn -0.6115 0.3567 -0.7063
vn -0.6229 0.3813 -0.6831
vn -0.5769 0.4057 -0.7089
vn -0.5410 0.4626 -0.7023
vn -0.5431 0.4618 -0.7013
vn -0.5151 0.4849 -0.7068
vn -0.4601 0.5386 -0.7058
vn -0.4597 0.5387 -0.7060
vn -0.3699 0.6040 -0.7059
vn -0.3703 0.6039 -0.7058
vn -0.2713 0.6544 -0.7058
vn -0.2706 0.6545 -0.7060
vn -0.1658 0.6887 -0.7058
vn -0.1660 0.6887 -0.7058
vn -0.0554 0.7062 -0.7059
vn -0.0557 0.7062 -0.7059
vn -0.0000 0.0790 0.9969
vn -0.0000 0.9969 0.0782
vn -0.0000 0.9969 0.0786
vn -0.0000 0.9724 0.2331
vn -0.0000 0.9723 0.2338
vn -0.0000 0.9239 0.3825
vn -0.0000 0.9238 0.3828
vn -0.0000 0.8523 0.5230
vn -0.0000 0.8525 0.5227
vn -0.0000 0.7608 0.6490
vn -0.0000 0.7606 0.6492
vn -0.0000 0.6490 0.7608
vn -0.0000 0.6494 0.7604
vn -0.0000 0.5226 0.8526
vn -0.0000 0.5227 0.8525
vn -0.0000 0.3828 0.9238
vn -0.0000 0.2334 0.9724
vn -0.0000 1.0000 0.0005
vn -0.0000 1.0000 0.0012
vn -0.0000 1.0000 0.0002
vn -0.0000 1.0000 -0.0008
vn -0.0000 1.0000 0.0003
vn -0.0000 1.0000 0.0007
vn -0.0000 1.0000 -0.0004
vn -0.0000 1.0000 0.0004
vn -0.0000 -1.0000 -0.0004
vn -0.0000 -1.0000 0.0005
vn -0.0000 -1.0000 0.0003
vn -0.0000 -1.0000 -0.0003
vn -0.0000 -1.0000 0.0008
vn 1.0000 -0.0001 -0.0000
vn -0.3863 -0.7034 0.5966
vn -0.4542 -0.7150 0.5315
vn -0.4489 -0.6959 0.5605
vn -0.4734 -0.7060 0.5266
vn -0.5382 -0.7062 0.4601
vn -0.5388 -0.7059 0.4598
vn -0.6036 -0.7062 0.3701
vn -0.6035 -0.7062 0.3702
vn -0.6542 -0.7061 0.2711
vn -0.6545 -0.7058 0.2709
vn -0.6885 -0.7061 0.1653
vn -0.6890 -0.7057 0.1653
vn -0.7057 -0.7063 0.0556
vn -0.7061 -0.7059 0.0556
vn -0.7061 0.7059 0.0556
vn -0.6885 0.7061 0.1654
vn -0.6884 0.7062 0.1654
vn -0.6542 0.7061 0.2711
vn -0.6545 0.7058 0.2709
vn -0.6042 0.7058 0.3699
vn -0.6028 0.7067 0.3704
vn -0.5387 0.7059 0.4599
vn -0.5381 0.7062 0.4600
vn -0.4605 0.7059 0.5382
vn -0.4593 0.7063 0.5387
vn -0.3706 0.7058 0.6038
vn -0.3699 0.7060 0.6039
vn -0.2707 0.7060 0.6544
vn -0.2711 0.7060 0.6543
vn -0.1656 0.7059 0.6887
vn -0.1650 0.7060 0.6887
vn -0.0555 0.7059 0.7061
vn -0.0557 0.7060 0.7060
vn -0.9997 0.0250 -0.0000
vn -0.9969 0.0784 -0.0033
vn -0.9946 0.1034 -0.0000
vn -0.9724 0.2335 -0.0000
vn -0.9724 0.2334 -0.0000
vn -0.9239 0.3826 -0.0000
vn -0.9239 0.3827 -0.0000
vn -0.8704 0.4924 -0.0000
vn -0.8526 0.5225 -0.0038
vn -0.8290 0.5592 -0.0000
vn -0.7604 0.6494 -0.0000
vn -0.7604 0.6495 -0.0000
vn -0.6494 0.7604 -0.0000
vn -0.6495 0.7604 -0.0000
vn -0.5225 0.8527 -0.0000
vn -0.5225 0.8526 -0.0000
vn -0.3827 0.9239 -0.0000
vn -0.3826 0.9239 -0.0000
vn -0.2334 0.9724 -0.0000
vn -0.2335 0.9724 -0.0000
vn -0.0785 0.9969 -0.0000
vn -0.7076 -0.0000 0.7066
vn -0.7071 -0.0000 0.7071
vn -0.7069 -0.0000 0.7073
vn -0.7068 -0.0000 0.7074
vn -0.7074 -0.0000 -0.7068
vn -0.7073 -0.0000 -0.7069
vn -0.7069 -0.0000 -0.7073
vn -0.7072 -0.0000 -0.7070
vn -0.7071 -0.0000 -0.7072
vn -0.7056 0.0560 0.7064
vn -0.7065 0.0559 0.7055
vn -0.7057 0.1653 0.6889
vn -0.7064 0.1647 0.6884
vn -0.7057 0.2713 0.6545
vn -0.7063 0.2710 0.6540
vn -0.7057 0.3704 0.6039
vn -0.7062 0.3700 0.6037
vn -0.7057 0.4599 0.5390
vn -0.7061 0.4599 0.5384
vn -0.7061 0.5385 0.4598
vn -0.7062 0.5384 0.4598
vn -0.7059 0.6039 0.3702
vn -0.7058 0.6040 0.3702
vn -0.7061 0.6542 0.2711
vn -0.7061 0.6542 0.2709
vn -0.7056 0.6890 0.1657
vn -0.7062 0.6884 0.1652
vn -0.7057 0.7063 0.0555
vn -0.7060 0.7061 0.0554
vn -0.7071 -0.7071 -0.0000
vn -0.7071 0.7071 -0.0000
vn -0.7071 0.7072 -0.0000
vn -0.0791 -0.0000 0.9969
vn -0.0783 -0.0000 0.9969
vn -0.2330 -0.0000 0.9725
vn -0.3833 -0.0000 0.9236
vn -0.3825 -0.0000 0.9240
vn -0.5230 -0.0000 0.8523
vn -0.5217 -0.0000 0.8531
vn -0.6238 -0.0140 0.7815
vn -0.6814 -0.0000 0.7319
vn -0.6499 -0.0000 0.7600
vn -0.5447 -0.0000 0.8386
vn -0.6249 -0.0000 0.7807
vn -0.6491 0.0055 0.7607
vn -0.6847 -0.0000 0.7288
vn -0.7607 -0.0000 0.6491
vn -0.7601 -0.0000 0.6498
vn -0.8524 -0.0000 0.5229
vn -0.8528 -0.0000 0.5222
vn -0.9239 -0.0000 0.3826
vn -0.9724 -0.0000 0.2335
vn -0.9969 -0.0000 0.0785
vn -0.9969 -0.0000 0.0784
s 0
f 1//1 2//1 3//1
f 3//2 2//2 4//2
f 3//3 4//3 5//3
f 5//4 4//4 6//4
f 6//5 4//5 7//5
f 6//5 7//5 8//5
f 8//6 7//6 9//6
f 8//7 9//7 10//7
f 10//8 9//8 11//8
f 10//8 11//8 12//8
f 12//9 11//9 13//9
f 12//10 13//10 14//10
f 14//11 13//11 15//11
f 14//12 15//12 16//12
f 17//13 18//13 19//13
f 19//13 18//13 20//13
f 21//14 22//14 23//14
f 21//15 24//15 25//15
f 22//16 21//16 26//16
f 21//17 25//17 26//17
f 26//18 25//18 27//18
f 26//19 27//19 28//19
f 28//20 27//20 29//20
f 28//21 29//21 30//21
f 30//22 29//22 31//22
f 30//23 31//23 32//23
f 32//24 31//24 33//24
f 32//25 33//25 34//25
f 34//26 33//26 20//26
f 34//27 20//27 18//27
f 35//28 36//28 17//28
f 17//28 36//28 37//28
f 17//28 37//28 38//28
f 38//28 39//28 17//28
f 17//28 39//28 40//28
f 17//28 40//28 41//28
f 42//28 43//28 17//28
f 17//28 43//28 44//28
f 17//29 44//29 35//29
f 41//28 45//28 17//28
f 17//28 45//28 46//28
f 17//28 46//28 18//28
f 18//28 46//28 47//28
f 18//28 47//28 48//28
f 49//30 1//30 3//30
f 5//30 50//30 3//30
f 3//30 50//30 51//30
f 3//30 51//30 49//30
f 52//31 50//31 53//31
f 53//31 50//31 16//31
f 10//31 12//31 8//31
f 8//31 12//31 6//31
f 50//31 5//31 16//31
f 16//32 5//32 6//32
f 16//31 6//31 14//31
f 14//31 6//31 12//31
f 53//31 54//31 52//31
f 52//31 54//31 55//31
f 52//31 55//31 56//31
f 56//33 55//33 57//33
f 58//34 53//34 15//34
f 15//35 53//35 16//35
f 59//36 15//36 13//36
f 59//36 13//36 60//36
f 60//37 13//37 11//37
f 60//37 11//37 61//37
f 61//38 11//38 9//38
f 61//39 9//39 62//39
f 62//40 9//40 7//40
f 62//40 7//40 63//40
f 63//41 7//41 4//41
f 63//42 4//42 64//42
f 64//43 4//43 2//43
f 64//44 2//44 65//44
f 65//45 2//45 1//45
f 65//46 1//46 66//46
f 43//47 42//47 67//47
f 67//48 42//48 68//48
f 67//49 68//49 69//49
f 69//50 68//50 70//50
f 69//51 70//51 71//51
f 71//52 70//52 66//52
f 71//53 66//53 72//53
f 72//54 66//54 1//54
f 73//55 74//55 43//55
f 43//56 74//56 75//56
f 75//57 76//57 43//57
f 43//58 76//58 77//58
f 43//55 77//55 44//55
f 44//57 77//57 78//57
f 44//57 78//57 79//57
f 43//59 67//59 73//59
f 73//60 67//60 80//60
f 73//61 80//61 81//61
f 67//62 82//62 83//62
f 83//63 82//63 84//63
f 83//62 84//62 85//62
f 83//63 86//63 67//63
f 67//64 86//64 87//64
f 67//65 87//65 80//65
f 80//63 87//63 81//63
f 88//66 89//66 90//66
f 90//67 89//67 91//67
f 90//68 91//68 92//68
f 92//69 91//69 93//69
f 92//70 93//70 94//70
f 94//71 93//71 95//71
f 94//72 95//72 96//72
f 96//72 95//72 97//72
f 96//73 97//73 98//73
f 98//73 97//73 99//73
f 98//74 99//74 100//74
f 100//74 99//74 101//74
f 100//75 101//75 102//75
f 102//76 101//76 103//76
f 102//77 103//77 104//77
f 104//78 103//78 105//78
f 104//79 105//79 106//79
f 106//80 105//80 107//80
f 106//81 107//81 108//81
f 108//81 107//81 109//81
f 108//82 109//82 110//82
f 110//82 109//82 111//82
f 110//83 111//83 112//83
f 112//83 111//83 113//83
f 112//84 113//84 114//84
f 114//85 113//85 115//85
f 114//86 115//86 116//86
f 116//87 115//87 117//87
f 116//88 117//88 118//88
f 118//88 117//88 119//88
f 118//89 119//89 120//89
f 120//89 119//89 121//89
f 120//90 121//90 122//90
f 122//91 121//91 123//91
f 122//92 123//92 124//92
f 124//92 123//92 125//92
f 124//28 125//28 126//28
f 126//28 125//28 127//28
f 126//93 127//93 128//93
f 128//93 127//93 129//93
f 128//94 129//94 130//94
f 130//95 129//95 131//95
f 130//96 131//96 132//96
f 132//97 131//97 133//97
f 132//98 133//98 134//98
f 134//99 133//99 135//99
f 134//100 135//100 136//100
f 136//101 135//101 137//101
f 136//102 137//102 138//102
f 138//103 137//103 139//103
f 138//104 139//104 140//104
f 140//105 139//105 141//105
f 140//106 141//106 142//106
f 142//107 141//107 143//107
f 142//108 143//108 144//108
f 144//108 143//108 145//108
f 144//109 145//109 146//109
f 146//110 145//110 147//110
f 146//111 147//111 148//111
f 148//112 147//112 149//112
f 148//113 149//113 150//113
f 150//114 149//114 151//114
f 150//115 151//115 152//115
f 152//116 151//116 153//116
f 152//117 153//117 154//117
f 154//118 153//118 155//118
f 154//119 155//119 156//119
f 156//120 155//120 157//120
f 156//121 157//121 158//121
f 158//122 157//122 159//122
f 158//123 159//123 160//123
f 160//124 159//124 161//124
f 160//125 161//125 88//125
f 88//126 161//126 89//126
f 162//66 163//66 164//66
f 164//67 163//67 165//67
f 164//68 165//68 166//68
f 166//68 165//68 167//68
f 166//71 167//71 168//71
f 168//127 167//127 169//127
f 168//72 169//72 170//72
f 170//72 169//72 171//72
f 170//73 171//73 172//73
f 172//73 171//73 173//73
f 172//74 173//74 174//74
f 174//74 173//74 175//74
f 174//75 175//75 176//75
f 176//76 175//76 177//76
f 176//77 177//77 178//77
f 178//78 177//78 179//78
f 178//79 179//79 180//79
f 180//80 179//80 181//80
f 180//128 181//128 182//128
f 182//128 181//128 183//128
f 182//129 183//129 184//129
f 184//129 183//129 185//129
f 184//83 185//83 186//83
f 186//83 185//83 187//83
f 186//84 187//84 188//84
f 188//85 187//85 189//85
f 188//86 189//86 190//86
f 190//87 189//87 191//87
f 190//88 191//88 192//88
f 192//88 191//88 193//88
f 192//89 193//89 194//89
f 194//89 193//89 195//89
f 194//91 195//91 196//91
f 196//130 195//130 197//130
f 196//131 197//131 198//131
f 198//131 197//131 199//131
f 198//28 199//28 200//28
f 200//28 199//28 201//28
f 200//93 201//93 202//93
f 202//93 201//93 203//93
f 202//94 203//94 204//94
f 204//95 203//95 205//95
f 204//96 205//96 206//96
f 206//97 205//97 207//97
f 206//98 207//98 208//98
f 208//99 207//99 209//99
f 208//100 209//100 210//100
f 210//101 209//101 211//101
f 210//102 211//102 212//102
f 212//103 211//103 213//103
f 212//104 213//104 214//104
f 214//105 213//105 215//105
f 214//106 215//106 216//106
f 216//107 215//107 217//107
f 216//108 217//108 218//108
f 218//108 217//108 219//108
f 218//109 219//109 220//109
f 220//110 219//110 221//110
f 220//111 221//111 222//111
f 222//112 221//112 223//112
f 222//113 223//113 224//113
f 224//114 223//114 225//114
f 224//115 225//115 226//115
f 226//116 225//116 227//116
f 226//117 227//117 228//117
f 228//118 227//118 229//118
f 228//119 229//119 230//119
f 230//120 229//120 231//120
f 230//121 231//121 232//121
f 232//122 231//122 233//122
f 232//123 233//123 234//123
f 234//124 233//124 235//124
f 234//125 235//125 162//125
f 162//132 235//132 163//132
f 236//66 237//66 238//66
f 238//67 237//67 239//67
f 238//68 239//68 240//68
f 240//69 239//69 241//69
f 240//71 241//71 242//71
f 242//127 241//127 243//127
f 242//72 243//72 244//72
f 244//72 243//72 245//72
f 244//133 245//133 246//133
f 246//133 245//133 247//133
f 246//74 247//74 248//74
f 248//74 247//74 249//74
f 248//75 249//75 250//75
f 250//76 249//76 251//76
f 250//134 251//134 252//134
f 252//135 251//135 253//135
f 252//136 253//136 254//136
f 254//136 253//136 255//136
f 254//81 255//81 256//81
f 256//81 255//81 257//81
f 256//129 257//129 258//129
f 258//129 257//129 259//129
f 258//137 259//137 260//137
f 260//137 259//137 261//137
f 260//138 261//138 262//138
f 262//138 261//138 263//138
f 262//86 263//86 264//86
f 264//87 263//87 265//87
f 264//139 265//139 266//139
f 266//139 265//139 267//139
f 266//89 267//89 268//89
f 268//89 267//89 269//89
f 268//90 269//90 270//90
f 270//91 269//91 271//91
f 270//131 271//131 272//131
f 272//131 271//131 273//131
f 272//28 273//28 274//28
f 274//28 273//28 275//28
f 274//140 275//140 276//140
f 276//140 275//140 277//140
f 276//94 277//94 278//94
f 278//95 277//95 279//95
f 278//96 279//96 280//96
f 280//97 279//97 281//97
f 280//141 281//141 282//141
f 282//142 281//142 283//142
f 282//100 283//100 284//100
f 284//101 283//101 285//101
f 284//143 285//143 286//143
f 286//143 285//143 287//143
f 286//104 287//104 288//104
f 288//105 287//105 289//105
f 288//106 289//106 290//106
f 290//107 289//107 291//107
f 290//108 291//108 292//108
f 292//108 291//108 293//108
f 292//109 293//109 294//109
f 294//110 293//110 295//110
f 294//111 295//111 296//111
f 296//112 295//112 297//112
f 296//113 297//113 298//113
f 298//114 297//114 299//114
f 298//115 299//115 300//115
f 300//116 299//116 301//116
f 300//144 301//144 302//144
f 302//145 301//145 303//145
f 302//119 303//119 304//119
f 304//120 303//120 305//120
f 304//122 305//122 306//122
f 306//146 305//146 307//146
f 306//123 307//123 308//123
f 308//124 307//124 309//124
f 308//125 309//125 236//125
f 236//132 309//132 237//132
f 310//66 311//66 312//66
f 312//67 311//67 313//67
f 312//147 313//147 314//147
f 314//69 313//69 315//69
f 314//71 315//71 316//71
f 316//71 315//71 317//71
f 316//72 317//72 318//72
f 318//72 317//72 319//72
f 318//73 319//73 320//73
f 320//73 319//73 321//73
f 320//148 321//148 322//148
f 322//149 321//149 323//149
f 322//75 323//75 324//75
f 324//76 323//76 325//76
f 324//77 325//77 326//77
f 326//77 325//77 327//77
f 326//79 327//79 328//79
f 328//80 327//80 329//80
f 328//81 329//81 330//81
f 330//81 329//81 331//81
f 330//150 331//150 332//150
f 332//150 331//150 333//150
f 332//151 333//151 334//151
f 334//152 333//152 335//152
f 334//84 335//84 336//84
f 336//85 335//85 337//85
f 336//86 337//86 338//86
f 338//87 337//87 339//87
f 338//153 339//153 340//153
f 340//139 339//139 341//139
f 340//89 341//89 342//89
f 342//154 341//154 343//154
f 342//90 343//90 344//90
f 344//90 343//90 345//90
f 344//92 345//92 346//92
f 346//155 345//155 347//155
f 346//28 347//28 348//28
f 348//28 347//28 349//28
f 348//156 349//156 350//156
f 350//93 349//93 351//93
f 350//95 351//95 352//95
f 352//95 351//95 353//95
f 352//157 353//157 354//157
f 354//97 353//97 355//97
f 354//158 355//158 356//158
f 356//158 355//158 357//158
f 356//100 357//100 358//100
f 358//101 357//101 359//101
f 358//102 359//102 360//102
f 360//103 359//103 361//103
f 360//159 361//159 362//159
f 362//159 361//159 363//159
f 362//106 363//106 364//106
f 364//107 363//107 365//107
f 364//108 365//108 366//108
f 366//108 365//108 367//108
f 366//109 367//109 368//109
f 368//110 367//110 369//110
f 368//111 369//111 370//111
f 370//112 369//112 371//112
f 370//113 371//113 372//113
f 372//114 371//114 373//114
f 372//160 373//160 374//160
f 374//160 373//160 375//160
f 374//145 375//145 376//145
f 376//145 375//145 377//145
f 376//119 377//119 378//119
f 378//120 377//120 379//120
f 378//121 379//121 380//121
f 380//146 379//146 381//146
f 380//123 381//123 382//123
f 382//123 381//123 383//123
f 382//125 383//125 310//125
f 310//126 383//126 311//126
f 384//66 385//66 386//66
f 386//67 385//67 387//67
f 386//147 387//147 388//147
f 388//68 387//68 389//68
f 388//127 389//127 390//127
f 390//127 389//127 391//127
f 390//72 391//72 392//72
f 392//72 391//72 393//72
f 392//73 393//73 394//73
f 394//73 393//73 395//73
f 394//148 395//148 396//148
f 396//149 395//149 397//149
f 396//75 397//75 398//75
f 398//76 397//76 399//76
f 398//77 399//77 400//77
f 400//77 399//77 401//77
f 400//79 401//79 402//79
f 402//80 401//80 403//80
f 402//128 403//128 404//128
f 404//128 403//128 405//128
f 404//161 405//161 406//161
f 406//161 405//161 407//161
f 406//151 407//151 408//151
f 408//152 407//152 409//152
f 408//84 409//84 410//84
f 410//85 409//85 411//85
f 410//86 411//86 412//86
f 412//87 411//87 413//87
f 412//153 413//153 414//153
f 414//139 413//139 415//139
f 414//89 415//89 416//89
f 416//154 415//154 417//154
f 416//91 417//91 418//91
f 418//91 417//91 419//91
f 418//131 419//131 420//131
f 420//155 419//155 421//155
f 420//28 421//28 422//28
f 422//28 421//28 423//28
f 422//156 423//156 424//156
f 424//93 423//93 425//93
f 424//95 425//95 426//95
f 426//95 425//95 427//95
f 426//157 427//157 428//157
f 428//97 427//97 429//97
f 428//158 429//158 430//158
f 430//158 429//158 431//158
f 430//100 431//100 432//100
f 432//101 431//101 433//101
f 432//102 433//102 434//102
f 434//103 433//103 435//103
f 434//159 435//159 436//159
f 436//159 435//159 437//159
f 436//106 437//106 438//106
f 438//107 437//107 439//107
f 438//108 439//108 440//108
f 440//108 439//108 441//108
f 440//109 441//109 442//109
f 442//110 441//110 443//110
f 442//111 443//111 444//111
f 444//112 443//112 445//112
f 444//113 445//113 446//113
f 446//114 445//114 447//114
f 446//160 447//160 448//160
f 448//160 447//160 449//160
f 448//145 449//145 450//145
f 450//145 449//145 451//145
f 450//119 451//119 452//119
f 452//120 451//120 453//120
f 452//121 453//121 454//121
f 454//146 453//146 455//146
f 454//123 455//123 456//123
f 456//123 455//123 457//123
f 456//125 457//125 384//125
f 384//132 457//132 385//132
f 458//66 459//66 460//66
f 460//67 459//67 461//67
f 460//147 461//147 462//147
f 462//69 461//69 463//69
f 462//127 463//127 464//127
f 464//127 463//127 465//127
f 464//72 465//72 466//72
f 466//72 465//72 467//72
f 466//133 467//133 468//133
f 468//133 467//133 469//133
f 468//148 469//148 470//148
f 470//149 469//149 471//149
f 470//75 471//75 472//75
f 472//76 471//76 473//76
f 472//134 473//134 474//134
f 474//162 473//162 475//162
f 474//136 475//136 476//136
f 476//136 475//136 477//136
f 476//81 477//81 478//81
f 478//81 477//81 479//81
f 478//161 479//161 480//161
f 480//161 479//161 481//161
f 480//152 481//152 482//152
f 482//137 481//137 483//137
f 482//138 483//138 484//138
f 484//138 483//138 485//138
f 484//86 485//86 486//86
f 486//87 485//87 487//87
f 486//163 487//163 488//163
f 488//164 487//164 489//164
f 488//89 489//89 490//89
f 490//154 489//154 491//154
f 490//90 491//90 492//90
f 492//90 491//90 493//90
f 492//131 493//131 494//131
f 494//155 493//155 495//155
f 494//28 495//28 496//28
f 496//28 495//28 497//28
f 496//156 497//156 498//156
f 498//140 497//140 499//140
f 498//95 499//95 500//95
f 500//95 499//95 501//95
f 500//157 501//157 502//157
f 502//97 501//97 503//97
f 502//99 503//99 504//99
f 504//99 503//99 505//99
f 504//100 505//100 506//100
f 506//101 505//101 507//101
f 506//143 507//143 508//143
f 508//143 507//143 509//143
f 508//159 509//159 510//159
f 510//159 509//159 511//159
f 510//106 511//106 512//106
f 512//107 511//107 513//107
f 512//108 513//108 514//108
f 514//108 513//108 515//108
f 514//109 515//109 516//109
f 516//110 515//110 517//110
f 516//111 517//111 518//111
f 518//112 517//112 519//112
f 518//113 519//113 520//113
f 520//114 519//114 521//114
f 520//160 521//160 522//160
f 522//160 521//160 523//160
f 522//117 523//117 524//117
f 524//117 523//117 525//117
f 524//119 525//119 526//119
f 526//120 525//120 527//120
f 526//122 527//122 528//122
f 528//165 527//165 529//165
f 528//123 529//123 530//123
f 530//123 529//123 531//123
f 530//125 531//125 458//125
f 458//132 531//132 459//132
f 532//66 533//66 534//66
f 534//67 533//67 535//67
f 534//68 535//68 536//68
f 536//69 535//69 537//69
f 536//70 537//70 538//70
f 538//71 537//71 539//71
f 538//72 539//72 540//72
f 540//72 539//72 541//72
f 540//73 541//73 542//73
f 542//73 541//73 543//73
f 542//74 543//74 544//74
f 544//74 543//74 545//74
f 544//75 545//75 546//75
f 546//76 545//76 547//76
f 546//134 547//134 548//134
f 548//135 547//135 549//135
f 548//136 549//136 550//136
f 550//136 549//136 551//136
f 550//81 551//81 552//81
f 552//81 551//81 553//81
f 552//129 553//129 554//129
f 554//129 553//129 555//129
f 554//137 555//137 556//137
f 556//137 555//137 557//137
f 556//84 557//84 558//84
f 558//85 557//85 559//85
f 558//86 559//86 560//86
f 560//87 559//87 561//87
f 560//88 561//88 562//88
f 562//88 561//88 563//88
f 562//89 563//89 564//89
f 564//89 563//89 565//89
f 564//90 565//90 566//90
f 566//91 565//91 567//91
f 566//92 567//92 568//92
f 568//92 567//92 569//92
f 568//28 569//28 570//28
f 570//28 569//28 571//28
f 570//93 571//93 572//93
f 572//93 571//93 573//93
f 572//94 573//94 574//94
f 574//95 573//95 575//95
f 574//96 575//96 576//96
f 576//97 575//97 577//97
f 576//98 577//98 578//98
f 578//99 577//99 579//99
f 578//100 579//100 580//100
f 580//101 579//101 581//101
f 580//102 581//102 582//102
f 582//103 581//103 583//103
f 582//166 583//166 584//166
f 584//104 583//104 585//104
f 584//106 585//106 586//106
f 586//107 585//107 587//107
f 586//167 587//167 588//167
f 588//167 587//167 589//167
f 588//168 589//168 590//168
f 590//169 589//169 591//169
f 590//170 591//170 592//170
f 592//171 591//171 593//171
f 592//113 593//113 594//113
f 594//114 593//114 595//114
f 594//115 595//115 596//115
f 596//116 595//116 597//116
f 596//117 597//117 598//117
f 598//118 597//118 599//118
f 598//119 599//119 600//119
f 600//120 599//120 601//120
f 600//122 601//122 602//122
f 602//146 601//146 603//146
f 602//123 603//123 604//123
f 604//123 603//123 605//123
f 604//125 605//125 532//125
f 532//126 605//126 533//126
f 606//66 607//66 608//66
f 608//67 607//67 609//67
f 608//68 609//68 610//68
f 610//69 609//69 611//69
f 610//70 611//70 612//70
f 612//71 611//71 613//71
f 612//72 613//72 614//72
f 614//72 613//72 615//72
f 614//73 615//73 616//73
f 616//73 615//73 617//73
f 616//74 617//74 618//74
f 618//74 617//74 619//74
f 618//75 619//75 620//75
f 620//76 619//76 621//76
f 620//134 621//134 622//134
f 622//135 621//135 623//135
f 622//136 623//136 624//136
f 624//136 623//136 625//136
f 624//81 625//81 626//81
f 626//81 625//81 627//81
f 626//129 627//129 628//129
f 628//129 627//129 629//129
f 628//137 629//137 630//137
f 630//137 629//137 631//137
f 630//84 631//84 632//84
f 632//85 631//85 633//85
f 632//86 633//86 634//86
f 634//87 633//87 635//87
f 634//88 635//88 636//88
f 636//88 635//88 637//88
f 636//89 637//89 638//89
f 638//89 637//89 639//89
f 638//90 639//90 640//90
f 640//91 639//91 641//91
f 640//92 641//92 642//92
f 642//92 641//92 643//92
f 642//28 643//28 644//28
f 644//28 643//28 645//28
f 644//93 645//93 646//93
f 646//93 645//93 647//93
f 646//94 647//94 648//94
f 648//95 647//95 649//95
f 648//96 649//96 650//96
f 650//97 649//97 651//97
f 650//98 651//98 652//98
f 652//99 651//99 653//99
f 652//100 653//100 654//100
f 654//101 653//101 655//101
f 654//102 655//102 656//102
f 656//103 655//103 657//103
f 656//166 657//166 658//166
f 658//104 657//104 659//104
f 658//172 659//172 660//172
f 660//173 659//173 661//173
f 660//108 661//108 662//108
f 662//108 661//108 663//108
f 662//109 663//109 664//109
f 664//110 663//110 665//110
f 664//111 665//111 666//111
f 666//112 665//112 667//112
f 666//113 667//113 668//113
f 668//114 667//114 669//114
f 668//115 669//115 670//115
f 670//116 669//116 671//116
f 670//117 671//117 672//117
f 672//118 671//118 673//118
f 672//119 673//119 674//119
f 674//120 673//120 675//120
f 674//121 675//121 676//121
f 676//122 675//122 677//122
f 676//123 677//123 678//123
f 678//124 677//124 679//124
f 678//125 679//125 606//125
f 606//132 679//132 607//132
f 680//66 681//66 682//66
f 682//67 681//67 683//67
f 682//147 683//147 684//147
f 684//69 683//69 685//69
f 684//71 685//71 686//71
f 686//71 685//71 687//71
f 686//72 687//72 688//72
f 688//72 687//72 689//72
f 688//73 689//73 690//73
f 690//73 689//73 691//73
f 690//148 691//148 692//148
f 692//149 691//149 693//149
f 692//75 693//75 694//75
f 694//76 693//76 695//76
f 694//134 695//134 696//134
f 696//162 695//162 697//162
f 696//136 697//136 698//136
f 698//136 697//136 699//136
f 698//81 699//81 700//81
f 700//81 699//81 701//81
f 700//161 701//161 702//161
f 702//161 701//161 703//161
f 702//152 703//152 704//152
f 704//137 703//137 705//137
f 704//84 705//84 706//84
f 706//85 705//85 707//85
f 706//86 707//86 708//86
f 708//87 707//87 709//87
f 708//153 709//153 710//153
f 710//139 709//139 711//139
f 710//89 711//89 712//89
f 712//154 711//154 713//154
f 712//90 713//90 714//90
f 714//90 713//90 715//90
f 714//92 715//92 716//92
f 716//155 715//155 717//155
f 716//28 717//28 718//28
f 718//28 717//28 719//28
f 718//156 719//156 720//156
f 720//93 719//93 721//93
f 720//95 721//95 722//95
f 722//95 721//95 723//95
f 722//157 723//157 724//157
f 724//97 723//97 725//97
f 724//158 725//158 726//158
f 726//158 725//158 727//158
f 726//100 727//100 728//100
f 728//101 727//101 729//101
f 728//102 729//102 730//102
f 730//103 729//103 731//103
f 730//166 731//166 732//166
f 732//174 731//174 733//174
f 732//106 733//106 734//106
f 734//107 733//107 735//107
f 734//167 735//167 736//167
f 736//167 735//167 737//167
f 736//168 737//168 738//168
f 738//169 737//169 739//169
f 738//171 739//171 740//171
f 740//171 739//171 741//171
f 740//113 741//113 742//113
f 742//114 741//114 743//114
f 742//160 743//160 744//160
f 744//160 743//160 745//160
f 744//145 745//145 746//145
f 746//145 745//145 747//145
f 746//119 747//119 748//119
f 748//120 747//120 749//120
f 748//122 749//122 750//122
f 750//165 749//165 751//165
f 750//123 751//123 752//123
f 752//175 751//175 753//175
f 752//125 753//125 680//125
f 680//126 753//126 681//126
f 754//66 755//66 756//66
f 756//67 755//67 757//67
f 756//147 757//147 758//147
f 758//69 757//69 759//69
f 758//71 759//71 760//71
f 760//71 759//71 761//71
f 760//72 761//72 762//72
f 762//72 761//72 763//72
f 762//73 763//73 764//73
f 764//73 763//73 765//73
f 764//148 765//148 766//148
f 766//149 765//149 767//149
f 766//75 767//75 768//75
f 768//76 767//76 769//76
f 768//134 769//134 770//134
f 770//162 769//162 771//162
f 770//136 771//136 772//136
f 772//136 771//136 773//136
f 772//81 773//81 774//81
f 774//81 773//81 775//81
f 774//161 775//161 776//161
f 776//161 775//161 777//161
f 776//152 777//152 778//152
f 778//137 777//137 779//137
f 778//84 779//84 780//84
f 780//85 779//85 781//85
f 780//86 781//86 782//86
f 782//87 781//87 783//87
f 782//153 783//153 784//153
f 784//139 783//139 785//139
f 784//89 785//89 786//89
f 786//154 785//154 787//154
f 786//90 787//90 788//90
f 788//90 787//90 789//90
f 788//92 789//92 790//92
f 790//155 789//155 791//155
f 790//28 791//28 792//28
f 792//28 791//28 793//28
f 792//156 793//156 794//156
f 794//93 793//93 795//93
f 794//95 795//95 796//95
f 796//95 795//95 797//95
f 796//157 797//157 798//157
f 798//97 797//97 799//97
f 798//158 799//158 800//158
f 800//158 799//158 801//158
f 800//100 801//100 802//100
f 802//101 801//101 803//101
f 802//102 803//102 804//102
f 804//103 803//103 805//103
f 804//166 805//166 806//166
f 806//174 805//174 807//174
f 806//172 807//172 808//172
f 808//173 807//173 809//173
f 808//108 809//108 810//108
f 810//108 809//108 811//108
f 810//109 811//109 812//109
f 812//110 811//110 813//110
f 812//111 813//111 814//111
f 814//112 813//112 815//112
f 814//113 815//113 816//113
f 816//114 815//114 817//114
f 816//160 817//160 818//160
f 818//160 817//160 819//160
f 818//145 819//145 820//145
f 820//145 819//145 821//145
f 820//119 821//119 822//119
f 822//120 821//120 823//120
f 822//121 823//121 824//121
f 824//146 823//146 825//146
f 824//123 825//123 826//123
f 826//123 825//123 827//123
f 826//125 827//125 754//125
f 754//132 827//132 755//132
f 828//67 829//67 830//67
f 830//66 829//66 831//66
f 830//68 831//68 832//68
f 832//68 831//68 833//68
f 832//70 833//70 834//70
f 834//71 833//71 835//71
f 834//72 835//72 836//72
f 836//176 835//176 837//176
f 836//133 837//133 838//133
f 838//73 837//73 839//73
f 838//148 839//148 840//148
f 840//149 839//149 841//149
f 840//76 841//76 842//76
f 842//76 841//76 843//76
f 842//77 843//77 844//77
f 844//77 843//77 845//77
f 844//79 845//79 846//79
f 846//80 845//80 847//80
f 846//81 847//81 848//81
f 848//81 847//81 849//81
f 848//82 849//82 850//82
f 850//150 849//150 851//150
f 850//151 851//151 852//151
f 852//152 851//152 853//152
f 852//84 853//84 854//84
f 854//85 853//85 855//85
f 854//86 855//86 856//86
f 856//87 855//87 857//87
f 856//153 857//153 858//153
f 858//139 857//139 859//139
f 858//177 859//177 860//177
f 860//154 859//154 861//154
f 860//91 861//91 862//91
f 862//90 861//90 863//90
f 862//92 863//92 864//92
f 864//92 863//92 865//92
f 864//28 865//28 866//28
f 866//28 865//28 867//28
f 866//93 867//93 868//93
f 868//93 867//93 869//93
f 868//95 869//95 870//95
f 870//94 869//94 871//94
f 870//157 871//157 872//157
f 872//157 871//157 873//157
f 872//158 873//158 874//158
f 874//158 873//158 875//158
f 874//100 875//100 876//100
f 876//101 875//101 877//101
f 876//102 877//102 878//102
f 878//103 877//103 879//103
f 878//159 879//159 880//159
f 880//159 879//159 881//159
f 880//106 881//106 882//106
f 882//107 881//107 883//107
f 882//108 883//108 884//108
f 884//108 883//108 885//108
f 884//109 885//109 886//109
f 886//110 885//110 887//110
f 886//111 887//111 888//111
f 888//112 887//112 889//112
f 888//113 889//113 890//113
f 890//114 889//114 891//114
f 890//160 891//160 892//160
f 892//160 891//160 893//160
f 892//145 893//145 894//145
f 894//145 893//145 895//145
f 894//178 895//178 896//178
f 896//120 895//120 897//120
f 896//121 897//121 898//121
f 898//122 897//122 899//122
f 898//175 899//175 900//175
f 900//124 899//124 901//124
f 900//132 901//132 828//132
f 828//125 901//125 829//125
f 902//67 903//67 904//67
f 904//179 903//179 905//179
f 904//68 905//68 906//68
f 906//147 905//147 907//147
f 906//71 907//71 908//71
f 908//127 907//127 909//127
f 908//72 909//72 910//72
f 910//176 909//176 911//176
f 910//133 911//133 912//133
f 912//73 911//73 913//73
f 912//148 913//148 914//148
f 914//149 913//149 915//149
f 914//76 915//76 916//76
f 916//76 915//76 917//76
f 916//77 917//77 918//77
f 918//77 917//77 919//77
f 918//79 919//79 920//79
f 920//80 919//80 921//80
f 920//128 921//128 922//128
f 922//128 921//128 923//128
f 922//129 923//129 924//129
f 924//161 923//161 925//161
f 924//151 925//151 926//151
f 926//152 925//152 927//152
f 926//84 927//84 928//84
f 928//85 927//85 929//85
f 928//86 929//86 930//86
f 930//87 929//87 931//87
f 930//153 931//153 932//153
f 932//139 931//139 933//139
f 932//177 933//177 934//177
f 934//154 933//154 935//154
f 934//130 935//130 936//130
f 936//91 935//91 937//91
f 936//131 937//131 938//131
f 938//131 937//131 939//131
f 938//28 939//28 940//28
f 940//28 939//28 941//28
f 940//93 941//93 942//93
f 942//93 941//93 943//93
f 942//95 943//95 944//95
f 944//94 943//94 945//94
f 944//157 945//157 946//157
f 946//157 945//157 947//157
f 946//158 947//158 948//158
f 948//158 947//158 949//158
f 948//100 949//100 950//100
f 950//101 949//101 951//101
f 950//102 951//102 952//102
f 952//103 951//103 953//103
f 952//159 953//159 954//159
f 954//159 953//159 955//159
f 954//106 955//106 956//106
f 956//107 955//107 957//107
f 956//108 957//108 958//108
f 958//108 957//108 959//108
f 958//109 959//109 960//109
f 960//110 959//110 961//110
f 960//111 961//111 962//111
f 962//112 961//112 963//112
f 962//113 963//113 964//113
f 964//114 963//114 965//114
f 964//160 965//160 966//160
f 966//160 965//160 967//160
f 966//145 967//145 968//145
f 968//145 967//145 969//145
f 968//178 969//178 970//178
f 970//120 969//120 971//120
f 970//121 971//121 972//121
f 972//122 971//122 973//122
f 972//175 973//175 974//175
f 974//124 973//124 975//124
f 974//132 975//132 902//132
f 902//125 975//125 903//125
f 976//67 977//67 978//67
f 978//66 977//66 979//66
f 978//68 979//68 980//68
f 980//68 979//68 981//68
f 980//71 981//71 982//71
f 982//127 981//127 983//127
f 982//72 983//72 984//72
f 984//176 983//176 985//176
f 984//180 985//180 986//180
f 986//133 985//133 987//133
f 986//148 987//148 988//148
f 988//149 987//149 989//149
f 988//76 989//76 990//76
f 990//76 989//76 991//76
f 990//134 991//134 992//134
f 992//162 991//162 993//162
f 992//136 993//136 994//136
f 994//136 993//136 995//136
f 994//81 995//81 996//81
f 996//81 995//81 997//81
f 996//129 997//129 998//129
f 998//161 997//161 999//161
f 998//137 999//137 1000//137
f 1000//137 999//137 1001//137
f 1000//138 1001//138 1002//138
f 1002//138 1001//138 1003//138
f 1002//86 1003//86 1004//86
f 1004//87 1003//87 1005//87
f 1004//163 1005//163 1006//163
f 1006//164 1005//164 1007//164
f 1006//177 1007//177 1008//177
f 1008//154 1007//154 1009//154
f 1008//91 1009//91 1010//91
f 1010//90 1009//90 1011//90
f 1010//131 1011//131 1012//131
f 1012//131 1011//131 1013//131
f 1012//28 1013//28 1014//28
f 1014//28 1013//28 1015//28
f 1014//140 1015//140 1016//140
f 1016//140 1015//140 1017//140
f 1016//95 1017//95 1018//95
f 1018//94 1017//94 1019//94
f 1018//157 1019//157 1020//157
f 1020//157 1019//157 1021//157
f 1020//99 1021//99 1022//99
f 1022//99 1021//99 1023//99
f 1022//100 1023//100 1024//100
f 1024//101 1023//101 1025//101
f 1024//143 1025//143 1026//143
f 1026//143 1025//143 1027//143
f 1026//159 1027//159 1028//159
f 1028//159 1027//159 1029//159
f 1028//106 1029//106 1030//106
f 1030//107 1029//107 1031//107
f 1030//108 1031//108 1032//108
f 1032//108 1031//108 1033//108
f 1032//109 1033//109 1034//109
f 1034//110 1033//110 1035//110
f 1034//111 1035//111 1036//111
f 1036//112 1035//112 1037//112
f 1036//113 1037//113 1038//113
f 1038//114 1037//114 1039//114
f 1038//160 1039//160 1040//160
f 1040//160 1039//160 1041//160
f 1040//117 1041//117 1042//117
f 1042//117 1041//117 1043//117
f 1042//178 1043//178 1044//178
f 1044//120 1043//120 1045//120
f 1044//122 1045//122 1046//122
f 1046//146 1045//146 1047//146
f 1046//175 1047//175 1048//175
f 1048//124 1047//124 1049//124
f 1048//132 1049//132 976//132
f 976//125 1049//125 977//125
f 1050//67 1051//67 1052//67
f 1052//66 1051//66 1053//66
f 1052//68 1053//68 1054//68
f 1054//68 1053//68 1055//68
f 1054//70 1055//70 1056//70
f 1056//71 1055//71 1057//71
f 1056//72 1057//72 1058//72
f 1058//176 1057//176 1059//176
f 1058//133 1059//133 1060//133
f 1060//73 1059//73 1061//73
f 1060//148 1061//148 1062//148
f 1062//149 1061//149 1063//149
f 1062//76 1063//76 1064//76
f 1064//76 1063//76 1065//76
f 1064//134 1065//134 1066//134
f 1066//162 1065//162 1067//162
f 1066//136 1067//136 1068//136
f 1068//136 1067//136 1069//136
f 1068//81 1069//81 1070//81
f 1070//81 1069//81 1071//81
f 1070//129 1071//129 1072//129
f 1072//161 1071//161 1073//161
f 1072//137 1073//137 1074//137
f 1074//137 1073//137 1075//137
f 1074//84 1075//84 1076//84
f 1076//85 1075//85 1077//85
f 1076//86 1077//86 1078//86
f 1078//87 1077//87 1079//87
f 1078//153 1079//153 1080//153
f 1080//139 1079//139 1081//139
f 1080//177 1081//177 1082//177
f 1082//154 1081//154 1083//154
f 1082//91 1083//91 1084//91
f 1084//90 1083//90 1085//90
f 1084//92 1085//92 1086//92
f 1086//92 1085//92 1087//92
f 1086//28 1087//28 1088//28
f 1088//28 1087//28 1089//28
f 1088//93 1089//93 1090//93
f 1090//93 1089//93 1091//93
f 1090//95 1091//95 1092//95
f 1092//94 1091//94 1093//94
f 1092//157 1093//157 1094//157
f 1094//157 1093//157 1095//157
f 1094//158 1095//158 1096//158
f 1096//158 1095//158 1097//158
f 1096//100 1097//100 1098//100
f 1098//101 1097//101 1099//101
f 1098//102 1099//102 1100//102
f 1100//103 1099//103 1101//103
f 1100//166 1101//166 1102//166
f 1102//104 1101//104 1103//104
f 1102//106 1103//106 1104//106
f 1104//107 1103//107 1105//107
f 1104//167 1105//167 1106//167
f 1106//167 1105//167 1107//167
f 1106//168 1107//168 1108//168
f 1108//169 1107//169 1109//169
f 1108//171 1109//171 1110//171
f 1110//171 1109//171 1111//171
f 1110//113 1111//113 1112//113
f 1112//114 1111//114 1113//114
f 1112//160 1113//160 1114//160
f 1114//160 1113//160 1115//160
f 1114//145 1115//145 1116//145
f 1116//145 1115//145 1117//145
f 1116//178 1117//178 1118//178
f 1118//120 1117//120 1119//120
f 1118//122 1119//122 1120//122
f 1120//146 1119//146 1121//146
f 1120//175 1121//175 1122//175
f 1122//123 1121//123 1123//123
f 1122//132 1123//132 1050//132
f 1050//125 1123//125 1051//125
f 1124//67 1125//67 1126//67
f 1126//179 1125//179 1127//179
f 1126//68 1127//68 1128//68
f 1128//68 1127//68 1129//68
f 1128//70 1129//70 1130//70
f 1130//71 1129//71 1131//71
f 1130//72 1131//72 1132//72
f 1132//176 1131//176 1133//176
f 1132//133 1133//133 1134//133
f 1134//73 1133//73 1135//73
f 1134//148 1135//148 1136//148
f 1136//149 1135//149 1137//149
f 1136//76 1137//76 1138//76
f 1138//76 1137//76 1139//76
f 1138//134 1139//134 1140//134
f 1140//162 1139//162 1141//162
f 1140//136 1141//136 1142//136
f 1142//136 1141//136 1143//136
f 1142//81 1143//81 1144//81
f 1144//81 1143//81 1145//81
f 1144//129 1145//129 1146//129
f 1146//161 1145//161 1147//161
f 1146//137 1147//137 1148//137
f 1148//137 1147//137 1149//137
f 1148//84 1149//84 1150//84
f 1150//85 1149//85 1151//85
f 1150//86 1151//86 1152//86
f 1152//87 1151//87 1153//87
f 1152//153 1153//153 1154//153
f 1154//139 1153//139 1155//139
f 1154//177 1155//177 1156//177
f 1156//154 1155//154 1157//154
f 1156//91 1157//91 1158//91
f 1158//90 1157//90 1159//90
f 1158//92 1159//92 1160//92
f 1160//92 1159//92 1161//92
f 1160//28 1161//28 1162//28
f 1162//28 1161//28 1163//28
f 1162//93 1163//93 1164//93
f 1164//93 1163//93 1165//93
f 1164//95 1165//95 1166//95
f 1166//94 1165//94 1167//94
f 1166//157 1167//157 1168//157
f 1168//157 1167//157 1169//157
f 1168//158 1169//158 1170//158
f 1170//158 1169//158 1171//158
f 1170//100 1171//100 1172//100
f 1172//101 1171//101 1173//101
f 1172//102 1173//102 1174//102
f 1174//103 1173//103 1175//103
f 1174//166 1175//166 1176//166
f 1176//104 1175//104 1177//104
f 1176//172 1177//172 1178//172
f 1178//173 1177//173 1179//173
f 1178//108 1179//108 1180//108
f 1180//108 1179//108 1181//108
f 1180//109 1181//109 1182//109
f 1182//110 1181//110 1183//110
f 1182//111 1183//111 1184//111
f 1184//112 1183//112 1185//112
f 1184//113 1185//113 1186//113
f 1186//114 1185//114 1187//114
f 1186//160 1187//160 1188//160
f 1188//160 1187//160 1189//160
f 1188//145 1189//145 1190//145
f 1190//145 1189//145 1191//145
f 1190//178 1191//178 1192//178
f 1192//120 1191//120 1193//120
f 1192//121 1193//121 1194//121
f 1194//122 1193//122 1195//122
f 1194//175 1195//175 1196//175
f 1196//124 1195//124 1197//124
f 1196//132 1197//132 1124//132
f 1124//125 1197//125 1125//125
f 1198//62 1199//62 1200//62
f 1200//62 1199//62 1201//62
f 1200//62 1201//62 1202//62
f 23//181 1202//181 21//181
f 21//181 1202//181 1201//181
f 21//181 1201//181 24//181
f 24//181 1201//181 1203//181
f 1203//30 19//30 24//30
f 24//30 19//30 20//30
f 24//30 20//30 25//30
f 31//182 29//182 27//182
f 25//30 20//30 27//30
f 27//183 20//183 33//183
f 27//183 33//183 31//183
f 1204//184 42//184 1205//184
f 1205//185 42//185 17//185
f 1205//186 17//186 1206//186
f 1206//185 17//185 19//185
f 1204//187 1207//187 42//187
f 42//185 1207//185 1208//185
f 42//188 1208//188 1209//188
f 1210//189 1211//189 1212//189
f 1213//190 1214//190 65//190
f 65//191 1214//191 1210//191
f 65//192 1210//192 64//192
f 65//193 66//193 1213//193
f 1213//194 66//194 70//194
f 1213//195 70//195 1215//195
f 1215//196 70//196 68//196
f 1215//197 68//197 1216//197
f 1216//198 68//198 1217//198
f 1217//199 68//199 42//199
f 1217//200 42//200 1218//200
f 1218//201 42//201 1209//201
f 1218//202 1209//202 1219//202
f 1210//203 1212//203 64//203
f 64//204 1212//204 1220//204
f 64//205 1220//205 63//205
f 63//206 1220//206 1221//206
f 63//207 1221//207 62//207
f 62//208 1221//208 1222//208
f 62//209 1222//209 61//209
f 61//210 1222//210 1223//210
f 61//211 1223//211 60//211
f 60//212 1223//212 1224//212
f 60//213 1224//213 59//213
f 1225//62 1226//62 1227//62
f 1219//62 1228//62 1218//62
f 1218//62 1228//62 1217//62
f 1228//62 1229//62 1217//62
f 1217//62 1229//62 1225//62
f 1217//62 1225//62 1230//62
f 1230//214 1225//214 1227//214
f 1217//215 1230//215 1231//215
f 1213//215 1215//215 1231//215
f 1231//215 1215//215 1216//215
f 1231//215 1216//215 1217//215
f 1232//215 1214//215 1233//215
f 1233//215 1214//215 1213//215
f 1233//215 1213//215 1234//215
f 1234//215 1213//215 1231//215
f 1235//30 1211//30 1236//30
f 1236//216 1211//216 1210//216
f 1236//217 1210//217 1232//217
f 1232//218 1210//218 1214//218
f 1212//219 1211//219 1224//219
f 1224//215 1211//215 1237//215
f 1223//215 1222//215 1221//215
f 1211//215 1235//215 1237//215
f 1237//220 1235//220 1238//220
f 1237//221 1238//221 1239//221
f 1223//215 1221//215 1224//215
f 1224//215 1221//215 1220//215
f 1224//222 1220//222 1212//222
f 1240//215 1241//215 1239//215
f 1239//215 1241//215 1242//215
f 1239//223 1242//223 1237//223
f 1243//224 59//224 1237//224
f 1237//225 59//225 1224//225
f 1244//226 47//226 1245//226
f 1245//227 47//227 46//227
f 1245//228 46//228 1246//228
f 1246//229 46//229 45//229
f 1246//230 45//230 1247//230
f 1247//231 45//231 41//231
f 1247//232 41//232 1248//232
f 1248//233 41//233 40//233
f 1248//234 40//234 1249//234
f 1249//235 40//235 39//235
f 1249//236 39//236 1250//236
f 1250//237 39//237 38//237
f 1250//238 38//238 1251//238
f 1251//239 38//239 37//239
f 1251//240 37//240 1252//240
f 1252//241 37//241 36//241
f 1252//242 36//242 1253//242
f 1253//243 36//243 35//243
f 1253//244 35//244 79//244
f 79//245 35//245 44//245
f 1254//246 1255//246 1256//246
f 1254//247 1256//247 1257//247
f 1257//248 1256//248 1258//248
f 1257//249 1258//249 1259//249
f 1259//250 1258//250 1260//250
f 1259//251 1260//251 1261//251
f 1261//252 1260//252 1262//252
f 1261//253 1262//253 1263//253
f 1263//254 1262//254 1264//254
f 1263//255 1264//255 1265//255
f 1265//256 1264//256 1266//256
f 1265//257 1266//257 1267//257
f 1267//258 1266//258 1268//258
f 1267//259 1268//259 1269//259
f 1269//260 1268//260 1270//260
f 1269//261 1270//261 1271//261
f 1271//262 1270//262 1272//262
f 1271//263 1272//263 1273//263
f 1273//264 1272//264 48//264
f 1273//264 48//264 1274//264
f 47//265 1244//265 48//265
f 48//266 1244//266 1274//266
f 1275//267 1276//267 1277//267
f 1277//268 1276//268 1278//268
f 1277//269 1278//269 1279//269
f 1279//270 1278//270 1280//270
f 1279//271 1280//271 1281//271
f 1281//271 1280//271 1282//271
f 1281//272 1282//272 1283//272
f 1283//273 1282//273 1284//273
f 1283//274 1284//274 1285//274
f 1285//274 1284//274 1286//274
f 1285//275 1286//275 1287//275
f 1287//276 1286//276 1288//276
f 1287//277 1288//277 1289//277
f 1289//278 1288//278 1290//278
f 1289//279 1290//279 1291//279
f 1291//280 1290//280 1292//280
f 1291//281 1292//281 1293//281
f 1293//281 1292//281 1294//281
f 1293//282 1294//282 1295//282
f 1295//283 1294//283 1296//283
f 1295//284 1296//284 1297//284
f 1297//284 1296//284 1298//284
f 1297//285 1298//285 1299//285
f 1299//286 1298//286 1300//286
f 1299//287 1300//287 1301//287
f 1301//288 1300//288 1302//288
f 1301//289 1302//289 1303//289
f 1303//290 1302//290 1304//290
f 1303//291 1304//291 1305//291
f 1305//292 1304//292 1306//292
f 1305//293 1306//293 1307//293
f 1307//294 1306//294 1308//294
f 1307//295 1308//295 1309//295
f 1309//296 1308//296 1310//296
f 1309//297 1310//297 1311//297
f 1311//298 1310//298 1312//298
f 1311//181 1312//181 1313//181
f 1313//181 1312//181 1314//181
f 1313//299 1314//299 1315//299
f 1315//300 1314//300 1316//300
f 1315//301 1316//301 1317//301
f 1317//302 1316//302 1318//302
f 1317//303 1318//303 1319//303
f 1319//304 1318//304 1320//304
f 1319//305 1320//305 1321//305
f 1321//305 1320//305 1322//305
f 1321//306 1322//306 1323//306
f 1323//306 1322//306 1324//306
f 1323//307 1324//307 1325//307
f 1325//308 1324//308 1326//308
f 1325//309 1326//309 1327//309
f 1327//310 1326//310 1328//310
f 1327//311 1328//311 1329//311
f 1329//311 1328//311 1330//311
f 1329//312 1330//312 1331//312
f 1331//313 1330//313 1332//313
f 1331//314 1332//314 1333//314
f 1333//315 1332//315 1334//315
f 1333//316 1334//316 1335//316
f 1335//317 1334//317 1336//317
f 1335//318 1336//318 1337//318
f 1337//319 1336//319 1338//319
f 1337//320 1338//320 1339//320
f 1339//321 1338//321 1340//321
f 1339//322 1340//322 1341//322
f 1341//322 1340//322 1342//322
f 1341//323 1342//323 1343//323
f 1343//324 1342//324 1344//324
f 1343//325 1344//325 1345//325
f 1345//326 1344//326 1346//326
f 1345//327 1346//327 1347//327
f 1347//328 1346//328 1348//328
f 1347//329 1348//329 1275//329
f 1275//329 1348//329 1276//329
f 1349//267 1350//267 1351//267
f 1351//268 1350//268 1352//268
f 1351//269 1352//269 1353//269
f 1353//270 1352//270 1354//270
f 1353//271 1354//271 1355//271
f 1355//271 1354//271 1356//271
f 1355//330 1356//330 1357//330
f 1357//331 1356//331 1358//331
f 1357//274 1358//274 1359//274
f 1359//274 1358//274 1360//274
f 1359//275 1360//275 1361//275
f 1361//276 1360//276 1362//276
f 1361//277 1362//277 1363//277
f 1363//277 1362//277 1364//277
f 1363//279 1364//279 1365//279
f 1365//280 1364//280 1366//280
f 1365//332 1366//332 1367//332
f 1367//332 1366//332 1368//332
f 1367//282 1368//282 1369//282
f 1369//283 1368//283 1370//283
f 1369//284 1370//284 1371//284
f 1371//284 1370//284 1372//284
f 1371//285 1372//285 1373//285
f 1373//333 1372//333 1374//333
f 1373//287 1374//287 1375//287
f 1375//334 1374//334 1376//334
f 1375//289 1376//289 1377//289
f 1377//290 1376//290 1378//290
f 1377//291 1378//291 1379//291
f 1379//292 1378//292 1380//292
f 1379//293 1380//293 1381//293
f 1381//294 1380//294 1382//294
f 1381//295 1382//295 1383//295
f 1383//296 1382//296 1384//296
f 1383//335 1384//335 1385//335
f 1385//298 1384//298 1386//298
f 1385//181 1386//181 1387//181
f 1387//181 1386//181 1388//181
f 1387//336 1388//336 1389//336
f 1389//300 1388//300 1390//300
f 1389//301 1390//301 1391//301
f 1391//302 1390//302 1392//302
f 1391//303 1392//303 1393//303
f 1393//304 1392//304 1394//304
f 1393//305 1394//305 1395//305
f 1395//305 1394//305 1396//305
f 1395//306 1396//306 1397//306
f 1397//306 1396//306 1398//306
f 1397//307 1398//307 1399//307
f 1399//337 1398//337 1400//337
f 1399//309 1400//309 1401//309
f 1401//338 1400//338 1402//338
f 1401//311 1402//311 1403//311
f 1403//311 1402//311 1404//311
f 1403//312 1404//312 1405//312
f 1405//313 1404//313 1406//313
f 1405//339 1406//339 1407//339
f 1407//315 1406//315 1408//315
f 1407//316 1408//316 1409//316
f 1409//317 1408//317 1410//317
f 1409//318 1410//318 1411//318
f 1411//318 1410//318 1412//318
f 1411//320 1412//320 1413//320
f 1413//321 1412//321 1414//321
f 1413//322 1414//322 1415//322
f 1415//322 1414//322 1416//322
f 1415//340 1416//340 1417//340
f 1417//341 1416//341 1418//341
f 1417//325 1418//325 1419//325
f 1419//326 1418//326 1420//326
f 1419//327 1420//327 1421//327
f 1421//328 1420//328 1422//328
f 1421//329 1422//329 1349//329
f 1349//329 1422//329 1350//329
f 1199//181 1198//181 1423//181
f 1423//181 1198//181 1424//181
f 1200//342 1202//342 22//342
f 22//342 1202//342 23//342
f 1425//343 1424//343 1264//343
f 1200//344 22//344 1198//344
f 1198//345 22//345 26//345
f 1198//346 26//346 1424//346
f 1264//347 1262//347 1425//347
f 1425//348 1262//348 1260//348
f 1425//349 1260//349 1426//349
f 1426//350 1260//350 1258//350
f 1426//351 1258//351 1427//351
f 1427//352 1258//352 1256//352
f 1427//352 1256//352 1428//352
f 1428//353 1256//353 1255//353
f 1428//354 1255//354 1429//354
f 1424//355 26//355 1264//355
f 1264//356 26//356 28//356
f 1264//357 28//357 1266//357
f 1266//358 28//358 30//358
f 1266//359 30//359 1268//359
f 1268//360 30//360 32//360
f 1268//360 32//360 1270//360
f 1270//361 32//361 34//361
f 1270//361 34//361 1272//361
f 1272//362 34//362 18//362
f 1272//363 18//363 48//363
f 1255//34 1254//34 1430//34
f 1430//35 1254//35 1431//35
f 67//31 69//31 82//31
f 82//31 69//31 71//31
f 82//31 71//31 72//31
f 1//31 49//31 72//31
f 72//31 49//31 1432//31
f 1432//31 1433//31 72//31
f 72//31 1433//31 1434//31
f 72//31 1434//31 82//31
f 51//364 1435//364 49//364
f 51//365 50//365 52//365
f 1435//366 51//366 1436//366
f 51//367 52//367 1436//367
f 1436//368 52//368 56//368
f 1436//369 56//369 1437//369
f 1437//370 56//370 57//370
f 1437//371 57//371 1438//371
f 1438//372 57//372 55//372
f 1438//373 55//373 1439//373
f 1439//374 55//374 54//374
f 1439//375 54//375 1440//375
f 1440//376 54//376 53//376
f 1440//377 53//377 58//377
f 1243//62 58//62 59//62
f 59//62 58//62 15//62
f 73//31 81//31 87//31
f 83//31 85//31 1441//31
f 625//31 1442//31 627//31
f 627//31 1442//31 1443//31
f 627//31 1443//31 629//31
f 629//31 1443//31 631//31
f 1442//31 607//31 1444//31
f 1444//378 607//378 679//378
f 1444//379 679//379 677//379
f 667//31 1444//31 669//31
f 669//31 1444//31 671//31
f 625//31 623//31 1442//31
f 1442//380 623//380 621//380
f 1442//381 621//381 619//381
f 677//31 675//31 1444//31
f 1444//382 675//382 673//382
f 1444//383 673//383 671//383
f 667//384 665//384 1444//384
f 1444//385 665//385 663//385
f 1444//31 663//31 1445//31
f 1445//386 663//386 661//386
f 661//387 659//387 1445//387
f 1445//32 659//32 657//32
f 1445//32 657//32 655//32
f 637//31 1443//31 639//31
f 639//31 1443//31 641//31
f 637//31 635//31 1443//31
f 1443//388 635//388 633//388
f 1443//389 633//389 631//389
f 619//31 617//31 1442//31
f 1442//383 617//383 615//383
f 1442//390 615//390 613//390
f 613//391 611//391 1442//391
f 1442//392 611//392 609//392
f 1442//393 609//393 607//393
f 655//31 653//31 1445//31
f 1445//383 653//383 651//383
f 1445//394 651//394 649//394
f 649//395 647//395 1445//395
f 1445//396 647//396 645//396
f 1445//383 645//383 1443//383
f 1443//397 645//397 643//397
f 1443//396 643//396 641//396
f 819//31 817//31 1446//31
f 1446//381 817//381 815//381
f 827//398 825//398 1446//398
f 815//384 813//384 1446//384
f 1446//385 813//385 811//385
f 1446//31 811//31 1444//31
f 1444//386 811//386 809//386
f 1444//391 809//391 807//391
f 825//31 823//31 1446//31
f 1446//382 823//382 821//382
f 1446//383 821//383 819//383
f 807//31 805//31 1444//31
f 1444//396 805//396 803//396
f 1444//399 803//399 801//399
f 787//31 785//31 1442//31
f 771//31 769//31 1447//31
f 769//31 767//31 1447//31
f 1447//382 767//382 765//382
f 1447//383 765//383 763//383
f 827//31 1446//31 755//31
f 755//31 1446//31 1447//31
f 755//31 1447//31 757//31
f 785//31 783//31 1442//31
f 1442//400 783//400 781//400
f 1442//32 781//32 779//32
f 779//31 777//31 1442//31
f 1442//401 777//401 775//401
f 1442//31 775//31 1447//31
f 1447//402 775//402 773//402
f 1447//403 773//403 771//403
f 801//31 799//31 1444//31
f 1444//404 799//404 797//404
f 1444//405 797//405 795//405
f 763//406 761//406 1447//406
f 1447//407 761//407 759//407
f 1447//392 759//392 757//392
f 795//31 793//31 1444//31
f 1444//402 793//402 791//402
f 1444//31 791//31 1442//31
f 1442//402 791//402 789//402
f 1442//386 789//386 787//386
f 1157//31 1155//31 1447//31
f 1187//31 1185//31 1448//31
f 1155//31 1153//31 1447//31
f 1447//400 1153//400 1151//400
f 1447//32 1151//32 1149//32
f 1141//31 1139//31 1449//31
f 1449//381 1139//381 1137//381
f 1449//380 1137//380 1135//380
f 1195//31 1193//31 1448//31
f 1185//408 1183//408 1448//408
f 1448//385 1183//385 1181//385
f 1448//31 1181//31 1446//31
f 1446//386 1181//386 1179//386
f 1446//391 1179//391 1177//391
f 1149//31 1147//31 1447//31
f 1447//401 1147//401 1145//401
f 1447//31 1145//31 1449//31
f 1449//402 1145//402 1143//402
f 1449//388 1143//388 1141//388
f 1135//31 1133//31 1449//31
f 1449//409 1133//409 1131//409
f 1449//410 1131//410 1129//410
f 1129//31 1127//31 1449//31
f 1449//395 1127//395 1125//395
f 1449//31 1125//31 1448//31
f 1448//411 1125//411 1197//411
f 1448//412 1197//412 1195//412
f 1193//31 1191//31 1448//31
f 1448//383 1191//383 1189//383
f 1448//403 1189//403 1187//403
f 1177//31 1175//31 1446//31
f 1446//396 1175//396 1173//396
f 1446//399 1173//399 1171//399
f 1171//31 1169//31 1446//31
f 1446//404 1169//404 1167//404
f 1446//405 1167//405 1165//405
f 1165//31 1163//31 1446//31
f 1446//402 1163//402 1161//402
f 1446//31 1161//31 1447//31
f 1447//402 1161//402 1159//402
f 1447//386 1159//386 1157//386
f 549//31 547//31 1450//31
f 601//31 599//31 1442//31
f 1450//413 535//413 533//413
f 601//31 1442//31 603//31
f 547//31 545//31 1450//31
f 1450//382 545//382 543//382
f 1450//383 543//383 541//383
f 1450//31 533//31 1442//31
f 1442//384 533//384 605//384
f 1442//382 605//382 603//382
f 599//31 597//31 1442//31
f 1442//378 597//378 595//378
f 1442//381 595//381 593//381
f 563//31 1451//31 565//31
f 565//31 1451//31 567//31
f 563//31 561//31 1451//31
f 1451//388 561//388 559//388
f 1451//389 559//389 557//389
f 557//31 555//31 1451//31
f 1451//401 555//401 553//401
f 1451//31 553//31 1450//31
f 1450//402 553//402 551//402
f 1450//403 551//403 549//403
f 593//414 591//414 1442//414
f 1442//381 591//381 589//381
f 1442//31 589//31 1443//31
f 1443//415 589//415 587//415
f 1443//401 587//401 585//401
f 579//31 577//31 1443//31
f 1443//382 577//382 575//382
f 575//405 573//405 1443//405
f 1443//396 573//396 571//396
f 1443//31 571//31 1451//31
f 1451//397 571//397 569//397
f 1451//396 569//396 567//396
f 541//406 539//406 1450//406
f 1450//407 539//407 537//407
f 1450//392 537//392 535//392
f 585//31 583//31 1443//31
f 1443//416 583//416 581//416
f 1443//386 581//386 579//386
f 747//31 1447//31 749//31
f 749//31 1447//31 751//31
f 709//31 707//31 1450//31
f 1450//31 701//31 1452//31
f 1452//402 701//402 699//402
f 1452//403 699//403 697//403
f 697//31 695//31 1452//31
f 1452//381 695//381 693//381
f 1452//382 693//382 691//382
f 707//31 705//31 1450//31
f 1450//417 705//417 703//417
f 1450//401 703//401 701//401
f 747//31 745//31 1447//31
f 1447//378 745//378 743//378
f 1447//381 743//381 741//381
f 691//31 689//31 1452//31
f 1452//390 689//390 687//390
f 1452//407 687//407 685//407
f 685//31 683//31 1452//31
f 1452//413 683//413 681//413
f 1452//31 681//31 1447//31
f 1447//384 681//384 753//384
f 1447//382 753//382 751//382
f 741//414 739//414 1447//414
f 1447//381 739//381 737//381
f 1447//31 737//31 1442//31
f 1442//415 737//415 735//415
f 735//31 733//31 1442//31
f 1442//389 733//389 731//389
f 1442//418 731//418 729//418
f 729//409 727//409 1442//409
f 1442//383 727//383 725//383
f 1442//380 725//380 723//380
f 715//31 713//31 1450//31
f 1450//380 713//380 711//380
f 1450//383 711//383 709//383
f 723//419 721//419 1442//419
f 1442//402 721//402 719//402
f 1442//31 719//31 1450//31
f 1450//420 719//420 717//420
f 1450//402 717//402 715//402
f 1067//31 1065//31 1453//31
f 1123//421 1449//421 1051//421
f 1051//31 1449//31 1453//31
f 1051//31 1453//31 1053//31
f 1123//31 1121//31 1449//31
f 1449//385 1121//385 1119//385
f 1449//382 1119//382 1117//382
f 1065//31 1063//31 1453//31
f 1453//380 1063//380 1061//380
f 1453//383 1061//383 1059//383
f 1117//31 1115//31 1449//31
f 1449//378 1115//378 1113//378
f 1449//381 1113//381 1111//381
f 1085//31 1083//31 1452//31
f 1059//404 1057//404 1453//404
f 1453//410 1057//410 1055//410
f 1453//401 1055//401 1053//401
f 1452//31 1071//31 1453//31
f 1453//402 1071//402 1069//402
f 1453//388 1069//388 1067//388
f 1111//414 1109//414 1449//414
f 1449//381 1109//381 1107//381
f 1449//31 1107//31 1447//31
f 1447//415 1107//415 1105//415
f 1105//31 1103//31 1447//31
f 1447//389 1103//389 1101//389
f 1447//418 1101//418 1099//418
f 1099//409 1097//409 1447//409
f 1447//383 1097//383 1095//383
f 1447//380 1095//380 1093//380
f 1083//31 1081//31 1452//31
f 1452//383 1081//383 1079//383
f 1452//400 1079//400 1077//400
f 1077//31 1075//31 1452//31
f 1452//417 1075//417 1073//417
f 1452//401 1073//401 1071//401
f 1093//419 1091//419 1447//419
f 1447//402 1091//402 1089//402
f 1447//31 1089//31 1452//31
f 1452//420 1089//420 1087//420
f 1452//402 1087//402 1085//402
f 253//31 251//31 1454//31
f 1450//413 237//413 309//413
f 279//31 277//31 1451//31
f 1451//407 277//407 275//407
f 1451//31 275//31 1455//31
f 1455//382 275//382 273//382
f 309//31 307//31 1450//31
f 1450//385 307//385 305//385
f 1450//382 305//382 303//382
f 303//409 301//409 1450//409
f 1450//382 301//382 299//382
f 1450//381 299//381 297//381
f 251//31 249//31 1454//31
f 1454//382 249//382 247//382
f 1454//378 247//378 245//378
f 273//391 271//391 1455//391
f 1455//402 271//402 269//402
f 1455//382 269//382 267//382
f 267//31 265//31 1455//31
f 1455//386 265//386 263//386
f 1455//385 263//385 261//385
f 261//31 259//31 1455//31
f 1455//401 259//401 257//401
f 1455//31 257//31 1454//31
f 1454//402 257//402 255//402
f 1454//403 255//403 253//403
f 245//31 243//31 1454//31
f 1454//385 243//385 241//385
f 1454//392 241//392 239//392
f 291//31 1451//31 293//31
f 293//31 1451//31 1450//31
f 293//31 1450//31 295//31
f 295//31 1450//31 297//31
f 291//31 289//31 1451//31
f 1451//417 289//417 287//417
f 1451//385 287//385 285//385
f 285//394 283//394 1451//394
f 1451//422 283//422 281//422
f 1451//382 281//382 279//382
f 529//31 527//31 1452//31
f 1452//382 527//382 525//382
f 1454//31 479//31 1456//31
f 1456//402 479//402 477//402
f 1456//403 477//403 475//403
f 475//31 473//31 1456//31
f 1456//381 473//381 471//381
f 1456//382 471//382 469//382
f 525//409 523//409 1452//409
f 1452//382 523//382 521//382
f 1452//381 521//381 519//381
f 511//31 509//31 1450//31
f 1450//423 509//423 507//423
f 1450//424 507//424 505//424
f 485//414 483//414 1454//414
f 1454//417 483//417 481//417
f 1454//401 481//401 479//401
f 469//409 467//409 1456//409
f 1456//382 467//382 465//382
f 1456//385 465//385 463//385
f 463//31 461//31 1456//31
f 1456//413 461//413 459//413
f 1456//31 459//31 1452//31
f 1452//413 459//413 531//413
f 1452//392 531//392 529//392
f 519//31 517//31 1452//31
f 1452//403 517//403 515//403
f 1452//31 515//31 1450//31
f 1450//402 515//402 513//402
f 1450//401 513//401 511//401
f 505//31 503//31 1450//31
f 1450//380 503//380 501//380
f 1450//386 501//386 499//386
f 499//425 497//425 1450//425
f 1450//31 497//31 1454//31
f 1450//31 1454//31 237//31
f 237//31 1454//31 239//31
f 497//31 495//31 1454//31
f 1454//426 495//426 493//426
f 1454//386 493//386 491//386
f 491//31 489//31 1454//31
f 1454//382 489//382 487//382
f 1454//424 487//424 485//424
f 993//31 991//31 1457//31
f 1049//31 1453//31 977//31
f 977//31 1453//31 1457//31
f 977//31 1457//31 979//31
f 1025//414 1452//414 1027//414
f 1027//31 1452//31 1029//31
f 991//31 989//31 1457//31
f 1457//380 989//380 987//380
f 1457//427 987//427 985//427
f 985//31 983//31 1457//31
f 1457//385 983//385 981//385
f 1457//401 981//401 979//401
f 1049//31 1047//31 1453//31
f 1453//385 1047//385 1045//385
f 1453//382 1045//382 1043//382
f 1456//423 1003//423 1001//423
f 1043//428 1041//428 1453//428
f 1453//380 1041//380 1039//380
f 1453//381 1039//381 1037//381
f 1037//31 1035//31 1453//31
f 1453//388 1035//388 1033//388
f 1453//31 1033//31 1452//31
f 1452//402 1033//402 1031//402
f 1452//401 1031//401 1029//401
f 1025//409 1023//409 1452//409
f 1452//382 1023//382 1021//382
f 1452//380 1021//380 1019//380
f 1456//386 1011//386 1009//386
f 1001//31 999//31 1456//31
f 1456//401 999//401 997//401
f 1456//31 997//31 1457//31
f 1457//402 997//402 995//402
f 1457//388 995//388 993//388
f 1019//31 1017//31 1452//31
f 1452//426 1017//426 1015//426
f 1452//31 1015//31 1456//31
f 1456//400 1015//400 1013//400
f 1456//426 1013//426 1011//426
f 1009//31 1007//31 1456//31
f 1456//382 1007//382 1005//382
f 1456//424 1005//424 1003//424
f 187//31 185//31 1458//31
f 183//31 181//31 1459//31
f 1459//31 163//31 1454//31
f 1454//413 163//413 235//413
f 1454//392 235//392 233//392
f 223//31 1454//31 225//31
f 225//31 1454//31 227//31
f 181//31 179//31 1459//31
f 1459//423 179//423 177//423
f 1459//381 177//381 175//381
f 233//391 231//391 1454//391
f 1454//390 231//390 229//390
f 1454//383 229//383 227//383
f 223//31 221//31 1454//31
f 1454//403 221//403 219//403
f 1454//31 219//31 1455//31
f 1455//402 219//402 217//402
f 217//31 215//31 1455//31
f 1455//417 215//417 213//417
f 1455//389 213//389 211//389
f 193//31 1458//31 195//31
f 195//31 1458//31 197//31
f 193//31 191//31 1458//31
f 1458//386 191//386 189//386
f 1458//416 189//416 187//416
f 175//390 173//390 1459//390
f 1459//383 173//383 171//383
f 1459//382 171//382 169//382
f 169//31 167//31 1459//31
f 1459//382 167//382 165//382
f 1459//384 165//384 163//384
f 211//31 209//31 1455//31
f 1455//383 209//383 207//383
f 1455//382 207//382 205//382
f 205//31 203//31 1455//31
f 1455//396 203//396 201//396
f 1455//381 201//381 1458//381
f 1458//32 201//32 199//32
f 1458//407 199//407 197//407
f 405//31 403//31 1460//31
f 449//31 447//31 1456//31
f 1456//381 447//381 445//381
f 433//31 1454//31 435//31
f 435//31 1454//31 437//31
f 457//31 455//31 1456//31
f 445//31 443//31 1456//31
f 1456//403 443//403 441//403
f 1456//31 441//31 1454//31
f 1454//402 441//402 439//402
f 1454//401 439//401 437//401
f 413//409 411//409 1459//409
f 1459//418 411//418 409//418
f 1459//389 409//389 407//389
f 455//391 453//391 1456//391
f 1456//390 453//390 451//390
f 1456//383 451//383 449//383
f 397//390 395//390 1460//390
f 1460//383 395//383 393//383
f 457//31 1456//31 385//31
f 385//31 1456//31 1460//31
f 385//429 1460//429 387//429
f 403//31 401//31 1460//31
f 1460//423 401//423 399//423
f 1460//381 399//381 397//381
f 433//31 431//31 1454//31
f 1454//383 431//383 429//383
f 1454//380 429//380 427//380
f 393//31 391//31 1460//31
f 1460//385 391//385 389//385
f 1460//382 389//382 387//382
f 427//31 425//31 1454//31
f 1454//402 425//402 423//402
f 1454//381 423//381 1459//381
f 1459//402 423//402 421//402
f 1459//426 421//426 419//426
f 419//31 417//31 1459//31
f 1459//380 417//380 415//380
f 1459//383 415//383 413//383
f 923//31 921//31 1461//31
f 915//409 913//409 1461//409
f 931//409 929//409 1460//409
f 1460//418 929//418 927//418
f 1460//389 927//389 925//389
f 965//31 963//31 1457//31
f 973//419 971//419 1457//419
f 957//31 1456//31 959//31
f 959//31 1456//31 1457//31
f 959//31 1457//31 961//31
f 961//31 1457//31 963//31
f 957//31 955//31 1456//31
f 1456//417 955//417 953//417
f 1456//32 953//32 951//32
f 921//31 919//31 1461//31
f 1461//423 919//423 917//423
f 1461//381 917//381 915//381
f 913//31 911//31 1461//31
f 1461//382 911//382 909//382
f 1461//385 909//385 907//385
f 907//31 905//31 1461//31
f 1461//430 905//430 903//430
f 1461//31 903//31 1457//31
f 1457//394 903//394 975//394
f 1457//401 975//401 973//401
f 971//404 969//404 1457//404
f 1457//383 969//383 967//383
f 1457//380 967//380 965//380
f 951//31 949//31 1456//31
f 1456//383 949//383 947//383
f 1456//380 947//380 945//380
f 945//31 943//31 1456//31
f 1456//402 943//402 941//402
f 1456//381 941//381 1460//381
f 1460//402 941//402 939//402
f 1460//426 939//426 937//426
f 937//31 935//31 1460//31
f 1460//380 935//380 933//380
f 1460//383 933//383 931//383
f 159//391 157//391 1459//391
f 1459//390 157//390 155//390
f 1459//383 155//383 153//383
f 153//31 151//31 1459//31
f 1459//381 151//381 149//381
f 1459//380 149//380 147//380
f 159//31 1459//31 161//31
f 161//31 1459//31 1462//31
f 161//31 1462//31 89//31
f 147//31 145//31 1459//31
f 1459//31 145//31 1458//31
f 1459//31 1458//31 183//31
f 183//31 1458//31 185//31
f 1463//415 119//415 117//415
f 117//380 115//380 1463//380
f 1463//389 115//389 113//389
f 1463//380 113//380 111//380
f 1462//417 103//417 101//417
f 101//31 99//31 1462//31
f 1462//415 99//415 97//415
f 1462//396 97//396 95//396
f 111//431 109//431 1463//431
f 1463//380 109//380 107//380
f 1463//31 107//31 1462//31
f 1462//380 107//380 105//380
f 1462//402 105//402 103//402
f 95//31 93//31 1462//31
f 1462//431 93//431 91//431
f 1462//423 91//423 89//423
f 145//31 143//31 1458//31
f 1458//401 143//401 141//401
f 1458//417 141//417 139//417
f 139//31 137//31 1458//31
f 1458//388 137//388 135//388
f 1458//383 135//383 133//383
f 133//31 131//31 1458//31
f 1458//402 131//402 129//402
f 1458//31 129//31 1463//31
f 1463//401 129//401 127//401
f 1463//32 127//32 125//32
f 125//31 123//31 1463//31
f 1463//382 123//382 121//382
f 1463//415 121//415 119//415
f 371//31 369//31 1460//31
f 371//31 1460//31 373//31
f 325//31 323//31 1464//31
f 1464//380 323//380 321//380
f 1464//415 321//415 319//415
f 319//31 317//31 1464//31
f 1464//422 317//422 315//422
f 1464//431 315//431 313//431
f 313//31 311//31 1464//31
f 1464//32 311//32 383//32
f 1464//31 383//31 1460//31
f 1460//392 383//392 381//392
f 1460//407 381//407 379//407
f 379//406 377//406 1460//406
f 1460//383 377//383 375//383
f 1460//382 375//382 373//382
f 369//31 367//31 1460//31
f 1460//31 367//31 1459//31
f 1460//31 1459//31 405//31
f 405//31 1459//31 407//31
f 367//31 365//31 1459//31
f 1459//401 365//401 363//401
f 1459//417 363//417 361//417
f 339//388 337//388 1462//388
f 1462//32 337//32 335//32
f 1462//388 335//388 333//388
f 333//432 331//432 1462//432
f 1462//380 331//380 329//380
f 1462//31 329//31 1464//31
f 1464//380 329//380 327//380
f 1464//402 327//402 325//402
f 361//31 359//31 1459//31
f 1459//400 359//400 357//400
f 1459//383 357//383 355//383
f 347//31 345//31 1462//31
f 345//433 343//433 1462//433
f 1462//389 343//389 341//389
f 1462//389 341//389 339//389
f 355//31 353//31 1459//31
f 1459//386 353//386 351//386
f 1459//31 351//31 1462//31
f 1462//413 351//413 349//413
f 1462//402 349//402 347//402
f 843//31 841//31 1465//31
f 1465//403 841//403 839//403
f 1465//415 839//415 837//415
f 893//31 1461//31 895//31
f 895//404 1461//404 897//404
f 893//31 891//31 1461//31
f 1461//381 891//381 889//381
f 1461//380 889//380 887//380
f 837//31 835//31 1465//31
f 1465//382 835//382 833//382
f 1465//386 833//386 831//386
f 857//388 855//388 1464//388
f 1464//32 855//32 853//32
f 1464//388 853//388 851//388
f 851//432 849//432 1464//432
f 1464//380 849//380 847//380
f 1464//31 847//31 1465//31
f 1465//380 847//380 845//380
f 1465//402 845//402 843//402
f 831//31 829//31 1465//31
f 1465//392 829//392 901//392
f 1465//31 901//31 1461//31
f 1461//401 901//401 899//401
f 1461//410 899//410 897//410
f 887//31 885//31 1461//31
f 1461//31 885//31 1460//31
f 1461//31 1460//31 923//31
f 923//31 1460//31 925//31
f 885//31 883//31 1460//31
f 1460//401 883//401 881//401
f 1460//417 881//417 879//417
f 879//31 877//31 1460//31
f 1460//400 877//400 875//400
f 1460//383 875//383 873//383
f 865//31 863//31 1464//31
f 863//433 861//433 1464//433
f 1464//389 861//389 859//389
f 1464//389 859//389 857//389
f 873//31 871//31 1460//31
f 1460//386 871//386 869//386
f 1460//31 869//31 1464//31
f 1464//413 869//413 867//413
f 1464//402 867//402 865//402
f 1448//31 79//31 1449//31
f 1449//31 79//31 78//31
f 1449//31 78//31 1453//31
f 1453//31 78//31 77//31
f 1453//31 77//31 1457//31
f 1457//31 77//31 76//31
f 1457//31 76//31 1461//31
f 1461//31 76//31 75//31
f 1461//31 75//31 1465//31
f 1465//31 75//31 74//31
f 1465//31 74//31 73//31
f 73//31 87//31 1465//31
f 1465//31 87//31 86//31
f 1465//31 86//31 1464//31
f 1464//31 86//31 83//31
f 1464//31 83//31 1462//31
f 1462//31 83//31 1441//31
f 1462//31 1441//31 1463//31
f 82//434 1466//434 84//434
f 84//435 1466//435 1441//435
f 84//436 1441//436 85//436
f 640//215 642//215 1467//215
f 652//215 654//215 1468//215
f 1468//437 654//437 656//437
f 628//215 630//215 1467//215
f 1467//438 630//438 632//438
f 1467//439 632//439 634//439
f 644//440 646//440 1468//440
f 662//215 1469//215 660//215
f 660//215 1469//215 1468//215
f 660//215 1468//215 658//215
f 658//215 1468//215 656//215
f 634//215 636//215 1467//215
f 1467//221 636//221 638//221
f 1467//438 638//438 640//438
f 646//215 648//215 1468//215
f 1468//441 648//441 650//441
f 1468//442 650//442 652//442
f 618//215 620//215 1470//215
f 642//443 644//443 1467//443
f 1467//444 644//444 1468//444
f 1467//222 1468//222 1471//222
f 1471//445 1468//445 1472//445
f 1471//215 1472//215 1473//215
f 1473//215 1472//215 1474//215
f 618//215 1470//215 616//215
f 620//446 622//446 1470//446
f 1470//447 622//447 624//447
f 1470//215 624//215 1467//215
f 1467//448 624//448 626//448
f 1467//449 626//449 628//449
f 662//450 664//450 1469//450
f 1469//451 664//451 666//451
f 1469//444 666//444 668//444
f 668//215 670//215 1469//215
f 1469//452 670//452 672//452
f 1469//453 672//453 674//453
f 606//215 608//215 1470//215
f 1470//454 608//454 610//454
f 610//215 612//215 1470//215
f 1470//455 612//455 614//455
f 1470//444 614//444 616//444
f 674//215 676//215 1469//215
f 1469//456 676//456 678//456
f 1469//457 678//457 606//457
f 800//215 802//215 1469//215
f 1469//455 802//455 804//455
f 778//215 780//215 1470//215
f 606//222 1470//222 1469//222
f 1469//451 1470//451 792//451
f 1469//440 792//440 794//440
f 794//215 796//215 1469//215
f 1469//458 796//458 798//458
f 1469//459 798//459 800//459
f 780//215 782//215 1470//215
f 1470//455 782//455 784//455
f 1470//453 784//453 786//453
f 772//460 774//460 1470//460
f 1470//449 774//449 776//449
f 1470//437 776//437 778//437
f 786//215 788//215 1470//215
f 1470//461 788//461 790//461
f 1470//462 790//462 792//462
f 804//215 806//215 1469//215
f 1469//445 806//445 808//445
f 1469//215 808//215 1475//215
f 1475//463 808//463 810//463
f 1475//464 810//464 812//464
f 812//215 814//215 1475//215
f 1475//444 814//444 816//444
f 1475//465 816//465 818//465
f 818//466 820//466 1475//466
f 1475//453 820//453 822//453
f 1475//467 822//467 824//467
f 1476//451 764//451 766//451
f 824//215 826//215 1475//215
f 1475//457 826//457 754//457
f 1475//468 754//468 1476//468
f 1476//451 754//451 756//451
f 1476//454 756//454 758//454
f 758//215 760//215 1476//215
f 1476//455 760//455 762//455
f 1476//444 762//444 764//444
f 766//215 768//215 1476//215
f 1476//458 768//458 770//458
f 1476//447 770//447 772//447
f 1146//215 1148//215 1476//215
f 1476//449 1148//449 1150//449
f 1476//439 1150//439 1152//439
f 1475//458 1166//458 1168//458
f 1152//215 1154//215 1476//215
f 1476//453 1154//453 1156//453
f 1476//465 1156//465 1158//465
f 1158//215 1160//215 1476//215
f 1476//462 1160//462 1162//462
f 1476//221 1162//221 1475//221
f 1475//440 1162//440 1164//440
f 1475//469 1164//469 1166//469
f 1168//470 1170//470 1475//470
f 1475//215 1170//215 1172//215
f 1475//455 1172//455 1174//455
f 1174//215 1176//215 1475//215
f 1475//445 1176//445 1178//445
f 1475//215 1178//215 1477//215
f 1477//463 1178//463 1180//463
f 1477//464 1180//464 1182//464
f 1182//215 1184//215 1477//215
f 1477//444 1184//444 1186//444
f 1477//465 1186//465 1188//465
f 1478//451 1136//451 1138//451
f 1128//215 1130//215 1478//215
f 1138//446 1140//446 1478//446
f 1478//447 1140//447 1142//447
f 1478//215 1142//215 1476//215
f 1476//448 1142//448 1144//448
f 1476//449 1144//449 1146//449
f 1188//219 1190//219 1477//219
f 1477//453 1190//453 1192//453
f 1477//471 1192//471 1194//471
f 1194//215 1196//215 1477//215
f 1477//472 1196//472 1124//472
f 1477//468 1124//468 1478//468
f 1478//221 1124//221 1126//221
f 1478//473 1126//473 1128//473
f 1130//215 1132//215 1478//215
f 1478//444 1132//444 1134//444
f 1478//451 1134//451 1136//451
f 19//215 1203//215 1201//215
f 1201//215 1199//215 19//215
f 19//474 1199//474 1423//474
f 19//475 1423//475 1206//475
f 1219//215 1209//215 1228//215
f 1228//215 1209//215 1479//215
f 1228//215 1479//215 1229//215
f 1229//215 1479//215 1480//215
f 1229//215 1480//215 1225//215
f 1225//215 1480//215 1481//215
f 130//215 132//215 1482//215
f 1483//458 146//458 148//458
f 88//215 90//215 1481//215
f 120//215 122//215 1484//215
f 132//215 134//215 1482//215
f 1482//439 134//439 136//439
f 1482//438 136//438 138//438
f 138//215 140//215 1482//215
f 1482//449 140//449 142//449
f 1482//215 142//215 1483//215
f 1483//459 142//459 144//459
f 1483//447 144//447 146//447
f 96//215 98//215 1481//215
f 1481//453 104//453 106//453
f 122//215 124//215 1484//215
f 1484//463 124//463 126//463
f 1484//439 126//439 1482//439
f 1482//456 126//456 128//456
f 1482//438 128//438 130//438
f 148//215 150//215 1483//215
f 1483//451 150//451 152//451
f 1483//444 152//444 154//444
f 1226//215 1225//215 1485//215
f 1485//215 1225//215 1481//215
f 1485//215 1481//215 1484//215
f 1484//215 1481//215 106//215
f 1484//468 106//468 108//468
f 108//215 110//215 1484//215
f 1484//468 110//468 112//468
f 1484//476 112//476 114//476
f 98//215 100//215 1481//215
f 1481//215 100//215 102//215
f 1481//439 102//439 104//439
f 154//215 156//215 1483//215
f 1483//453 156//453 158//453
f 1483//215 158//215 1481//215
f 1481//477 158//477 160//477
f 1481//478 160//478 88//478
f 90//479 92//479 1481//479
f 1481//475 92//475 94//475
f 1481//465 94//465 96//465
f 114//215 116//215 1484//215
f 1484//223 116//223 118//223
f 1484//437 118//437 120//437
f 1486//458 368//458 370//458
f 352//215 354//215 1483//215
f 322//215 324//215 1480//215
f 324//215 326//215 1480//215
f 1480//453 326//453 328//453
f 1480//215 328//215 1481//215
f 1481//468 328//468 330//468
f 1481//476 330//476 332//476
f 332//215 334//215 1481//215
f 1481//444 334//444 336//444
f 1481//453 336//453 338//453
f 338//445 340//445 1481//445
f 1481//475 340//475 342//475
f 1481//223 342//223 344//223
f 354//215 356//215 1483//215
f 1483//439 356//439 358//439
f 1483//449 358//449 360//449
f 360//215 362//215 1483//215
f 1483//449 362//449 364//449
f 1483//215 364//215 1486//215
f 1486//459 364//459 366//459
f 1486//447 366//447 368//447
f 370//215 372//215 1486//215
f 1486//451 372//451 374//451
f 1486//444 374//444 376//444
f 310//215 312//215 1480//215
f 1480//455 312//455 314//455
f 1480//475 314//475 316//475
f 344//215 346//215 1481//215
f 1481//459 346//459 348//459
f 1481//468 348//468 1483//468
f 1483//461 348//461 350//461
f 1483//465 350//465 352//465
f 316//445 318//445 1480//445
f 1480//453 318//453 320//453
f 1480//444 320//444 322//444
f 376//215 378//215 1486//215
f 1486//453 378//453 380//453
f 1486//215 380//215 1480//215
f 1480//477 380//477 382//477
f 1480//478 382//478 310//478
f 1487//458 886//458 888//458
f 870//215 872//215 1486//215
f 840//215 842//215 1479//215
f 842//215 844//215 1479//215
f 1479//453 844//453 846//453
f 1479//215 846//215 1480//215
f 1480//468 846//468 848//468
f 1480//476 848//476 850//476
f 850//215 852//215 1480//215
f 1480//444 852//444 854//444
f 1480//453 854//453 856//453
f 872//215 874//215 1486//215
f 1486//439 874//439 876//439
f 1486//449 876//449 878//449
f 878//215 880//215 1486//215
f 1486//449 880//449 882//449
f 1486//215 882//215 1487//215
f 1487//459 882//459 884//459
f 1487//447 884//447 886//447
f 856//445 858//445 1480//445
f 1480//475 858//475 860//475
f 1480//223 860//223 862//223
f 888//215 890//215 1487//215
f 1487//451 890//451 892//451
f 1487//444 892//444 894//444
f 834//464 836//464 1479//464
f 1479//453 836//453 838//453
f 1479//444 838//444 840//444
f 862//215 864//215 1480//215
f 1480//459 864//459 866//459
f 1480//468 866//468 1486//468
f 1486//461 866//461 868//461
f 1486//465 868//465 870//465
f 828//215 830//215 1479//215
f 1479//480 830//480 832//480
f 1479//463 832//463 834//463
f 894//215 896//215 1487//215
f 1487//437 896//437 898//437
f 1487//215 898//215 1479//215
f 1479//481 898//481 900//481
f 1479//482 900//482 828//482
f 208//215 210//215 1488//215
f 1488//438 210//438 212//438
f 188//442 1482//442 186//442
f 186//215 1482//215 184//215
f 188//215 190//215 1482//215
f 1482//441 190//441 192//441
f 1482//221 192//221 194//221
f 202//215 204//215 1488//215
f 1488//221 204//221 206//221
f 1488//437 206//437 208//437
f 174//215 176//215 1483//215
f 194//215 196//215 1482//215
f 1482//468 196//468 198//468
f 1482//215 198//215 1488//215
f 1488//473 198//473 200//473
f 1488//456 200//456 202//456
f 174//215 1483//215 172//215
f 176//215 178//215 1483//215
f 1483//475 178//475 180//475
f 1483//215 180//215 1482//215
f 1482//455 180//455 182//455
f 1482//449 182//449 184//449
f 212//215 214//215 1488//215
f 1488//449 214//449 216//449
f 1488//215 216//215 1489//215
f 1489//459 216//459 218//459
f 1489//447 218//447 220//447
f 220//446 222//446 1489//446
f 1489//444 222//444 224//444
f 1489//451 224//451 226//451
f 226//215 228//215 1489//215
f 1489//455 228//455 230//455
f 1489//453 230//453 232//453
f 232//483 234//483 1489//483
f 1489//484 234//484 162//484
f 1489//215 162//215 1483//215
f 1483//451 162//451 164//451
f 1483//223 164//223 166//223
f 166//485 168//485 1483//485
f 1483//471 168//471 170//471
f 1483//444 170//444 172//444
f 430//215 432//215 1489//215
f 1489//449 432//449 434//449
f 410//459 1483//459 408//459
f 408//215 1483//215 406//215
f 424//215 426//215 1489//215
f 1489//453 426//453 428//453
f 1489//455 428//455 430//455
f 410//215 412//215 1483//215
f 1483//458 412//458 414//458
f 1483//453 414//453 416//453
f 416//215 418//215 1483//215
f 1483//447 418//447 420//447
f 1483//215 420//215 1489//215
f 1489//462 420//462 422//462
f 1489//461 422//461 424//461
f 434//215 436//215 1489//215
f 1489//449 436//449 438//449
f 1489//215 438//215 1490//215
f 1490//459 438//459 440//459
f 1490//447 440//447 442//447
f 442//446 444//446 1490//446
f 1490//444 444//444 446//444
f 1490//451 446//451 448//451
f 448//215 450//215 1490//215
f 1490//455 450//455 452//455
f 1490//453 452//453 454//453
f 454//483 456//483 1490//483
f 1490//484 456//484 384//484
f 1490//215 384//215 1486//215
f 1486//451 384//451 386//451
f 1486//223 386//223 388//223
f 394//215 396//215 1486//215
f 1486//444 396//444 398//444
f 388//485 390//485 1486//485
f 1486//471 390//471 392//471
f 1486//444 392//444 394//444
f 398//215 400//215 1486//215
f 1486//475 400//475 402//475
f 1486//215 402//215 1483//215
f 1483//455 402//455 404//455
f 1483//449 404//449 406//449
f 928//459 1486//459 926//459
f 926//215 1486//215 924//215
f 942//215 944//215 1490//215
f 1490//453 944//453 946//453
f 928//215 930//215 1486//215
f 1486//458 930//458 932//458
f 1486//453 932//453 934//453
f 934//215 936//215 1486//215
f 1486//447 936//447 938//447
f 1486//215 938//215 1490//215
f 1490//462 938//462 940//462
f 1490//461 940//461 942//461
f 946//215 948//215 1490//215
f 1490//439 948//439 950//439
f 1490//449 950//449 952//449
f 952//215 954//215 1490//215
f 1490//449 954//449 956//449
f 1490//215 956//215 1491//215
f 1491//459 956//459 958//459
f 1491//447 958//447 960//447
f 960//446 962//446 1491//446
f 1491//451 962//451 964//451
f 1491//451 964//451 966//451
f 1487//451 914//451 916//451
f 906//219 908//219 1487//219
f 916//215 918//215 1487//215
f 1487//475 918//475 920//475
f 1487//215 920//215 1486//215
f 1486//455 920//455 922//455
f 1486//449 922//449 924//449
f 966//215 968//215 1491//215
f 1491//455 968//455 970//455
f 1491//437 970//437 972//437
f 972//486 974//486 1491//486
f 1491//466 974//466 902//466
f 1491//215 902//215 1487//215
f 1487//221 902//221 904//221
f 1487//487 904//487 906//487
f 908//450 910//450 1487//450
f 1487//444 910//444 912//444
f 1487//451 912//451 914//451
f 1488//215 272//215 1492//215
f 1492//487 272//487 274//487
f 274//215 276//215 1492//215
f 1492//438 276//438 278//438
f 1492//221 278//221 280//221
f 280//215 282//215 1492//215
f 1492//439 282//439 284//439
f 1492//476 284//476 286//476
f 294//446 296//446 1493//446
f 1493//444 296//444 298//444
f 1493//451 298//451 300//451
f 286//215 288//215 1492//215
f 1492//449 288//449 290//449
f 1492//215 290//215 1493//215
f 1493//459 290//459 292//459
f 1493//447 292//447 294//447
f 1488//222 264//222 266//222
f 300//457 302//457 1493//457
f 1493//471 302//471 304//471
f 1493//448 304//448 306//448
f 250//215 1489//215 248//215
f 248//215 1489//215 246//215
f 258//215 260//215 1488//215
f 1488//476 260//476 262//476
f 1488//439 262//439 264//439
f 266//215 268//215 1488//215
f 1488//438 268//438 270//438
f 1488//468 270//468 272//468
f 240//485 242//485 1489//485
f 1489//471 242//471 244//471
f 1489//474 244//474 246//474
f 250//446 252//446 1489//446
f 1489//447 252//447 254//447
f 1489//215 254//215 1488//215
f 1488//448 254//448 256//448
f 1488//449 256//449 258//449
f 306//483 308//483 1493//483
f 1493//484 308//484 236//484
f 1493//215 236//215 1489//215
f 1489//484 236//484 238//484
f 1489//454 238//454 240//454
f 480//215 482//215 1489//215
f 1489//476 482//476 484//476
f 1489//439 484//439 486//439
f 486//215 488//215 1489//215
f 1489//453 488//453 490//453
f 1489//465 490//465 492//465
f 500//215 502//215 1493//215
f 1493//488 502//488 504//488
f 492//215 494//215 1489//215
f 1489//445 494//445 496//445
f 1489//215 496//215 1493//215
f 1493//447 496//447 498//447
f 1493//465 498//465 500//465
f 504//215 506//215 1493//215
f 1493//476 506//476 508//476
f 1493//437 508//437 510//437
f 522//215 1494//215 520//215
f 520//215 1494//215 518//215
f 522//457 524//457 1494//457
f 1494//471 524//471 526//471
f 1494//448 526//448 528//448
f 470//215 472//215 1490//215
f 1490//448 462//448 464//448
f 472//446 474//446 1490//446
f 1490//447 474//447 476//447
f 1490//215 476//215 1489//215
f 1489//448 476//448 478//448
f 1489//449 478//449 480//449
f 512//489 514//489 1494//489
f 1494//447 514//447 516//447
f 1494//458 516//458 518//458
f 528//483 530//483 1494//483
f 1494//484 530//484 458//484
f 1494//215 458//215 1490//215
f 1490//484 458//484 460//484
f 1490//454 460//454 462//454
f 464//473 466//473 1490//473
f 1490//474 466//474 468//474
f 1490//451 468//451 470//451
f 988//215 990//215 1491//215
f 1014//215 1016//215 1494//215
f 1494//465 1016//465 1018//465
f 1494//453 1018//453 1020//453
f 1014//215 1494//215 1012//215
f 1012//215 1494//215 1490//215
f 1012//215 1490//215 1010//215
f 1020//215 1022//215 1494//215
f 1494//439 1022//439 1024//439
f 1494//476 1024//476 1026//476
f 980//219 982//219 1491//219
f 998//215 1000//215 1490//215
f 1490//476 1000//476 1002//476
f 1490//439 1002//439 1004//439
f 1004//215 1006//215 1490//215
f 1490//453 1006//453 1008//453
f 1490//465 1008//465 1010//465
f 1038//215 1495//215 1036//215
f 1036//446 1495//446 1034//446
f 982//450 984//450 1491//450
f 1491//479 984//479 986//479
f 1491//451 986//451 988//451
f 990//446 992//446 1491//446
f 1491//447 992//447 994//447
f 1491//215 994//215 1490//215
f 1490//448 994//448 996//448
f 1490//449 996//449 998//449
f 1026//215 1028//215 1494//215
f 1494//449 1028//449 1030//449
f 1494//215 1030//215 1495//215
f 1495//459 1030//459 1032//459
f 1495//447 1032//447 1034//447
f 1495//459 1044//459 1046//459
f 1046//486 1048//486 1495//486
f 1495//466 1048//466 976//466
f 1495//215 976//215 1491//215
f 1491//466 976//466 978//466
f 1491//473 978//473 980//473
f 1038//215 1040//215 1495//215
f 1495//479 1040//479 1042//479
f 1495//490 1042//490 1044//490
f 548//215 550//215 1493//215
f 570//215 1467//215 568//215
f 568//439 1467//439 1492//439
f 568//215 1492//215 566//215
f 596//215 598//215 1470//215
f 570//491 572//491 1467//491
f 1467//469 572//469 574//469
f 1467//221 574//221 576//221
f 1493//215 550//215 1492//215
f 1492//448 550//448 552//448
f 1492//449 552//449 554//449
f 554//215 556//215 1492//215
f 1492//438 556//438 558//438
f 1492//439 558//439 560//439
f 560//215 562//215 1492//215
f 1492//221 562//221 564//221
f 1492//438 564//438 566//438
f 576//490 578//490 1467//490
f 1467//439 578//439 580//439
f 1467//475 580//475 582//475
f 590//215 592//215 1470//215
f 1470//444 592//444 594//444
f 1470//451 594//451 596//451
f 532//481 534//481 1493//481
f 1493//454 534//454 536//454
f 542//215 544//215 1493//215
f 1493//444 544//444 546//444
f 1493//458 546//458 548//458
f 598//473 600//473 1470//473
f 1470//448 600//448 602//448
f 1470//223 602//223 604//223
f 582//215 584//215 1467//215
f 1467//449 584//449 586//449
f 1467//215 586//215 1470//215
f 1470//480 586//480 588//480
f 1470//475 588//475 590//475
f 536//215 538//215 1493//215
f 1493//455 538//455 540//455
f 1493//444 540//444 542//444
f 1476//475 736//475 738//475
f 692//215 694//215 1494//215
f 1494//458 694//458 696//458
f 696//215 698//215 1494//215
f 1494//215 698//215 1493//215
f 1494//215 1493//215 512//215
f 512//215 1493//215 510//215
f 718//492 720//492 1470//492
f 1470//448 720//448 722//448
f 772//215 1470//215 1476//215
f 1476//215 1470//215 734//215
f 1476//480 734//480 736//480
f 738//215 740//215 1476//215
f 1476//444 740//444 742//444
f 1476//451 742//451 744//451
f 604//215 532//215 1470//215
f 1470//215 532//215 1493//215
f 1470//215 1493//215 718//215
f 718//493 1493//493 716//493
f 722//215 724//215 1470//215
f 1470//458 724//458 726//458
f 1470//439 726//439 728//439
f 698//460 700//460 1493//460
f 1493//449 700//449 702//449
f 1493//437 702//437 704//437
f 704//215 706//215 1493//215
f 1493//439 706//439 708//439
f 1493//455 708//455 710//455
f 710//215 712//215 1493//215
f 1493//465 712//465 714//465
f 1493//461 714//461 716//461
f 728//459 730//459 1470//459
f 1470//447 730//447 732//447
f 1470//449 732//449 734//449
f 744//215 746//215 1476//215
f 1476//471 746//471 748//471
f 1476//448 748//448 750//448
f 1494//453 684//453 686//453
f 750//215 752//215 1476//215
f 1476//451 752//451 680//451
f 1476//215 680//215 1494//215
f 1494//484 680//484 682//484
f 1494//454 682//454 684//454
f 686//215 688//215 1494//215
f 1494//444 688//444 690//444
f 1494//451 690//451 692//451
f 1062//215 1064//215 1495//215
f 1098//459 1100//459 1476//459
f 1090//219 1092//219 1476//219
f 1108//215 1110//215 1478//215
f 1478//451 1110//451 1112//451
f 1478//451 1112//451 1114//451
f 1064//446 1066//446 1495//446
f 1495//447 1066//447 1068//447
f 1495//215 1068//215 1494//215
f 1494//448 1068//448 1070//448
f 1092//215 1094//215 1476//215
f 1476//458 1094//458 1096//458
f 1476//439 1096//439 1098//439
f 1100//215 1102//215 1476//215
f 1476//449 1102//449 1104//449
f 1476//215 1104//215 1478//215
f 1478//480 1104//480 1106//480
f 1478//475 1106//475 1108//475
f 1114//215 1116//215 1478//215
f 1478//490 1116//490 1118//490
f 1478//459 1118//459 1120//459
f 1054//215 1056//215 1495//215
f 1070//215 1072//215 1494//215
f 1494//437 1072//437 1074//437
f 1494//449 1074//449 1076//449
f 1076//215 1078//215 1494//215
f 1494//455 1078//455 1080//455
f 1494//453 1080//453 1082//453
f 1082//215 1084//215 1494//215
f 1494//461 1084//461 1086//461
f 1494//439 1086//439 1476//439
f 1476//459 1086//459 1088//459
f 1476//450 1088//450 1090//450
f 1056//215 1058//215 1495//215
f 1495//444 1058//444 1060//444
f 1495//451 1060//451 1062//451
f 1120//215 1122//215 1478//215
f 1478//221 1122//221 1050//221
f 1478//215 1050//215 1495//215
f 1495//466 1050//466 1052//466
f 1495//473 1052//473 1054//473
f 1209//215 1208//215 1479//215
f 1479//215 1208//215 1207//215
f 1479//215 1207//215 1487//215
f 1487//215 1207//215 1204//215
f 1487//215 1204//215 1491//215
f 1491//215 1204//215 1205//215
f 1491//215 1205//215 1495//215
f 1495//215 1205//215 1206//215
f 1495//215 1206//215 1478//215
f 1478//215 1206//215 1423//215
f 1478//215 1423//215 1477//215
f 1231//494 1230//494 1496//494
f 1496//495 1230//495 1485//495
f 1485//496 1230//496 1227//496
f 1485//497 1227//497 1226//497
f 1496//498 1497//498 1231//498
f 1231//499 1497//499 1498//499
f 1231//500 1498//500 1234//500
f 1234//501 1498//501 1499//501
f 1234//502 1499//502 1233//502
f 1233//503 1499//503 1232//503
f 1232//504 1499//504 1500//504
f 1232//505 1500//505 1236//505
f 1236//506 1500//506 1501//506
f 1236//507 1501//507 1235//507
f 1235//508 1501//508 1238//508
f 1238//509 1501//509 1502//509
f 1238//510 1502//510 1239//510
f 1239//511 1502//511 1503//511
f 1239//512 1503//512 1240//512
f 1240//513 1503//513 1504//513
f 1240//514 1504//514 1241//514
f 1241//515 1504//515 1505//515
f 1241//516 1505//516 1242//516
f 1242//517 1505//517 1243//517
f 1242//518 1243//518 1237//518
f 1444//519 1445//519 1506//519
f 79//519 1448//519 1253//519
f 1253//519 1448//519 1446//519
f 1507//520 1244//520 1508//520
f 1508//521 1244//521 1245//521
f 1508//522 1245//522 1509//522
f 1509//523 1245//523 1246//523
f 1509//524 1246//524 1510//524
f 1510//525 1246//525 1247//525
f 1510//526 1247//526 1511//526
f 1511//527 1247//527 1248//527
f 1511//528 1248//528 1512//528
f 1512//529 1248//529 1249//529
f 1512//530 1249//530 1513//530
f 1513//531 1249//531 1250//531
f 1513//532 1250//532 1514//532
f 1514//533 1250//533 1251//533
f 1514//534 1251//534 1515//534
f 1515//534 1251//534 1252//534
f 1515//535 1252//535 1506//535
f 1506//535 1252//535 1253//535
f 1506//519 1253//519 1444//519
f 1444//519 1253//519 1446//519
f 1516//30 1471//30 1473//30
f 1473//30 1517//30 1516//30
f 1516//30 1517//30 1518//30
f 1516//183 1518//183 1519//183
f 1519//30 1520//30 1516//30
f 1516//216 1520//216 1521//216
f 1516//217 1521//217 1522//217
f 1310//62 1308//62 1267//62
f 1382//536 1380//536 1286//536
f 1392//62 1390//62 1284//62
f 1267//62 1308//62 1265//62
f 1265//63 1308//63 1306//63
f 1265//63 1306//63 1263//63
f 1263//62 1306//62 1304//62
f 1263//64 1304//64 1261//64
f 1261//63 1304//63 1302//63
f 1261//62 1302//62 1259//62
f 1259//64 1302//64 1300//64
f 1259//63 1300//63 1257//63
f 1257//62 1300//62 1298//62
f 1257//64 1298//64 1254//64
f 1254//62 1298//62 1296//62
f 1254//63 1296//63 1294//63
f 1254//63 1380//63 1378//63
f 1400//537 1398//537 1284//537
f 1378//62 1376//62 1254//62
f 1254//538 1376//538 1374//538
f 1254//62 1374//62 1431//62
f 1431//538 1374//538 1372//538
f 1431//62 1372//62 1370//62
f 1356//62 1354//62 1523//62
f 1398//539 1396//539 1284//539
f 1284//64 1396//64 1394//64
f 1284//540 1394//540 1392//540
f 1400//62 1284//62 1402//62
f 1402//62 1284//62 1282//62
f 1402//538 1282//538 1280//538
f 1294//62 1292//62 1254//62
f 1254//65 1292//65 1290//65
f 1254//62 1290//62 1380//62
f 1380//540 1290//540 1288//540
f 1380//65 1288//65 1286//65
f 1390//214 1388//214 1284//214
f 1284//62 1388//62 1386//62
f 1284//541 1386//541 1286//541
f 1286//65 1386//65 1384//65
f 1286//64 1384//64 1382//64
f 1523//63 1354//63 1524//63
f 1524//62 1354//62 1352//62
f 1524//62 1352//62 1525//62
f 1525//538 1352//538 1350//538
f 1525//62 1350//62 1526//62
f 1416//62 1414//62 1507//62
f 1507//214 1414//214 1412//214
f 1507//63 1412//63 1410//63
f 1410//62 1408//62 1507//62
f 1507//64 1408//64 1406//64
f 1507//540 1406//540 1404//540
f 1344//62 1342//62 1507//62
f 1507//63 1342//63 1340//63
f 1507//65 1340//65 1338//65
f 1274//62 1314//62 1273//62
f 1273//62 1314//62 1312//62
f 1273//63 1312//63 1271//63
f 1271//62 1312//62 1310//62
f 1271//64 1310//64 1269//64
f 1269//62 1310//62 1267//62
f 1370//63 1368//63 1431//63
f 1431//64 1368//64 1366//64
f 1431//62 1366//62 1527//62
f 1527//62 1366//62 1364//62
f 1527//62 1364//62 1528//62
f 1528//62 1364//62 1362//62
f 1528//62 1362//62 1529//62
f 1529//62 1362//62 1360//62
f 1529//62 1360//62 1530//62
f 1530//62 1360//62 1358//62
f 1530//62 1358//62 1531//62
f 1531//62 1358//62 1356//62
f 1531//62 1356//62 1532//62
f 1532//62 1356//62 1523//62
f 1350//62 1422//62 1526//62
f 1526//62 1422//62 1420//62
f 1526//62 1420//62 1507//62
f 1507//64 1420//64 1418//64
f 1507//62 1418//62 1416//62
f 1280//542 1278//542 1402//542
f 1402//64 1278//64 1276//64
f 1402//62 1276//62 1404//62
f 1404//63 1276//63 1348//63
f 1404//62 1348//62 1507//62
f 1507//63 1348//63 1346//63
f 1507//64 1346//64 1344//64
f 1330//543 1328//543 1244//543
f 1322//62 1320//62 1244//62
f 1244//62 1320//62 1318//62
f 1244//62 1318//62 1274//62
f 1274//62 1318//62 1316//62
f 1274//62 1316//62 1314//62
f 1328//62 1326//62 1244//62
f 1244//214 1326//214 1324//214
f 1244//538 1324//538 1322//538
f 1338//62 1336//62 1507//62
f 1507//543 1336//543 1334//543
f 1507//62 1334//62 1244//62
f 1244//63 1334//63 1332//63
f 1244//65 1332//65 1330//65
f 1468//28 1533//28 1472//28
f 1472//28 1533//28 1534//28
f 1472//62 1534//62 1474//62
f 1474//62 1534//62 1535//62
f 1474//62 1535//62 1536//62
f 1351//30 1353//30 1533//30
f 1379//544 1429//544 1377//544
f 1377//30 1429//30 1375//30
f 1409//30 1411//30 1468//30
f 1537//218 1365//218 1367//218
f 1411//183 1413//183 1468//183
f 1468//30 1413//30 1415//30
f 1468//30 1415//30 1417//30
f 1353//216 1355//216 1533//216
f 1533//183 1355//183 1357//183
f 1533//216 1357//216 1538//216
f 1538//30 1357//30 1359//30
f 1367//30 1369//30 1537//30
f 1537//30 1369//30 1371//30
f 1537//30 1371//30 1429//30
f 1429//544 1371//544 1373//544
f 1429//183 1373//183 1375//183
f 1403//30 1405//30 1468//30
f 1468//30 1405//30 1407//30
f 1468//218 1407//218 1409//218
f 1317//30 1319//30 1423//30
f 1423//30 1319//30 1321//30
f 1423//30 1321//30 1323//30
f 1365//30 1537//30 1363//30
f 1363//30 1537//30 1539//30
f 1363//218 1539//218 1361//218
f 1361//30 1539//30 1540//30
f 1361//30 1540//30 1359//30
f 1359//30 1540//30 1541//30
f 1359//30 1541//30 1538//30
f 1281//545 1283//545 1379//545
f 1283//30 1285//30 1379//30
f 1379//218 1285//218 1287//218
f 1379//30 1287//30 1429//30
f 1429//183 1287//183 1289//183
f 1429//30 1289//30 1291//30
f 1424//30 1307//30 1309//30
f 1309//546 1311//546 1424//546
f 1424//30 1311//30 1313//30
f 1424//30 1313//30 1423//30
f 1423//218 1313//218 1315//218
f 1423//30 1315//30 1317//30
f 1331//183 1475//183 1329//183
f 1329//30 1475//30 1477//30
f 1329//218 1477//218 1327//218
f 1327//30 1477//30 1423//30
f 1327//30 1423//30 1325//30
f 1325//183 1423//183 1323//183
f 1417//183 1419//183 1468//183
f 1468//30 1419//30 1421//30
f 1468//30 1421//30 1533//30
f 1533//547 1421//547 1349//547
f 1533//217 1349//217 1351//217
f 1331//218 1333//218 1475//218
f 1475//30 1333//30 1335//30
f 1475//30 1335//30 1469//30
f 1383//30 1385//30 1279//30
f 1291//30 1293//30 1429//30
f 1429//30 1293//30 1295//30
f 1429//183 1295//183 1428//183
f 1428//218 1295//218 1297//218
f 1428//183 1297//183 1427//183
f 1427//218 1297//218 1299//218
f 1427//30 1299//30 1426//30
f 1426//30 1299//30 1301//30
f 1426//30 1301//30 1425//30
f 1425//30 1301//30 1303//30
f 1425//30 1303//30 1424//30
f 1424//30 1303//30 1305//30
f 1424//218 1305//218 1307//218
f 1341//30 1468//30 1339//30
f 1339//30 1468//30 1469//30
f 1339//30 1469//30 1337//30
f 1337//30 1469//30 1335//30
f 1391//30 1393//30 1345//30
f 1345//216 1393//216 1395//216
f 1401//30 1403//30 1345//30
f 1345//30 1403//30 1468//30
f 1345//30 1468//30 1343//30
f 1343//30 1468//30 1341//30
f 1281//30 1379//30 1279//30
f 1279//218 1379//218 1381//218
f 1279//183 1381//183 1383//183
f 1391//30 1345//30 1389//30
f 1389//30 1345//30 1347//30
f 1389//30 1347//30 1387//30
f 1387//30 1347//30 1275//30
f 1387//30 1275//30 1385//30
f 1385//30 1275//30 1277//30
f 1385//30 1277//30 1279//30
f 1395//30 1397//30 1345//30
f 1345//547 1397//547 1399//547
f 1345//548 1399//548 1401//548
f 1517//28 1473//28 1542//28
f 1542//28 1473//28 1474//28
f 1542//549 1474//549 1543//549
f 1543//28 1474//28 1536//28
f 1429//31 1255//31 1537//31
f 1537//31 1255//31 1430//31
f 1543//550 1544//550 1542//550
f 1542//551 1544//551 1545//551
f 1542//552 1545//552 1517//552
f 1517//553 1545//553 1518//553
f 1518//554 1545//554 1546//554
f 1518//555 1546//555 1519//555
f 1519//556 1546//556 1547//556
f 1519//557 1547//557 1520//557
f 1520//558 1547//558 1548//558
f 1520//559 1548//559 1521//559
f 1521//560 1548//560 1549//560
f 1521//561 1549//561 1522//561
f 1522//562 1549//562 1550//562
f 1522//563 1550//563 1516//563
f 1526//564 1551//564 1552//564
f 1526//564 1552//564 1525//564
f 1525//565 1552//565 1553//565
f 1525//566 1553//566 1524//566
f 1524//567 1553//567 1554//567
f 1524//568 1554//568 1523//568
f 1523//569 1554//569 1555//569
f 1523//570 1555//570 1532//570
f 1532//571 1555//571 1556//571
f 1532//572 1556//572 1531//572
f 1531//573 1556//573 1557//573
f 1531//574 1557//574 1530//574
f 1530//575 1557//575 1558//575
f 1530//576 1558//576 1529//576
f 1529//577 1558//577 1559//577
f 1529//578 1559//578 1528//578
f 1528//579 1559//579 1560//579
f 1528//580 1560//580 1527//580
f 1527//581 1560//581 1430//581
f 1527//582 1430//582 1431//582
f 1496//583 1466//583 82//583
f 1496//584 82//584 1497//584
f 82//585 1434//585 1497//585
f 1497//586 1434//586 1433//586
f 1497//587 1433//587 1498//587
f 1498//588 1433//588 1432//588
f 1498//589 1432//589 1499//589
f 1499//590 1432//590 49//590
f 1499//591 49//591 1500//591
f 49//592 1435//592 1500//592
f 1500//593 1435//593 1436//593
f 1500//594 1436//594 1501//594
f 1501//595 1436//595 1437//595
f 1501//596 1437//596 1502//596
f 1502//597 1437//597 1438//597
f 1502//598 1438//598 1503//598
f 1503//599 1438//599 1439//599
f 1503//600 1439//600 1504//600
f 1504//601 1439//601 1440//601
f 1504//602 1440//602 1505//602
f 1505//603 1440//603 58//603
f 1505//603 58//603 1243//603
f 1455//604 1466//604 1451//604
f 1451//605 1466//605 1561//605
f 1451//606 1561//606 1443//606
f 1443//606 1561//606 1445//606
f 1455//606 1458//606 1466//606
f 1466//607 1458//607 1463//607
f 1466//605 1463//605 1441//605
f 1482//608 1496//608 1484//608
f 1484//609 1496//609 1485//609
f 1482//610 1488//610 1496//610
f 1496//608 1488//608 1492//608
f 1496//611 1492//611 1562//611
f 1562//612 1492//612 1467//612
f 1562//609 1467//609 1471//609
f 1445//613 1561//613 1506//613
f 1506//614 1561//614 1563//614
f 1506//615 1563//615 1515//615
f 1515//616 1563//616 1564//616
f 1515//617 1564//617 1514//617
f 1514//618 1564//618 1565//618
f 1514//619 1565//619 1513//619
f 1513//620 1565//620 1566//620
f 1513//621 1566//621 1512//621
f 1512//622 1566//622 1567//622
f 1512//623 1567//623 1511//623
f 1511//624 1567//624 1568//624
f 1511//625 1568//625 1510//625
f 1510//626 1568//626 1569//626
f 1510//627 1569//627 1509//627
f 1509//628 1569//628 1570//628
f 1509//629 1570//629 1508//629
f 1508//630 1570//630 1571//630
f 1508//631 1571//631 1507//631
f 1507//632 1571//632 1572//632
f 1562//633 1471//633 1550//633
f 1550//633 1471//633 1516//633
f 1551//634 1526//634 1572//634
f 1572//635 1526//635 1507//635
f 1537//636 1430//636 1560//636
f 1537//637 1560//637 1539//637
f 1539//638 1560//638 1559//638
f 1539//638 1559//638 1540//638
f 1540//639 1559//639 1558//639
f 1540//640 1558//640 1541//640
f 1541//641 1558//641 1557//641
f 1541//642 1557//642 1538//642
f 1535//643 1534//643 1545//643
f 1545//644 1534//644 1533//644
f 1545//645 1544//645 1535//645
f 1535//646 1544//646 1543//646
f 1535//646 1543//646 1536//646
f 1538//647 1557//647 1533//647
f 1533//648 1557//648 1556//648
f 1533//649 1556//649 1545//649
f 1545//650 1556//650 1555//650
f 1545//651 1555//651 1546//651
f 1546//652 1555//652 1554//652
f 1546//653 1554//653 1547//653
f 1547//654 1554//654 1553//654
f 1547//654 1553//654 1548//654
f 1548//655 1553//655 1552//655
f 1548//655 1552//655 1549//655
f 1549//656 1552//656 1551//656
f 1549//657 1551//657 1550//657
f 1562//181 1571//181 1570//181
f 1571//181 1562//181 1572//181
f 1572//181 1562//181 1550//181
f 1572//181 1550//181 1551//181
f 1570//181 1569//181 1562//181
f 1562//181 1569//181 1568//181
f 1562//181 1568//181 1567//181
f 1567//181 1566//181 1562//181
f 1562//181 1566//181 1565//181
f 1562//181 1565//181 1564//181
f 1466//181 1496//181 1561//181
f 1561//181 1496//181 1562//181
f 1561//181 1562//181 1563//181
f 1563//181 1562//181 1564//181
