# Blender 5.0.1
# www.blender.org
mtllib l_finger_guide_visual.mtl
o GUIDE_1_visual.001
v 0.003011 -0.043481 -6.981110
v 0.003011 -0.045651 -6.981110
v 0.002968 -0.043481 -6.980603
v 0.002968 -0.045651 -6.980603
v 0.002840 -0.043481 -6.980111
v 0.002840 -0.045651 -6.980111
v 0.002630 -0.043481 -6.979647
v 0.002630 -0.045651 -6.979647
v 0.002346 -0.043481 -6.979226
v 0.002346 -0.045651 -6.979226
v 0.001993 -0.043481 -6.978858
v 0.001993 -0.045651 -6.978858
v 0.001584 -0.043481 -6.978556
v 0.001584 -0.045651 -6.978556
v 0.001130 -0.043481 -6.978327
v 0.001130 -0.045651 -6.978327
v 0.000643 -0.043481 -6.978178
v 0.000643 -0.045651 -6.978178
v 0.000139 -0.043481 -6.978113
v 0.000139 -0.045651 -6.978113
v -0.000370 -0.043481 -6.978135
v -0.000370 -0.045651 -6.978135
v -0.000867 -0.043481 -6.978242
v -0.000867 -0.045651 -6.978242
v -0.001339 -0.043481 -6.978432
v -0.001339 -0.045651 -6.978432
v -0.001772 -0.043481 -6.978698
v -0.001772 -0.045651 -6.978698
v -0.002154 -0.043481 -6.979034
v -0.002154 -0.045651 -6.979034
v -0.002474 -0.043481 -6.979430
v -0.002474 -0.045651 -6.979430
v -0.002722 -0.043481 -6.979875
v -0.002722 -0.045651 -6.979875
v -0.002892 -0.043481 -6.980354
v -0.002892 -0.045651 -6.980354
v -0.002978 -0.043481 -6.980856
v -0.002978 -0.045651 -6.980856
v -0.002978 -0.043481 -6.981365
v -0.002978 -0.045651 -6.981365
v -0.002892 -0.043481 -6.981866
v -0.002892 -0.045651 -6.981866
v -0.002722 -0.043481 -6.982346
v -0.002722 -0.045651 -6.982346
v -0.002474 -0.043481 -6.982790
v -0.002474 -0.045651 -6.982790
v -0.002154 -0.043481 -6.983186
v -0.002154 -0.045651 -6.983186
v -0.001772 -0.043481 -6.983522
v -0.001772 -0.045651 -6.983522
v -0.001339 -0.043481 -6.983789
v -0.001339 -0.045651 -6.983789
v -0.000867 -0.043481 -6.983979
v -0.000867 -0.045651 -6.983979
v -0.000370 -0.043481 -6.984086
v -0.000370 -0.045651 -6.984086
v 0.000139 -0.043481 -6.984107
v 0.000139 -0.045651 -6.984107
v 0.000643 -0.043481 -6.984043
v 0.000643 -0.045651 -6.984043
v 0.001130 -0.043481 -6.983894
v 0.001130 -0.045651 -6.983894
v 0.001584 -0.043481 -6.983665
v 0.001584 -0.045651 -6.983665
v 0.001993 -0.043481 -6.983362
v 0.001993 -0.045651 -6.983362
v 0.002346 -0.043481 -6.982995
v 0.002346 -0.045651 -6.982995
v 0.002630 -0.043481 -6.982574
v 0.002630 -0.045651 -6.982574
v 0.002840 -0.043481 -6.982110
v 0.002840 -0.045651 -6.982110
v 0.002968 -0.043481 -6.981617
v 0.002968 -0.045651 -6.981617
v 0.003011 -0.043481 -6.969110
v 0.003011 -0.045651 -6.969110
v 0.002968 -0.043481 -6.968603
v 0.002968 -0.045651 -6.968603
v 0.002840 -0.043481 -6.968111
v 0.002840 -0.045651 -6.968111
v 0.002630 -0.043481 -6.967647
v 0.002630 -0.045651 -6.967647
v 0.002346 -0.043481 -6.967226
v 0.002346 -0.045651 -6.967226
v 0.001993 -0.043481 -6.966858
v 0.001993 -0.045651 -6.966858
v 0.001584 -0.043481 -6.966556
v 0.001584 -0.045651 -6.966556
v 0.001130 -0.043481 -6.966327
v 0.001130 -0.045651 -6.966327
v 0.000643 -0.043481 -6.966177
v 0.000643 -0.045651 -6.966177
v 0.000139 -0.043481 -6.966113
v 0.000139 -0.045651 -6.966113
v -0.000370 -0.043481 -6.966135
v -0.000370 -0.045651 -6.966135
v -0.000867 -0.043481 -6.966242
v -0.000867 -0.045651 -6.966242
v -0.001339 -0.043481 -6.966432
v -0.001339 -0.045651 -6.966432
v -0.001772 -0.043481 -6.966698
v -0.001772 -0.045651 -6.966698
v -0.002154 -0.043481 -6.967034
v -0.002154 -0.045651 -6.967034
v -0.002474 -0.043481 -6.967431
v -0.002474 -0.045651 -6.967431
v -0.002722 -0.043481 -6.967875
v -0.002722 -0.045651 -6.967875
v -0.002892 -0.043481 -6.968354
v -0.002892 -0.045651 -6.968354
v -0.002978 -0.043481 -6.968856
v -0.002978 -0.045651 -6.968856
v -0.002978 -0.043481 -6.969365
v -0.002978 -0.045651 -6.969365
v -0.002892 -0.043481 -6.969866
v -0.002892 -0.045651 -6.969866
v -0.002722 -0.043481 -6.970346
v -0.002722 -0.045651 -6.970346
v -0.002474 -0.043481 -6.970790
v -0.002474 -0.045651 -6.970790
v -0.002154 -0.043481 -6.971186
v -0.002154 -0.045651 -6.971186
v -0.001772 -0.043481 -6.971522
v -0.001772 -0.045651 -6.971522
v -0.001339 -0.043481 -6.971789
v -0.001339 -0.045651 -6.971789
v -0.000867 -0.043481 -6.971979
v -0.000867 -0.045651 -6.971979
v -0.000370 -0.043481 -6.972086
v -0.000370 -0.045651 -6.972086
v 0.000139 -0.043481 -6.972107
v 0.000139 -0.045651 -6.972107
v 0.000643 -0.043481 -6.972043
v 0.000643 -0.045651 -6.972043
v 0.001130 -0.043481 -6.971894
v 0.001130 -0.045651 -6.971894
v 0.001584 -0.043481 -6.971665
v 0.001584 -0.045651 -6.971665
v 0.001993 -0.043481 -6.971362
v 0.001993 -0.045651 -6.971362
v 0.002346 -0.043481 -6.970995
v 0.002346 -0.045651 -6.970995
v 0.002630 -0.043481 -6.970573
v 0.002630 -0.045651 -6.970573
v 0.002840 -0.043481 -6.970110
v 0.002840 -0.045651 -6.970110
v 0.002968 -0.043481 -6.969617
v 0.002968 -0.045651 -6.969617
v 0.003312 -0.045651 -6.982276
v 0.003461 -0.045651 -6.981702
v 0.003511 -0.045651 -6.981110
v 0.003461 -0.045651 -6.980519
v 0.003312 -0.045651 -6.979944
v 0.003067 -0.045651 -6.979403
v 0.002735 -0.045651 -6.978911
v 0.002324 -0.045651 -6.978483
v 0.001847 -0.045651 -6.978130
v 0.001316 -0.045651 -6.977863
v 0.000749 -0.045651 -6.977689
v 0.000160 -0.045651 -6.977613
v -0.000433 -0.045651 -6.977639
v -0.001013 -0.045651 -6.977764
v -0.001564 -0.045651 -6.977985
v -0.002070 -0.045651 -6.978296
v -0.002515 -0.045651 -6.978689
v -0.002888 -0.045651 -6.979150
v -0.003178 -0.045651 -6.979669
v -0.003376 -0.045651 -6.980228
v -0.003476 -0.045651 -6.980814
v -0.003476 -0.045651 -6.981407
v -0.003376 -0.045651 -6.981992
v -0.003178 -0.045651 -6.982552
v -0.002888 -0.045651 -6.983070
v -0.002515 -0.045651 -6.983532
v -0.002070 -0.045651 -6.983924
v -0.001564 -0.045651 -6.984236
v -0.001013 -0.045651 -6.984457
v -0.000433 -0.045651 -6.984582
v 0.000160 -0.045651 -6.984607
v 0.000749 -0.045651 -6.984532
v 0.001316 -0.045651 -6.984358
v 0.001847 -0.045651 -6.984091
v 0.002324 -0.045651 -6.983737
v 0.002735 -0.045651 -6.983309
v 0.003067 -0.045651 -6.982817
v -0.003376 -0.045651 -6.968228
v -0.003476 -0.045651 -6.968813
v -0.003476 -0.045651 -6.969407
v -0.003376 -0.045651 -6.969992
v -0.003178 -0.045651 -6.970552
v -0.002888 -0.045651 -6.971070
v -0.002515 -0.045651 -6.971532
v -0.002070 -0.045651 -6.971924
v -0.001564 -0.045651 -6.972236
v -0.001013 -0.045651 -6.972457
v -0.000433 -0.045651 -6.972582
v 0.000160 -0.045651 -6.972607
v 0.000749 -0.045651 -6.972532
v 0.001316 -0.045651 -6.972358
v 0.001847 -0.045651 -6.972091
v 0.002324 -0.045651 -6.971738
v 0.002735 -0.045651 -6.971309
v 0.003067 -0.045651 -6.970817
v 0.003312 -0.045651 -6.970276
v 0.003461 -0.045651 -6.969702
v 0.003511 -0.045651 -6.969110
v 0.003461 -0.045651 -6.968519
v 0.003312 -0.045651 -6.967944
v 0.003067 -0.045651 -6.967403
v 0.002735 -0.045651 -6.966911
v 0.002324 -0.045651 -6.966483
v 0.001847 -0.045651 -6.966130
v 0.001316 -0.045651 -6.965863
v 0.000749 -0.045651 -6.965689
v 0.000160 -0.045651 -6.965613
v -0.000433 -0.045651 -6.965639
v -0.001013 -0.045651 -6.965764
v -0.001564 -0.045651 -6.965985
v -0.002070 -0.045651 -6.966296
v -0.002515 -0.045651 -6.966689
v -0.002888 -0.045651 -6.967150
v -0.003178 -0.045651 -6.967669
v 0.004940 -0.041481 -6.981956
v 0.004726 -0.041481 -6.982776
v 0.004377 -0.041481 -6.983549
v 0.003902 -0.041481 -6.984251
v 0.003315 -0.041481 -6.984864
v 0.002633 -0.041481 -6.985368
v 0.001876 -0.041481 -6.985750
v 0.001065 -0.041481 -6.985998
v 0.000224 -0.041481 -6.986106
v -0.000624 -0.041481 -6.986070
v -0.001453 -0.041481 -6.985891
v -0.002240 -0.041481 -6.985575
v -0.002962 -0.041481 -6.985130
v -0.003598 -0.041481 -6.984570
v -0.004131 -0.041481 -6.983910
v -0.004545 -0.041481 -6.983170
v -0.004827 -0.041481 -6.982370
v -0.004971 -0.041481 -6.981534
v -0.004971 -0.041481 -6.980686
v -0.004827 -0.041481 -6.979850
v -0.004545 -0.041481 -6.979051
v -0.004131 -0.041481 -6.978311
v -0.003598 -0.041481 -6.977651
v -0.002962 -0.041481 -6.977090
v -0.002240 -0.041481 -6.976645
v -0.001453 -0.041481 -6.976329
v -0.000624 -0.041481 -6.976151
v 0.000224 -0.041481 -6.976115
v 0.001065 -0.041481 -6.976223
v 0.001876 -0.041481 -6.976471
v 0.002633 -0.041481 -6.976852
v 0.003315 -0.041481 -6.977357
v 0.003902 -0.041481 -6.977969
v 0.004377 -0.041481 -6.978672
v 0.004726 -0.041481 -6.979445
v 0.004940 -0.041481 -6.980265
v 0.005011 -0.041481 -6.981110
v 0.004940 -0.041481 -6.969955
v 0.004726 -0.041481 -6.970776
v 0.004377 -0.041481 -6.971549
v 0.003902 -0.041481 -6.972251
v 0.003315 -0.041481 -6.972864
v 0.002633 -0.041481 -6.973368
v 0.001876 -0.041481 -6.973750
v 0.001065 -0.041481 -6.973998
v 0.000224 -0.041481 -6.974106
v -0.000624 -0.041481 -6.974070
v -0.001453 -0.041481 -6.973891
v -0.002240 -0.041481 -6.973575
v -0.002962 -0.041481 -6.973130
v -0.003598 -0.041481 -6.972570
v -0.004131 -0.041481 -6.971910
v -0.004545 -0.041481 -6.971170
v -0.004827 -0.041481 -6.970370
v -0.004971 -0.041481 -6.969534
v -0.004971 -0.041481 -6.968686
v -0.004827 -0.041481 -6.967850
v -0.004545 -0.041481 -6.967051
v -0.004131 -0.041481 -6.966311
v -0.003598 -0.041481 -6.965651
v -0.002962 -0.041481 -6.965090
v -0.002240 -0.041481 -6.964646
v -0.001453 -0.041481 -6.964329
v -0.000624 -0.041481 -6.964151
v 0.000224 -0.041481 -6.964115
v 0.001065 -0.041481 -6.964222
v 0.001876 -0.041481 -6.964471
v 0.002633 -0.041481 -6.964853
v 0.003315 -0.041481 -6.965357
v 0.003902 -0.041481 -6.965969
v 0.004377 -0.041481 -6.966672
v 0.004726 -0.041481 -6.967444
v 0.004940 -0.041481 -6.968266
v 0.005011 -0.041481 -6.969110
v 0.008011 -0.041481 -6.903760
v 0.008011 -0.041981 -6.903260
v 0.008637 -0.041981 -6.903309
v 0.008559 -0.041481 -6.903803
v 0.009248 -0.041981 -6.903456
v 0.009093 -0.041481 -6.903932
v 0.009827 -0.041981 -6.903696
v 0.009600 -0.041481 -6.904142
v 0.010363 -0.041981 -6.904024
v 0.010069 -0.041481 -6.904429
v 0.010840 -0.041981 -6.904432
v 0.010486 -0.041481 -6.904786
v 0.011248 -0.041981 -6.904909
v 0.010843 -0.041481 -6.905203
v 0.011575 -0.041981 -6.905444
v 0.011130 -0.041481 -6.905671
v 0.011816 -0.041981 -6.906024
v 0.011340 -0.041481 -6.906179
v 0.011962 -0.041981 -6.906634
v 0.011468 -0.041481 -6.906713
v 0.012011 -0.041981 -6.907260
v 0.011511 -0.041481 -6.907260
v 0.012011 -0.041981 -6.984260
v 0.011511 -0.041481 -6.984260
v 0.011511 -0.041481 -6.980210
v 0.011511 -0.041481 -6.974335
v 0.011511 -0.041481 -6.971985
v 0.011511 -0.041481 -6.962986
v 0.011511 -0.041481 -6.956210
v 0.011511 -0.041481 -6.948210
v 0.011511 -0.041481 -6.940210
v 0.011511 -0.041481 -6.932210
v 0.011511 -0.041481 -6.924211
v 0.011511 -0.041481 -6.916210
v 0.012011 -0.042931 -6.907260
v 0.012011 -0.042931 -6.984260
v 0.011011 -0.042931 -6.904614
v 0.011011 -0.042931 -6.986906
v 0.011962 -0.042931 -6.906634
v 0.011816 -0.042931 -6.906024
v 0.011575 -0.042931 -6.905444
v 0.011248 -0.042931 -6.904909
v 0.011248 -0.042931 -6.986611
v 0.011575 -0.042931 -6.986076
v 0.011962 -0.042931 -6.984886
v 0.011816 -0.042931 -6.985497
v 0.011962 -0.041981 -6.984886
v 0.011468 -0.041481 -6.984808
v 0.011816 -0.041981 -6.985497
v 0.011340 -0.041481 -6.985342
v 0.011575 -0.041981 -6.986076
v 0.011130 -0.041481 -6.985849
v 0.011248 -0.041981 -6.986611
v 0.010843 -0.041481 -6.986318
v 0.010840 -0.041981 -6.987089
v 0.010486 -0.041481 -6.986735
v 0.010363 -0.041981 -6.987496
v 0.010069 -0.041481 -6.987092
v 0.009827 -0.041981 -6.987824
v 0.009600 -0.041481 -6.987379
v 0.009248 -0.041981 -6.988065
v 0.009093 -0.041481 -6.987589
v 0.008637 -0.041981 -6.988211
v 0.008559 -0.041481 -6.987717
v 0.008011 -0.041981 -6.988260
v 0.008011 -0.041481 -6.987760
v 0.011011 -0.046031 -6.904614
v 0.011011 -0.046031 -6.986906
v 0.011248 -0.046031 -6.904909
v 0.011575 -0.046031 -6.905444
v 0.012011 -0.046031 -6.907260
v 0.011816 -0.046031 -6.906024
v 0.011962 -0.046031 -6.906634
v 0.011816 -0.046031 -6.985497
v 0.011575 -0.046031 -6.986076
v 0.011962 -0.046031 -6.984886
v 0.011248 -0.046031 -6.986611
v 0.012011 -0.046031 -6.984260
v 0.012011 -0.046981 -6.907260
v 0.012011 -0.046981 -6.984260
v 0.005649 -0.041481 -6.903760
v -0.005626 -0.041481 -6.903760
v -0.007989 -0.041981 -6.903260
v -0.007989 -0.041481 -6.903760
v 0.010840 -0.046981 -6.904432
v 0.011248 -0.046981 -6.904909
v 0.011575 -0.046981 -6.905444
v 0.011816 -0.046981 -6.906024
v 0.011962 -0.046981 -6.906634
v 0.010363 -0.046981 -6.904024
v 0.009827 -0.046981 -6.903696
v 0.009248 -0.046981 -6.903456
v 0.008637 -0.046981 -6.903309
v 0.008011 -0.046981 -6.903260
v 0.009586 -0.041481 -6.984210
v 0.009586 -0.047481 -6.984210
v 0.009563 -0.041481 -6.983932
v 0.009563 -0.047481 -6.983932
v 0.009492 -0.041481 -6.983661
v 0.009492 -0.047481 -6.983661
v 0.009377 -0.041481 -6.983406
v 0.009377 -0.047481 -6.983406
v 0.009220 -0.041481 -6.983174
v 0.009220 -0.047481 -6.983174
v 0.009027 -0.041481 -6.982972
v 0.009027 -0.047481 -6.982972
v 0.008802 -0.041481 -6.982805
v 0.008802 -0.047481 -6.982805
v 0.008552 -0.041481 -6.982679
v 0.008552 -0.047481 -6.982679
v 0.008284 -0.041481 -6.982597
v 0.008284 -0.047481 -6.982597
v 0.008006 -0.041481 -6.982562
v 0.008006 -0.047481 -6.982562
v 0.007727 -0.041481 -6.982574
v 0.007727 -0.047481 -6.982574
v 0.007453 -0.041481 -6.982633
v 0.007453 -0.047481 -6.982633
v 0.007194 -0.041481 -6.982737
v 0.007194 -0.047481 -6.982737
v 0.006955 -0.041481 -6.982884
v 0.006955 -0.047481 -6.982884
v 0.006745 -0.041481 -6.983068
v 0.006745 -0.047481 -6.983068
v 0.006569 -0.041481 -6.983286
v 0.006569 -0.047481 -6.983286
v 0.006433 -0.041481 -6.983531
v 0.006433 -0.047481 -6.983531
v 0.006340 -0.041481 -6.983795
v 0.006340 -0.047481 -6.983795
v 0.006292 -0.041481 -6.984070
v 0.006292 -0.047481 -6.984070
v 0.006292 -0.041481 -6.984350
v 0.006292 -0.047481 -6.984350
v 0.006340 -0.041481 -6.984626
v 0.006340 -0.047481 -6.984626
v 0.006433 -0.041481 -6.984890
v 0.006433 -0.047481 -6.984890
v 0.006569 -0.041481 -6.985134
v 0.006569 -0.047481 -6.985134
v 0.006745 -0.041481 -6.985352
v 0.006745 -0.047481 -6.985352
v 0.006955 -0.041481 -6.985537
v 0.006955 -0.047481 -6.985537
v 0.007194 -0.041481 -6.985683
v 0.007194 -0.047481 -6.985683
v 0.007453 -0.041481 -6.985788
v 0.007453 -0.047481 -6.985788
v 0.007727 -0.041481 -6.985847
v 0.007727 -0.047481 -6.985847
v 0.008006 -0.041481 -6.985859
v 0.008006 -0.047481 -6.985859
v 0.008284 -0.041481 -6.985823
v 0.008284 -0.047481 -6.985823
v 0.008552 -0.041481 -6.985741
v 0.008552 -0.047481 -6.985741
v 0.008802 -0.041481 -6.985615
v 0.008802 -0.047481 -6.985615
v 0.009027 -0.041481 -6.985449
v 0.009027 -0.047481 -6.985449
v 0.009220 -0.041481 -6.985247
v 0.009220 -0.047481 -6.985247
v 0.009377 -0.041481 -6.985015
v 0.009377 -0.047481 -6.985015
v 0.009492 -0.041481 -6.984760
v 0.009492 -0.047481 -6.984760
v 0.009563 -0.041481 -6.984489
v 0.009563 -0.047481 -6.984489
v 0.009586 -0.041481 -6.976210
v 0.009586 -0.047481 -6.976210
v 0.009563 -0.041481 -6.975932
v 0.009563 -0.047481 -6.975932
v 0.009492 -0.041481 -6.975661
v 0.009492 -0.047481 -6.975661
v 0.009377 -0.041481 -6.975406
v 0.009377 -0.047481 -6.975406
v 0.009220 -0.041481 -6.975174
v 0.009220 -0.047481 -6.975174
v 0.009027 -0.041481 -6.974972
v 0.009027 -0.047481 -6.974972
v 0.008802 -0.041481 -6.974805
v 0.008802 -0.047481 -6.974805
v 0.008552 -0.041481 -6.974679
v 0.008552 -0.047481 -6.974679
v 0.008284 -0.041481 -6.974597
v 0.008284 -0.047481 -6.974597
v 0.008006 -0.041481 -6.974562
v 0.008006 -0.047481 -6.974562
v 0.007727 -0.041481 -6.974574
v 0.007727 -0.047481 -6.974574
v 0.007453 -0.041481 -6.974633
v 0.007453 -0.047481 -6.974633
v 0.007194 -0.041481 -6.974737
v 0.007194 -0.047481 -6.974737
v 0.006955 -0.041481 -6.974884
v 0.006955 -0.047481 -6.974884
v 0.006745 -0.041481 -6.975069
v 0.006745 -0.047481 -6.975069
v 0.006569 -0.041481 -6.975286
v 0.006569 -0.047481 -6.975286
v 0.006433 -0.041481 -6.975531
v 0.006433 -0.047481 -6.975531
v 0.006340 -0.041481 -6.975794
v 0.006340 -0.047481 -6.975794
v 0.006292 -0.041481 -6.976070
v 0.006292 -0.047481 -6.976070
v 0.006292 -0.041481 -6.976350
v 0.006292 -0.047481 -6.976350
v 0.006340 -0.041481 -6.976626
v 0.006340 -0.047481 -6.976626
v 0.006433 -0.041481 -6.976890
v 0.006433 -0.047481 -6.976890
v 0.006569 -0.041481 -6.977134
v 0.006569 -0.047481 -6.977134
v 0.006745 -0.041481 -6.977352
v 0.006745 -0.047481 -6.977352
v 0.006955 -0.041481 -6.977537
v 0.006955 -0.047481 -6.977537
v 0.007194 -0.041481 -6.977684
v 0.007194 -0.047481 -6.977684
v 0.007453 -0.041481 -6.977788
v 0.007453 -0.047481 -6.977788
v 0.007727 -0.041481 -6.977847
v 0.007727 -0.047481 -6.977847
v 0.008006 -0.041481 -6.977859
v 0.008006 -0.047481 -6.977859
v 0.008284 -0.041481 -6.977823
v 0.008284 -0.047481 -6.977823
v 0.008552 -0.041481 -6.977741
v 0.008552 -0.047481 -6.977741
v 0.008802 -0.041481 -6.977615
v 0.008802 -0.047481 -6.977615
v 0.009027 -0.041481 -6.977449
v 0.009027 -0.047481 -6.977449
v 0.009220 -0.041481 -6.977247
v 0.009220 -0.047481 -6.977247
v 0.009377 -0.041481 -6.977015
v 0.009377 -0.047481 -6.977015
v 0.009492 -0.041481 -6.976760
v 0.009492 -0.047481 -6.976760
v 0.009563 -0.041481 -6.976489
v 0.009563 -0.047481 -6.976489
v 0.009586 -0.041481 -6.968210
v 0.009586 -0.047481 -6.968210
v 0.009563 -0.041481 -6.967931
v 0.009563 -0.047481 -6.967931
v 0.009492 -0.041481 -6.967660
v 0.009492 -0.047481 -6.967660
v 0.009377 -0.041481 -6.967406
v 0.009377 -0.047481 -6.967406
v 0.009220 -0.041481 -6.967174
v 0.009220 -0.047481 -6.967174
v 0.009027 -0.041481 -6.966972
v 0.009027 -0.047481 -6.966972
v 0.008802 -0.041481 -6.966805
v 0.008802 -0.047481 -6.966805
v 0.008552 -0.041481 -6.966679
v 0.008552 -0.047481 -6.966679
v 0.008284 -0.041481 -6.966598
v 0.008284 -0.047481 -6.966598
v 0.008006 -0.041481 -6.966562
v 0.008006 -0.047481 -6.966562
v 0.007727 -0.041481 -6.966574
v 0.007727 -0.047481 -6.966574
v 0.007453 -0.041481 -6.966633
v 0.007453 -0.047481 -6.966633
v 0.007194 -0.041481 -6.966737
v 0.007194 -0.047481 -6.966737
v 0.006955 -0.041481 -6.966884
v 0.006955 -0.047481 -6.966884
v 0.006745 -0.041481 -6.967069
v 0.006745 -0.047481 -6.967069
v 0.006569 -0.041481 -6.967286
v 0.006569 -0.047481 -6.967286
v 0.006433 -0.041481 -6.967531
v 0.006433 -0.047481 -6.967531
v 0.006340 -0.041481 -6.967794
v 0.006340 -0.047481 -6.967794
v 0.006292 -0.041481 -6.968071
v 0.006292 -0.047481 -6.968071
v 0.006292 -0.041481 -6.968350
v 0.006292 -0.047481 -6.968350
v 0.006340 -0.041481 -6.968626
v 0.006340 -0.047481 -6.968626
v 0.006433 -0.041481 -6.968890
v 0.006433 -0.047481 -6.968890
v 0.006569 -0.041481 -6.969134
v 0.006569 -0.047481 -6.969134
v 0.006745 -0.041481 -6.969352
v 0.006745 -0.047481 -6.969352
v 0.006955 -0.041481 -6.969537
v 0.006955 -0.047481 -6.969537
v 0.007194 -0.041481 -6.969684
v 0.007194 -0.047481 -6.969684
v 0.007453 -0.041481 -6.969788
v 0.007453 -0.047481 -6.969788
v 0.007727 -0.041481 -6.969847
v 0.007727 -0.047481 -6.969847
v 0.008006 -0.041481 -6.969859
v 0.008006 -0.047481 -6.969859
v 0.008284 -0.041481 -6.969823
v 0.008284 -0.047481 -6.969823
v 0.008552 -0.041481 -6.969741
v 0.008552 -0.047481 -6.969741
v 0.008802 -0.041481 -6.969615
v 0.008802 -0.047481 -6.969615
v 0.009027 -0.041481 -6.969449
v 0.009027 -0.047481 -6.969449
v 0.009220 -0.041481 -6.969247
v 0.009220 -0.047481 -6.969247
v 0.009377 -0.041481 -6.969015
v 0.009377 -0.047481 -6.969015
v 0.009492 -0.041481 -6.968760
v 0.009492 -0.047481 -6.968760
v 0.009563 -0.041481 -6.968489
v 0.009563 -0.047481 -6.968489
v 0.003511 -0.047481 -6.981110
v 0.003461 -0.047481 -6.980519
v 0.003312 -0.047481 -6.979944
v 0.003067 -0.047481 -6.979403
v 0.002735 -0.047481 -6.978911
v 0.002324 -0.047481 -6.978483
v 0.001847 -0.047481 -6.978130
v 0.001316 -0.047481 -6.977863
v 0.000749 -0.047481 -6.977689
v 0.000160 -0.047481 -6.977613
v -0.000433 -0.047481 -6.977639
v -0.001013 -0.047481 -6.977764
v -0.001564 -0.047481 -6.977985
v -0.002070 -0.047481 -6.978296
v -0.002515 -0.047481 -6.978689
v -0.002888 -0.047481 -6.979150
v -0.003178 -0.047481 -6.979669
v -0.003376 -0.047481 -6.980228
v -0.003476 -0.047481 -6.980814
v -0.003476 -0.047481 -6.981407
v -0.003376 -0.047481 -6.981992
v -0.003178 -0.047481 -6.982552
v -0.002888 -0.047481 -6.983070
v -0.002515 -0.047481 -6.983532
v -0.002070 -0.047481 -6.983924
v -0.001564 -0.047481 -6.984236
v -0.001013 -0.047481 -6.984457
v -0.000433 -0.047481 -6.984582
v 0.000160 -0.047481 -6.984607
v 0.000749 -0.047481 -6.984532
v 0.001316 -0.047481 -6.984358
v 0.001847 -0.047481 -6.984091
v 0.002324 -0.047481 -6.983737
v 0.002735 -0.047481 -6.983309
v 0.003067 -0.047481 -6.982817
v 0.003312 -0.047481 -6.982276
v 0.003461 -0.047481 -6.981702
v 0.003511 -0.047481 -6.969110
v 0.003461 -0.047481 -6.968519
v 0.003312 -0.047481 -6.967944
v 0.003067 -0.047481 -6.967403
v 0.002735 -0.047481 -6.966911
v 0.002324 -0.047481 -6.966483
v 0.001847 -0.047481 -6.966130
v 0.001316 -0.047481 -6.965863
v 0.000749 -0.047481 -6.965689
v 0.000160 -0.047481 -6.965613
v -0.000433 -0.047481 -6.965639
v -0.001013 -0.047481 -6.965764
v -0.001564 -0.047481 -6.965985
v -0.002070 -0.047481 -6.966296
v -0.002515 -0.047481 -6.966689
v -0.002888 -0.047481 -6.967150
v -0.003178 -0.047481 -6.967669
v -0.003376 -0.047481 -6.968228
v -0.003476 -0.047481 -6.968813
v -0.003476 -0.047481 -6.969407
v -0.003376 -0.047481 -6.969992
v -0.003178 -0.047481 -6.970552
v -0.002888 -0.047481 -6.971070
v -0.002515 -0.047481 -6.971532
v -0.002070 -0.047481 -6.971924
v -0.001564 -0.047481 -6.972236
v -0.001013 -0.047481 -6.972457
v -0.000433 -0.047481 -6.972582
v 0.000160 -0.047481 -6.972607
v 0.000749 -0.047481 -6.972532
v 0.001316 -0.047481 -6.972358
v 0.001847 -0.047481 -6.972091
v 0.002324 -0.047481 -6.971738
v 0.002735 -0.047481 -6.971309
v 0.003067 -0.047481 -6.970817
v 0.003312 -0.047481 -6.970276
v 0.003461 -0.047481 -6.969702
v 0.009586 -0.041481 -6.960210
v 0.009586 -0.047481 -6.960210
v 0.009563 -0.041481 -6.959931
v 0.009563 -0.047481 -6.959931
v 0.009492 -0.041481 -6.959661
v 0.009492 -0.047481 -6.959661
v 0.009377 -0.041481 -6.959405
v 0.009377 -0.047481 -6.959405
v 0.009220 -0.041481 -6.959174
v 0.009220 -0.047481 -6.959174
v 0.009027 -0.041481 -6.958972
v 0.009027 -0.047481 -6.958972
v 0.008802 -0.041481 -6.958805
v 0.008802 -0.047481 -6.958805
v 0.008552 -0.041481 -6.958679
v 0.008552 -0.047481 -6.958679
v 0.008284 -0.041481 -6.958597
v 0.008284 -0.047481 -6.958597
v 0.008006 -0.041481 -6.958562
v 0.008006 -0.047481 -6.958562
v 0.007727 -0.041481 -6.958574
v 0.007727 -0.047481 -6.958574
v 0.007453 -0.041481 -6.958632
v 0.007453 -0.047481 -6.958632
v 0.007194 -0.041481 -6.958737
v 0.007194 -0.047481 -6.958737
v 0.006955 -0.041481 -6.958884
v 0.006955 -0.047481 -6.958884
v 0.006745 -0.041481 -6.959069
v 0.006745 -0.047481 -6.959069
v 0.006569 -0.041481 -6.959286
v 0.006569 -0.047481 -6.959286
v 0.006433 -0.041481 -6.959531
v 0.006433 -0.047481 -6.959531
v 0.006340 -0.041481 -6.959795
v 0.006340 -0.047481 -6.959795
v 0.006292 -0.041481 -6.960071
v 0.006292 -0.047481 -6.960071
v 0.006292 -0.041481 -6.960350
v 0.006292 -0.047481 -6.960350
v 0.006340 -0.041481 -6.960626
v 0.006340 -0.047481 -6.960626
v 0.006433 -0.041481 -6.960890
v 0.006433 -0.047481 -6.960890
v 0.006569 -0.041481 -6.961134
v 0.006569 -0.047481 -6.961134
v 0.006745 -0.041481 -6.961352
v 0.006745 -0.047481 -6.961352
v 0.006955 -0.041481 -6.961537
v 0.006955 -0.047481 -6.961537
v 0.007194 -0.041481 -6.961684
v 0.007194 -0.047481 -6.961684
v 0.007453 -0.041481 -6.961788
v 0.007453 -0.047481 -6.961788
v 0.007727 -0.041481 -6.961847
v 0.007727 -0.047481 -6.961847
v 0.008006 -0.041481 -6.961859
v 0.008006 -0.047481 -6.961859
v 0.008284 -0.041481 -6.961823
v 0.008284 -0.047481 -6.961823
v 0.008552 -0.041481 -6.961741
v 0.008552 -0.047481 -6.961741
v 0.008802 -0.041481 -6.961616
v 0.008802 -0.047481 -6.961616
v 0.009027 -0.041481 -6.961449
v 0.009027 -0.047481 -6.961449
v 0.009220 -0.041481 -6.961247
v 0.009220 -0.047481 -6.961247
v 0.009377 -0.041481 -6.961015
v 0.009377 -0.047481 -6.961015
v 0.009492 -0.041481 -6.960760
v 0.009492 -0.047481 -6.960760
v 0.009563 -0.041481 -6.960489
v 0.009563 -0.047481 -6.960489
v 0.009586 -0.041481 -6.952210
v 0.009586 -0.047481 -6.952210
v 0.009563 -0.041481 -6.951931
v 0.009563 -0.047481 -6.951931
v 0.009492 -0.041481 -6.951661
v 0.009492 -0.047481 -6.951661
v 0.009377 -0.041481 -6.951406
v 0.009377 -0.047481 -6.951406
v 0.009220 -0.041481 -6.951174
v 0.009220 -0.047481 -6.951174
v 0.009027 -0.041481 -6.950972
v 0.009027 -0.047481 -6.950972
v 0.008802 -0.041481 -6.950805
v 0.008802 -0.047481 -6.950805
v 0.008552 -0.041481 -6.950679
v 0.008552 -0.047481 -6.950679
v 0.008284 -0.041481 -6.950597
v 0.008284 -0.047481 -6.950597
v 0.008006 -0.041481 -6.950562
v 0.008006 -0.047481 -6.950562
v 0.007727 -0.041481 -6.950573
v 0.007727 -0.047481 -6.950573
v 0.007453 -0.041481 -6.950633
v 0.007453 -0.047481 -6.950633
v 0.007194 -0.041481 -6.950737
v 0.007194 -0.047481 -6.950737
v 0.006955 -0.041481 -6.950884
v 0.006955 -0.047481 -6.950884
v 0.006745 -0.041481 -6.951068
v 0.006745 -0.047481 -6.951068
v 0.006569 -0.041481 -6.951286
v 0.006569 -0.047481 -6.951286
v 0.006433 -0.041481 -6.951530
v 0.006433 -0.047481 -6.951530
v 0.006340 -0.041481 -6.951795
v 0.006340 -0.047481 -6.951795
v 0.006292 -0.041481 -6.952070
v 0.006292 -0.047481 -6.952070
v 0.006292 -0.041481 -6.952350
v 0.006292 -0.047481 -6.952350
v 0.006340 -0.041481 -6.952626
v 0.006340 -0.047481 -6.952626
v 0.006433 -0.041481 -6.952890
v 0.006433 -0.047481 -6.952890
v 0.006569 -0.041481 -6.953134
v 0.006569 -0.047481 -6.953134
v 0.006745 -0.041481 -6.953352
v 0.006745 -0.047481 -6.953352
v 0.006955 -0.041481 -6.953537
v 0.006955 -0.047481 -6.953537
v 0.007194 -0.041481 -6.953684
v 0.007194 -0.047481 -6.953684
v 0.007453 -0.041481 -6.953788
v 0.007453 -0.047481 -6.953788
v 0.007727 -0.041481 -6.953847
v 0.007727 -0.047481 -6.953847
v 0.008006 -0.041481 -6.953859
v 0.008006 -0.047481 -6.953859
v 0.008284 -0.041481 -6.953823
v 0.008284 -0.047481 -6.953823
v 0.008552 -0.041481 -6.953742
v 0.008552 -0.047481 -6.953742
v 0.008802 -0.041481 -6.953615
v 0.008802 -0.047481 -6.953615
v 0.009027 -0.041481 -6.953449
v 0.009027 -0.047481 -6.953449
v 0.009220 -0.041481 -6.953247
v 0.009220 -0.047481 -6.953247
v 0.009377 -0.041481 -6.953015
v 0.009377 -0.047481 -6.953015
v 0.009492 -0.041481 -6.952760
v 0.009492 -0.047481 -6.952760
v 0.009563 -0.041481 -6.952489
v 0.009563 -0.047481 -6.952489
v -0.006264 -0.041481 -6.984210
v -0.006264 -0.047481 -6.984210
v -0.006287 -0.041481 -6.983932
v -0.006287 -0.047481 -6.983932
v -0.006358 -0.041481 -6.983661
v -0.006358 -0.047481 -6.983661
v -0.006473 -0.041481 -6.983406
v -0.006473 -0.047481 -6.983406
v -0.006630 -0.041481 -6.983174
v -0.006630 -0.047481 -6.983174
v -0.006823 -0.041481 -6.982972
v -0.006823 -0.047481 -6.982972
v -0.007048 -0.041481 -6.982805
v -0.007048 -0.047481 -6.982805
v -0.007298 -0.041481 -6.982679
v -0.007298 -0.047481 -6.982679
v -0.007566 -0.041481 -6.982597
v -0.007566 -0.047481 -6.982597
v -0.007844 -0.041481 -6.982562
v -0.007844 -0.047481 -6.982562
v -0.008123 -0.041481 -6.982574
v -0.008123 -0.047481 -6.982574
v -0.008397 -0.041481 -6.982633
v -0.008397 -0.047481 -6.982633
v -0.008656 -0.041481 -6.982737
v -0.008656 -0.047481 -6.982737
v -0.008895 -0.041481 -6.982884
v -0.008895 -0.047481 -6.982884
v -0.009105 -0.041481 -6.983068
v -0.009105 -0.047481 -6.983068
v -0.009281 -0.041481 -6.983286
v -0.009281 -0.047481 -6.983286
v -0.009417 -0.041481 -6.983531
v -0.009417 -0.047481 -6.983531
v -0.009510 -0.041481 -6.983795
v -0.009510 -0.047481 -6.983795
v -0.009558 -0.041481 -6.984070
v -0.009558 -0.047481 -6.984070
v -0.009558 -0.041481 -6.984350
v -0.009558 -0.047481 -6.984350
v -0.009510 -0.041481 -6.984626
v -0.009510 -0.047481 -6.984626
v -0.009417 -0.041481 -6.984890
v -0.009417 -0.047481 -6.984890
v -0.009281 -0.041481 -6.985134
v -0.009281 -0.047481 -6.985134
v -0.009105 -0.041481 -6.985352
v -0.009105 -0.047481 -6.985352
v -0.008895 -0.041481 -6.985537
v -0.008895 -0.047481 -6.985537
v -0.008656 -0.041481 -6.985683
v -0.008656 -0.047481 -6.985683
v -0.008397 -0.041481 -6.985788
v -0.008397 -0.047481 -6.985788
v -0.008123 -0.041481 -6.985847
v -0.008123 -0.047481 -6.985847
v -0.007844 -0.041481 -6.985859
v -0.007844 -0.047481 -6.985859
v -0.007566 -0.041481 -6.985823
v -0.007566 -0.047481 -6.985823
v -0.007298 -0.041481 -6.985741
v -0.007298 -0.047481 -6.985741
v -0.007048 -0.041481 -6.985615
v -0.007048 -0.047481 -6.985615
v -0.006823 -0.041481 -6.985449
v -0.006823 -0.047481 -6.985449
v -0.006630 -0.041481 -6.985247
v -0.006630 -0.047481 -6.985247
v -0.006473 -0.041481 -6.985015
v -0.006473 -0.047481 -6.985015
v -0.006358 -0.041481 -6.984760
v -0.006358 -0.047481 -6.984760
v -0.006287 -0.041481 -6.984489
v -0.006287 -0.047481 -6.984489
v -0.006264 -0.041481 -6.976210
v -0.006264 -0.047481 -6.976210
v -0.006287 -0.041481 -6.975932
v -0.006287 -0.047481 -6.975932
v -0.006358 -0.041481 -6.975661
v -0.006358 -0.047481 -6.975661
v -0.006473 -0.041481 -6.975406
v -0.006473 -0.047481 -6.975406
v -0.006630 -0.041481 -6.975174
v -0.006630 -0.047481 -6.975174
v -0.006823 -0.041481 -6.974972
v -0.006823 -0.047481 -6.974972
v -0.007048 -0.041481 -6.974805
v -0.007048 -0.047481 -6.974805
v -0.007298 -0.041481 -6.974679
v -0.007298 -0.047481 -6.974679
v -0.007566 -0.041481 -6.974597
v -0.007566 -0.047481 -6.974597
v -0.007844 -0.041481 -6.974562
v -0.007844 -0.047481 -6.974562
v -0.008123 -0.041481 -6.974574
v -0.008123 -0.047481 -6.974574
v -0.008397 -0.041481 -6.974633
v -0.008397 -0.047481 -6.974633
v -0.008656 -0.041481 -6.974737
v -0.008656 -0.047481 -6.974737
v -0.008895 -0.041481 -6.974884
v -0.008895 -0.047481 -6.974884
v -0.009105 -0.041481 -6.975069
v -0.009105 -0.047481 -6.975069
v -0.009281 -0.041481 -6.975286
v -0.009281 -0.047481 -6.975286
v -0.009417 -0.041481 -6.975531
v -0.009417 -0.047481 -6.975531
v -0.009510 -0.041481 -6.975794
v -0.009510 -0.047481 -6.975794
v -0.009558 -0.041481 -6.976070
v -0.009558 -0.047481 -6.976070
v -0.009558 -0.041481 -6.976350
v -0.009558 -0.047481 -6.976350
v -0.009510 -0.041481 -6.976626
v -0.009510 -0.047481 -6.976626
v -0.009417 -0.041481 -6.976890
v -0.009417 -0.047481 -6.976890
v -0.009281 -0.041481 -6.977134
v -0.009281 -0.047481 -6.977134
v -0.009105 -0.041481 -6.977352
v -0.009105 -0.047481 -6.977352
v -0.008895 -0.041481 -6.977537
v -0.008895 -0.047481 -6.977537
v -0.008656 -0.041481 -6.977684
v -0.008656 -0.047481 -6.977684
v -0.008397 -0.041481 -6.977788
v -0.008397 -0.047481 -6.977788
v -0.008123 -0.041481 -6.977847
v -0.008123 -0.047481 -6.977847
v -0.007844 -0.041481 -6.977859
v -0.007844 -0.047481 -6.977859
v -0.007566 -0.041481 -6.977823
v -0.007566 -0.047481 -6.977823
v -0.007298 -0.041481 -6.977741
v -0.007298 -0.047481 -6.977741
v -0.007048 -0.041481 -6.977615
v -0.007048 -0.047481 -6.977615
v -0.006823 -0.041481 -6.977449
v -0.006823 -0.047481 -6.977449
v -0.006630 -0.041481 -6.977247
v -0.006630 -0.047481 -6.977247
v -0.006473 -0.041481 -6.977015
v -0.006473 -0.047481 -6.977015
v -0.006358 -0.041481 -6.976760
v -0.006358 -0.047481 -6.976760
v -0.006287 -0.041481 -6.976489
v -0.006287 -0.047481 -6.976489
v -0.006264 -0.041481 -6.968210
v -0.006264 -0.047481 -6.968210
v -0.006287 -0.041481 -6.967931
v -0.006287 -0.047481 -6.967931
v -0.006358 -0.041481 -6.967660
v -0.006358 -0.047481 -6.967660
v -0.006473 -0.041481 -6.967406
v -0.006473 -0.047481 -6.967406
v -0.006630 -0.041481 -6.967174
v -0.006630 -0.047481 -6.967174
v -0.006823 -0.041481 -6.966972
v -0.006823 -0.047481 -6.966972
v -0.007048 -0.041481 -6.966805
v -0.007048 -0.047481 -6.966805
v -0.007298 -0.041481 -6.966679
v -0.007298 -0.047481 -6.966679
v -0.007566 -0.041481 -6.966598
v -0.007566 -0.047481 -6.966598
v -0.007844 -0.041481 -6.966562
v -0.007844 -0.047481 -6.966562
v -0.008123 -0.041481 -6.966574
v -0.008123 -0.047481 -6.966574
v -0.008397 -0.041481 -6.966633
v -0.008397 -0.047481 -6.966633
v -0.008656 -0.041481 -6.966737
v -0.008656 -0.047481 -6.966737
v -0.008895 -0.041481 -6.966884
v -0.008895 -0.047481 -6.966884
v -0.009105 -0.041481 -6.967069
v -0.009105 -0.047481 -6.967069
v -0.009281 -0.041481 -6.967286
v -0.009281 -0.047481 -6.967286
v -0.009417 -0.041481 -6.967531
v -0.009417 -0.047481 -6.967531
v -0.009510 -0.041481 -6.967794
v -0.009510 -0.047481 -6.967794
v -0.009558 -0.041481 -6.968071
v -0.009558 -0.047481 -6.968071
v -0.009558 -0.041481 -6.968350
v -0.009558 -0.047481 -6.968350
v -0.009510 -0.041481 -6.968626
v -0.009510 -0.047481 -6.968626
v -0.009417 -0.041481 -6.968890
v -0.009417 -0.047481 -6.968890
v -0.009281 -0.041481 -6.969134
v -0.009281 -0.047481 -6.969134
v -0.009105 -0.041481 -6.969352
v -0.009105 -0.047481 -6.969352
v -0.008895 -0.041481 -6.969537
v -0.008895 -0.047481 -6.969537
v -0.008656 -0.041481 -6.969684
v -0.008656 -0.047481 -6.969684
v -0.008397 -0.041481 -6.969788
v -0.008397 -0.047481 -6.969788
v -0.008123 -0.041481 -6.969847
v -0.008123 -0.047481 -6.969847
v -0.007844 -0.041481 -6.969859
v -0.007844 -0.047481 -6.969859
v -0.007566 -0.041481 -6.969823
v -0.007566 -0.047481 -6.969823
v -0.007298 -0.041481 -6.969741
v -0.007298 -0.047481 -6.969741
v -0.007048 -0.041481 -6.969615
v -0.007048 -0.047481 -6.969615
v -0.006823 -0.041481 -6.969449
v -0.006823 -0.047481 -6.969449
v -0.006630 -0.041481 -6.969247
v -0.006630 -0.047481 -6.969247
v -0.006473 -0.041481 -6.969015
v -0.006473 -0.047481 -6.969015
v -0.006358 -0.041481 -6.968760
v -0.006358 -0.047481 -6.968760
v -0.006287 -0.041481 -6.968489
v -0.006287 -0.047481 -6.968489
v -0.006264 -0.041481 -6.960210
v -0.006264 -0.047481 -6.960210
v -0.006287 -0.041481 -6.959931
v -0.006287 -0.047481 -6.959931
v -0.006358 -0.041481 -6.959661
v -0.006358 -0.047481 -6.959661
v -0.006473 -0.041481 -6.959405
v -0.006473 -0.047481 -6.959405
v -0.006630 -0.041481 -6.959174
v -0.006630 -0.047481 -6.959174
v -0.006823 -0.041481 -6.958972
v -0.006823 -0.047481 -6.958972
v -0.007048 -0.041481 -6.958805
v -0.007048 -0.047481 -6.958805
v -0.007298 -0.041481 -6.958679
v -0.007298 -0.047481 -6.958679
v -0.007566 -0.041481 -6.958597
v -0.007566 -0.047481 -6.958597
v -0.007844 -0.041481 -6.958562
v -0.007844 -0.047481 -6.958562
v -0.008123 -0.041481 -6.958574
v -0.008123 -0.047481 -6.958574
v -0.008397 -0.041481 -6.958632
v -0.008397 -0.047481 -6.958632
v -0.008656 -0.041481 -6.958737
v -0.008656 -0.047481 -6.958737
v -0.008895 -0.041481 -6.958884
v -0.008895 -0.047481 -6.958884
v -0.009105 -0.041481 -6.959069
v -0.009105 -0.047481 -6.959069
v -0.009281 -0.041481 -6.959286
v -0.009281 -0.047481 -6.959286
v -0.009417 -0.041481 -6.959531
v -0.009417 -0.047481 -6.959531
v -0.009510 -0.041481 -6.959795
v -0.009510 -0.047481 -6.959795
v -0.009558 -0.041481 -6.960071
v -0.009558 -0.047481 -6.960071
v -0.009558 -0.041481 -6.960350
v -0.009558 -0.047481 -6.960350
v -0.009510 -0.041481 -6.960626
v -0.009510 -0.047481 -6.960626
v -0.009417 -0.041481 -6.960890
v -0.009417 -0.047481 -6.960890
v -0.009281 -0.041481 -6.961134
v -0.009281 -0.047481 -6.961134
v -0.009105 -0.041481 -6.961352
v -0.009105 -0.047481 -6.961352
v -0.008895 -0.041481 -6.961537
v -0.008895 -0.047481 -6.961537
v -0.008656 -0.041481 -6.961684
v -0.008656 -0.047481 -6.961684
v -0.008397 -0.041481 -6.961788
v -0.008397 -0.047481 -6.961788
v -0.008123 -0.041481 -6.961847
v -0.008123 -0.047481 -6.961847
v -0.007844 -0.041481 -6.961859
v -0.007844 -0.047481 -6.961859
v -0.007566 -0.041481 -6.961823
v -0.007566 -0.047481 -6.961823
v -0.007298 -0.041481 -6.961741
v -0.007298 -0.047481 -6.961741
v -0.007048 -0.041481 -6.961616
v -0.007048 -0.047481 -6.961616
v -0.006823 -0.041481 -6.961449
v -0.006823 -0.047481 -6.961449
v -0.006630 -0.041481 -6.961247
v -0.006630 -0.047481 -6.961247
v -0.006473 -0.041481 -6.961015
v -0.006473 -0.047481 -6.961015
v -0.006358 -0.041481 -6.960760
v -0.006358 -0.047481 -6.960760
v -0.006287 -0.041481 -6.960489
v -0.006287 -0.047481 -6.960489
v -0.006264 -0.041481 -6.952210
v -0.006264 -0.047481 -6.952210
v -0.006287 -0.041481 -6.951931
v -0.006287 -0.047481 -6.951931
v -0.006358 -0.041481 -6.951661
v -0.006358 -0.047481 -6.951661
v -0.006473 -0.041481 -6.951406
v -0.006473 -0.047481 -6.951406
v -0.006630 -0.041481 -6.951174
v -0.006630 -0.047481 -6.951174
v -0.006823 -0.041481 -6.950972
v -0.006823 -0.047481 -6.950972
v -0.007048 -0.041481 -6.950805
v -0.007048 -0.047481 -6.950805
v -0.007298 -0.041481 -6.950679
v -0.007298 -0.047481 -6.950679
v -0.007566 -0.041481 -6.950597
v -0.007566 -0.047481 -6.950597
v -0.007844 -0.041481 -6.950562
v -0.007844 -0.047481 -6.950562
v -0.008123 -0.041481 -6.950573
v -0.008123 -0.047481 -6.950573
v -0.008397 -0.041481 -6.950633
v -0.008397 -0.047481 -6.950633
v -0.008656 -0.041481 -6.950737
v -0.008656 -0.047481 -6.950737
v -0.008895 -0.041481 -6.950884
v -0.008895 -0.047481 -6.950884
v -0.009105 -0.041481 -6.951068
v -0.009105 -0.047481 -6.951068
v -0.009281 -0.041481 -6.951286
v -0.009281 -0.047481 -6.951286
v -0.009417 -0.041481 -6.951530
v -0.009417 -0.047481 -6.951530
v -0.009510 -0.041481 -6.951795
v -0.009510 -0.047481 -6.951795
v -0.009558 -0.041481 -6.952070
v -0.009558 -0.047481 -6.952070
v -0.009558 -0.041481 -6.952350
v -0.009558 -0.047481 -6.952350
v -0.009510 -0.041481 -6.952626
v -0.009510 -0.047481 -6.952626
v -0.009417 -0.041481 -6.952890
v -0.009417 -0.047481 -6.952890
v -0.009281 -0.041481 -6.953134
v -0.009281 -0.047481 -6.953134
v -0.009105 -0.041481 -6.953352
v -0.009105 -0.047481 -6.953352
v -0.008895 -0.041481 -6.953537
v -0.008895 -0.047481 -6.953537
v -0.008656 -0.041481 -6.953684
v -0.008656 -0.047481 -6.953684
v -0.008397 -0.041481 -6.953788
v -0.008397 -0.047481 -6.953788
v -0.008123 -0.041481 -6.953847
v -0.008123 -0.047481 -6.953847
v -0.007844 -0.041481 -6.953859
v -0.007844 -0.047481 -6.953859
v -0.007566 -0.041481 -6.953823
v -0.007566 -0.047481 -6.953823
v -0.007298 -0.041481 -6.953742
v -0.007298 -0.047481 -6.953742
v -0.007048 -0.041481 -6.953615
v -0.007048 -0.047481 -6.953615
v -0.006823 -0.041481 -6.953449
v -0.006823 -0.047481 -6.953449
v -0.006630 -0.041481 -6.953247
v -0.006630 -0.047481 -6.953247
v -0.006473 -0.041481 -6.953015
v -0.006473 -0.047481 -6.953015
v -0.006358 -0.041481 -6.952760
v -0.006358 -0.047481 -6.952760
v -0.006287 -0.041481 -6.952489
v -0.006287 -0.047481 -6.952489
v 0.009586 -0.041481 -6.944211
v 0.009586 -0.047481 -6.944211
v 0.009563 -0.041481 -6.943932
v 0.009563 -0.047481 -6.943932
v 0.009492 -0.041481 -6.943661
v 0.009492 -0.047481 -6.943661
v 0.009377 -0.041481 -6.943406
v 0.009377 -0.047481 -6.943406
v 0.009220 -0.041481 -6.943174
v 0.009220 -0.047481 -6.943174
v 0.009027 -0.041481 -6.942972
v 0.009027 -0.047481 -6.942972
v 0.008802 -0.041481 -6.942805
v 0.008802 -0.047481 -6.942805
v 0.008552 -0.041481 -6.942679
v 0.008552 -0.047481 -6.942679
v 0.008284 -0.041481 -6.942597
v 0.008284 -0.047481 -6.942597
v 0.008006 -0.041481 -6.942562
v 0.008006 -0.047481 -6.942562
v 0.007727 -0.041481 -6.942574
v 0.007727 -0.047481 -6.942574
v 0.007453 -0.041481 -6.942633
v 0.007453 -0.047481 -6.942633
v 0.007194 -0.041481 -6.942737
v 0.007194 -0.047481 -6.942737
v 0.006955 -0.041481 -6.942883
v 0.006955 -0.047481 -6.942883
v 0.006745 -0.041481 -6.943069
v 0.006745 -0.047481 -6.943069
v 0.006569 -0.041481 -6.943286
v 0.006569 -0.047481 -6.943286
v 0.006433 -0.041481 -6.943531
v 0.006433 -0.047481 -6.943531
v 0.006340 -0.041481 -6.943795
v 0.006340 -0.047481 -6.943795
v 0.006292 -0.041481 -6.944070
v 0.006292 -0.047481 -6.944070
v 0.006292 -0.041481 -6.944350
v 0.006292 -0.047481 -6.944350
v 0.006340 -0.041481 -6.944626
v 0.006340 -0.047481 -6.944626
v 0.006433 -0.041481 -6.944890
v 0.006433 -0.047481 -6.944890
v 0.006569 -0.041481 -6.945134
v 0.006569 -0.047481 -6.945134
v 0.006745 -0.041481 -6.945352
v 0.006745 -0.047481 -6.945352
v 0.006955 -0.041481 -6.945537
v 0.006955 -0.047481 -6.945537
v 0.007194 -0.041481 -6.945683
v 0.007194 -0.047481 -6.945683
v 0.007453 -0.041481 -6.945788
v 0.007453 -0.047481 -6.945788
v 0.007727 -0.041481 -6.945847
v 0.007727 -0.047481 -6.945847
v 0.008006 -0.041481 -6.945859
v 0.008006 -0.047481 -6.945859
v 0.008284 -0.041481 -6.945823
v 0.008284 -0.047481 -6.945823
v 0.008552 -0.041481 -6.945741
v 0.008552 -0.047481 -6.945741
v 0.008802 -0.041481 -6.945615
v 0.008802 -0.047481 -6.945615
v 0.009027 -0.041481 -6.945449
v 0.009027 -0.047481 -6.945449
v 0.009220 -0.041481 -6.945247
v 0.009220 -0.047481 -6.945247
v 0.009377 -0.041481 -6.945015
v 0.009377 -0.047481 -6.945015
v 0.009492 -0.041481 -6.944760
v 0.009492 -0.047481 -6.944760
v 0.009563 -0.041481 -6.944489
v 0.009563 -0.047481 -6.944489
v 0.009586 -0.041481 -6.936210
v 0.009586 -0.047481 -6.936210
v 0.009563 -0.041481 -6.935932
v 0.009563 -0.047481 -6.935932
v 0.009492 -0.041481 -6.935661
v 0.009492 -0.047481 -6.935661
v 0.009377 -0.041481 -6.935406
v 0.009377 -0.047481 -6.935406
v 0.009220 -0.041481 -6.935174
v 0.009220 -0.047481 -6.935174
v 0.009027 -0.041481 -6.934972
v 0.009027 -0.047481 -6.934972
v 0.008802 -0.041481 -6.934805
v 0.008802 -0.047481 -6.934805
v 0.008552 -0.041481 -6.934680
v 0.008552 -0.047481 -6.934680
v 0.008284 -0.041481 -6.934597
v 0.008284 -0.047481 -6.934597
v 0.008006 -0.041481 -6.934562
v 0.008006 -0.047481 -6.934562
v 0.007727 -0.041481 -6.934574
v 0.007727 -0.047481 -6.934574
v 0.007453 -0.041481 -6.934633
v 0.007453 -0.047481 -6.934633
v 0.007194 -0.041481 -6.934737
v 0.007194 -0.047481 -6.934737
v 0.006955 -0.041481 -6.934884
v 0.006955 -0.047481 -6.934884
v 0.006745 -0.041481 -6.935069
v 0.006745 -0.047481 -6.935069
v 0.006569 -0.041481 -6.935287
v 0.006569 -0.047481 -6.935287
v 0.006433 -0.041481 -6.935531
v 0.006433 -0.047481 -6.935531
v 0.006340 -0.041481 -6.935794
v 0.006340 -0.047481 -6.935794
v 0.006292 -0.041481 -6.936070
v 0.006292 -0.047481 -6.936070
v 0.006292 -0.041481 -6.936350
v 0.006292 -0.047481 -6.936350
v 0.006340 -0.041481 -6.936626
v 0.006340 -0.047481 -6.936626
v 0.006433 -0.041481 -6.936890
v 0.006433 -0.047481 -6.936890
v 0.006569 -0.041481 -6.937134
v 0.006569 -0.047481 -6.937134
v 0.006745 -0.041481 -6.937352
v 0.006745 -0.047481 -6.937352
v 0.006955 -0.041481 -6.937537
v 0.006955 -0.047481 -6.937537
v 0.007194 -0.041481 -6.937684
v 0.007194 -0.047481 -6.937684
v 0.007453 -0.041481 -6.937788
v 0.007453 -0.047481 -6.937788
v 0.007727 -0.041481 -6.937847
v 0.007727 -0.047481 -6.937847
v 0.008006 -0.041481 -6.937859
v 0.008006 -0.047481 -6.937859
v 0.008284 -0.041481 -6.937823
v 0.008284 -0.047481 -6.937823
v 0.008552 -0.041481 -6.937741
v 0.008552 -0.047481 -6.937741
v 0.008802 -0.041481 -6.937615
v 0.008802 -0.047481 -6.937615
v 0.009027 -0.041481 -6.937449
v 0.009027 -0.047481 -6.937449
v 0.009220 -0.041481 -6.937247
v 0.009220 -0.047481 -6.937247
v 0.009377 -0.041481 -6.937015
v 0.009377 -0.047481 -6.937015
v 0.009492 -0.041481 -6.936760
v 0.009492 -0.047481 -6.936760
v 0.009563 -0.041481 -6.936489
v 0.009563 -0.047481 -6.936489
v 0.009586 -0.041481 -6.928210
v 0.009586 -0.047481 -6.928210
v 0.009563 -0.041481 -6.927931
v 0.009563 -0.047481 -6.927931
v 0.009492 -0.041481 -6.927660
v 0.009492 -0.047481 -6.927660
v 0.009377 -0.041481 -6.927406
v 0.009377 -0.047481 -6.927406
v 0.009220 -0.041481 -6.927174
v 0.009220 -0.047481 -6.927174
v 0.009027 -0.041481 -6.926972
v 0.009027 -0.047481 -6.926972
v 0.008802 -0.041481 -6.926805
v 0.008802 -0.047481 -6.926805
v 0.008552 -0.041481 -6.926679
v 0.008552 -0.047481 -6.926679
v 0.008284 -0.041481 -6.926597
v 0.008284 -0.047481 -6.926597
v 0.008006 -0.041481 -6.926562
v 0.008006 -0.047481 -6.926562
v 0.007727 -0.041481 -6.926574
v 0.007727 -0.047481 -6.926574
v 0.007453 -0.041481 -6.926632
v 0.007453 -0.047481 -6.926632
v 0.007194 -0.041481 -6.926737
v 0.007194 -0.047481 -6.926737
v 0.006955 -0.041481 -6.926884
v 0.006955 -0.047481 -6.926884
v 0.006745 -0.041481 -6.927069
v 0.006745 -0.047481 -6.927069
v 0.006569 -0.041481 -6.927286
v 0.006569 -0.047481 -6.927286
v 0.006433 -0.041481 -6.927531
v 0.006433 -0.047481 -6.927531
v 0.006340 -0.041481 -6.927794
v 0.006340 -0.047481 -6.927794
v 0.006292 -0.041481 -6.928071
v 0.006292 -0.047481 -6.928071
v 0.006292 -0.041481 -6.928350
v 0.006292 -0.047481 -6.928350
v 0.006340 -0.041481 -6.928626
v 0.006340 -0.047481 -6.928626
v 0.006433 -0.041481 -6.928890
v 0.006433 -0.047481 -6.928890
v 0.006569 -0.041481 -6.929134
v 0.006569 -0.047481 -6.929134
v 0.006745 -0.041481 -6.929352
v 0.006745 -0.047481 -6.929352
v 0.006955 -0.041481 -6.929537
v 0.006955 -0.047481 -6.929537
v 0.007194 -0.041481 -6.929684
v 0.007194 -0.047481 -6.929684
v 0.007453 -0.041481 -6.929788
v 0.007453 -0.047481 -6.929788
v 0.007727 -0.041481 -6.929847
v 0.007727 -0.047481 -6.929847
v 0.008006 -0.041481 -6.929859
v 0.008006 -0.047481 -6.929859
v 0.008284 -0.041481 -6.929823
v 0.008284 -0.047481 -6.929823
v 0.008552 -0.041481 -6.929741
v 0.008552 -0.047481 -6.929741
v 0.008802 -0.041481 -6.929615
v 0.008802 -0.047481 -6.929615
v 0.009027 -0.041481 -6.929449
v 0.009027 -0.047481 -6.929449
v 0.009220 -0.041481 -6.929247
v 0.009220 -0.047481 -6.929247
v 0.009377 -0.041481 -6.929015
v 0.009377 -0.047481 -6.929015
v 0.009492 -0.041481 -6.928760
v 0.009492 -0.047481 -6.928760
v 0.009563 -0.041481 -6.928489
v 0.009563 -0.047481 -6.928489
v 0.009586 -0.041481 -6.920210
v 0.009586 -0.047481 -6.920210
v 0.009563 -0.041481 -6.919931
v 0.009563 -0.047481 -6.919931
v 0.009492 -0.041481 -6.919661
v 0.009492 -0.047481 -6.919661
v 0.009377 -0.041481 -6.919405
v 0.009377 -0.047481 -6.919405
v 0.009220 -0.041481 -6.919174
v 0.009220 -0.047481 -6.919174
v 0.009027 -0.041481 -6.918972
v 0.009027 -0.047481 -6.918972
v 0.008802 -0.041481 -6.918805
v 0.008802 -0.047481 -6.918805
v 0.008552 -0.041481 -6.918679
v 0.008552 -0.047481 -6.918679
v 0.008284 -0.041481 -6.918597
v 0.008284 -0.047481 -6.918597
v 0.008006 -0.041481 -6.918562
v 0.008006 -0.047481 -6.918562
v 0.007727 -0.041481 -6.918574
v 0.007727 -0.047481 -6.918574
v 0.007453 -0.041481 -6.918633
v 0.007453 -0.047481 -6.918633
v 0.007194 -0.041481 -6.918737
v 0.007194 -0.047481 -6.918737
v 0.006955 -0.041481 -6.918884
v 0.006955 -0.047481 -6.918884
v 0.006745 -0.041481 -6.919069
v 0.006745 -0.047481 -6.919069
v 0.006569 -0.041481 -6.919286
v 0.006569 -0.047481 -6.919286
v 0.006433 -0.041481 -6.919531
v 0.006433 -0.047481 -6.919531
v 0.006340 -0.041481 -6.919795
v 0.006340 -0.047481 -6.919795
v 0.006292 -0.041481 -6.920070
v 0.006292 -0.047481 -6.920070
v 0.006292 -0.041481 -6.920350
v 0.006292 -0.047481 -6.920350
v 0.006340 -0.041481 -6.920626
v 0.006340 -0.047481 -6.920626
v 0.006433 -0.041481 -6.920890
v 0.006433 -0.047481 -6.920890
v 0.006569 -0.041481 -6.921134
v 0.006569 -0.047481 -6.921134
v 0.006745 -0.041481 -6.921352
v 0.006745 -0.047481 -6.921352
v 0.006955 -0.041481 -6.921537
v 0.006955 -0.047481 -6.921537
v 0.007194 -0.041481 -6.921684
v 0.007194 -0.047481 -6.921684
v 0.007453 -0.041481 -6.921788
v 0.007453 -0.047481 -6.921788
v 0.007727 -0.041481 -6.921847
v 0.007727 -0.047481 -6.921847
v 0.008006 -0.041481 -6.921859
v 0.008006 -0.047481 -6.921859
v 0.008284 -0.041481 -6.921824
v 0.008284 -0.047481 -6.921824
v 0.008552 -0.041481 -6.921741
v 0.008552 -0.047481 -6.921741
v 0.008802 -0.041481 -6.921615
v 0.008802 -0.047481 -6.921615
v 0.009027 -0.041481 -6.921449
v 0.009027 -0.047481 -6.921449
v 0.009220 -0.041481 -6.921247
v 0.009220 -0.047481 -6.921247
v 0.009377 -0.041481 -6.921015
v 0.009377 -0.047481 -6.921015
v 0.009492 -0.041481 -6.920760
v 0.009492 -0.047481 -6.920760
v 0.009563 -0.041481 -6.920489
v 0.009563 -0.047481 -6.920489
v 0.009586 -0.041481 -6.912210
v 0.009586 -0.047481 -6.912210
v 0.009563 -0.041481 -6.911932
v 0.009563 -0.047481 -6.911932
v 0.009492 -0.041481 -6.911661
v 0.009492 -0.047481 -6.911661
v 0.009377 -0.041481 -6.911406
v 0.009377 -0.047481 -6.911406
v 0.009220 -0.041481 -6.911174
v 0.009220 -0.047481 -6.911174
v 0.009027 -0.041481 -6.910972
v 0.009027 -0.047481 -6.910972
v 0.008802 -0.041481 -6.910805
v 0.008802 -0.047481 -6.910805
v 0.008552 -0.041481 -6.910679
v 0.008552 -0.047481 -6.910679
v 0.008284 -0.041481 -6.910597
v 0.008284 -0.047481 -6.910597
v 0.008006 -0.041481 -6.910562
v 0.008006 -0.047481 -6.910562
v 0.007727 -0.041481 -6.910573
v 0.007727 -0.047481 -6.910573
v 0.007453 -0.041481 -6.910633
v 0.007453 -0.047481 -6.910633
v 0.007194 -0.041481 -6.910737
v 0.007194 -0.047481 -6.910737
v 0.006955 -0.041481 -6.910884
v 0.006955 -0.047481 -6.910884
v 0.006745 -0.041481 -6.911068
v 0.006745 -0.047481 -6.911068
v 0.006569 -0.041481 -6.911286
v 0.006569 -0.047481 -6.911286
v 0.006433 -0.041481 -6.911530
v 0.006433 -0.047481 -6.911530
v 0.006340 -0.041481 -6.911795
v 0.006340 -0.047481 -6.911795
v 0.006292 -0.041481 -6.912070
v 0.006292 -0.047481 -6.912070
v 0.006292 -0.041481 -6.912350
v 0.006292 -0.047481 -6.912350
v 0.006340 -0.041481 -6.912626
v 0.006340 -0.047481 -6.912626
v 0.006433 -0.041481 -6.912890
v 0.006433 -0.047481 -6.912890
v 0.006569 -0.041481 -6.913134
v 0.006569 -0.047481 -6.913134
v 0.006745 -0.041481 -6.913352
v 0.006745 -0.047481 -6.913352
v 0.006955 -0.041481 -6.913537
v 0.006955 -0.047481 -6.913537
v 0.007194 -0.041481 -6.913683
v 0.007194 -0.047481 -6.913683
v 0.007453 -0.041481 -6.913788
v 0.007453 -0.047481 -6.913788
v 0.007727 -0.041481 -6.913847
v 0.007727 -0.047481 -6.913847
v 0.008006 -0.041481 -6.913859
v 0.008006 -0.047481 -6.913859
v 0.008284 -0.041481 -6.913823
v 0.008284 -0.047481 -6.913823
v 0.008552 -0.041481 -6.913741
v 0.008552 -0.047481 -6.913741
v 0.008802 -0.041481 -6.913615
v 0.008802 -0.047481 -6.913615
v 0.009027 -0.041481 -6.913449
v 0.009027 -0.047481 -6.913449
v 0.009220 -0.041481 -6.913247
v 0.009220 -0.047481 -6.913247
v 0.009377 -0.041481 -6.913015
v 0.009377 -0.047481 -6.913015
v 0.009492 -0.041481 -6.912760
v 0.009492 -0.047481 -6.912760
v 0.009563 -0.041481 -6.912489
v 0.009563 -0.047481 -6.912489
v -0.006264 -0.041481 -6.944211
v -0.006264 -0.047481 -6.944211
v -0.006287 -0.041481 -6.943932
v -0.006287 -0.047481 -6.943932
v -0.006358 -0.041481 -6.943661
v -0.006358 -0.047481 -6.943661
v -0.006473 -0.041481 -6.943406
v -0.006473 -0.047481 -6.943406
v -0.006630 -0.041481 -6.943174
v -0.006630 -0.047481 -6.943174
v -0.006823 -0.041481 -6.942972
v -0.006823 -0.047481 -6.942972
v -0.007048 -0.041481 -6.942805
v -0.007048 -0.047481 -6.942805
v -0.007298 -0.041481 -6.942679
v -0.007298 -0.047481 -6.942679
v -0.007566 -0.041481 -6.942597
v -0.007566 -0.047481 -6.942597
v -0.007844 -0.041481 -6.942562
v -0.007844 -0.047481 -6.942562
v -0.008123 -0.041481 -6.942574
v -0.008123 -0.047481 -6.942574
v -0.008397 -0.041481 -6.942633
v -0.008397 -0.047481 -6.942633
v -0.008656 -0.041481 -6.942737
v -0.008656 -0.047481 -6.942737
v -0.008895 -0.041481 -6.942883
v -0.008895 -0.047481 -6.942883
v -0.009105 -0.041481 -6.943069
v -0.009105 -0.047481 -6.943069
v -0.009281 -0.041481 -6.943286
v -0.009281 -0.047481 -6.943286
v -0.009417 -0.041481 -6.943531
v -0.009417 -0.047481 -6.943531
v -0.009510 -0.041481 -6.943795
v -0.009510 -0.047481 -6.943795
v -0.009558 -0.041481 -6.944070
v -0.009558 -0.047481 -6.944070
v -0.009558 -0.041481 -6.944350
v -0.009558 -0.047481 -6.944350
v -0.009510 -0.041481 -6.944626
v -0.009510 -0.047481 -6.944626
v -0.009417 -0.041481 -6.944890
v -0.009417 -0.047481 -6.944890
v -0.009281 -0.041481 -6.945134
v -0.009281 -0.047481 -6.945134
v -0.009105 -0.041481 -6.945352
v -0.009105 -0.047481 -6.945352
v -0.008895 -0.041481 -6.945537
v -0.008895 -0.047481 -6.945537
v -0.008656 -0.041481 -6.945683
v -0.008656 -0.047481 -6.945683
v -0.008397 -0.041481 -6.945788
v -0.008397 -0.047481 -6.945788
v -0.008123 -0.041481 -6.945847
v -0.008123 -0.047481 -6.945847
v -0.007844 -0.041481 -6.945859
v -0.007844 -0.047481 -6.945859
v -0.007566 -0.041481 -6.945823
v -0.007566 -0.047481 -6.945823
v -0.007298 -0.041481 -6.945741
v -0.007298 -0.047481 -6.945741
v -0.007048 -0.041481 -6.945615
v -0.007048 -0.047481 -6.945615
v -0.006823 -0.041481 -6.945449
v -0.006823 -0.047481 -6.945449
v -0.006630 -0.041481 -6.945247
v -0.006630 -0.047481 -6.945247
v -0.006473 -0.041481 -6.945015
v -0.006473 -0.047481 -6.945015
v -0.006358 -0.041481 -6.944760
v -0.006358 -0.047481 -6.944760
v -0.006287 -0.041481 -6.944489
v -0.006287 -0.047481 -6.944489
v -0.006264 -0.041481 -6.936210
v -0.006264 -0.047481 -6.936210
v -0.006287 -0.041481 -6.935932
v -0.006287 -0.047481 -6.935932
v -0.006358 -0.041481 -6.935661
v -0.006358 -0.047481 -6.935661
v -0.006473 -0.041481 -6.935406
v -0.006473 -0.047481 -6.935406
v -0.006630 -0.041481 -6.935174
v -0.006630 -0.047481 -6.935174
v -0.006823 -0.041481 -6.934972
v -0.006823 -0.047481 -6.934972
v -0.007048 -0.041481 -6.934805
v -0.007048 -0.047481 -6.934805
v -0.007298 -0.041481 -6.934680
v -0.007298 -0.047481 -6.934680
v -0.007566 -0.041481 -6.934597
v -0.007566 -0.047481 -6.934597
v -0.007844 -0.041481 -6.934562
v -0.007844 -0.047481 -6.934562
v -0.008123 -0.041481 -6.934574
v -0.008123 -0.047481 -6.934574
v -0.008397 -0.041481 -6.934633
v -0.008397 -0.047481 -6.934633
v -0.008656 -0.041481 -6.934737
v -0.008656 -0.047481 -6.934737
v -0.008895 -0.041481 -6.934884
v -0.008895 -0.047481 -6.934884
v -0.009105 -0.041481 -6.935069
v -0.009105 -0.047481 -6.935069
v -0.009281 -0.041481 -6.935287
v -0.009281 -0.047481 -6.935287
v -0.009417 -0.041481 -6.935531
v -0.009417 -0.047481 -6.935531
v -0.009510 -0.041481 -6.935794
v -0.009510 -0.047481 -6.935794
v -0.009558 -0.041481 -6.936070
v -0.009558 -0.047481 -6.936070
v -0.009558 -0.041481 -6.936350
v -0.009558 -0.047481 -6.936350
v -0.009510 -0.041481 -6.936626
v -0.009510 -0.047481 -6.936626
v -0.009417 -0.041481 -6.936890
v -0.009417 -0.047481 -6.936890
v -0.009281 -0.041481 -6.937134
v -0.009281 -0.047481 -6.937134
v -0.009105 -0.041481 -6.937352
v -0.009105 -0.047481 -6.937352
v -0.008895 -0.041481 -6.937537
v -0.008895 -0.047481 -6.937537
v -0.008656 -0.041481 -6.937684
v -0.008656 -0.047481 -6.937684
v -0.008397 -0.041481 -6.937788
v -0.008397 -0.047481 -6.937788
v -0.008123 -0.041481 -6.937847
v -0.008123 -0.047481 -6.937847
v -0.007844 -0.041481 -6.937859
v -0.007844 -0.047481 -6.937859
v -0.007566 -0.041481 -6.937823
v -0.007566 -0.047481 -6.937823
v -0.007298 -0.041481 -6.937741
v -0.007298 -0.047481 -6.937741
v -0.007048 -0.041481 -6.937615
v -0.007048 -0.047481 -6.937615
v -0.006823 -0.041481 -6.937449
v -0.006823 -0.047481 -6.937449
v -0.006630 -0.041481 -6.937247
v -0.006630 -0.047481 -6.937247
v -0.006473 -0.041481 -6.937015
v -0.006473 -0.047481 -6.937015
v -0.006358 -0.041481 -6.936760
v -0.006358 -0.047481 -6.936760
v -0.006287 -0.041481 -6.936489
v -0.006287 -0.047481 -6.936489
v -0.006264 -0.041481 -6.928210
v -0.006264 -0.047481 -6.928210
v -0.006287 -0.041481 -6.927931
v -0.006287 -0.047481 -6.927931
v -0.006358 -0.041481 -6.927660
v -0.006358 -0.047481 -6.927660
v -0.006473 -0.041481 -6.927406
v -0.006473 -0.047481 -6.927406
v -0.006630 -0.041481 -6.927174
v -0.006630 -0.047481 -6.927174
v -0.006823 -0.041481 -6.926972
v -0.006823 -0.047481 -6.926972
v -0.007048 -0.041481 -6.926805
v -0.007048 -0.047481 -6.926805
v -0.007298 -0.041481 -6.926679
v -0.007298 -0.047481 -6.926679
v -0.007566 -0.041481 -6.926597
v -0.007566 -0.047481 -6.926597
v -0.007844 -0.041481 -6.926562
v -0.007844 -0.047481 -6.926562
v -0.008123 -0.041481 -6.926574
v -0.008123 -0.047481 -6.926574
v -0.008397 -0.041481 -6.926632
v -0.008397 -0.047481 -6.926632
v -0.008656 -0.041481 -6.926737
v -0.008656 -0.047481 -6.926737
v -0.008895 -0.041481 -6.926884
v -0.008895 -0.047481 -6.926884
v -0.009105 -0.041481 -6.927069
v -0.009105 -0.047481 -6.927069
v -0.009281 -0.041481 -6.927286
v -0.009281 -0.047481 -6.927286
v -0.009417 -0.041481 -6.927531
v -0.009417 -0.047481 -6.927531
v -0.009510 -0.041481 -6.927794
v -0.009510 -0.047481 -6.927794
v -0.009558 -0.041481 -6.928071
v -0.009558 -0.047481 -6.928071
v -0.009558 -0.041481 -6.928350
v -0.009558 -0.047481 -6.928350
v -0.009510 -0.041481 -6.928626
v -0.009510 -0.047481 -6.928626
v -0.009417 -0.041481 -6.928890
v -0.009417 -0.047481 -6.928890
v -0.009281 -0.041481 -6.929134
v -0.009281 -0.047481 -6.929134
v -0.009105 -0.041481 -6.929352
v -0.009105 -0.047481 -6.929352
v -0.008895 -0.041481 -6.929537
v -0.008895 -0.047481 -6.929537
v -0.008656 -0.041481 -6.929684
v -0.008656 -0.047481 -6.929684
v -0.008397 -0.041481 -6.929788
v -0.008397 -0.047481 -6.929788
v -0.008123 -0.041481 -6.929847
v -0.008123 -0.047481 -6.929847
v -0.007844 -0.041481 -6.929859
v -0.007844 -0.047481 -6.929859
v -0.007566 -0.041481 -6.929823
v -0.007566 -0.047481 -6.929823
v -0.007298 -0.041481 -6.929741
v -0.007298 -0.047481 -6.929741
v -0.007048 -0.041481 -6.929615
v -0.007048 -0.047481 -6.929615
v -0.006823 -0.041481 -6.929449
v -0.006823 -0.047481 -6.929449
v -0.006630 -0.041481 -6.929247
v -0.006630 -0.047481 -6.929247
v -0.006473 -0.041481 -6.929015
v -0.006473 -0.047481 -6.929015
v -0.006358 -0.041481 -6.928760
v -0.006358 -0.047481 -6.928760
v -0.006287 -0.041481 -6.928489
v -0.006287 -0.047481 -6.928489
v -0.006264 -0.041481 -6.920210
v -0.006264 -0.047481 -6.920210
v -0.006287 -0.041481 -6.919931
v -0.006287 -0.047481 -6.919931
v -0.006358 -0.041481 -6.919661
v -0.006358 -0.047481 -6.919661
v -0.006473 -0.041481 -6.919405
v -0.006473 -0.047481 -6.919405
v -0.006630 -0.041481 -6.919174
v -0.006630 -0.047481 -6.919174
v -0.006823 -0.041481 -6.918972
v -0.006823 -0.047481 -6.918972
v -0.007048 -0.041481 -6.918805
v -0.007048 -0.047481 -6.918805
v -0.007298 -0.041481 -6.918679
v -0.007298 -0.047481 -6.918679
v -0.007566 -0.041481 -6.918597
v -0.007566 -0.047481 -6.918597
v -0.007844 -0.041481 -6.918562
v -0.007844 -0.047481 -6.918562
v -0.008123 -0.041481 -6.918574
v -0.008123 -0.047481 -6.918574
v -0.008397 -0.041481 -6.918633
v -0.008397 -0.047481 -6.918633
v -0.008656 -0.041481 -6.918737
v -0.008656 -0.047481 -6.918737
v -0.008895 -0.041481 -6.918884
v -0.008895 -0.047481 -6.918884
v -0.009105 -0.041481 -6.919069
v -0.009105 -0.047481 -6.919069
v -0.009281 -0.041481 -6.919286
v -0.009281 -0.047481 -6.919286
v -0.009417 -0.041481 -6.919531
v -0.009417 -0.047481 -6.919531
v -0.009510 -0.041481 -6.919795
v -0.009510 -0.047481 -6.919795
v -0.009558 -0.041481 -6.920070
v -0.009558 -0.047481 -6.920070
v -0.009558 -0.041481 -6.920350
v -0.009558 -0.047481 -6.920350
v -0.009510 -0.041481 -6.920626
v -0.009510 -0.047481 -6.920626
v -0.009417 -0.041481 -6.920890
v -0.009417 -0.047481 -6.920890
v -0.009281 -0.041481 -6.921134
v -0.009281 -0.047481 -6.921134
v -0.009105 -0.041481 -6.921352
v -0.009105 -0.047481 -6.921352
v -0.008895 -0.041481 -6.921537
v -0.008895 -0.047481 -6.921537
v -0.008656 -0.041481 -6.921684
v -0.008656 -0.047481 -6.921684
v -0.008397 -0.041481 -6.921788
v -0.008397 -0.047481 -6.921788
v -0.008123 -0.041481 -6.921847
v -0.008123 -0.047481 -6.921847
v -0.007844 -0.041481 -6.921859
v -0.007844 -0.047481 -6.921859
v -0.007566 -0.041481 -6.921824
v -0.007566 -0.047481 -6.921824
v -0.007298 -0.041481 -6.921741
v -0.007298 -0.047481 -6.921741
v -0.007048 -0.041481 -6.921615
v -0.007048 -0.047481 -6.921615
v -0.006823 -0.041481 -6.921449
v -0.006823 -0.047481 -6.921449
v -0.006630 -0.041481 -6.921247
v -0.006630 -0.047481 -6.921247
v -0.006473 -0.041481 -6.921015
v -0.006473 -0.047481 -6.921015
v -0.006358 -0.041481 -6.920760
v -0.006358 -0.047481 -6.920760
v -0.006287 -0.041481 -6.920489
v -0.006287 -0.047481 -6.920489
v -0.006264 -0.041481 -6.912210
v -0.006264 -0.047481 -6.912210
v -0.006287 -0.041481 -6.911932
v -0.006287 -0.047481 -6.911932
v -0.006358 -0.041481 -6.911661
v -0.006358 -0.047481 -6.911661
v -0.006473 -0.041481 -6.911406
v -0.006473 -0.047481 -6.911406
v -0.006630 -0.041481 -6.911174
v -0.006630 -0.047481 -6.911174
v -0.006823 -0.041481 -6.910972
v -0.006823 -0.047481 -6.910972
v -0.007048 -0.041481 -6.910805
v -0.007048 -0.047481 -6.910805
v -0.007298 -0.041481 -6.910679
v -0.007298 -0.047481 -6.910679
v -0.007566 -0.041481 -6.910597
v -0.007566 -0.047481 -6.910597
v -0.007844 -0.041481 -6.910562
v -0.007844 -0.047481 -6.910562
v -0.008123 -0.041481 -6.910573
v -0.008123 -0.047481 -6.910573
v -0.008397 -0.041481 -6.910633
v -0.008397 -0.047481 -6.910633
v -0.008656 -0.041481 -6.910737
v -0.008656 -0.047481 -6.910737
v -0.008895 -0.041481 -6.910884
v -0.008895 -0.047481 -6.910884
v -0.009105 -0.041481 -6.911068
v -0.009105 -0.047481 -6.911068
v -0.009281 -0.041481 -6.911286
v -0.009281 -0.047481 -6.911286
v -0.009417 -0.041481 -6.911530
v -0.009417 -0.047481 -6.911530
v -0.009510 -0.041481 -6.911795
v -0.009510 -0.047481 -6.911795
v -0.009558 -0.041481 -6.912070
v -0.009558 -0.047481 -6.912070
v -0.009558 -0.041481 -6.912350
v -0.009558 -0.047481 -6.912350
v -0.009510 -0.041481 -6.912626
v -0.009510 -0.047481 -6.912626
v -0.009417 -0.041481 -6.912890
v -0.009417 -0.047481 -6.912890
v -0.009281 -0.041481 -6.913134
v -0.009281 -0.047481 -6.913134
v -0.009105 -0.041481 -6.913352
v -0.009105 -0.047481 -6.913352
v -0.008895 -0.041481 -6.913537
v -0.008895 -0.047481 -6.913537
v -0.008656 -0.041481 -6.913683
v -0.008656 -0.047481 -6.913683
v -0.008397 -0.041481 -6.913788
v -0.008397 -0.047481 -6.913788
v -0.008123 -0.041481 -6.913847
v -0.008123 -0.047481 -6.913847
v -0.007844 -0.041481 -6.913859
v -0.007844 -0.047481 -6.913859
v -0.007566 -0.041481 -6.913823
v -0.007566 -0.047481 -6.913823
v -0.007298 -0.041481 -6.913741
v -0.007298 -0.047481 -6.913741
v -0.007048 -0.041481 -6.913615
v -0.007048 -0.047481 -6.913615
v -0.006823 -0.041481 -6.913449
v -0.006823 -0.047481 -6.913449
v -0.006630 -0.041481 -6.913247
v -0.006630 -0.047481 -6.913247
v -0.006473 -0.041481 -6.913015
v -0.006473 -0.047481 -6.913015
v -0.006358 -0.041481 -6.912760
v -0.006358 -0.047481 -6.912760
v -0.006287 -0.041481 -6.912489
v -0.006287 -0.047481 -6.912489
v 0.011511 -0.047481 -6.907260
v 0.011468 -0.047481 -6.906713
v 0.011340 -0.047481 -6.906179
v 0.011130 -0.047481 -6.905671
v 0.010843 -0.047481 -6.905203
v 0.010486 -0.047481 -6.904786
v 0.010069 -0.047481 -6.904429
v 0.009600 -0.047481 -6.904142
v 0.009093 -0.047481 -6.903932
v 0.008559 -0.047481 -6.903803
v 0.008011 -0.047481 -6.903760
v 0.011511 -0.047481 -6.963735
v 0.011511 -0.047481 -6.971235
v 0.011511 -0.047481 -6.973585
v 0.011511 -0.047481 -6.980210
v 0.011511 -0.047481 -6.984260
v 0.011511 -0.047481 -6.916210
v 0.011511 -0.047481 -6.924211
v 0.011511 -0.047481 -6.932210
v 0.011511 -0.047481 -6.940210
v 0.011511 -0.047481 -6.948210
v 0.011511 -0.047481 -6.956210
v 0.008011 -0.047481 -6.987760
v 0.008011 -0.046981 -6.988260
v 0.008637 -0.046981 -6.988211
v 0.008559 -0.047481 -6.987717
v 0.009248 -0.046981 -6.988065
v 0.009093 -0.047481 -6.987589
v 0.009827 -0.046981 -6.987824
v 0.009600 -0.047481 -6.987379
v 0.010363 -0.046981 -6.987496
v 0.010069 -0.047481 -6.987092
v 0.010840 -0.046981 -6.987089
v 0.010486 -0.047481 -6.986735
v 0.011248 -0.046981 -6.986611
v 0.010843 -0.047481 -6.986318
v 0.011575 -0.046981 -6.986076
v 0.011130 -0.047481 -6.985849
v 0.011816 -0.046981 -6.985497
v 0.011340 -0.047481 -6.985342
v 0.011962 -0.046981 -6.984886
v 0.011468 -0.047481 -6.984808
v 0.004899 -0.047481 -6.903760
v -0.004876 -0.047481 -6.903760
v -0.007989 -0.046981 -6.903260
v -0.007989 -0.047481 -6.903760
v 0.005649 -0.041481 -6.948210
v 0.005649 -0.041481 -6.956210
v -0.005626 -0.041481 -6.956210
v -0.005626 -0.041481 -6.980210
v 0.010549 -0.041481 -6.985985
v 0.005649 -0.041481 -6.987760
v 0.005649 -0.041481 -6.985985
v 0.005649 -0.041481 -6.916210
v 0.010549 -0.041481 -6.916210
v -0.005626 -0.041481 -6.916210
v -0.011489 -0.041481 -6.916210
v -0.011317 -0.041481 -6.906179
v -0.011107 -0.041481 -6.905671
v -0.011489 -0.041481 -6.907260
v -0.008536 -0.041481 -6.903803
v -0.010463 -0.041481 -6.904786
v -0.010046 -0.041481 -6.904429
v -0.009578 -0.041481 -6.904142
v -0.009070 -0.041481 -6.903932
v -0.010820 -0.041481 -6.905203
v -0.011445 -0.041481 -6.906713
v -0.005626 -0.041481 -6.985985
v -0.011489 -0.041481 -6.980210
v -0.010820 -0.041481 -6.986318
v -0.011489 -0.041481 -6.984260
v -0.011445 -0.041481 -6.984808
v -0.011107 -0.041481 -6.985849
v -0.011317 -0.041481 -6.985342
v -0.005626 -0.041481 -6.987760
v -0.007989 -0.041481 -6.987760
v -0.008536 -0.041481 -6.987717
v -0.010463 -0.041481 -6.986735
v -0.010046 -0.041481 -6.987092
v -0.009070 -0.041481 -6.987589
v -0.009578 -0.041481 -6.987379
v 0.005649 -0.041481 -6.971985
v -0.005626 -0.041481 -6.962986
v 0.005649 -0.041481 -6.962986
v -0.005626 -0.041481 -6.971985
v -0.005626 -0.041481 -6.974335
v 0.005649 -0.041481 -6.974335
v 0.005649 -0.041481 -6.980210
v 0.010549 -0.041481 -6.971985
v 0.010549 -0.041481 -6.962986
v 0.010549 -0.041481 -6.956210
v 0.010549 -0.041481 -6.948210
v 0.010549 -0.041481 -6.940210
v 0.010549 -0.041481 -6.932210
v 0.010549 -0.041481 -6.924211
v 0.010549 -0.041481 -6.974335
v 0.010549 -0.041481 -6.980210
v 0.005649 -0.041481 -6.924211
v 0.005649 -0.041481 -6.932210
v 0.005649 -0.041481 -6.940210
v -0.005626 -0.041481 -6.924211
v -0.011489 -0.041481 -6.924211
v -0.005626 -0.041481 -6.932210
v -0.011489 -0.041481 -6.932210
v -0.005626 -0.041481 -6.940210
v -0.011489 -0.041481 -6.940210
v -0.005626 -0.041481 -6.948210
v -0.011489 -0.041481 -6.948210
v -0.011489 -0.041481 -6.956210
v -0.011489 -0.041481 -6.962986
v -0.011489 -0.041481 -6.971985
v -0.011489 -0.041481 -6.974335
v -0.011989 -0.041981 -6.907260
v -0.011989 -0.041981 -6.984260
v -0.007989 -0.041981 -6.988260
v -0.004876 -0.047481 -6.987760
v -0.007989 -0.047481 -6.987760
v -0.007989 -0.046981 -6.988260
v 0.004899 -0.047481 -6.987760
v -0.011939 -0.041981 -6.906634
v -0.011793 -0.041981 -6.906024
v -0.011553 -0.041981 -6.905444
v -0.011225 -0.041981 -6.904909
v -0.010817 -0.041981 -6.904432
v -0.010340 -0.041981 -6.904024
v -0.009805 -0.041981 -6.903696
v -0.009225 -0.041981 -6.903456
v -0.008614 -0.041981 -6.903309
v -0.004876 -0.047481 -6.973585
v -0.010526 -0.047481 -6.973585
v -0.011445 -0.047481 -6.984808
v -0.011317 -0.047481 -6.985342
v -0.010526 -0.047481 -6.985235
v -0.011107 -0.047481 -6.985849
v -0.010820 -0.047481 -6.986318
v -0.010463 -0.047481 -6.986735
v -0.011317 -0.047481 -6.906179
v -0.011445 -0.047481 -6.906713
v -0.011489 -0.047481 -6.907260
v -0.011107 -0.047481 -6.905671
v -0.004876 -0.047481 -6.916210
v -0.010526 -0.047481 -6.916210
v -0.010463 -0.047481 -6.904786
v -0.010820 -0.047481 -6.905203
v -0.009578 -0.047481 -6.904142
v -0.010046 -0.047481 -6.904429
v -0.008536 -0.047481 -6.903803
v -0.009070 -0.047481 -6.903932
v 0.004899 -0.047481 -6.916210
v 0.004899 -0.047481 -6.985235
v 0.004899 -0.047481 -6.980210
v -0.008536 -0.047481 -6.987717
v -0.009070 -0.047481 -6.987589
v -0.009578 -0.047481 -6.987379
v -0.010046 -0.047481 -6.987092
v -0.010526 -0.047481 -6.980210
v -0.004876 -0.047481 -6.985235
v -0.004876 -0.047481 -6.980210
v 0.004899 -0.047481 -6.971235
v 0.004899 -0.047481 -6.963735
v -0.004876 -0.047481 -6.963735
v -0.004876 -0.047481 -6.971235
v 0.004899 -0.047481 -6.973585
v -0.011489 -0.047481 -6.971235
v -0.010526 -0.047481 -6.971235
v -0.011489 -0.047481 -6.963735
v -0.010526 -0.047481 -6.963735
v -0.011489 -0.047481 -6.956210
v -0.010526 -0.047481 -6.956210
v -0.011489 -0.047481 -6.948210
v -0.010526 -0.047481 -6.948210
v -0.011489 -0.047481 -6.940210
v -0.010526 -0.047481 -6.940210
v -0.011489 -0.047481 -6.932210
v -0.010526 -0.047481 -6.932210
v -0.011489 -0.047481 -6.924211
v -0.010526 -0.047481 -6.924211
v -0.011489 -0.047481 -6.916210
v -0.011489 -0.047481 -6.973585
v -0.011489 -0.047481 -6.980210
v -0.011489 -0.047481 -6.984260
v -0.004876 -0.047481 -6.924211
v -0.004876 -0.047481 -6.932210
v -0.004876 -0.047481 -6.940210
v -0.004876 -0.047481 -6.948210
v -0.004876 -0.047481 -6.956210
v 0.004899 -0.047481 -6.924211
v 0.004899 -0.047481 -6.932210
v 0.004899 -0.047481 -6.940210
v 0.004899 -0.047481 -6.948210
v 0.004899 -0.047481 -6.956210
v -0.008614 -0.046981 -6.903309
v -0.009225 -0.046981 -6.903456
v -0.009805 -0.046981 -6.903696
v -0.010340 -0.046981 -6.904024
v -0.010817 -0.046981 -6.904432
v -0.011225 -0.046981 -6.904909
v -0.011553 -0.046981 -6.905444
v -0.011793 -0.046981 -6.906024
v -0.011939 -0.046981 -6.906634
v -0.011989 -0.046981 -6.907260
v -0.010989 -0.046031 -6.904614
v -0.010989 -0.042931 -6.904614
v -0.010989 -0.046031 -6.986906
v -0.010989 -0.042931 -6.986906
v -0.011225 -0.042931 -6.904909
v -0.011553 -0.042931 -6.905444
v -0.011989 -0.042931 -6.907260
v -0.011793 -0.042931 -6.906024
v -0.011939 -0.042931 -6.906634
v -0.011793 -0.042931 -6.985497
v -0.011553 -0.042931 -6.986076
v -0.011939 -0.042931 -6.984886
v -0.011225 -0.042931 -6.986611
v -0.011989 -0.042931 -6.984260
v -0.008614 -0.041981 -6.988211
v -0.009225 -0.041981 -6.988065
v -0.009805 -0.041981 -6.987824
v -0.010340 -0.041981 -6.987496
v -0.010817 -0.041981 -6.987089
v -0.011225 -0.041981 -6.986611
v -0.011553 -0.041981 -6.986076
v -0.011793 -0.041981 -6.985497
v -0.011939 -0.041981 -6.984886
v -0.011989 -0.046981 -6.984260
v -0.011939 -0.046981 -6.984886
v -0.011793 -0.046981 -6.985497
v -0.011553 -0.046981 -6.986076
v -0.011225 -0.046981 -6.986611
v -0.010817 -0.046981 -6.987089
v -0.010340 -0.046981 -6.987496
v -0.009805 -0.046981 -6.987824
v -0.009225 -0.046981 -6.988065
v -0.008614 -0.046981 -6.988211
v -0.011989 -0.046031 -6.907260
v -0.011939 -0.046031 -6.906634
v -0.011793 -0.046031 -6.906024
v -0.011553 -0.046031 -6.905444
v -0.011225 -0.046031 -6.904909
v -0.011989 -0.046031 -6.984260
v -0.011225 -0.046031 -6.986611
v -0.011939 -0.046031 -6.984886
v -0.011553 -0.046031 -6.986076
v -0.011793 -0.046031 -6.985497
vn -0.9964 -0.0000 -0.0849
vn -0.9964 -0.0000 -0.0848
vn -0.9677 -0.0000 -0.2523
vn -0.9678 -0.0000 -0.2518
vn -0.9112 -0.0000 -0.4120
vn -0.9115 -0.0000 -0.4114
vn -0.8284 -0.0000 -0.5601
vn -0.7220 -0.0000 -0.6919
vn -0.7212 -0.0000 -0.6928
vn -0.5952 -0.0000 -0.8036
vn -0.4504 -0.0000 -0.8928
vn -0.4490 -0.0000 -0.8935
vn -0.2919 -0.0000 -0.9564
vn -0.2950 -0.0000 -0.9555
vn -0.1249 -0.0000 -0.9922
vn -0.1282 -0.0000 -0.9918
vn 0.0422 -0.0000 -0.9991
vn 0.2125 -0.0000 -0.9772
vn 0.2092 -0.0000 -0.9779
vn 0.3728 -0.0000 -0.9279
vn 0.5245 -0.0000 -0.8514
vn 0.5233 -0.0000 -0.8521
vn 0.6620 -0.0000 -0.7495
vn 0.6601 -0.0000 -0.7512
vn 0.7779 -0.0000 -0.6284
vn 0.8732 -0.0000 -0.4874
vn 0.8728 -0.0000 -0.4881
vn 0.9429 -0.0000 -0.3331
vn 0.9856 -0.0000 -0.1691
vn 0.9857 -0.0000 -0.1688
vn 1.0000 -0.0000 -0.0000
vn 0.9857 -0.0000 0.1688
vn 0.9856 -0.0000 0.1691
vn 0.9429 -0.0000 0.3331
vn 0.8724 -0.0000 0.4888
vn 0.8732 -0.0000 0.4874
vn 0.7786 -0.0000 0.6276
vn 0.7779 -0.0000 0.6284
vn 0.6620 -0.0000 0.7495
vn 0.6601 -0.0000 0.7512
vn 0.5245 -0.0000 0.8514
vn 0.5233 -0.0000 0.8521
vn 0.3728 -0.0000 0.9279
vn 0.2125 -0.0000 0.9772
vn 0.2092 -0.0000 0.9779
vn 0.0405 -0.0000 0.9992
vn 0.0439 -0.0000 0.9990
vn -0.1249 -0.0000 0.9922
vn -0.1282 -0.0000 0.9918
vn -0.2919 -0.0000 0.9564
vn -0.2950 -0.0000 0.9555
vn -0.4490 -0.0000 0.8935
vn -0.4504 -0.0000 0.8928
vn -0.5941 -0.0000 0.8044
vn -0.5963 -0.0000 0.8028
vn -0.7212 -0.0000 0.6928
vn -0.7220 -0.0000 0.6919
vn -0.8284 -0.0000 0.5601
vn -0.9112 -0.0000 0.4120
vn -0.9115 -0.0000 0.4114
vn -0.9678 -0.0000 0.2518
vn -0.9677 -0.0000 0.2523
vn -0.9964 -0.0000 0.0848
vn -0.9964 -0.0000 -0.0846
vn -0.5941 -0.0000 -0.8044
vn -0.2935 -0.0000 -0.9560
vn -0.1265 -0.0000 -0.9920
vn 0.0405 -0.0000 -0.9992
vn 0.0439 -0.0000 -0.9990
vn 0.2109 -0.0000 -0.9775
vn 0.6610 -0.0000 -0.7504
vn 0.7786 -0.0000 -0.6276
vn 0.9427 -0.0000 -0.3336
vn 0.9427 -0.0000 0.3336
vn 0.6610 -0.0000 0.7504
vn 0.3743 -0.0000 0.9273
vn 0.2109 -0.0000 0.9775
vn 0.0422 -0.0000 0.9991
vn -0.2935 -0.0000 0.9560
vn -0.5952 -0.0000 0.8036
vn -0.9964 -0.0000 0.0849
vn -0.0000 -1.0000 -0.0000
vn -0.6859 0.7054 0.1785
vn -0.6850 0.7063 0.1786
vn -0.6454 0.7060 0.2917
vn -0.6453 0.7060 0.2919
vn -0.5872 0.7056 0.3966
vn -0.5876 0.7054 0.3963
vn -0.5101 0.7064 0.4907
vn -0.5112 0.7060 0.4902
vn -0.4223 0.7055 0.5691
vn -0.4210 0.7058 0.5697
vn -0.3178 0.7060 0.6329
vn -0.3196 0.7057 0.6323
vn -0.2087 0.7057 0.6771
vn -0.2070 0.7059 0.6774
vn -0.0908 0.7057 0.7026
vn -0.0887 0.7060 0.7027
vn 0.0285 0.7059 0.7077
vn 0.0303 0.7058 0.7078
vn 0.1491 0.7058 0.6925
vn 0.1494 0.7058 0.6925
vn 0.2632 0.7061 0.6574
vn 0.2644 0.7058 0.6572
vn 0.3721 0.7056 0.6031
vn 0.3712 0.7058 0.6033
vn 0.4670 0.7062 0.5321
vn 0.4683 0.7057 0.5317
vn 0.5518 0.7055 0.4446
vn 0.5514 0.7057 0.4449
vn 0.6178 0.7062 0.3458
vn 0.6185 0.7057 0.3455
vn 0.6678 0.7059 0.2360
vn 0.6676 0.7061 0.2361
vn 0.6984 0.7056 0.1197
vn 0.6984 0.7057 0.1197
vn 0.7075 0.7067 -0.0000
vn 0.7088 0.7054 -0.0000
vn 0.6978 0.7062 -0.1197
vn 0.6980 0.7060 -0.1198
vn 0.6693 0.7047 -0.2356
vn 0.6676 0.7061 -0.2361
vn 0.6183 0.7060 -0.3454
vn 0.6181 0.7060 -0.3457
vn 0.5511 0.7058 -0.4451
vn 0.5514 0.7057 -0.4449
vn 0.4691 0.7054 -0.5314
vn 0.4677 0.7060 -0.5319
vn 0.3698 0.7062 -0.6037
vn 0.3724 0.7056 -0.6028
vn 0.2632 0.7061 -0.6574
vn 0.2645 0.7058 -0.6572
vn 0.1491 0.7059 -0.6924
vn 0.1486 0.7059 -0.6926
vn 0.0311 0.7058 -0.7078
vn 0.0303 0.7059 -0.7077
vn -0.0907 0.7058 -0.7026
vn -0.0895 0.7059 -0.7027
vn -0.2087 0.7057 -0.6771
vn -0.2069 0.7059 -0.6774
vn -0.3190 0.7058 -0.6326
vn -0.4213 0.7059 -0.5694
vn -0.4209 0.7060 -0.5696
vn -0.5120 0.7055 -0.4900
vn -0.5118 0.7057 -0.4900
vn -0.5864 0.7062 -0.3969
vn -0.5866 0.7060 -0.3967
vn -0.6462 0.7053 -0.2914
vn -0.6452 0.7060 -0.2919
vn -0.6859 0.7055 -0.1785
vn -0.6855 0.7059 -0.1785
vn -0.7057 0.7060 -0.0601
vn -0.7057 0.7059 -0.0601
vn -0.7060 0.7057 0.0600
vn -0.7059 0.7057 0.0600
vn -0.6856 0.7058 0.1784
vn -0.6851 0.7063 0.1786
vn -0.6457 0.7056 0.2918
vn -0.4215 0.7058 0.5694
vn -0.3178 0.7061 0.6328
vn -0.3190 0.7058 0.6326
vn 0.2645 0.7058 0.6572
vn 0.3720 0.7056 0.6031
vn 0.3711 0.7060 0.6032
vn 0.5511 0.7058 0.4451
vn 0.6184 0.7059 0.3454
vn 0.6678 0.7059 -0.2361
vn 0.6178 0.7062 -0.3459
vn 0.6184 0.7059 -0.3454
vn 0.5509 0.7061 -0.4449
vn 0.3711 0.7059 -0.6033
vn 0.2657 0.7055 -0.6570
vn 0.2644 0.7059 -0.6571
vn -0.3190 0.7058 -0.6325
vn -0.4213 0.7058 -0.5695
vn -0.4210 0.7059 -0.5697
vn -0.6853 0.7061 -0.1785
vn -0.7060 0.7057 -0.0600
vn -0.7063 0.7053 0.0601
vn -0.7057 0.7059 0.0601
vn 0.0557 0.7062 0.7059
vn 0.0552 0.7061 0.7059
vn 0.1660 0.7061 0.6884
vn 0.1657 0.7059 0.6887
vn 0.2702 0.7061 0.6546
vn 0.2724 0.7060 0.6538
vn 0.3698 0.7063 0.6037
vn 0.3687 0.7066 0.6039
vn 0.4601 0.7061 0.5383
vn 0.4599 0.7061 0.5384
vn 0.5381 0.7063 0.4600
vn 0.5392 0.7055 0.4600
vn 0.6035 0.7062 0.3702
vn 0.6040 0.7059 0.3700
vn 0.6543 0.7061 0.2709
vn 0.6549 0.7056 0.2707
vn 0.6881 0.7065 0.1655
vn 0.6883 0.7063 0.1654
vn 0.7064 0.7056 0.0555
vn 0.7062 0.7059 0.0556
vn 0.7072 0.7071 -0.0000
vn 0.7071 0.7071 -0.0000
vn 0.7071 0.7072 -0.0000
vn 0.7059 0.7061 -0.0556
vn 0.7058 0.7062 -0.0555
vn 0.6890 0.7057 -0.1652
vn 0.6884 0.7063 -0.1654
vn 0.6545 0.7058 -0.2710
vn 0.6538 0.7064 -0.2712
vn 0.6042 0.7058 -0.3700
vn 0.6040 0.7058 -0.3700
vn 0.5382 0.7061 -0.4601
vn 0.4602 0.7058 -0.5385
vn 0.4600 0.7059 -0.5386
vn 0.3708 0.7057 -0.6037
vn 0.3688 0.7065 -0.6041
vn 0.2710 0.7063 -0.6540
vn 0.2713 0.7062 -0.6540
vn 0.1649 0.7063 -0.6885
vn 0.1657 0.7061 -0.6885
vn 0.0546 0.7062 -0.7059
vn 0.0564 0.7061 -0.7058
vn -0.0000 1.0000 -0.0000
vn -0.0000 0.7072 0.7070
vn -0.0000 0.7073 0.7070
vn 0.9969 -0.0000 0.0784
vn 0.9969 -0.0000 0.0785
vn 0.9724 -0.0000 0.2333
vn 0.9722 -0.0000 0.2340
vn 0.9242 -0.0000 0.3819
vn 0.9238 -0.0000 0.3830
vn 0.8527 -0.0000 0.5224
vn 0.7807 -0.0207 0.6246
vn 0.7798 -0.0000 0.6260
vn 0.7611 0.0125 0.6485
vn 0.7311 -0.0000 0.6823
vn 0.7605 -0.0000 0.6493
vn 0.8522 -0.0000 0.5231
vn 0.9240 -0.0000 0.3824
vn 0.9723 -0.0000 0.2336
vn 0.9969 -0.0000 0.0783
vn 0.7300 -0.0000 0.6834
vn 0.6487 -0.0000 0.7611
vn 0.6500 -0.0000 0.7599
vn 0.5223 -0.0000 0.8527
vn 0.3823 -0.0000 0.9240
vn 0.2349 -0.0000 0.9720
vn 0.2327 -0.0000 0.9725
vn 0.0783 -0.0000 0.9969
vn -0.9964 -0.0000 -0.0850
vn -0.9677 -0.0000 -0.2521
vn -0.9117 -0.0000 -0.4108
vn -0.9110 -0.0000 -0.4125
vn -0.8289 -0.0000 -0.5594
vn -0.8275 -0.0000 -0.5615
vn -0.7226 -0.0000 -0.6913
vn -0.5946 -0.0000 -0.8040
vn -0.4486 -0.0000 -0.8938
vn -0.4521 -0.0000 -0.8920
vn -0.2928 -0.0000 -0.9562
vn -0.1286 -0.0000 -0.9917
vn 0.0444 -0.0000 -0.9990
vn 0.2086 -0.0000 -0.9780
vn 0.2129 -0.0000 -0.9771
vn 0.3727 -0.0000 -0.9279
vn 0.5238 -0.0000 -0.8519
vn 0.5270 -0.0000 -0.8499
vn 0.6584 -0.0000 -0.7527
vn 0.6609 -0.0000 -0.7504
vn 0.7774 -0.0000 -0.6290
vn 0.7792 -0.0000 -0.6268
vn 0.8722 -0.0000 -0.4891
vn 0.8733 -0.0000 -0.4872
vn 0.9431 -0.0000 -0.3325
vn 0.9855 -0.0000 -0.1698
vn 0.9857 -0.0000 0.1684
vn 0.9431 -0.0000 0.3325
vn 0.9426 -0.0000 0.3338
vn 0.8722 -0.0000 0.4891
vn 0.8733 -0.0000 0.4872
vn 0.7774 -0.0000 0.6290
vn 0.7792 -0.0000 0.6268
vn 0.6609 -0.0000 0.7504
vn 0.5205 -0.0000 0.8538
vn 0.5270 -0.0000 0.8499
vn 0.3727 -0.0000 0.9279
vn 0.2086 -0.0000 0.9780
vn 0.2129 -0.0000 0.9771
vn 0.0444 -0.0000 0.9990
vn 0.0399 -0.0000 0.9992
vn -0.1286 -0.0000 0.9917
vn -0.1243 -0.0000 0.9922
vn -0.2928 -0.0000 0.9562
vn -0.2969 -0.0000 0.9549
vn -0.4486 -0.0000 0.8938
vn -0.5974 -0.0000 0.8019
vn -0.5917 -0.0000 0.8061
vn -0.7226 -0.0000 0.6913
vn -0.8289 -0.0000 0.5594
vn -0.8275 -0.0000 0.5615
vn -0.9117 -0.0000 0.4108
vn -0.9110 -0.0000 0.4125
vn -0.9677 -0.0000 0.2521
vn -0.9964 -0.0000 0.0846
vn -0.9964 -0.0000 0.0850
vn -0.5917 -0.0000 -0.8061
vn -0.5974 -0.0000 -0.8019
vn -0.1243 -0.0000 -0.9922
vn 0.0399 -0.0000 -0.9992
vn 0.5205 -0.0000 -0.8538
vn 0.9426 -0.0000 -0.3338
vn 0.9857 -0.0000 -0.1684
vn 0.6584 -0.0000 0.7527
vn 0.5238 -0.0000 0.8519
vn -0.4521 -0.0000 0.8920
vn -0.5946 -0.0000 0.8040
vn -0.9680 -0.0000 -0.2510
vn -0.8303 -0.0000 -0.5574
vn -0.7204 -0.0000 -0.6935
vn -0.2888 -0.0000 -0.9574
vn -0.1330 -0.0000 -0.9911
vn 0.8743 -0.0000 -0.4854
vn 0.8743 -0.0000 0.4854
vn 0.3765 -0.0000 0.9264
vn 0.3689 -0.0000 0.9295
vn -0.7204 -0.0000 0.6935
vn -0.9678 -0.0000 -0.2517
vn -0.9677 -0.0000 -0.2522
vn -0.9114 -0.0000 -0.4116
vn -0.9111 -0.0000 -0.4122
vn -0.7219 -0.0000 -0.6920
vn -0.5948 -0.0000 -0.8038
vn -0.4494 -0.0000 -0.8933
vn -0.2947 -0.0000 -0.9556
vn -0.2916 -0.0000 -0.9565
vn -0.1269 -0.0000 -0.9919
vn 0.0412 -0.0000 -0.9992
vn 0.0429 -0.0000 -0.9991
vn 0.3722 -0.0000 -0.9282
vn 0.3736 -0.0000 -0.9276
vn 0.5246 -0.0000 -0.8514
vn 0.6623 -0.0000 -0.7493
vn 0.6604 -0.0000 -0.7510
vn 0.7775 -0.0000 -0.6289
vn 0.7782 -0.0000 -0.6280
vn 0.8725 -0.0000 -0.4886
vn 0.8734 -0.0000 -0.4871
vn 0.9856 -0.0000 -0.1690
vn 0.9856 -0.0000 0.1690
vn 0.8729 -0.0000 0.4878
vn 0.7782 -0.0000 0.6280
vn 0.7775 -0.0000 0.6289
vn 0.6613 -0.0000 0.7501
vn 0.6604 -0.0000 0.7510
vn 0.5258 -0.0000 0.8506
vn 0.3736 -0.0000 0.9276
vn 0.3722 -0.0000 0.9282
vn 0.0429 -0.0000 0.9991
vn -0.1269 -0.0000 0.9919
vn -0.2932 -0.0000 0.9561
vn -0.4494 -0.0000 0.8933
vn -0.4508 -0.0000 0.8926
vn -0.5937 -0.0000 0.8047
vn -0.5959 -0.0000 0.8030
vn -0.7219 -0.0000 0.6920
vn -0.7211 -0.0000 0.6929
vn -0.9111 -0.0000 0.4122
vn -0.9114 -0.0000 0.4116
vn -0.9678 -0.0000 0.2517
vn -0.9677 -0.0000 0.2522
vn -0.9964 -0.0000 0.0847
vn -0.9964 -0.0000 -0.0847
vn -0.5937 -0.0000 -0.8047
vn -0.5959 -0.0000 -0.8030
vn -0.4508 -0.0000 -0.8926
vn -0.2932 -0.0000 -0.9561
vn 0.3751 -0.0000 -0.9270
vn 0.6613 -0.0000 -0.7501
vn 0.8729 -0.0000 -0.4878
vn 0.9856 -0.0000 -0.1692
vn 0.9856 -0.0000 0.1692
vn 0.8734 -0.0000 0.4871
vn 0.5246 -0.0000 0.8514
vn 0.0412 -0.0000 0.9992
vn 0.0446 -0.0000 0.9990
vn -0.2947 -0.0000 0.9556
vn -0.2916 -0.0000 0.9565
vn -0.5948 -0.0000 0.8038
vn -0.7227 -0.0000 0.6911
vn 0.9855 -0.0000 0.1698
vn -0.2888 -0.0000 0.9574
vn -0.4556 -0.0000 0.8902
vn -0.9674 -0.0000 0.2532
vn -0.9117 -0.0000 -0.4109
vn -0.9109 -0.0000 -0.4125
vn 0.9431 -0.0000 -0.3324
vn 0.9431 -0.0000 0.3324
vn -0.5917 -0.0000 0.8062
vn -0.9117 -0.0000 0.4109
vn -0.9109 -0.0000 0.4125
vn -0.5917 -0.0000 -0.8062
vn 0.8743 -0.0000 -0.4853
vn 0.8743 -0.0000 0.4853
vn 0.3765 -0.0000 -0.9264
vn 0.3689 -0.0000 -0.9295
vn -0.4556 -0.0000 -0.8902
vn -0.8303 -0.0000 0.5574
vn -0.1330 -0.0000 0.9911
vn 0.7059 -0.7061 0.0555
vn 0.7061 -0.7059 0.0556
vn 0.6886 -0.7060 0.1654
vn 0.6884 -0.7063 0.1654
vn 0.6549 -0.7056 0.2707
vn 0.6535 -0.7067 0.2711
vn 0.6042 -0.7058 0.3700
vn 0.6040 -0.7058 0.3700
vn 0.5382 -0.7061 0.4601
vn 0.4601 -0.7061 0.5383
vn 0.4598 -0.7062 0.5384
vn 0.3707 -0.7060 0.6034
vn 0.3687 -0.7066 0.6039
vn 0.2710 -0.7061 0.6542
vn 0.2703 -0.7061 0.6545
vn 0.1660 -0.7059 0.6886
vn 0.1657 -0.7061 0.6885
vn 0.0546 -0.7062 0.7059
vn 0.0564 -0.7061 0.7058
vn 0.7071 -0.7071 -0.0000
vn 0.7072 -0.7071 -0.0000
vn 0.7071 -0.7072 -0.0000
vn 0.0567 -0.7061 -0.7058
vn 0.0552 -0.7061 -0.7059
vn 0.1639 -0.7063 -0.6887
vn 0.1668 -0.7061 -0.6882
vn 0.2710 -0.7063 -0.6540
vn 0.2713 -0.7062 -0.6540
vn 0.3698 -0.7063 -0.6037
vn 0.3690 -0.7061 -0.6043
vn 0.4611 -0.7055 -0.5382
vn 0.4600 -0.7059 -0.5386
vn 0.5382 -0.7061 -0.4601
vn 0.5382 -0.7062 -0.4601
vn 0.6042 -0.7057 -0.3700
vn 0.6032 -0.7064 -0.3703
vn 0.6545 -0.7058 -0.2710
vn 0.6544 -0.7059 -0.2710
vn 0.6884 -0.7062 -0.1654
vn 0.6884 -0.7063 -0.1654
vn 0.7059 -0.7061 -0.0556
vn 0.7064 -0.7056 -0.0555
vn -0.0000 -0.7073 0.7070
vn -0.0000 -0.7072 0.7070
vn -0.0000 1.0000 0.0001
vn -0.0000 1.0000 -0.0001
vn -0.0000 1.0000 -0.0003
vn -0.7071 0.7071 -0.0000
vn -0.7071 0.7072 -0.0000
vn -0.7072 0.7071 -0.0000
vn -0.0000 0.7072 -0.7070
vn -0.0000 -0.7073 -0.7070
vn -0.0000 -0.7072 -0.7070
vn 0.9969 -0.0000 -0.0784
vn 0.9969 -0.0000 -0.0785
vn 0.9724 -0.0000 -0.2333
vn 0.9723 -0.0000 -0.2336
vn 0.9240 -0.0000 -0.3824
vn 0.9238 -0.0000 -0.3830
vn 0.8527 -0.0000 -0.5224
vn 0.7817 0.0207 -0.6233
vn 0.7799 -0.0000 -0.6260
vn 0.7611 -0.0125 -0.6485
vn 0.7311 -0.0000 -0.6823
vn 0.7598 -0.0000 -0.6501
vn 0.7273 -0.0000 -0.6864
vn 0.6487 -0.0000 -0.7611
vn 0.6500 -0.0000 -0.7599
vn 0.5223 -0.0000 -0.8527
vn 0.3843 -0.0000 -0.9232
vn 0.3823 -0.0000 -0.9240
vn 0.2327 -0.0000 -0.9725
vn 0.0783 -0.0000 -0.9969
vn -0.7064 0.7056 0.0555
vn -0.7061 0.7059 0.0556
vn -0.6881 0.7065 0.1655
vn -0.6884 0.7063 0.1654
vn -0.6549 0.7056 0.2707
vn -0.6542 0.7062 0.2709
vn -0.6035 0.7062 0.3702
vn -0.6040 0.7058 0.3700
vn -0.5382 0.7061 0.4601
vn -0.5391 0.7057 0.4598
vn -0.4601 0.7061 0.5383
vn -0.4598 0.7062 0.5384
vn -0.3698 0.7063 0.6037
vn -0.3687 0.7066 0.6039
vn -0.2711 0.7061 0.6541
vn -0.2714 0.7059 0.6543
vn -0.1650 0.7060 0.6887
vn -0.1669 0.7059 0.6883
vn -0.0546 0.7062 0.7059
vn -0.0564 0.7061 0.7058
vn -0.0000 -0.0000 1.0000
vn -0.0557 -0.7062 0.7059
vn -0.0552 -0.7061 0.7059
vn -0.1660 -0.7061 0.6884
vn -0.1657 -0.7059 0.6886
vn -0.2702 -0.7061 0.6546
vn -0.2713 -0.7062 0.6540
vn -0.3698 -0.7063 0.6037
vn -0.4601 -0.7061 0.5383
vn -0.4599 -0.7061 0.5384
vn -0.5381 -0.7063 0.4600
vn -0.5384 -0.7059 0.4602
vn -0.6042 -0.7057 0.3700
vn -0.6040 -0.7059 0.3700
vn -0.6537 -0.7065 0.2711
vn -0.6549 -0.7056 0.2707
vn -0.6881 -0.7064 0.1655
vn -0.6889 -0.7058 0.1652
vn -0.7064 -0.7056 0.0555
vn -0.7055 -0.7065 0.0556
vn -1.0000 -0.0000 -0.0000
vn -0.0557 0.7062 -0.7059
vn -0.0552 0.7061 -0.7059
vn -0.1650 0.7062 -0.6886
vn -0.1657 0.7062 -0.6883
vn -0.2710 0.7063 -0.6540
vn -0.2713 0.7062 -0.6540
vn -0.3698 0.7063 -0.6037
vn -0.3700 0.7058 -0.6041
vn -0.4602 0.7058 -0.5385
vn -0.4600 0.7059 -0.5386
vn -0.5382 0.7061 -0.4601
vn -0.5382 0.7062 -0.4601
vn -0.6042 0.7057 -0.3700
vn -0.6040 0.7059 -0.3700
vn -0.6539 0.7063 -0.2712
vn -0.6544 0.7059 -0.2710
vn -0.6884 0.7062 -0.1654
vn -0.6890 0.7057 -0.1652
vn -0.7054 0.7067 -0.0556
vn -0.7064 0.7056 -0.0555
vn -0.7064 -0.7056 -0.0555
vn -0.7058 -0.7062 -0.0555
vn -0.6884 -0.7062 -0.1654
vn -0.6884 -0.7063 -0.1654
vn -0.6545 -0.7058 -0.2710
vn -0.6544 -0.7059 -0.2710
vn -0.6035 -0.7062 -0.3702
vn -0.6040 -0.7058 -0.3700
vn -0.5382 -0.7061 -0.4601
vn -0.4611 -0.7055 -0.5383
vn -0.4600 -0.7059 -0.5386
vn -0.3699 -0.7060 -0.6039
vn -0.3688 -0.7065 -0.6041
vn -0.2710 -0.7063 -0.6540
vn -0.2713 -0.7062 -0.6540
vn -0.1649 -0.7063 -0.6885
vn -0.1657 -0.7061 -0.6885
vn -0.0557 -0.7061 -0.7059
vn -0.0564 -0.7061 -0.7058
vn -0.0000 -0.0000 -1.0000
vn -0.9969 -0.0000 0.0783
vn -0.9969 -0.0000 0.0785
vn -0.9723 -0.0000 0.2336
vn -0.9240 -0.0000 0.3824
vn -0.8527 -0.0000 0.5224
vn -0.8523 -0.0000 0.5231
vn -0.7817 0.0207 0.6233
vn -0.7809 -0.0000 0.6247
vn -0.7604 -0.0125 0.6493
vn -0.7289 -0.0000 0.6846
vn -0.7598 -0.0000 0.6501
vn -0.9238 -0.0000 0.3830
vn -0.9242 -0.0000 0.3819
vn -0.9722 -0.0000 0.2340
vn -0.9724 -0.0000 0.2333
vn -0.9969 -0.0000 0.0784
vn -0.7300 -0.0000 0.6834
vn -0.6487 -0.0000 0.7611
vn -0.6500 -0.0000 0.7599
vn -0.5223 -0.0000 0.8527
vn -0.3823 -0.0000 0.9240
vn -0.2349 -0.0000 0.9720
vn -0.2327 -0.0000 0.9725
vn -0.0783 -0.0000 0.9969
vn -0.7072 -0.7071 -0.0000
vn -0.7071 -0.7071 -0.0000
vn -0.7071 -0.7072 -0.0000
vn -0.9969 -0.0000 -0.0784
vn -0.9969 -0.0000 -0.0785
vn -0.9724 -0.0000 -0.2333
vn -0.9723 -0.0000 -0.2337
vn -0.9240 -0.0000 -0.3824
vn -0.9238 -0.0000 -0.3830
vn -0.8527 -0.0000 -0.5224
vn -0.7817 -0.0207 -0.6233
vn -0.7798 -0.0000 -0.6260
vn -0.7611 0.0125 -0.6485
vn -0.7311 -0.0000 -0.6823
vn -0.7598 -0.0000 -0.6501
vn -0.9723 -0.0000 -0.2336
vn -0.7273 -0.0000 -0.6864
vn -0.6487 -0.0000 -0.7611
vn -0.6500 -0.0000 -0.7599
vn -0.5223 -0.0000 -0.8527
vn -0.3843 -0.0000 -0.9232
vn -0.3823 -0.0000 -0.9240
vn -0.2327 -0.0000 -0.9725
vn -0.0783 -0.0000 -0.9969
s 0
f 1//1 2//1 3//1
f 3//2 2//2 4//2
f 3//3 4//3 5//3
f 5//4 4//4 6//4
f 5//5 6//5 7//5
f 7//6 6//6 8//6
f 7//7 8//7 9//7
f 9//7 8//7 10//7
f 9//8 10//8 11//8
f 11//9 10//9 12//9
f 11//10 12//10 13//10
f 13//10 12//10 14//10
f 13//11 14//11 15//11
f 15//12 14//12 16//12
f 15//13 16//13 17//13
f 17//14 16//14 18//14
f 17//15 18//15 19//15
f 19//16 18//16 20//16
f 19//17 20//17 21//17
f 21//17 20//17 22//17
f 21//18 22//18 23//18
f 23//19 22//19 24//19
f 23//20 24//20 25//20
f 25//20 24//20 26//20
f 25//21 26//21 27//21
f 27//22 26//22 28//22
f 27//23 28//23 29//23
f 29//24 28//24 30//24
f 29//25 30//25 31//25
f 31//25 30//25 32//25
f 31//26 32//26 33//26
f 33//27 32//27 34//27
f 33//28 34//28 35//28
f 35//28 34//28 36//28
f 35//29 36//29 37//29
f 37//30 36//30 38//30
f 37//31 38//31 39//31
f 39//31 38//31 40//31
f 39//32 40//32 41//32
f 41//33 40//33 42//33
f 41//34 42//34 43//34
f 43//34 42//34 44//34
f 43//35 44//35 45//35
f 45//36 44//36 46//36
f 45//37 46//37 47//37
f 47//38 46//38 48//38
f 47//39 48//39 49//39
f 49//40 48//40 50//40
f 49//41 50//41 51//41
f 51//42 50//42 52//42
f 51//43 52//43 53//43
f 53//43 52//43 54//43
f 53//44 54//44 55//44
f 55//45 54//45 56//45
f 55//46 56//46 57//46
f 57//47 56//47 58//47
f 57//48 58//48 59//48
f 59//49 58//49 60//49
f 59//50 60//50 61//50
f 61//51 60//51 62//51
f 61//52 62//52 63//52
f 63//53 62//53 64//53
f 63//54 64//54 65//54
f 65//55 64//55 66//55
f 65//56 66//56 67//56
f 67//57 66//57 68//57
f 67//58 68//58 69//58
f 69//58 68//58 70//58
f 69//59 70//59 71//59
f 71//60 70//60 72//60
f 71//61 72//61 73//61
f 73//62 72//62 74//62
f 73//63 74//63 1//63
f 1//63 74//63 2//63
f 75//64 76//64 77//64
f 77//2 76//2 78//2
f 77//3 78//3 79//3
f 79//3 78//3 80//3
f 79//5 80//5 81//5
f 81//6 80//6 82//6
f 81//7 82//7 83//7
f 83//7 82//7 84//7
f 83//8 84//8 85//8
f 85//8 84//8 86//8
f 85//65 86//65 87//65
f 87//10 86//10 88//10
f 87//11 88//11 89//11
f 89//11 88//11 90//11
f 89//13 90//13 91//13
f 91//66 90//66 92//66
f 91//67 92//67 93//67
f 93//67 92//67 94//67
f 93//68 94//68 95//68
f 95//69 94//69 96//69
f 95//70 96//70 97//70
f 97//70 96//70 98//70
f 97//20 98//20 99//20
f 99//20 98//20 100//20
f 99//21 100//21 101//21
f 101//22 100//22 102//22
f 101//71 102//71 103//71
f 103//24 102//24 104//24
f 103//72 104//72 105//72
f 105//25 104//25 106//25
f 105//27 106//27 107//27
f 107//26 106//26 108//26
f 107//28 108//28 109//28
f 109//73 108//73 110//73
f 109//30 110//30 111//30
f 111//29 110//29 112//29
f 111//31 112//31 113//31
f 113//31 112//31 114//31
f 113//33 114//33 115//33
f 115//32 114//32 116//32
f 115//74 116//74 117//74
f 117//34 116//34 118//34
f 117//36 118//36 119//36
f 119//36 118//36 120//36
f 119//38 120//38 121//38
f 121//38 120//38 122//38
f 121//75 122//75 123//75
f 123//40 122//40 124//40
f 123//41 124//41 125//41
f 125//42 124//42 126//42
f 125//43 126//43 127//43
f 127//76 126//76 128//76
f 127//77 128//77 129//77
f 129//45 128//45 130//45
f 129//78 130//78 131//78
f 131//78 130//78 132//78
f 131//48 132//48 133//48
f 133//49 132//49 134//49
f 133//50 134//50 135//50
f 135//79 134//79 136//79
f 135//53 136//53 137//53
f 137//53 136//53 138//53
f 137//54 138//54 139//54
f 139//80 138//80 140//80
f 139//57 140//57 141//57
f 141//57 140//57 142//57
f 141//58 142//58 143//58
f 143//58 142//58 144//58
f 143//59 144//59 145//59
f 145//59 144//59 146//59
f 145//62 146//62 147//62
f 147//61 146//61 148//61
f 147//81 148//81 75//81
f 75//63 148//63 76//63
f 72//82 149//82 74//82
f 74//82 149//82 150//82
f 74//82 150//82 2//82
f 2//82 150//82 151//82
f 2//82 151//82 4//82
f 4//82 151//82 152//82
f 4//82 152//82 6//82
f 6//82 152//82 153//82
f 6//82 153//82 8//82
f 8//82 153//82 154//82
f 8//82 154//82 10//82
f 10//82 154//82 155//82
f 10//82 155//82 12//82
f 12//82 155//82 156//82
f 12//82 156//82 14//82
f 14//82 156//82 157//82
f 14//82 157//82 16//82
f 16//82 157//82 158//82
f 16//82 158//82 18//82
f 18//82 158//82 159//82
f 18//82 159//82 20//82
f 20//82 159//82 160//82
f 20//82 160//82 22//82
f 22//82 160//82 161//82
f 22//82 161//82 24//82
f 24//82 161//82 162//82
f 24//82 162//82 26//82
f 26//82 162//82 163//82
f 26//82 163//82 28//82
f 28//82 163//82 164//82
f 28//82 164//82 30//82
f 30//82 164//82 165//82
f 30//82 165//82 32//82
f 32//82 165//82 166//82
f 32//82 166//82 34//82
f 34//82 166//82 167//82
f 34//82 167//82 36//82
f 36//82 167//82 168//82
f 36//82 168//82 38//82
f 38//82 168//82 169//82
f 38//82 169//82 40//82
f 40//82 169//82 170//82
f 40//82 170//82 42//82
f 42//82 170//82 171//82
f 42//82 171//82 44//82
f 44//82 171//82 172//82
f 44//82 172//82 46//82
f 46//82 172//82 173//82
f 46//82 173//82 48//82
f 48//82 173//82 174//82
f 48//82 174//82 50//82
f 50//82 174//82 175//82
f 50//82 175//82 52//82
f 52//82 175//82 176//82
f 52//82 176//82 54//82
f 54//82 176//82 177//82
f 54//82 177//82 56//82
f 56//82 177//82 178//82
f 56//82 178//82 58//82
f 58//82 178//82 179//82
f 58//82 179//82 60//82
f 60//82 179//82 180//82
f 60//82 180//82 62//82
f 62//82 180//82 181//82
f 62//82 181//82 64//82
f 64//82 181//82 182//82
f 64//82 182//82 66//82
f 66//82 182//82 183//82
f 66//82 183//82 68//82
f 68//82 183//82 184//82
f 68//82 184//82 70//82
f 70//82 184//82 185//82
f 70//82 185//82 72//82
f 72//82 185//82 149//82
f 110//82 186//82 112//82
f 112//82 186//82 187//82
f 112//82 187//82 114//82
f 114//82 187//82 188//82
f 114//82 188//82 116//82
f 116//82 188//82 189//82
f 116//82 189//82 118//82
f 118//82 189//82 190//82
f 118//82 190//82 120//82
f 120//82 190//82 191//82
f 120//82 191//82 122//82
f 122//82 191//82 192//82
f 122//82 192//82 124//82
f 124//82 192//82 193//82
f 124//82 193//82 126//82
f 126//82 193//82 194//82
f 126//82 194//82 128//82
f 128//82 194//82 195//82
f 128//82 195//82 130//82
f 130//82 195//82 196//82
f 130//82 196//82 132//82
f 132//82 196//82 197//82
f 132//82 197//82 134//82
f 134//82 197//82 198//82
f 134//82 198//82 136//82
f 136//82 198//82 199//82
f 136//82 199//82 138//82
f 138//82 199//82 200//82
f 138//82 200//82 140//82
f 140//82 200//82 201//82
f 140//82 201//82 142//82
f 142//82 201//82 202//82
f 142//82 202//82 144//82
f 144//82 202//82 203//82
f 144//82 203//82 146//82
f 146//82 203//82 204//82
f 146//82 204//82 148//82
f 148//82 204//82 205//82
f 148//82 205//82 76//82
f 76//82 205//82 206//82
f 76//82 206//82 78//82
f 78//82 206//82 207//82
f 78//82 207//82 80//82
f 80//82 207//82 208//82
f 80//82 208//82 82//82
f 82//82 208//82 209//82
f 82//82 209//82 84//82
f 84//82 209//82 210//82
f 84//82 210//82 86//82
f 86//82 210//82 211//82
f 86//82 211//82 88//82
f 88//82 211//82 212//82
f 88//82 212//82 90//82
f 90//82 212//82 213//82
f 90//82 213//82 92//82
f 92//82 213//82 214//82
f 92//82 214//82 94//82
f 94//82 214//82 215//82
f 94//82 215//82 96//82
f 96//82 215//82 216//82
f 96//82 216//82 98//82
f 98//82 216//82 217//82
f 98//82 217//82 100//82
f 100//82 217//82 218//82
f 100//82 218//82 102//82
f 102//82 218//82 219//82
f 102//82 219//82 104//82
f 104//82 219//82 220//82
f 104//82 220//82 106//82
f 106//82 220//82 221//82
f 106//82 221//82 108//82
f 108//82 221//82 222//82
f 108//82 222//82 110//82
f 110//82 222//82 186//82
f 73//83 223//83 71//83
f 71//84 223//84 224//84
f 71//85 224//85 69//85
f 69//86 224//86 225//86
f 69//87 225//87 67//87
f 67//88 225//88 226//88
f 67//89 226//89 65//89
f 65//90 226//90 227//90
f 65//91 227//91 63//91
f 63//92 227//92 228//92
f 63//93 228//93 61//93
f 61//94 228//94 229//94
f 61//95 229//95 59//95
f 59//96 229//96 230//96
f 59//97 230//97 57//97
f 57//98 230//98 231//98
f 57//99 231//99 55//99
f 55//100 231//100 232//100
f 55//101 232//101 53//101
f 53//102 232//102 233//102
f 53//103 233//103 51//103
f 51//104 233//104 234//104
f 51//105 234//105 49//105
f 49//106 234//106 235//106
f 49//107 235//107 47//107
f 47//108 235//108 236//108
f 47//109 236//109 45//109
f 45//110 236//110 237//110
f 45//111 237//111 43//111
f 43//112 237//112 238//112
f 43//113 238//113 41//113
f 41//114 238//114 239//114
f 41//115 239//115 39//115
f 39//116 239//116 240//116
f 39//117 240//117 37//117
f 37//118 240//118 241//118
f 37//119 241//119 35//119
f 35//120 241//120 242//120
f 35//121 242//121 33//121
f 33//122 242//122 243//122
f 33//123 243//123 31//123
f 31//124 243//124 244//124
f 31//125 244//125 29//125
f 29//126 244//126 245//126
f 29//127 245//127 27//127
f 27//128 245//128 246//128
f 27//129 246//129 25//129
f 25//130 246//130 247//130
f 25//131 247//131 23//131
f 23//132 247//132 248//132
f 23//133 248//133 21//133
f 21//134 248//134 249//134
f 21//135 249//135 19//135
f 19//136 249//136 250//136
f 19//137 250//137 17//137
f 17//138 250//138 251//138
f 17//139 251//139 15//139
f 15//140 251//140 252//140
f 15//141 252//141 13//141
f 13//141 252//141 253//141
f 13//142 253//142 11//142
f 11//143 253//143 254//143
f 11//144 254//144 9//144
f 9//145 254//145 255//145
f 9//146 255//146 7//146
f 7//147 255//147 256//147
f 7//148 256//148 5//148
f 5//149 256//149 257//149
f 5//150 257//150 3//150
f 3//151 257//151 258//151
f 3//152 258//152 1//152
f 1//153 258//153 259//153
f 1//154 259//154 73//154
f 73//155 259//155 223//155
f 147//156 260//156 145//156
f 145//157 260//157 261//157
f 145//158 261//158 143//158
f 143//86 261//86 262//86
f 143//87 262//87 141//87
f 141//88 262//88 263//88
f 141//89 263//89 139//89
f 139//90 263//90 264//90
f 139//91 264//91 137//91
f 137//159 264//159 265//159
f 137//160 265//160 135//160
f 135//161 265//161 266//161
f 135//95 266//95 133//95
f 133//96 266//96 267//96
f 133//97 267//97 131//97
f 131//98 267//98 268//98
f 131//99 268//99 129//99
f 129//100 268//100 269//100
f 129//101 269//101 127//101
f 127//102 269//102 270//102
f 127//103 270//103 125//103
f 125//162 270//162 271//162
f 125//163 271//163 123//163
f 123//164 271//164 272//164
f 123//107 272//107 121//107
f 121//108 272//108 273//108
f 121//165 273//165 119//165
f 119//110 273//110 274//110
f 119//166 274//166 117//166
f 117//112 274//112 275//112
f 117//113 275//113 115//113
f 115//114 275//114 276//114
f 115//115 276//115 113//115
f 113//116 276//116 277//116
f 113//117 277//117 111//117
f 111//118 277//118 278//118
f 111//119 278//119 109//119
f 109//120 278//120 279//120
f 109//121 279//121 107//121
f 107//167 279//167 280//167
f 107//168 280//168 105//168
f 105//169 280//169 281//169
f 105//170 281//170 103//170
f 103//126 281//126 282//126
f 103//127 282//127 101//127
f 101//128 282//128 283//128
f 101//129 283//129 99//129
f 99//171 283//171 284//171
f 99//172 284//172 97//172
f 97//173 284//173 285//173
f 97//133 285//133 95//133
f 95//134 285//134 286//134
f 95//135 286//135 93//135
f 93//136 286//136 287//136
f 93//137 287//137 91//137
f 91//138 287//138 288//138
f 91//139 288//139 89//139
f 89//140 288//140 289//140
f 89//141 289//141 87//141
f 87//174 289//174 290//174
f 87//175 290//175 85//175
f 85//176 290//176 291//176
f 85//144 291//144 83//144
f 83//145 291//145 292//145
f 83//146 292//146 81//146
f 81//147 292//147 293//147
f 81//148 293//148 79//148
f 79//149 293//149 294//149
f 79//150 294//150 77//150
f 77//177 294//177 295//177
f 77//178 295//178 75//178
f 75//153 295//153 296//153
f 75//179 296//179 147//179
f 147//180 296//180 260//180
f 297//181 298//181 299//181
f 297//182 299//182 300//182
f 300//183 299//183 301//183
f 300//184 301//184 302//184
f 302//185 301//185 303//185
f 302//186 303//186 304//186
f 304//187 303//187 305//187
f 304//188 305//188 306//188
f 306//189 305//189 307//189
f 306//190 307//190 308//190
f 308//191 307//191 309//191
f 308//192 309//192 310//192
f 310//193 309//193 311//193
f 310//194 311//194 312//194
f 312//195 311//195 313//195
f 312//196 313//196 314//196
f 314//197 313//197 315//197
f 314//198 315//198 316//198
f 316//199 315//199 317//199
f 316//200 317//200 318//200
f 319//201 320//201 321//201
f 321//202 322//202 319//202
f 319//202 322//202 323//202
f 319//202 323//202 324//202
f 324//202 325//202 319//202
f 319//202 325//202 326//202
f 319//202 326//202 317//202
f 317//202 326//202 327//202
f 317//202 327//202 328//202
f 328//201 329//201 317//201
f 317//203 329//203 330//203
f 317//202 330//202 318//202
f 331//31 332//31 317//31
f 317//31 332//31 319//31
f 331//82 333//82 332//82
f 332//82 333//82 334//82
f 331//82 335//82 336//82
f 336//82 337//82 331//82
f 331//82 337//82 338//82
f 331//82 338//82 333//82
f 334//82 339//82 332//82
f 332//82 339//82 340//82
f 332//82 340//82 341//82
f 341//82 340//82 342//82
f 320//204 319//204 343//204
f 320//205 343//205 344//205
f 344//206 343//206 345//206
f 344//207 345//207 346//207
f 346//208 345//208 347//208
f 346//209 347//209 348//209
f 348//210 347//210 349//210
f 348//211 349//211 350//211
f 350//212 349//212 351//212
f 350//212 351//212 352//212
f 352//213 351//213 353//213
f 352//214 353//214 354//214
f 354//215 353//215 355//215
f 354//216 355//216 356//216
f 356//217 355//217 357//217
f 356//218 357//218 358//218
f 358//219 357//219 359//219
f 358//220 359//220 360//220
f 360//221 359//221 361//221
f 360//222 361//222 362//222
f 333//31 363//31 334//31
f 334//31 363//31 364//31
f 365//223 366//223 367//223
f 367//223 366//223 368//223
f 367//223 368//223 369//223
f 370//223 371//223 372//223
f 372//223 371//223 373//223
f 372//223 373//223 374//223
f 374//223 373//223 364//223
f 374//223 364//223 367//223
f 367//223 364//223 363//223
f 367//223 363//223 365//223
f 375//31 376//31 367//31
f 367//31 376//31 374//31
f 297//224 377//224 298//224
f 298//225 377//225 378//225
f 298//224 378//224 379//224
f 379//224 378//224 380//224
f 331//226 317//226 315//226
f 331//227 315//227 335//227
f 335//228 315//228 313//228
f 335//229 313//229 336//229
f 336//230 313//230 311//230
f 336//231 311//231 337//231
f 337//232 311//232 309//232
f 337//232 309//232 338//232
f 365//233 363//233 381//233
f 338//234 309//234 333//234
f 333//235 309//235 307//235
f 333//236 307//236 363//236
f 381//237 382//237 365//237
f 365//238 382//238 383//238
f 365//232 383//232 366//232
f 366//239 383//239 384//239
f 366//239 384//239 368//239
f 368//240 384//240 385//240
f 368//240 385//240 369//240
f 369//227 385//227 375//227
f 369//241 375//241 367//241
f 363//242 307//242 381//242
f 381//243 307//243 305//243
f 381//244 305//244 386//244
f 386//245 305//245 303//245
f 386//245 303//245 387//245
f 387//246 303//246 301//246
f 387//246 301//246 388//246
f 388//247 301//247 299//247
f 388//248 299//248 389//248
f 389//249 299//249 298//249
f 389//249 298//249 390//249
f 391//64 392//64 393//64
f 393//250 392//250 394//250
f 393//251 394//251 395//251
f 395//251 394//251 396//251
f 395//252 396//252 397//252
f 397//253 396//253 398//253
f 397//254 398//254 399//254
f 399//255 398//255 400//255
f 399//256 400//256 401//256
f 401//256 400//256 402//256
f 401//257 402//257 403//257
f 403//257 402//257 404//257
f 403//258 404//258 405//258
f 405//259 404//259 406//259
f 405//260 406//260 407//260
f 407//260 406//260 408//260
f 407//261 408//261 409//261
f 409//261 408//261 410//261
f 409//262 410//262 411//262
f 411//262 410//262 412//262
f 411//263 412//263 413//263
f 413//264 412//264 414//264
f 413//265 414//265 415//265
f 415//265 414//265 416//265
f 415//266 416//266 417//266
f 417//267 416//267 418//267
f 417//268 418//268 419//268
f 419//269 418//269 420//269
f 419//270 420//270 421//270
f 421//271 420//271 422//271
f 421//272 422//272 423//272
f 423//273 422//273 424//273
f 423//274 424//274 425//274
f 425//274 424//274 426//274
f 425//275 426//275 427//275
f 427//29 426//29 428//29
f 427//31 428//31 429//31
f 429//31 428//31 430//31
f 429//276 430//276 431//276
f 431//33 430//33 432//33
f 431//277 432//277 433//277
f 433//278 432//278 434//278
f 433//279 434//279 435//279
f 435//280 434//280 436//280
f 435//281 436//281 437//281
f 437//282 436//282 438//282
f 437//283 438//283 439//283
f 439//283 438//283 440//283
f 439//284 440//284 441//284
f 441//285 440//285 442//285
f 441//286 442//286 443//286
f 443//286 442//286 444//286
f 443//287 444//287 445//287
f 445//288 444//288 446//288
f 445//289 446//289 447//289
f 447//290 446//290 448//290
f 447//291 448//291 449//291
f 449//292 448//292 450//292
f 449//293 450//293 451//293
f 451//294 450//294 452//294
f 451//295 452//295 453//295
f 453//295 452//295 454//295
f 453//296 454//296 455//296
f 455//297 454//297 456//297
f 455//298 456//298 457//298
f 457//298 456//298 458//298
f 457//299 458//299 459//299
f 459//300 458//300 460//300
f 459//301 460//301 461//301
f 461//302 460//302 462//302
f 461//303 462//303 463//303
f 463//303 462//303 464//303
f 463//304 464//304 391//304
f 391//305 464//305 392//305
f 465//64 466//64 467//64
f 467//250 466//250 468//250
f 467//251 468//251 469//251
f 469//251 468//251 470//251
f 469//253 470//253 471//253
f 471//252 470//252 472//252
f 471//254 472//254 473//254
f 473//255 472//255 474//255
f 473//256 474//256 475//256
f 475//256 474//256 476//256
f 475//306 476//306 477//306
f 477//307 476//307 478//307
f 477//258 478//258 479//258
f 479//259 478//259 480//259
f 479//260 480//260 481//260
f 481//260 480//260 482//260
f 481//308 482//308 483//308
f 483//261 482//261 484//261
f 483//309 484//309 485//309
f 485//262 484//262 486//262
f 485//264 486//264 487//264
f 487//263 486//263 488//263
f 487//265 488//265 489//265
f 489//265 488//265 490//265
f 489//267 490//267 491//267
f 491//310 490//310 492//310
f 491//269 492//269 493//269
f 493//269 492//269 494//269
f 493//271 494//271 495//271
f 495//270 494//270 496//270
f 495//273 496//273 497//273
f 497//272 496//272 498//272
f 497//311 498//311 499//311
f 499//274 498//274 500//274
f 499//29 500//29 501//29
f 501//312 500//312 502//312
f 501//31 502//31 503//31
f 503//31 502//31 504//31
f 503//33 504//33 505//33
f 505//33 504//33 506//33
f 505//277 506//277 507//277
f 507//277 506//277 508//277
f 507//279 508//279 509//279
f 509//280 508//280 510//280
f 509//282 510//282 511//282
f 511//281 510//281 512//281
f 511//283 512//283 513//283
f 513//313 512//313 514//313
f 513//285 514//285 515//285
f 515//314 514//314 516//314
f 515//286 516//286 517//286
f 517//286 516//286 518//286
f 517//288 518//288 519//288
f 519//287 518//287 520//287
f 519//290 520//290 521//290
f 521//289 520//289 522//289
f 521//292 522//292 523//292
f 523//291 522//291 524//291
f 523//293 524//293 525//293
f 525//293 524//293 526//293
f 525//315 526//315 527//315
f 527//295 526//295 528//295
f 527//316 528//316 529//316
f 529//316 528//316 530//316
f 529//298 530//298 531//298
f 531//298 530//298 532//298
f 531//300 532//300 533//300
f 533//299 532//299 534//299
f 533//302 534//302 535//302
f 535//301 534//301 536//301
f 535//303 536//303 537//303
f 537//303 536//303 538//303
f 537//305 538//305 465//305
f 465//304 538//304 466//304
f 539//250 540//250 541//250
f 541//64 540//64 542//64
f 541//251 542//251 543//251
f 543//317 542//317 544//317
f 543//253 544//253 545//253
f 545//253 544//253 546//253
f 545//255 546//255 547//255
f 547//318 546//318 548//318
f 547//319 548//319 549//319
f 549//256 548//256 550//256
f 549//257 550//257 551//257
f 551//257 550//257 552//257
f 551//258 552//258 553//258
f 553//259 552//259 554//259
f 553//320 554//320 555//320
f 555//260 554//260 556//260
f 555//321 556//321 557//321
f 557//308 556//308 558//308
f 557//262 558//262 559//262
f 559//309 558//309 560//309
f 559//264 560//264 561//264
f 561//263 560//263 562//263
f 561//265 562//265 563//265
f 563//265 562//265 564//265
f 563//266 564//266 565//266
f 565//266 564//266 566//266
f 565//269 566//269 567//269
f 567//269 566//269 568//269
f 567//270 568//270 569//270
f 569//271 568//271 570//271
f 569//272 570//272 571//272
f 571//322 570//322 572//322
f 571//311 572//311 573//311
f 573//311 572//311 574//311
f 573//312 574//312 575//312
f 575//29 574//29 576//29
f 575//31 576//31 577//31
f 577//31 576//31 578//31
f 577//33 578//33 579//33
f 579//33 578//33 580//33
f 579//278 580//278 581//278
f 581//278 580//278 582//278
f 581//323 582//323 583//323
f 583//279 582//279 584//279
f 583//281 584//281 585//281
f 585//282 584//282 586//282
f 585//283 586//283 587//283
f 587//283 586//283 588//283
f 587//314 588//314 589//314
f 589//314 588//314 590//314
f 589//324 590//324 591//324
f 591//325 590//325 592//325
f 591//287 592//287 593//287
f 593//288 592//288 594//288
f 593//290 594//290 595//290
f 595//289 594//289 596//289
f 595//292 596//292 597//292
f 597//291 596//291 598//291
f 597//293 598//293 599//293
f 599//293 598//293 600//293
f 599//295 600//295 601//295
f 601//315 600//315 602//315
f 601//316 602//316 603//316
f 603//316 602//316 604//316
f 603//298 604//298 605//298
f 605//326 604//326 606//326
f 605//299 606//299 607//299
f 607//299 606//299 608//299
f 607//302 608//302 609//302
f 609//301 608//301 610//301
f 609//303 610//303 611//303
f 611//303 610//303 612//303
f 611//304 612//304 539//304
f 539//305 612//305 540//305
f 151//250 613//250 152//250
f 152//2 613//2 614//2
f 152//327 614//327 153//327
f 153//328 614//328 615//328
f 153//329 615//329 154//329
f 154//330 615//330 616//330
f 154//7 616//7 155//7
f 155//254 616//254 617//254
f 155//331 617//331 156//331
f 156//331 617//331 618//331
f 156//332 618//332 157//332
f 157//332 618//332 619//332
f 157//333 619//333 158//333
f 158//333 619//333 620//333
f 158//334 620//334 159//334
f 159//335 620//335 621//335
f 159//336 621//336 160//336
f 160//336 621//336 622//336
f 160//337 622//337 161//337
f 161//338 622//338 623//338
f 161//70 623//70 162//70
f 162//70 623//70 624//70
f 162//339 624//339 163//339
f 163//340 624//340 625//340
f 163//341 625//341 164//341
f 164//22 625//22 626//22
f 164//342 626//342 165//342
f 165//343 626//343 627//343
f 165//344 627//344 166//344
f 166//345 627//345 628//345
f 166//346 628//346 167//346
f 167//347 628//347 629//347
f 167//28 629//28 168//28
f 168//28 629//28 630//28
f 168//348 630//348 169//348
f 169//348 630//348 631//348
f 169//31 631//31 170//31
f 170//31 631//31 632//31
f 170//349 632//349 171//349
f 171//349 632//349 633//349
f 171//34 633//34 172//34
f 172//34 633//34 634//34
f 172//350 634//350 173//350
f 173//350 634//350 635//350
f 173//351 635//351 174//351
f 174//352 635//352 636//352
f 174//353 636//353 175//353
f 175//354 636//354 637//354
f 175//355 637//355 176//355
f 176//42 637//42 638//42
f 176//356 638//356 177//356
f 177//357 638//357 639//357
f 177//77 639//77 178//77
f 178//45 639//45 640//45
f 178//358 640//358 179//358
f 179//358 640//358 641//358
f 179//359 641//359 180//359
f 180//359 641//359 642//359
f 180//360 642//360 181//360
f 181//360 642//360 643//360
f 181//361 643//361 182//361
f 182//362 643//362 644//362
f 182//363 644//363 183//363
f 183//364 644//364 645//364
f 183//365 645//365 184//365
f 184//366 645//366 646//366
f 184//299 646//299 185//299
f 185//58 646//58 647//58
f 185//367 647//367 149//367
f 149//368 647//368 648//368
f 149//369 648//369 150//369
f 150//370 648//370 649//370
f 150//63 649//63 151//63
f 151//371 649//371 613//371
f 206//2 650//2 207//2
f 207//372 650//372 651//372
f 207//327 651//327 208//327
f 208//328 651//328 652//328
f 208//330 652//330 209//330
f 209//330 652//330 653//330
f 209//254 653//254 210//254
f 210//7 653//7 654//7
f 210//331 654//331 211//331
f 211//331 654//331 655//331
f 211//373 655//373 212//373
f 212//374 655//374 656//374
f 212//333 656//333 213//333
f 213//375 656//375 657//375
f 213//376 657//376 214//376
f 214//376 657//376 658//376
f 214//336 658//336 215//336
f 215//336 658//336 659//336
f 215//338 659//338 216//338
f 216//338 659//338 660//338
f 216//70 660//70 217//70
f 217//19 660//19 661//19
f 217//377 661//377 218//377
f 218//339 661//339 662//339
f 218//341 662//341 219//341
f 219//22 662//22 663//22
f 219//378 663//378 220//378
f 220//343 663//343 664//343
f 220//345 664//345 221//345
f 221//344 664//344 665//344
f 221//379 665//379 222//379
f 222//347 665//347 666//347
f 222//28 666//28 186//28
f 186//28 666//28 667//28
f 186//348 667//348 187//348
f 187//380 667//380 668//380
f 187//31 668//31 188//31
f 188//31 668//31 669//31
f 188//349 669//349 189//349
f 189//381 669//381 670//381
f 189//34 670//34 190//34
f 190//34 670//34 671//34
f 190//350 671//350 191//350
f 191//382 671//382 672//382
f 191//352 672//352 192//352
f 192//351 672//351 673//351
f 192//353 673//353 193//353
f 193//354 673//354 674//354
f 193//383 674//383 194//383
f 194//383 674//383 675//383
f 194//357 675//357 195//357
f 195//356 675//356 676//356
f 195//45 676//45 196//45
f 196//77 676//77 677//77
f 196//384 677//384 197//384
f 197//385 677//385 678//385
f 197//359 678//359 198//359
f 198//359 678//359 679//359
f 198//386 679//386 199//386
f 199//387 679//387 680//387
f 199//362 680//362 200//362
f 200//361 680//361 681//361
f 200//388 681//388 201//388
f 201//363 681//363 682//363
f 201//389 682//389 202//389
f 202//365 682//365 683//365
f 202//58 683//58 203//58
f 203//299 683//299 684//299
f 203//367 684//367 204//367
f 204//367 684//367 685//367
f 204//369 685//369 205//369
f 205//370 685//370 686//370
f 205//63 686//63 206//63
f 206//63 686//63 650//63
f 687//64 688//64 689//64
f 689//250 688//250 690//250
f 689//251 690//251 691//251
f 691//251 690//251 692//251
f 691//252 692//252 693//252
f 693//253 692//253 694//253
f 693//254 694//254 695//254
f 695//255 694//255 696//255
f 695//256 696//256 697//256
f 697//256 696//256 698//256
f 697//257 698//257 699//257
f 699//257 698//257 700//257
f 699//258 700//258 701//258
f 701//259 700//259 702//259
f 701//260 702//260 703//260
f 703//260 702//260 704//260
f 703//308 704//308 705//308
f 705//261 704//261 706//261
f 705//309 706//309 707//309
f 707//262 706//262 708//262
f 707//263 708//263 709//263
f 709//264 708//264 710//264
f 709//265 710//265 711//265
f 711//265 710//265 712//265
f 711//266 712//266 713//266
f 713//267 712//267 714//267
f 713//269 714//269 715//269
f 715//269 714//269 716//269
f 715//270 716//270 717//270
f 717//270 716//270 718//270
f 717//273 718//273 719//273
f 719//273 718//273 720//273
f 719//311 720//311 721//311
f 721//274 720//274 722//274
f 721//275 722//275 723//275
f 723//312 722//312 724//312
f 723//31 724//31 725//31
f 725//31 724//31 726//31
f 725//276 726//276 727//276
f 727//33 726//33 728//33
f 727//277 728//277 729//277
f 729//278 728//278 730//278
f 729//279 730//279 731//279
f 731//323 730//323 732//323
f 731//281 732//281 733//281
f 733//281 732//281 734//281
f 733//283 734//283 735//283
f 735//283 734//283 736//283
f 735//314 736//314 737//314
f 737//314 736//314 738//314
f 737//286 738//286 739//286
f 739//324 738//324 740//324
f 739//287 740//287 741//287
f 741//287 740//287 742//287
f 741//289 742//289 743//289
f 743//290 742//290 744//290
f 743//292 744//292 745//292
f 745//291 744//291 746//291
f 745//293 746//293 747//293
f 747//293 746//293 748//293
f 747//295 748//295 749//295
f 749//295 748//295 750//295
f 749//316 750//316 751//316
f 751//296 750//296 752//296
f 751//326 752//326 753//326
f 753//298 752//298 754//298
f 753//299 754//299 755//299
f 755//300 754//300 756//300
f 755//302 756//302 757//302
f 757//301 756//301 758//301
f 757//303 758//303 759//303
f 759//303 758//303 760//303
f 759//304 760//304 687//304
f 687//304 760//304 688//304
f 761//250 762//250 763//250
f 763//64 762//64 764//64
f 763//251 764//251 765//251
f 765//251 764//251 766//251
f 765//253 766//253 767//253
f 767//252 766//252 768//252
f 767//254 768//254 769//254
f 769//255 768//255 770//255
f 769//256 770//256 771//256
f 771//256 770//256 772//256
f 771//306 772//306 773//306
f 773//307 772//307 774//307
f 773//258 774//258 775//258
f 775//259 774//259 776//259
f 775//260 776//260 777//260
f 777//260 776//260 778//260
f 777//308 778//308 779//308
f 779//308 778//308 780//308
f 779//309 780//309 781//309
f 781//309 780//309 782//309
f 781//264 782//264 783//264
f 783//263 782//263 784//263
f 783//265 784//265 785//265
f 785//265 784//265 786//265
f 785//267 786//267 787//267
f 787//266 786//266 788//266
f 787//269 788//269 789//269
f 789//268 788//268 790//268
f 789//271 790//271 791//271
f 791//270 790//270 792//270
f 791//273 792//273 793//273
f 793//272 792//272 794//272
f 793//274 794//274 795//274
f 795//274 794//274 796//274
f 795//29 796//29 797//29
f 797//29 796//29 798//29
f 797//31 798//31 799//31
f 799//31 798//31 800//31
f 799//390 800//390 801//390
f 801//276 800//276 802//276
f 801//278 802//278 803//278
f 803//277 802//277 804//277
f 803//279 804//279 805//279
f 805//280 804//280 806//280
f 805//282 806//282 807//282
f 807//281 806//281 808//281
f 807//283 808//283 809//283
f 809//283 808//283 810//283
f 809//314 810//314 811//314
f 811//285 810//285 812//285
f 811//325 812//325 813//325
f 813//286 812//286 814//286
f 813//288 814//288 815//288
f 815//287 814//287 816//287
f 815//290 816//290 817//290
f 817//289 816//289 818//289
f 817//292 818//292 819//292
f 819//291 818//291 820//291
f 819//293 820//293 821//293
f 821//391 820//391 822//391
f 821//392 822//392 823//392
f 823//295 822//295 824//295
f 823//316 824//316 825//316
f 825//316 824//316 826//316
f 825//326 826//326 827//326
f 827//298 826//298 828//298
f 827//299 828//299 829//299
f 829//299 828//299 830//299
f 829//302 830//302 831//302
f 831//301 830//301 832//301
f 831//303 832//303 833//303
f 833//393 832//393 834//393
f 833//304 834//304 761//304
f 761//304 834//304 762//304
f 835//64 836//64 837//64
f 837//250 836//250 838//250
f 837//251 838//251 839//251
f 839//251 838//251 840//251
f 839//394 840//394 841//394
f 841//395 840//395 842//395
f 841//254 842//254 843//254
f 843//255 842//255 844//255
f 843//256 844//256 845//256
f 845//256 844//256 846//256
f 845//257 846//257 847//257
f 847//257 846//257 848//257
f 847//258 848//258 849//258
f 849//259 848//259 850//259
f 849//260 850//260 851//260
f 851//260 850//260 852//260
f 851//261 852//261 853//261
f 853//261 852//261 854//261
f 853//262 854//262 855//262
f 855//262 854//262 856//262
f 855//263 856//263 857//263
f 857//264 856//264 858//264
f 857//265 858//265 859//265
f 859//265 858//265 860//265
f 859//266 860//266 861//266
f 861//267 860//267 862//267
f 861//268 862//268 863//268
f 863//269 862//269 864//269
f 863//270 864//270 865//270
f 865//271 864//271 866//271
f 865//272 866//272 867//272
f 867//273 866//273 868//273
f 867//396 868//396 869//396
f 869//396 868//396 870//396
f 869//275 870//275 871//275
f 871//29 870//29 872//29
f 871//31 872//31 873//31
f 873//31 872//31 874//31
f 873//276 874//276 875//276
f 875//33 874//33 876//33
f 875//397 876//397 877//397
f 877//278 876//278 878//278
f 877//279 878//279 879//279
f 879//280 878//280 880//280
f 879//281 880//281 881//281
f 881//282 880//282 882//282
f 881//283 882//283 883//283
f 883//283 882//283 884//283
f 883//284 884//284 885//284
f 885//285 884//285 886//285
f 885//286 886//286 887//286
f 887//286 886//286 888//286
f 887//287 888//287 889//287
f 889//288 888//288 890//288
f 889//289 890//289 891//289
f 891//290 890//290 892//290
f 891//291 892//291 893//291
f 893//292 892//292 894//292
f 893//293 894//293 895//293
f 895//294 894//294 896//294
f 895//295 896//295 897//295
f 897//295 896//295 898//295
f 897//296 898//296 899//296
f 899//398 898//398 900//398
f 899//298 900//298 901//298
f 901//298 900//298 902//298
f 901//299 902//299 903//299
f 903//300 902//300 904//300
f 903//399 904//399 905//399
f 905//400 904//400 906//400
f 905//303 906//303 907//303
f 907//303 906//303 908//303
f 907//304 908//304 835//304
f 835//305 908//305 836//305
f 909//64 910//64 911//64
f 911//250 910//250 912//250
f 911//251 912//251 913//251
f 913//251 912//251 914//251
f 913//395 914//395 915//395
f 915//394 914//394 916//394
f 915//254 916//254 917//254
f 917//255 916//255 918//255
f 917//256 918//256 919//256
f 919//256 918//256 920//256
f 919//401 920//401 921//401
f 921//307 920//307 922//307
f 921//258 922//258 923//258
f 923//259 922//259 924//259
f 923//260 924//260 925//260
f 925//260 924//260 926//260
f 925//308 926//308 927//308
f 927//261 926//261 928//261
f 927//309 928//309 929//309
f 929//262 928//262 930//262
f 929//264 930//264 931//264
f 931//263 930//263 932//263
f 931//265 932//265 933//265
f 933//265 932//265 934//265
f 933//267 934//267 935//267
f 935//310 934//310 936//310
f 935//269 936//269 937//269
f 937//269 936//269 938//269
f 937//271 938//271 939//271
f 939//270 938//270 940//270
f 939//273 940//273 941//273
f 941//272 940//272 942//272
f 941//311 942//311 943//311
f 943//396 942//396 944//396
f 943//29 944//29 945//29
f 945//312 944//312 946//312
f 945//31 946//31 947//31
f 947//31 946//31 948//31
f 947//33 948//33 949//33
f 949//33 948//33 950//33
f 949//397 950//397 951//397
f 951//397 950//397 952//397
f 951//279 952//279 953//279
f 953//280 952//280 954//280
f 953//282 954//282 955//282
f 955//281 954//281 956//281
f 955//283 956//283 957//283
f 957//313 956//313 958//313
f 957//285 958//285 959//285
f 959//314 958//314 960//314
f 959//286 960//286 961//286
f 961//286 960//286 962//286
f 961//288 962//288 963//288
f 963//287 962//287 964//287
f 963//290 964//290 965//290
f 965//289 964//289 966//289
f 965//292 966//292 967//292
f 967//291 966//291 968//291
f 967//293 968//293 969//293
f 969//293 968//293 970//293
f 969//315 970//315 971//315
f 971//295 970//295 972//295
f 971//316 972//316 973//316
f 973//316 972//316 974//316
f 973//298 974//298 975//298
f 975//298 974//298 976//298
f 975//300 976//300 977//300
f 977//299 976//299 978//299
f 977//400 978//400 979//400
f 979//399 978//399 980//399
f 979//303 980//303 981//303
f 981//303 980//303 982//303
f 981//305 982//305 909//305
f 909//304 982//304 910//304
f 983//250 984//250 985//250
f 985//64 984//64 986//64
f 985//251 986//251 987//251
f 987//317 986//317 988//317
f 987//395 988//395 989//395
f 989//395 988//395 990//395
f 989//255 990//255 991//255
f 991//318 990//318 992//318
f 991//319 992//319 993//319
f 993//256 992//256 994//256
f 993//257 994//257 995//257
f 995//257 994//257 996//257
f 995//258 996//258 997//258
f 997//259 996//259 998//259
f 997//320 998//320 999//320
f 999//260 998//260 1000//260
f 999//321 1000//321 1001//321
f 1001//308 1000//308 1002//308
f 1001//262 1002//262 1003//262
f 1003//309 1002//309 1004//309
f 1003//264 1004//264 1005//264
f 1005//263 1004//263 1006//263
f 1005//265 1006//265 1007//265
f 1007//265 1006//265 1008//265
f 1007//266 1008//266 1009//266
f 1009//266 1008//266 1010//266
f 1009//269 1010//269 1011//269
f 1011//269 1010//269 1012//269
f 1011//270 1012//270 1013//270
f 1013//271 1012//271 1014//271
f 1013//272 1014//272 1015//272
f 1015//402 1014//402 1016//402
f 1015//311 1016//311 1017//311
f 1017//311 1016//311 1018//311
f 1017//312 1018//312 1019//312
f 1019//29 1018//29 1020//29
f 1019//31 1020//31 1021//31
f 1021//31 1020//31 1022//31
f 1021//33 1022//33 1023//33
f 1023//33 1022//33 1024//33
f 1023//278 1024//278 1025//278
f 1025//278 1024//278 1026//278
f 1025//403 1026//403 1027//403
f 1027//279 1026//279 1028//279
f 1027//281 1028//281 1029//281
f 1029//282 1028//282 1030//282
f 1029//283 1030//283 1031//283
f 1031//283 1030//283 1032//283
f 1031//314 1032//314 1033//314
f 1033//314 1032//314 1034//314
f 1033//324 1034//324 1035//324
f 1035//325 1034//325 1036//325
f 1035//287 1036//287 1037//287
f 1037//288 1036//288 1038//288
f 1037//290 1038//290 1039//290
f 1039//289 1038//289 1040//289
f 1039//292 1040//292 1041//292
f 1041//291 1040//291 1042//291
f 1041//293 1042//293 1043//293
f 1043//293 1042//293 1044//293
f 1043//295 1044//295 1045//295
f 1045//315 1044//315 1046//315
f 1045//316 1046//316 1047//316
f 1047//316 1046//316 1048//316
f 1047//298 1048//298 1049//298
f 1049//326 1048//326 1050//326
f 1049//299 1050//299 1051//299
f 1051//299 1050//299 1052//299
f 1051//400 1052//400 1053//400
f 1053//399 1052//399 1054//399
f 1053//303 1054//303 1055//303
f 1055//303 1054//303 1056//303
f 1055//304 1056//304 983//304
f 983//305 1056//305 984//305
f 1057//64 1058//64 1059//64
f 1059//250 1058//250 1060//250
f 1059//251 1060//251 1061//251
f 1061//251 1060//251 1062//251
f 1061//394 1062//394 1063//394
f 1063//395 1062//395 1064//395
f 1063//254 1064//254 1065//254
f 1065//255 1064//255 1066//255
f 1065//256 1066//256 1067//256
f 1067//256 1066//256 1068//256
f 1067//257 1068//257 1069//257
f 1069//257 1068//257 1070//257
f 1069//258 1070//258 1071//258
f 1071//259 1070//259 1072//259
f 1071//260 1072//260 1073//260
f 1073//260 1072//260 1074//260
f 1073//308 1074//308 1075//308
f 1075//261 1074//261 1076//261
f 1075//309 1076//309 1077//309
f 1077//262 1076//262 1078//262
f 1077//263 1078//263 1079//263
f 1079//264 1078//264 1080//264
f 1079//265 1080//265 1081//265
f 1081//265 1080//265 1082//265
f 1081//266 1082//266 1083//266
f 1083//267 1082//267 1084//267
f 1083//269 1084//269 1085//269
f 1085//269 1084//269 1086//269
f 1085//270 1086//270 1087//270
f 1087//270 1086//270 1088//270
f 1087//273 1088//273 1089//273
f 1089//273 1088//273 1090//273
f 1089//311 1090//311 1091//311
f 1091//396 1090//396 1092//396
f 1091//275 1092//275 1093//275
f 1093//312 1092//312 1094//312
f 1093//31 1094//31 1095//31
f 1095//31 1094//31 1096//31
f 1095//276 1096//276 1097//276
f 1097//33 1096//33 1098//33
f 1097//397 1098//397 1099//397
f 1099//278 1098//278 1100//278
f 1099//279 1100//279 1101//279
f 1101//403 1100//403 1102//403
f 1101//281 1102//281 1103//281
f 1103//281 1102//281 1104//281
f 1103//283 1104//283 1105//283
f 1105//283 1104//283 1106//283
f 1105//314 1106//314 1107//314
f 1107//314 1106//314 1108//314
f 1107//286 1108//286 1109//286
f 1109//324 1108//324 1110//324
f 1109//287 1110//287 1111//287
f 1111//287 1110//287 1112//287
f 1111//289 1112//289 1113//289
f 1113//290 1112//290 1114//290
f 1113//292 1114//292 1115//292
f 1115//291 1114//291 1116//291
f 1115//293 1116//293 1117//293
f 1117//293 1116//293 1118//293
f 1117//295 1118//295 1119//295
f 1119//295 1118//295 1120//295
f 1119//316 1120//316 1121//316
f 1121//296 1120//296 1122//296
f 1121//326 1122//326 1123//326
f 1123//298 1122//298 1124//298
f 1123//299 1124//299 1125//299
f 1125//300 1124//300 1126//300
f 1125//400 1126//400 1127//400
f 1127//399 1126//399 1128//399
f 1127//303 1128//303 1129//303
f 1129//303 1128//303 1130//303
f 1129//304 1130//304 1057//304
f 1057//304 1130//304 1058//304
f 1131//250 1132//250 1133//250
f 1133//64 1132//64 1134//64
f 1133//251 1134//251 1135//251
f 1135//251 1134//251 1136//251
f 1135//395 1136//395 1137//395
f 1137//394 1136//394 1138//394
f 1137//254 1138//254 1139//254
f 1139//255 1138//255 1140//255
f 1139//256 1140//256 1141//256
f 1141//256 1140//256 1142//256
f 1141//401 1142//401 1143//401
f 1143//307 1142//307 1144//307
f 1143//258 1144//258 1145//258
f 1145//259 1144//259 1146//259
f 1145//260 1146//260 1147//260
f 1147//260 1146//260 1148//260
f 1147//308 1148//308 1149//308
f 1149//308 1148//308 1150//308
f 1149//309 1150//309 1151//309
f 1151//309 1150//309 1152//309
f 1151//264 1152//264 1153//264
f 1153//263 1152//263 1154//263
f 1153//265 1154//265 1155//265
f 1155//265 1154//265 1156//265
f 1155//267 1156//267 1157//267
f 1157//266 1156//266 1158//266
f 1157//269 1158//269 1159//269
f 1159//268 1158//268 1160//268
f 1159//271 1160//271 1161//271
f 1161//270 1160//270 1162//270
f 1161//273 1162//273 1163//273
f 1163//272 1162//272 1164//272
f 1163//396 1164//396 1165//396
f 1165//396 1164//396 1166//396
f 1165//29 1166//29 1167//29
f 1167//29 1166//29 1168//29
f 1167//31 1168//31 1169//31
f 1169//31 1168//31 1170//31
f 1169//390 1170//390 1171//390
f 1171//276 1170//276 1172//276
f 1171//278 1172//278 1173//278
f 1173//397 1172//397 1174//397
f 1173//279 1174//279 1175//279
f 1175//280 1174//280 1176//280
f 1175//282 1176//282 1177//282
f 1177//281 1176//281 1178//281
f 1177//283 1178//283 1179//283
f 1179//283 1178//283 1180//283
f 1179//314 1180//314 1181//314
f 1181//285 1180//285 1182//285
f 1181//325 1182//325 1183//325
f 1183//286 1182//286 1184//286
f 1183//288 1184//288 1185//288
f 1185//287 1184//287 1186//287
f 1185//290 1186//290 1187//290
f 1187//289 1186//289 1188//289
f 1187//292 1188//292 1189//292
f 1189//291 1188//291 1190//291
f 1189//293 1190//293 1191//293
f 1191//391 1190//391 1192//391
f 1191//392 1192//392 1193//392
f 1193//295 1192//295 1194//295
f 1193//316 1194//316 1195//316
f 1195//316 1194//316 1196//316
f 1195//326 1196//326 1197//326
f 1197//298 1196//298 1198//298
f 1197//299 1198//299 1199//299
f 1199//299 1198//299 1200//299
f 1199//400 1200//400 1201//400
f 1201//399 1200//399 1202//399
f 1201//303 1202//303 1203//303
f 1203//393 1202//393 1204//393
f 1203//304 1204//304 1131//304
f 1131//304 1204//304 1132//304
f 1205//64 1206//64 1207//64
f 1207//64 1206//64 1208//64
f 1207//251 1208//251 1209//251
f 1209//251 1208//251 1210//251
f 1209//252 1210//252 1211//252
f 1211//253 1210//253 1212//253
f 1211//255 1212//255 1213//255
f 1213//254 1212//254 1214//254
f 1213//256 1214//256 1215//256
f 1215//256 1214//256 1216//256
f 1215//257 1216//257 1217//257
f 1217//257 1216//257 1218//257
f 1217//258 1218//258 1219//258
f 1219//258 1218//258 1220//258
f 1219//260 1220//260 1221//260
f 1221//260 1220//260 1222//260
f 1221//321 1222//321 1223//321
f 1223//308 1222//308 1224//308
f 1223//262 1224//262 1225//262
f 1225//309 1224//309 1226//309
f 1225//264 1226//264 1227//264
f 1227//263 1226//263 1228//263
f 1227//404 1228//404 1229//404
f 1229//265 1228//265 1230//265
f 1229//310 1230//310 1231//310
f 1231//266 1230//266 1232//266
f 1231//269 1232//269 1233//269
f 1233//269 1232//269 1234//269
f 1233//270 1234//270 1235//270
f 1235//271 1234//271 1236//271
f 1235//273 1236//273 1237//273
f 1237//273 1236//273 1238//273
f 1237//311 1238//311 1239//311
f 1239//274 1238//274 1240//274
f 1239//29 1240//29 1241//29
f 1241//29 1240//29 1242//29
f 1241//31 1242//31 1243//31
f 1243//31 1242//31 1244//31
f 1243//33 1244//33 1245//33
f 1245//33 1244//33 1246//33
f 1245//278 1246//278 1247//278
f 1247//277 1246//277 1248//277
f 1247//280 1248//280 1249//280
f 1249//279 1248//279 1250//279
f 1249//281 1250//281 1251//281
f 1251//282 1250//282 1252//282
f 1251//283 1252//283 1253//283
f 1253//283 1252//283 1254//283
f 1253//314 1254//314 1255//314
f 1255//314 1254//314 1256//314
f 1255//324 1256//324 1257//324
f 1257//325 1256//325 1258//325
f 1257//288 1258//288 1259//288
f 1259//288 1258//288 1260//288
f 1259//289 1260//289 1261//289
f 1261//290 1260//290 1262//290
f 1261//291 1262//291 1263//291
f 1263//291 1262//291 1264//291
f 1263//293 1264//293 1265//293
f 1265//293 1264//293 1266//293
f 1265//295 1266//295 1267//295
f 1267//315 1266//315 1268//315
f 1267//316 1268//316 1269//316
f 1269//316 1268//316 1270//316
f 1269//298 1270//298 1271//298
f 1271//326 1270//326 1272//326
f 1271//299 1272//299 1273//299
f 1273//299 1272//299 1274//299
f 1273//302 1274//302 1275//302
f 1275//301 1274//301 1276//301
f 1275//303 1276//303 1277//303
f 1277//303 1276//303 1278//303
f 1277//305 1278//305 1205//305
f 1205//305 1278//305 1206//305
f 1279//250 1280//250 1281//250
f 1281//250 1280//250 1282//250
f 1281//251 1282//251 1283//251
f 1283//251 1282//251 1284//251
f 1283//252 1284//252 1285//252
f 1285//253 1284//253 1286//253
f 1285//318 1286//318 1287//318
f 1287//255 1286//255 1288//255
f 1287//319 1288//319 1289//319
f 1289//256 1288//256 1290//256
f 1289//257 1290//257 1291//257
f 1291//257 1290//257 1292//257
f 1291//259 1292//259 1293//259
f 1293//258 1292//258 1294//258
f 1293//260 1294//260 1295//260
f 1295//260 1294//260 1296//260
f 1295//261 1296//261 1297//261
f 1297//261 1296//261 1298//261
f 1297//309 1298//309 1299//309
f 1299//262 1298//262 1300//262
f 1299//264 1300//264 1301//264
f 1301//264 1300//264 1302//264
f 1301//405 1302//405 1303//405
f 1303//404 1302//404 1304//404
f 1303//266 1304//266 1305//266
f 1305//266 1304//266 1306//266
f 1305//269 1306//269 1307//269
f 1307//269 1306//269 1308//269
f 1307//271 1308//271 1309//271
f 1309//270 1308//270 1310//270
f 1309//272 1310//272 1311//272
f 1311//273 1310//273 1312//273
f 1311//311 1312//311 1313//311
f 1313//274 1312//274 1314//274
f 1313//29 1314//29 1315//29
f 1315//29 1314//29 1316//29
f 1315//31 1316//31 1317//31
f 1317//31 1316//31 1318//31
f 1317//33 1318//33 1319//33
f 1319//33 1318//33 1320//33
f 1319//277 1320//277 1321//277
f 1321//278 1320//278 1322//278
f 1321//280 1322//280 1323//280
f 1323//280 1322//280 1324//280
f 1323//282 1324//282 1325//282
f 1325//281 1324//281 1326//281
f 1325//283 1326//283 1327//283
f 1327//313 1326//313 1328//313
f 1327//314 1328//314 1329//314
f 1329//314 1328//314 1330//314
f 1329//286 1330//286 1331//286
f 1331//324 1330//324 1332//324
f 1331//287 1332//287 1333//287
f 1333//288 1332//288 1334//288
f 1333//290 1334//290 1335//290
f 1335//290 1334//290 1336//290
f 1335//292 1336//292 1337//292
f 1337//291 1336//291 1338//291
f 1337//293 1338//293 1339//293
f 1339//293 1338//293 1340//293
f 1339//295 1340//295 1341//295
f 1341//295 1340//295 1342//295
f 1341//316 1342//316 1343//316
f 1343//316 1342//316 1344//316
f 1343//298 1344//298 1345//298
f 1345//298 1344//298 1346//298
f 1345//299 1346//299 1347//299
f 1347//300 1346//300 1348//300
f 1347//302 1348//302 1349//302
f 1349//301 1348//301 1350//301
f 1349//303 1350//303 1351//303
f 1351//303 1350//303 1352//303
f 1351//304 1352//304 1279//304
f 1279//304 1352//304 1280//304
f 1353//64 1354//64 1355//64
f 1355//64 1354//64 1356//64
f 1355//251 1356//251 1357//251
f 1357//251 1356//251 1358//251
f 1357//253 1358//253 1359//253
f 1359//253 1358//253 1360//253
f 1359//254 1360//254 1361//254
f 1361//254 1360//254 1362//254
f 1361//256 1362//256 1363//256
f 1363//319 1362//319 1364//319
f 1363//257 1364//257 1365//257
f 1365//257 1364//257 1366//257
f 1365//258 1366//258 1367//258
f 1367//406 1366//406 1368//406
f 1367//260 1368//260 1369//260
f 1369//260 1368//260 1370//260
f 1369//308 1370//308 1371//308
f 1371//308 1370//308 1372//308
f 1371//262 1372//262 1373//262
f 1373//309 1372//309 1374//309
f 1373//263 1374//263 1375//263
f 1375//263 1374//263 1376//263
f 1375//265 1376//265 1377//265
f 1377//265 1376//265 1378//265
f 1377//267 1378//267 1379//267
f 1379//266 1378//266 1380//266
f 1379//269 1380//269 1381//269
f 1381//269 1380//269 1382//269
f 1381//270 1382//270 1383//270
f 1383//270 1382//270 1384//270
f 1383//273 1384//273 1385//273
f 1385//273 1384//273 1386//273
f 1385//274 1386//274 1387//274
f 1387//311 1386//311 1388//311
f 1387//312 1388//312 1389//312
f 1389//275 1388//275 1390//275
f 1389//31 1390//31 1391//31
f 1391//31 1390//31 1392//31
f 1391//33 1392//33 1393//33
f 1393//33 1392//33 1394//33
f 1393//278 1394//278 1395//278
f 1395//277 1394//277 1396//277
f 1395//280 1396//280 1397//280
f 1397//280 1396//280 1398//280
f 1397//281 1398//281 1399//281
f 1399//281 1398//281 1400//281
f 1399//283 1400//283 1401//283
f 1401//283 1400//283 1402//283
f 1401//314 1402//314 1403//314
f 1403//285 1402//285 1404//285
f 1403//286 1404//286 1405//286
f 1405//286 1404//286 1406//286
f 1405//287 1406//287 1407//287
f 1407//287 1406//287 1408//287
f 1407//289 1408//289 1409//289
f 1409//290 1408//290 1410//290
f 1409//292 1410//292 1411//292
f 1411//292 1410//292 1412//292
f 1411//293 1412//293 1413//293
f 1413//293 1412//293 1414//293
f 1413//315 1414//315 1415//315
f 1415//295 1414//295 1416//295
f 1415//296 1416//296 1417//296
f 1417//297 1416//297 1418//297
f 1417//298 1418//298 1419//298
f 1419//298 1418//298 1420//298
f 1419//300 1420//300 1421//300
f 1421//299 1420//299 1422//299
f 1421//301 1422//301 1423//301
f 1423//302 1422//302 1424//302
f 1423//303 1424//303 1425//303
f 1425//303 1424//303 1426//303
f 1425//304 1426//304 1353//304
f 1353//305 1426//305 1354//305
f 1427//64 1428//64 1429//64
f 1429//64 1428//64 1430//64
f 1429//251 1430//251 1431//251
f 1431//251 1430//251 1432//251
f 1431//252 1432//252 1433//252
f 1433//253 1432//253 1434//253
f 1433//255 1434//255 1435//255
f 1435//254 1434//254 1436//254
f 1435//256 1436//256 1437//256
f 1437//319 1436//319 1438//319
f 1437//307 1438//307 1439//307
f 1439//257 1438//257 1440//257
f 1439//258 1440//258 1441//258
f 1441//258 1440//258 1442//258
f 1441//260 1442//260 1443//260
f 1443//260 1442//260 1444//260
f 1443//261 1444//261 1445//261
f 1445//308 1444//308 1446//308
f 1445//309 1446//309 1447//309
f 1447//262 1446//262 1448//262
f 1447//263 1448//263 1449//263
f 1449//263 1448//263 1450//263
f 1449//404 1450//404 1451//404
f 1451//265 1450//265 1452//265
f 1451//266 1452//266 1453//266
f 1453//266 1452//266 1454//266
f 1453//269 1454//269 1455//269
f 1455//269 1454//269 1456//269
f 1455//270 1456//270 1457//270
f 1457//270 1456//270 1458//270
f 1457//322 1458//322 1459//322
f 1459//272 1458//272 1460//272
f 1459//311 1460//311 1461//311
f 1461//274 1460//274 1462//274
f 1461//29 1462//29 1463//29
f 1463//29 1462//29 1464//29
f 1463//31 1464//31 1465//31
f 1465//31 1464//31 1466//31
f 1465//276 1466//276 1467//276
f 1467//390 1466//390 1468//390
f 1467//277 1468//277 1469//277
f 1469//278 1468//278 1470//278
f 1469//280 1470//280 1471//280
f 1471//280 1470//280 1472//280
f 1471//281 1472//281 1473//281
f 1473//281 1472//281 1474//281
f 1473//283 1474//283 1475//283
f 1475//283 1474//283 1476//283
f 1475//285 1476//285 1477//285
f 1477//314 1476//314 1478//314
f 1477//286 1478//286 1479//286
f 1479//286 1478//286 1480//286
f 1479//288 1480//288 1481//288
f 1481//287 1480//287 1482//287
f 1481//289 1482//289 1483//289
f 1483//290 1482//290 1484//290
f 1483//291 1484//291 1485//291
f 1485//292 1484//292 1486//292
f 1485//293 1486//293 1487//293
f 1487//293 1486//293 1488//293
f 1487//315 1488//315 1489//315
f 1489//315 1488//315 1490//315
f 1489//316 1490//316 1491//316
f 1491//316 1490//316 1492//316
f 1491//298 1492//298 1493//298
f 1493//326 1492//326 1494//326
f 1493//300 1494//300 1495//300
f 1495//407 1494//407 1496//407
f 1495//302 1496//302 1497//302
f 1497//302 1496//302 1498//302
f 1497//303 1498//303 1499//303
f 1499//303 1498//303 1500//303
f 1499//305 1500//305 1427//305
f 1427//304 1500//304 1428//304
f 1501//250 1502//250 1503//250
f 1503//64 1502//64 1504//64
f 1503//251 1504//251 1505//251
f 1505//251 1504//251 1506//251
f 1505//252 1506//252 1507//252
f 1507//253 1506//253 1508//253
f 1507//254 1508//254 1509//254
f 1509//254 1508//254 1510//254
f 1509//319 1510//319 1511//319
f 1511//256 1510//256 1512//256
f 1511//257 1512//257 1513//257
f 1513//257 1512//257 1514//257
f 1513//259 1514//259 1515//259
f 1515//258 1514//258 1516//258
f 1515//260 1516//260 1517//260
f 1517//260 1516//260 1518//260
f 1517//261 1518//261 1519//261
f 1519//261 1518//261 1520//261
f 1519//262 1520//262 1521//262
f 1521//309 1520//309 1522//309
f 1521//264 1522//264 1523//264
f 1523//264 1522//264 1524//264
f 1523//405 1524//405 1525//405
f 1525//404 1524//404 1526//404
f 1525//266 1526//266 1527//266
f 1527//266 1526//266 1528//266
f 1527//269 1528//269 1529//269
f 1529//269 1528//269 1530//269
f 1529//271 1530//271 1531//271
f 1531//270 1530//270 1532//270
f 1531//272 1532//272 1533//272
f 1533//273 1532//273 1534//273
f 1533//274 1534//274 1535//274
f 1535//311 1534//311 1536//311
f 1535//29 1536//29 1537//29
f 1537//29 1536//29 1538//29
f 1537//31 1538//31 1539//31
f 1539//31 1538//31 1540//31
f 1539//33 1540//33 1541//33
f 1541//276 1540//276 1542//276
f 1541//278 1542//278 1543//278
f 1543//278 1542//278 1544//278
f 1543//280 1544//280 1545//280
f 1545//280 1544//280 1546//280
f 1545//282 1546//282 1547//282
f 1547//281 1546//281 1548//281
f 1547//283 1548//283 1549//283
f 1549//283 1548//283 1550//283
f 1549//314 1550//314 1551//314
f 1551//284 1550//284 1552//284
f 1551//286 1552//286 1553//286
f 1553//324 1552//324 1554//324
f 1553//287 1554//287 1555//287
f 1555//288 1554//288 1556//288
f 1555//290 1556//290 1557//290
f 1557//289 1556//289 1558//289
f 1557//292 1558//292 1559//292
f 1559//408 1558//408 1560//408
f 1559//293 1560//293 1561//293
f 1561//293 1560//293 1562//293
f 1561//295 1562//295 1563//295
f 1563//295 1562//295 1564//295
f 1563//316 1564//316 1565//316
f 1565//316 1564//316 1566//316
f 1565//298 1566//298 1567//298
f 1567//326 1566//326 1568//326
f 1567//407 1568//407 1569//407
f 1569//300 1568//300 1570//300
f 1569//302 1570//302 1571//302
f 1571//301 1570//301 1572//301
f 1571//303 1572//303 1573//303
f 1573//303 1572//303 1574//303
f 1573//304 1574//304 1501//304
f 1501//305 1574//305 1502//305
f 1575//64 1576//64 1577//64
f 1577//64 1576//64 1578//64
f 1577//251 1578//251 1579//251
f 1579//251 1578//251 1580//251
f 1579//394 1580//394 1581//394
f 1581//395 1580//395 1582//395
f 1581//255 1582//255 1583//255
f 1583//254 1582//254 1584//254
f 1583//256 1584//256 1585//256
f 1585//256 1584//256 1586//256
f 1585//257 1586//257 1587//257
f 1587//257 1586//257 1588//257
f 1587//258 1588//258 1589//258
f 1589//258 1588//258 1590//258
f 1589//260 1590//260 1591//260
f 1591//260 1590//260 1592//260
f 1591//321 1592//321 1593//321
f 1593//308 1592//308 1594//308
f 1593//262 1594//262 1595//262
f 1595//309 1594//309 1596//309
f 1595//264 1596//264 1597//264
f 1597//263 1596//263 1598//263
f 1597//404 1598//404 1599//404
f 1599//265 1598//265 1600//265
f 1599//310 1600//310 1601//310
f 1601//266 1600//266 1602//266
f 1601//269 1602//269 1603//269
f 1603//269 1602//269 1604//269
f 1603//270 1604//270 1605//270
f 1605//271 1604//271 1606//271
f 1605//273 1606//273 1607//273
f 1607//273 1606//273 1608//273
f 1607//311 1608//311 1609//311
f 1609//396 1608//396 1610//396
f 1609//29 1610//29 1611//29
f 1611//29 1610//29 1612//29
f 1611//31 1612//31 1613//31
f 1613//31 1612//31 1614//31
f 1613//33 1614//33 1615//33
f 1615//33 1614//33 1616//33
f 1615//278 1616//278 1617//278
f 1617//397 1616//397 1618//397
f 1617//280 1618//280 1619//280
f 1619//279 1618//279 1620//279
f 1619//281 1620//281 1621//281
f 1621//282 1620//282 1622//282
f 1621//283 1622//283 1623//283
f 1623//283 1622//283 1624//283
f 1623//314 1624//314 1625//314
f 1625//314 1624//314 1626//314
f 1625//324 1626//324 1627//324
f 1627//325 1626//325 1628//325
f 1627//288 1628//288 1629//288
f 1629//288 1628//288 1630//288
f 1629//289 1630//289 1631//289
f 1631//290 1630//290 1632//290
f 1631//291 1632//291 1633//291
f 1633//291 1632//291 1634//291
f 1633//293 1634//293 1635//293
f 1635//293 1634//293 1636//293
f 1635//295 1636//295 1637//295
f 1637//315 1636//315 1638//315
f 1637//316 1638//316 1639//316
f 1639//316 1638//316 1640//316
f 1639//298 1640//298 1641//298
f 1641//326 1640//326 1642//326
f 1641//299 1642//299 1643//299
f 1643//299 1642//299 1644//299
f 1643//400 1644//400 1645//400
f 1645//399 1644//399 1646//399
f 1645//303 1646//303 1647//303
f 1647//303 1646//303 1648//303
f 1647//305 1648//305 1575//305
f 1575//305 1648//305 1576//305
f 1649//250 1650//250 1651//250
f 1651//250 1650//250 1652//250
f 1651//251 1652//251 1653//251
f 1653//251 1652//251 1654//251
f 1653//394 1654//394 1655//394
f 1655//395 1654//395 1656//395
f 1655//318 1656//318 1657//318
f 1657//255 1656//255 1658//255
f 1657//319 1658//319 1659//319
f 1659//256 1658//256 1660//256
f 1659//257 1660//257 1661//257
f 1661//257 1660//257 1662//257
f 1661//259 1662//259 1663//259
f 1663//258 1662//258 1664//258
f 1663//260 1664//260 1665//260
f 1665//260 1664//260 1666//260
f 1665//261 1666//261 1667//261
f 1667//261 1666//261 1668//261
f 1667//309 1668//309 1669//309
f 1669//262 1668//262 1670//262
f 1669//264 1670//264 1671//264
f 1671//264 1670//264 1672//264
f 1671//405 1672//405 1673//405
f 1673//404 1672//404 1674//404
f 1673//266 1674//266 1675//266
f 1675//266 1674//266 1676//266
f 1675//269 1676//269 1677//269
f 1677//269 1676//269 1678//269
f 1677//271 1678//271 1679//271
f 1679//270 1678//270 1680//270
f 1679//272 1680//272 1681//272
f 1681//273 1680//273 1682//273
f 1681//311 1682//311 1683//311
f 1683//396 1682//396 1684//396
f 1683//29 1684//29 1685//29
f 1685//29 1684//29 1686//29
f 1685//31 1686//31 1687//31
f 1687//31 1686//31 1688//31
f 1687//33 1688//33 1689//33
f 1689//33 1688//33 1690//33
f 1689//397 1690//397 1691//397
f 1691//278 1690//278 1692//278
f 1691//280 1692//280 1693//280
f 1693//280 1692//280 1694//280
f 1693//282 1694//282 1695//282
f 1695//281 1694//281 1696//281
f 1695//283 1696//283 1697//283
f 1697//313 1696//313 1698//313
f 1697//314 1698//314 1699//314
f 1699//314 1698//314 1700//314
f 1699//286 1700//286 1701//286
f 1701//324 1700//324 1702//324
f 1701//287 1702//287 1703//287
f 1703//288 1702//288 1704//288
f 1703//290 1704//290 1705//290
f 1705//290 1704//290 1706//290
f 1705//292 1706//292 1707//292
f 1707//291 1706//291 1708//291
f 1707//293 1708//293 1709//293
f 1709//293 1708//293 1710//293
f 1709//295 1710//295 1711//295
f 1711//295 1710//295 1712//295
f 1711//316 1712//316 1713//316
f 1713//316 1712//316 1714//316
f 1713//298 1714//298 1715//298
f 1715//298 1714//298 1716//298
f 1715//299 1716//299 1717//299
f 1717//300 1716//300 1718//300
f 1717//400 1718//400 1719//400
f 1719//399 1718//399 1720//399
f 1719//303 1720//303 1721//303
f 1721//303 1720//303 1722//303
f 1721//304 1722//304 1649//304
f 1649//304 1722//304 1650//304
f 1723//64 1724//64 1725//64
f 1725//64 1724//64 1726//64
f 1725//251 1726//251 1727//251
f 1727//251 1726//251 1728//251
f 1727//395 1728//395 1729//395
f 1729//395 1728//395 1730//395
f 1729//254 1730//254 1731//254
f 1731//254 1730//254 1732//254
f 1731//256 1732//256 1733//256
f 1733//319 1732//319 1734//319
f 1733//257 1734//257 1735//257
f 1735//257 1734//257 1736//257
f 1735//258 1736//258 1737//258
f 1737//406 1736//406 1738//406
f 1737//260 1738//260 1739//260
f 1739//260 1738//260 1740//260
f 1739//308 1740//308 1741//308
f 1741//308 1740//308 1742//308
f 1741//262 1742//262 1743//262
f 1743//309 1742//309 1744//309
f 1743//263 1744//263 1745//263
f 1745//263 1744//263 1746//263
f 1745//265 1746//265 1747//265
f 1747//265 1746//265 1748//265
f 1747//267 1748//267 1749//267
f 1749//266 1748//266 1750//266
f 1749//269 1750//269 1751//269
f 1751//269 1750//269 1752//269
f 1751//270 1752//270 1753//270
f 1753//270 1752//270 1754//270
f 1753//273 1754//273 1755//273
f 1755//273 1754//273 1756//273
f 1755//396 1756//396 1757//396
f 1757//311 1756//311 1758//311
f 1757//312 1758//312 1759//312
f 1759//275 1758//275 1760//275
f 1759//31 1760//31 1761//31
f 1761//31 1760//31 1762//31
f 1761//33 1762//33 1763//33
f 1763//33 1762//33 1764//33
f 1763//278 1764//278 1765//278
f 1765//397 1764//397 1766//397
f 1765//280 1766//280 1767//280
f 1767//280 1766//280 1768//280
f 1767//281 1768//281 1769//281
f 1769//281 1768//281 1770//281
f 1769//283 1770//283 1771//283
f 1771//283 1770//283 1772//283
f 1771//314 1772//314 1773//314
f 1773//285 1772//285 1774//285
f 1773//286 1774//286 1775//286
f 1775//286 1774//286 1776//286
f 1775//287 1776//287 1777//287
f 1777//287 1776//287 1778//287
f 1777//289 1778//289 1779//289
f 1779//290 1778//290 1780//290
f 1779//292 1780//292 1781//292
f 1781//292 1780//292 1782//292
f 1781//293 1782//293 1783//293
f 1783//293 1782//293 1784//293
f 1783//315 1784//315 1785//315
f 1785//295 1784//295 1786//295
f 1785//296 1786//296 1787//296
f 1787//398 1786//398 1788//398
f 1787//298 1788//298 1789//298
f 1789//298 1788//298 1790//298
f 1789//300 1790//300 1791//300
f 1791//299 1790//299 1792//299
f 1791//399 1792//399 1793//399
f 1793//400 1792//400 1794//400
f 1793//303 1794//303 1795//303
f 1795//303 1794//303 1796//303
f 1795//304 1796//304 1723//304
f 1723//305 1796//305 1724//305
f 1797//64 1798//64 1799//64
f 1799//64 1798//64 1800//64
f 1799//251 1800//251 1801//251
f 1801//251 1800//251 1802//251
f 1801//394 1802//394 1803//394
f 1803//395 1802//395 1804//395
f 1803//255 1804//255 1805//255
f 1805//254 1804//254 1806//254
f 1805//256 1806//256 1807//256
f 1807//319 1806//319 1808//319
f 1807//307 1808//307 1809//307
f 1809//257 1808//257 1810//257
f 1809//258 1810//258 1811//258
f 1811//258 1810//258 1812//258
f 1811//260 1812//260 1813//260
f 1813//260 1812//260 1814//260
f 1813//261 1814//261 1815//261
f 1815//308 1814//308 1816//308
f 1815//309 1816//309 1817//309
f 1817//262 1816//262 1818//262
f 1817//263 1818//263 1819//263
f 1819//263 1818//263 1820//263
f 1819//404 1820//404 1821//404
f 1821//265 1820//265 1822//265
f 1821//266 1822//266 1823//266
f 1823//266 1822//266 1824//266
f 1823//269 1824//269 1825//269
f 1825//269 1824//269 1826//269
f 1825//270 1826//270 1827//270
f 1827//270 1826//270 1828//270
f 1827//402 1828//402 1829//402
f 1829//272 1828//272 1830//272
f 1829//311 1830//311 1831//311
f 1831//396 1830//396 1832//396
f 1831//29 1832//29 1833//29
f 1833//29 1832//29 1834//29
f 1833//31 1834//31 1835//31
f 1835//31 1834//31 1836//31
f 1835//276 1836//276 1837//276
f 1837//390 1836//390 1838//390
f 1837//397 1838//397 1839//397
f 1839//278 1838//278 1840//278
f 1839//280 1840//280 1841//280
f 1841//280 1840//280 1842//280
f 1841//281 1842//281 1843//281
f 1843//281 1842//281 1844//281
f 1843//283 1844//283 1845//283
f 1845//283 1844//283 1846//283
f 1845//285 1846//285 1847//285
f 1847//314 1846//314 1848//314
f 1847//286 1848//286 1849//286
f 1849//286 1848//286 1850//286
f 1849//288 1850//288 1851//288
f 1851//287 1850//287 1852//287
f 1851//289 1852//289 1853//289
f 1853//290 1852//290 1854//290
f 1853//291 1854//291 1855//291
f 1855//292 1854//292 1856//292
f 1855//293 1856//293 1857//293
f 1857//293 1856//293 1858//293
f 1857//315 1858//315 1859//315
f 1859//315 1858//315 1860//315
f 1859//316 1860//316 1861//316
f 1861//316 1860//316 1862//316
f 1861//298 1862//298 1863//298
f 1863//326 1862//326 1864//326
f 1863//300 1864//300 1865//300
f 1865//407 1864//407 1866//407
f 1865//400 1866//400 1867//400
f 1867//400 1866//400 1868//400
f 1867//303 1868//303 1869//303
f 1869//303 1868//303 1870//303
f 1869//305 1870//305 1797//305
f 1797//304 1870//304 1798//304
f 1871//250 1872//250 1873//250
f 1873//64 1872//64 1874//64
f 1873//251 1874//251 1875//251
f 1875//251 1874//251 1876//251
f 1875//394 1876//394 1877//394
f 1877//395 1876//395 1878//395
f 1877//254 1878//254 1879//254
f 1879//254 1878//254 1880//254
f 1879//319 1880//319 1881//319
f 1881//256 1880//256 1882//256
f 1881//257 1882//257 1883//257
f 1883//257 1882//257 1884//257
f 1883//259 1884//259 1885//259
f 1885//258 1884//258 1886//258
f 1885//260 1886//260 1887//260
f 1887//260 1886//260 1888//260
f 1887//261 1888//261 1889//261
f 1889//261 1888//261 1890//261
f 1889//262 1890//262 1891//262
f 1891//309 1890//309 1892//309
f 1891//264 1892//264 1893//264
f 1893//264 1892//264 1894//264
f 1893//405 1894//405 1895//405
f 1895//404 1894//404 1896//404
f 1895//266 1896//266 1897//266
f 1897//266 1896//266 1898//266
f 1897//269 1898//269 1899//269
f 1899//269 1898//269 1900//269
f 1899//271 1900//271 1901//271
f 1901//270 1900//270 1902//270
f 1901//272 1902//272 1903//272
f 1903//273 1902//273 1904//273
f 1903//396 1904//396 1905//396
f 1905//311 1904//311 1906//311
f 1905//29 1906//29 1907//29
f 1907//29 1906//29 1908//29
f 1907//31 1908//31 1909//31
f 1909//31 1908//31 1910//31
f 1909//33 1910//33 1911//33
f 1911//276 1910//276 1912//276
f 1911//278 1912//278 1913//278
f 1913//278 1912//278 1914//278
f 1913//280 1914//280 1915//280
f 1915//280 1914//280 1916//280
f 1915//282 1916//282 1917//282
f 1917//281 1916//281 1918//281
f 1917//283 1918//283 1919//283
f 1919//283 1918//283 1920//283
f 1919//314 1920//314 1921//314
f 1921//284 1920//284 1922//284
f 1921//286 1922//286 1923//286
f 1923//324 1922//324 1924//324
f 1923//287 1924//287 1925//287
f 1925//288 1924//288 1926//288
f 1925//290 1926//290 1927//290
f 1927//289 1926//289 1928//289
f 1927//292 1928//292 1929//292
f 1929//408 1928//408 1930//408
f 1929//293 1930//293 1931//293
f 1931//293 1930//293 1932//293
f 1931//295 1932//295 1933//295
f 1933//295 1932//295 1934//295
f 1933//316 1934//316 1935//316
f 1935//316 1934//316 1936//316
f 1935//298 1936//298 1937//298
f 1937//326 1936//326 1938//326
f 1937//407 1938//407 1939//407
f 1939//300 1938//300 1940//300
f 1939//400 1940//400 1941//400
f 1941//399 1940//399 1942//399
f 1941//303 1942//303 1943//303
f 1943//303 1942//303 1944//303
f 1943//304 1944//304 1871//304
f 1871//305 1944//305 1872//305
f 1945//409 375//409 385//409
f 1945//410 385//410 1946//410
f 1946//411 385//411 384//411
f 1946//412 384//412 1947//412
f 1947//413 384//413 383//413
f 1947//414 383//414 1948//414
f 1948//415 383//415 382//415
f 1948//416 382//416 1949//416
f 1949//417 382//417 381//417
f 1949//417 381//417 1950//417
f 1950//418 381//418 386//418
f 1950//419 386//419 1951//419
f 1951//420 386//420 387//420
f 1951//421 387//421 1952//421
f 1952//422 387//422 388//422
f 1952//423 388//423 1953//423
f 1953//424 388//424 389//424
f 1953//425 389//425 1954//425
f 1954//426 389//426 390//426
f 1954//427 390//427 1955//427
f 1956//428 1957//428 376//428
f 1957//428 1958//428 376//428
f 376//428 1958//428 1959//428
f 376//429 1959//429 1960//429
f 1945//429 1961//429 375//429
f 375//430 1961//430 1962//430
f 375//428 1962//428 1963//428
f 1963//428 1964//428 375//428
f 375//428 1964//428 1965//428
f 375//428 1965//428 376//428
f 376//428 1965//428 1966//428
f 376//429 1966//429 1956//429
f 1967//431 1968//431 1969//431
f 1967//432 1969//432 1970//432
f 1970//433 1969//433 1971//433
f 1970//434 1971//434 1972//434
f 1972//435 1971//435 1973//435
f 1972//436 1973//436 1974//436
f 1974//437 1973//437 1975//437
f 1974//438 1975//438 1976//438
f 1976//439 1975//439 1977//439
f 1976//440 1977//440 1978//440
f 1978//441 1977//441 1979//441
f 1978//442 1979//442 1980//442
f 1980//443 1979//443 1981//443
f 1980//444 1981//444 1982//444
f 1982//445 1981//445 1983//445
f 1982//446 1983//446 1984//446
f 1984//447 1983//447 1985//447
f 1984//448 1985//448 1986//448
f 1986//449 1985//449 376//449
f 1986//450 376//450 1960//450
f 1987//451 1955//451 390//451
f 1987//451 390//451 1988//451
f 1988//452 390//452 1989//452
f 1988//451 1989//451 1990//451
f 1991//223 1992//223 1993//223
f 243//223 242//223 1994//223
f 350//223 352//223 1995//223
f 362//223 1996//223 1997//223
f 356//223 358//223 1997//223
f 1997//223 358//223 360//223
f 1997//223 360//223 362//223
f 1995//223 352//223 1997//223
f 1997//223 352//223 354//223
f 1997//223 354//223 356//223
f 344//223 346//223 1995//223
f 1995//223 346//223 348//223
f 1995//223 348//223 350//223
f 314//223 316//223 318//223
f 314//223 318//223 312//223
f 1998//223 1555//223 1999//223
f 1999//223 1555//223 1557//223
f 1999//223 1557//223 1559//223
f 1559//223 1561//223 1999//223
f 1999//223 1561//223 1563//223
f 1999//223 1563//223 1565//223
f 1565//223 1567//223 1999//223
f 1999//223 1567//223 1569//223
f 1999//223 1569//223 1571//223
f 1571//223 1573//223 1999//223
f 1999//223 1573//223 1501//223
f 1999//223 1501//223 310//223
f 310//223 1501//223 1503//223
f 310//223 1503//223 1505//223
f 1505//223 1507//223 310//223
f 310//223 1507//223 1509//223
f 310//223 1509//223 1511//223
f 1529//223 377//223 1527//223
f 1527//223 377//223 1525//223
f 1549//223 1551//223 1998//223
f 1998//223 1551//223 1553//223
f 1998//223 1553//223 1555//223
f 304//223 1517//223 302//223
f 302//223 1517//223 1519//223
f 302//223 1519//223 300//223
f 1511//223 1513//223 310//223
f 310//223 1513//223 1515//223
f 310//223 1515//223 308//223
f 308//223 1515//223 1517//223
f 308//223 1517//223 306//223
f 306//223 1517//223 304//223
f 300//223 1519//223 297//223
f 297//223 1519//223 1521//223
f 297//223 1521//223 377//223
f 377//223 1521//223 1523//223
f 377//223 1523//223 1525//223
f 1529//223 1531//223 377//223
f 377//223 1531//223 1533//223
f 377//223 1533//223 1535//223
f 1537//223 1539//223 1998//223
f 1998//223 1539//223 1541//223
f 1998//223 1541//223 1543//223
f 1543//223 1545//223 1998//223
f 1998//223 1545//223 1547//223
f 1998//223 1547//223 1549//223
f 1927//223 2000//223 1925//223
f 1925//223 2000//223 2001//223
f 1927//223 1929//223 2000//223
f 2000//223 1929//223 1931//223
f 2000//223 1931//223 1933//223
f 1933//223 1935//223 2000//223
f 2000//223 1935//223 1937//223
f 2000//223 1937//223 1939//223
f 1919//223 1921//223 2001//223
f 2001//223 1921//223 1923//223
f 2001//223 1923//223 1925//223
f 1939//223 1941//223 2000//223
f 2000//223 1941//223 1943//223
f 2000//223 1943//223 1871//223
f 1873//223 1875//223 378//223
f 378//223 1875//223 1877//223
f 1877//223 1879//223 378//223
f 378//223 1879//223 1881//223
f 378//223 1881//223 1883//223
f 1911//223 1913//223 2001//223
f 2002//223 2003//223 1895//223
f 1897//223 1899//223 2004//223
f 2004//223 1899//223 1901//223
f 2004//223 1901//223 1903//223
f 1913//223 1915//223 2001//223
f 2001//223 1915//223 1917//223
f 2001//223 1917//223 1919//223
f 1883//223 1885//223 378//223
f 378//223 1885//223 1887//223
f 378//223 1887//223 380//223
f 380//223 1887//223 1889//223
f 380//223 1889//223 2005//223
f 2005//223 1889//223 1891//223
f 2006//223 2007//223 1893//223
f 1893//223 2007//223 2008//223
f 1893//223 2008//223 1891//223
f 1891//223 2008//223 2009//223
f 1891//223 2009//223 2005//223
f 1895//223 2003//223 1893//223
f 1893//223 2003//223 2010//223
f 1893//223 2010//223 2006//223
f 1903//223 1905//223 2004//223
f 2004//223 1905//223 1907//223
f 2004//223 1907//223 2001//223
f 2001//223 1907//223 1909//223
f 2001//223 1909//223 1911//223
f 1897//223 2004//223 1895//223
f 1895//223 2004//223 2011//223
f 1895//223 2011//223 2002//223
f 837//223 839//223 1994//223
f 891//223 893//223 2012//223
f 2012//453 893//453 895//453
f 839//223 841//223 1994//223
f 1994//223 841//223 843//223
f 1994//223 843//223 845//223
f 837//223 1994//223 835//223
f 835//223 1994//223 2012//223
f 835//223 2012//223 907//223
f 853//223 855//223 2013//223
f 2014//223 887//223 889//223
f 2013//223 861//223 863//223
f 895//223 897//223 2012//223
f 2012//223 897//223 899//223
f 2012//223 899//223 901//223
f 855//223 857//223 2013//223
f 2013//223 857//223 859//223
f 2013//223 859//223 861//223
f 901//223 903//223 2012//223
f 2012//223 903//223 905//223
f 2012//223 905//223 907//223
f 845//223 847//223 1994//223
f 1994//223 847//223 849//223
f 1994//223 849//223 851//223
f 869//223 2015//223 867//223
f 867//223 2015//223 2013//223
f 867//223 2013//223 865//223
f 865//223 2013//223 863//223
f 2014//223 879//223 881//223
f 881//223 883//223 2014//223
f 2014//223 883//223 885//223
f 2014//223 885//223 887//223
f 869//223 871//223 2015//223
f 2015//223 871//223 873//223
f 2015//223 873//223 2016//223
f 2016//223 873//223 875//223
f 879//223 2014//223 877//223
f 877//223 2014//223 2017//223
f 877//223 2017//223 875//223
f 875//223 2017//223 2018//223
f 875//223 2018//223 2016//223
f 2019//223 2020//223 2012//223
f 2012//223 2020//223 2021//223
f 889//223 891//223 2014//223
f 2014//223 891//223 2012//223
f 2014//223 2012//223 2022//223
f 2022//223 2012//223 2023//223
f 2021//223 2024//223 2012//223
f 2012//223 2024//223 2025//223
f 2012//223 2025//223 2023//223
f 264//223 263//223 2026//223
f 2026//223 263//223 262//223
f 2026//223 262//223 261//223
f 283//223 2027//223 284//223
f 284//223 2027//223 285//223
f 292//223 2028//223 293//223
f 293//223 2028//223 294//223
f 292//223 291//223 2028//223
f 2028//223 291//223 290//223
f 2028//223 290//223 289//223
f 283//223 282//223 2027//223
f 2027//223 282//223 281//223
f 2027//223 281//223 280//223
f 289//223 288//223 2028//223
f 2028//223 288//223 287//223
f 2028//223 287//223 2027//223
f 2027//223 287//223 286//223
f 2027//223 286//223 285//223
f 280//223 279//223 2027//223
f 2027//223 279//223 278//223
f 2027//223 278//223 2029//223
f 2029//223 278//223 277//223
f 2029//223 277//223 276//223
f 261//223 260//223 2026//223
f 2026//223 260//223 296//223
f 2026//223 296//223 2028//223
f 2028//223 296//223 295//223
f 2028//223 295//223 294//223
f 276//223 275//223 2029//223
f 2029//223 275//223 274//223
f 2029//223 274//223 2030//223
f 2030//223 274//223 273//223
f 2030//223 273//223 272//223
f 272//223 271//223 2030//223
f 2030//223 271//223 270//223
f 2030//223 270//223 269//223
f 2031//223 265//223 264//223
f 268//223 267//223 2031//223
f 2031//223 267//223 266//223
f 2031//223 266//223 265//223
f 228//223 227//223 1997//223
f 1997//223 227//223 226//223
f 259//223 2032//223 223//223
f 223//223 2032//223 1997//223
f 226//223 225//223 1997//223
f 1997//223 225//223 224//223
f 1997//223 224//223 223//223
f 2012//223 232//223 2019//223
f 2019//223 232//223 231//223
f 2019//223 231//223 1996//223
f 1996//223 231//223 230//223
f 1996//223 230//223 1997//223
f 1997//223 230//223 229//223
f 1997//223 229//223 228//223
f 238//223 237//223 2012//223
f 2012//223 237//223 236//223
f 2012//223 236//223 235//223
f 242//223 241//223 1994//223
f 1994//223 241//223 240//223
f 1994//223 240//223 2012//223
f 2012//223 240//223 239//223
f 2012//223 239//223 238//223
f 235//223 234//223 2012//223
f 2012//223 234//223 233//223
f 2012//223 233//223 232//223
f 252//223 251//223 2031//223
f 255//223 254//223 2031//223
f 2031//223 254//223 253//223
f 2031//223 253//223 252//223
f 251//223 250//223 2031//223
f 2031//223 250//223 2030//223
f 2031//223 2030//223 268//223
f 268//454 2030//454 269//454
f 250//223 249//223 2030//223
f 2030//223 249//223 248//223
f 2030//223 248//223 247//223
f 259//223 258//223 2032//223
f 2032//223 258//223 257//223
f 2032//223 257//223 2031//223
f 2031//223 257//223 256//223
f 2031//223 256//223 255//223
f 247//223 246//223 2030//223
f 2030//223 246//223 245//223
f 2030//223 245//223 244//223
f 323//223 2033//223 324//223
f 324//223 2033//223 2034//223
f 324//223 2034//223 325//223
f 325//223 2034//223 2035//223
f 325//223 2035//223 326//223
f 326//223 2035//223 2036//223
f 326//223 2036//223 327//223
f 327//223 2036//223 2037//223
f 327//223 2037//223 328//223
f 328//223 2037//223 2038//223
f 328//223 2038//223 329//223
f 329//223 2038//223 2039//223
f 329//223 2039//223 330//223
f 330//223 2039//223 1999//223
f 330//223 1999//223 318//223
f 318//223 1999//223 310//223
f 318//223 310//223 312//223
f 2040//223 322//223 2041//223
f 2041//223 322//223 321//223
f 2041//223 321//223 1995//223
f 1995//223 321//223 320//223
f 1995//223 320//223 344//223
f 2042//223 1481//223 2039//223
f 2039//223 1481//223 1483//223
f 2039//223 1483//223 1485//223
f 1485//223 1487//223 2039//223
f 2039//223 1487//223 1489//223
f 2039//223 1489//223 1491//223
f 1491//223 1493//223 2039//223
f 2039//223 1493//223 1495//223
f 2039//223 1495//223 1497//223
f 1429//223 1999//223 1427//223
f 1427//223 1999//223 2039//223
f 1427//223 2039//223 1499//223
f 1499//223 2039//223 1497//223
f 1429//223 1431//223 1999//223
f 1999//223 1431//223 1433//223
f 1999//223 1433//223 1435//223
f 1435//223 1437//223 1999//223
f 1999//223 1437//223 1439//223
f 1999//223 1439//223 1441//223
f 1449//223 1451//223 1998//223
f 1998//223 1451//223 1453//223
f 1998//223 1453//223 1455//223
f 1475//223 1477//223 2042//223
f 2042//223 1477//223 1479//223
f 2042//223 1479//223 1481//223
f 1441//223 1443//223 1999//223
f 1999//223 1443//223 1445//223
f 1999//223 1445//223 1998//223
f 1998//223 1445//223 1447//223
f 1998//223 1447//223 1449//223
f 1455//223 1457//223 1998//223
f 1998//223 1457//223 1459//223
f 1998//223 1459//223 1461//223
f 1463//223 1465//223 2042//223
f 2042//223 1465//223 1467//223
f 2042//223 1467//223 1469//223
f 1469//223 1471//223 2042//223
f 2042//223 1471//223 1473//223
f 2042//223 1473//223 1475//223
f 1407//223 1409//223 2038//223
f 2038//223 1409//223 1411//223
f 1411//223 1413//223 2038//223
f 2038//223 1413//223 1415//223
f 2038//223 1415//223 1417//223
f 1365//223 1367//223 2039//223
f 1367//223 1369//223 2039//223
f 2039//223 1369//223 1371//223
f 2039//223 1371//223 2042//223
f 2042//223 1371//223 1373//223
f 2042//223 1373//223 1375//223
f 1357//223 1359//223 2039//223
f 1417//223 1419//223 2038//223
f 2038//223 1419//223 1421//223
f 2038//223 1421//223 1423//223
f 1359//223 1361//223 2039//223
f 2039//223 1361//223 1363//223
f 2039//223 1363//223 1365//223
f 1375//223 1377//223 2042//223
f 2042//223 1377//223 1379//223
f 2042//223 1379//223 1381//223
f 1381//223 1383//223 2042//223
f 2042//223 1383//223 1385//223
f 2042//223 1385//223 1387//223
f 1391//223 1393//223 2043//223
f 1423//223 1425//223 2038//223
f 2038//223 1425//223 1353//223
f 2038//223 1353//223 2039//223
f 2039//223 1353//223 1355//223
f 2039//223 1355//223 1357//223
f 1391//223 2043//223 1389//223
f 1393//223 1395//223 2043//223
f 2043//223 1395//223 1397//223
f 2043//223 1397//223 1399//223
f 1399//223 1401//223 2043//223
f 2043//223 1401//223 1403//223
f 2043//223 1403//223 1405//223
f 1293//223 1295//223 2038//223
f 2037//223 1335//223 1337//223
f 1335//223 2037//223 1333//223
f 1333//223 2037//223 2044//223
f 1333//223 2044//223 1331//223
f 1337//223 1339//223 2037//223
f 2037//223 1339//223 1341//223
f 2037//223 1341//223 1343//223
f 1293//223 2038//223 1291//223
f 1295//223 1297//223 2038//223
f 2038//223 1297//223 2043//223
f 2038//223 2043//223 1407//223
f 1407//223 2043//223 1405//223
f 1283//223 1285//223 2038//223
f 1343//223 1345//223 2037//223
f 2037//223 1345//223 1347//223
f 2037//223 1347//223 1349//223
f 1285//223 1287//223 2038//223
f 2038//223 1287//223 1289//223
f 2038//223 1289//223 1291//223
f 1297//223 1299//223 2043//223
f 2043//223 1299//223 1301//223
f 2043//223 1301//223 1303//223
f 1303//223 1305//223 2043//223
f 2043//223 1305//223 1307//223
f 2043//223 1307//223 1309//223
f 1309//223 1311//223 2043//223
f 2043//223 1311//223 1313//223
f 2043//223 1313//223 1315//223
f 1317//223 1319//223 2044//223
f 1349//223 1351//223 2037//223
f 2037//223 1351//223 1279//223
f 2037//223 1279//223 2038//223
f 2038//223 1279//223 1281//223
f 2038//223 1281//223 1283//223
f 1319//223 1321//223 2044//223
f 2044//223 1321//223 1323//223
f 2044//223 1323//223 1325//223
f 1325//223 1327//223 2044//223
f 2044//223 1327//223 1329//223
f 2044//223 1329//223 1331//223
f 2036//223 1261//223 1263//223
f 1261//223 2036//223 1259//223
f 1259//223 2036//223 1991//223
f 1259//223 1991//223 1257//223
f 1263//223 1265//223 2036//223
f 2036//223 1265//223 1267//223
f 2036//223 1267//223 1269//223
f 1217//223 1219//223 2037//223
f 1219//223 1221//223 2037//223
f 2037//223 1221//223 1223//223
f 2037//223 1223//223 2044//223
f 2044//223 1223//223 1225//223
f 2044//223 1225//223 1227//223
f 1209//223 1211//223 2037//223
f 1269//223 1271//223 2036//223
f 2036//223 1271//223 1273//223
f 2036//223 1273//223 1275//223
f 1211//223 1213//223 2037//223
f 2037//223 1213//223 1215//223
f 2037//223 1215//223 1217//223
f 1227//223 1229//223 2044//223
f 2044//223 1229//223 1231//223
f 2044//223 1231//223 1233//223
f 1233//223 1235//223 2044//223
f 2044//223 1235//223 1237//223
f 2044//223 1237//223 1239//223
f 1243//223 1245//223 1991//223
f 1275//223 1277//223 2036//223
f 2036//223 1277//223 1205//223
f 2036//223 1205//223 2037//223
f 2037//223 1205//223 1207//223
f 2037//223 1207//223 1209//223
f 1243//223 1991//223 1241//223
f 1245//223 1247//223 1991//223
f 1991//223 1247//223 1249//223
f 1991//223 1249//223 1251//223
f 1251//223 1253//223 1991//223
f 1991//223 1253//223 1255//223
f 1991//223 1255//223 1257//223
f 2035//223 817//223 819//223
f 817//223 2035//223 815//223
f 815//223 2035//223 1992//223
f 815//223 1992//223 813//223
f 819//223 821//223 2035//223
f 2035//223 821//223 823//223
f 2035//223 823//223 825//223
f 773//223 775//223 2036//223
f 775//223 777//223 2036//223
f 2036//223 777//223 779//223
f 2036//223 779//223 1991//223
f 1991//223 779//223 781//223
f 1991//223 781//223 783//223
f 765//223 767//223 2036//223
f 825//223 827//223 2035//223
f 2035//223 827//223 829//223
f 2035//223 829//223 831//223
f 767//223 769//223 2036//223
f 2036//223 769//223 771//223
f 2036//223 771//223 773//223
f 783//223 785//223 1991//223
f 1991//223 785//223 787//223
f 1991//223 787//223 789//223
f 789//223 791//223 1991//223
f 1991//223 791//223 793//223
f 1991//223 793//223 795//223
f 831//223 833//223 2035//223
f 2035//223 833//223 761//223
f 2035//223 761//223 2036//223
f 2036//223 761//223 763//223
f 2036//223 763//223 765//223
f 803//223 805//223 1992//223
f 1992//223 805//223 807//223
f 795//223 797//223 1991//223
f 1991//223 797//223 799//223
f 1991//223 799//223 1992//223
f 1992//223 799//223 801//223
f 1992//223 801//223 803//223
f 807//223 809//223 1992//223
f 1992//223 809//223 811//223
f 1992//223 811//223 813//223
f 2028//223 739//223 741//223
f 1992//223 709//223 711//223
f 711//223 713//223 1992//223
f 1992//223 713//223 715//223
f 1992//223 715//223 717//223
f 745//223 747//223 2034//223
f 2034//223 747//223 749//223
f 2034//223 749//223 751//223
f 2028//223 741//223 2034//223
f 2034//223 741//223 743//223
f 2034//223 743//223 745//223
f 2035//223 699//223 701//223
f 717//223 719//223 1992//223
f 1992//223 719//223 721//223
f 1992//223 721//223 723//223
f 723//223 725//223 2028//223
f 2028//223 725//223 727//223
f 733//223 735//223 2028//223
f 2028//223 735//223 737//223
f 2028//223 737//223 739//223
f 691//223 693//223 2035//223
f 701//223 703//223 2035//223
f 2035//223 703//223 705//223
f 2035//223 705//223 1992//223
f 1992//223 705//223 707//223
f 1992//223 707//223 709//223
f 727//223 729//223 2028//223
f 2028//223 729//223 731//223
f 2028//223 731//223 733//223
f 751//223 753//223 2034//223
f 2034//223 753//223 755//223
f 2034//223 755//223 757//223
f 757//223 759//223 2034//223
f 2034//223 759//223 687//223
f 2034//223 687//223 2035//223
f 2035//223 687//223 689//223
f 2035//223 689//223 691//223
f 693//223 695//223 2035//223
f 2035//223 695//223 697//223
f 2035//223 697//223 699//223
f 2026//223 591//223 593//223
f 565//223 2028//223 563//223
f 563//223 2028//223 561//223
f 597//223 599//223 2033//223
f 2033//223 599//223 601//223
f 2033//223 601//223 603//223
f 2026//223 593//223 2033//223
f 2033//223 593//223 595//223
f 2033//223 595//223 597//223
f 2034//223 551//223 553//223
f 565//223 567//223 2028//223
f 2028//223 567//223 569//223
f 2028//223 569//223 571//223
f 571//223 573//223 2028//223
f 2028//223 573//223 575//223
f 2028//223 575//223 2026//223
f 2026//223 575//223 577//223
f 2026//223 577//223 579//223
f 585//223 587//223 2026//223
f 2026//223 587//223 589//223
f 2026//223 589//223 591//223
f 543//223 545//223 2034//223
f 553//223 555//223 2034//223
f 2034//223 555//223 557//223
f 2034//223 557//223 2028//223
f 2028//223 557//223 559//223
f 2028//223 559//223 561//223
f 579//223 581//223 2026//223
f 2026//223 581//223 583//223
f 2026//223 583//223 585//223
f 603//223 605//223 2033//223
f 2033//223 605//223 607//223
f 2033//223 607//223 609//223
f 609//223 611//223 2033//223
f 2033//223 611//223 539//223
f 2033//223 539//223 2034//223
f 2034//223 539//223 541//223
f 2034//223 541//223 543//223
f 545//223 547//223 2034//223
f 2034//223 547//223 549//223
f 2034//223 549//223 551//223
f 264//223 2026//223 2031//223
f 2031//223 2026//223 2033//223
f 2031//223 2033//223 2040//223
f 2040//223 2033//223 323//223
f 2040//223 323//223 322//223
f 521//223 2041//223 519//223
f 519//223 2041//223 2032//223
f 519//223 2032//223 517//223
f 473//223 475//223 2040//223
f 2040//223 475//223 477//223
f 2040//223 477//223 479//223
f 507//223 509//223 2032//223
f 2032//223 509//223 511//223
f 511//223 513//223 2032//223
f 2032//223 513//223 515//223
f 2032//223 515//223 517//223
f 521//223 523//223 2041//223
f 2041//223 523//223 525//223
f 2041//223 525//223 527//223
f 467//223 469//223 2040//223
f 2040//223 469//223 471//223
f 2040//223 471//223 473//223
f 479//223 481//223 2040//223
f 2040//223 481//223 483//223
f 2040//223 483//223 2031//223
f 2031//453 483//453 485//453
f 2031//223 485//223 487//223
f 499//223 501//223 2031//223
f 2031//223 501//223 503//223
f 2031//223 503//223 2032//223
f 2032//223 503//223 505//223
f 2032//223 505//223 507//223
f 527//223 529//223 2041//223
f 2041//223 529//223 531//223
f 2041//223 531//223 533//223
f 533//223 535//223 2041//223
f 2041//223 535//223 537//223
f 2041//223 537//223 2040//223
f 2040//223 537//223 465//223
f 2040//223 465//223 467//223
f 487//453 489//453 2031//453
f 2031//223 489//223 491//223
f 2031//223 491//223 493//223
f 493//223 495//223 2031//223
f 2031//223 495//223 497//223
f 2031//223 497//223 499//223
f 463//223 391//223 1995//223
f 395//223 397//223 2041//223
f 2041//223 397//223 399//223
f 451//223 453//223 1995//223
f 1995//223 453//223 455//223
f 1995//223 455//223 457//223
f 1995//223 391//223 2041//223
f 2041//223 391//223 393//223
f 2041//223 393//223 395//223
f 399//223 401//223 2041//223
f 2041//223 401//223 403//223
f 2041//223 403//223 405//223
f 457//223 459//223 1995//223
f 1995//223 459//223 461//223
f 1995//223 461//223 463//223
f 415//223 417//223 2032//223
f 431//223 433//223 1997//223
f 1997//223 433//223 435//223
f 1997//223 435//223 437//223
f 443//223 445//223 1997//223
f 1997//454 445//454 447//454
f 1997//223 447//223 1995//223
f 1995//223 447//223 449//223
f 1995//223 449//223 451//223
f 415//223 2032//223 413//223
f 437//223 439//223 1997//223
f 1997//223 439//223 441//223
f 1997//223 441//223 443//223
f 405//223 407//223 2041//223
f 2041//223 407//223 409//223
f 2041//223 409//223 2032//223
f 2032//223 409//223 411//223
f 2032//223 411//223 413//223
f 417//223 419//223 2032//223
f 2032//223 419//223 421//223
f 2032//223 421//223 423//223
f 423//223 425//223 2032//223
f 2032//223 425//223 427//223
f 2032//223 427//223 1997//223
f 1997//223 427//223 429//223
f 1997//223 429//223 431//223
f 377//223 2000//223 378//223
f 378//223 2000//223 1871//223
f 378//223 1871//223 1873//223
f 1851//223 1853//223 2045//223
f 2045//223 1853//223 1855//223
f 2045//223 1855//223 1857//223
f 1857//223 1859//223 2045//223
f 2045//223 1859//223 1861//223
f 2045//223 1861//223 1863//223
f 1849//223 2046//223 1847//223
f 1847//223 2046//223 1845//223
f 1863//223 1865//223 2045//223
f 2045//223 1865//223 1867//223
f 2045//223 1867//223 1869//223
f 2000//223 1797//223 1799//223
f 1799//223 1801//223 2000//223
f 2000//223 1801//223 1803//223
f 2000//223 1803//223 1805//223
f 1837//223 1839//223 2046//223
f 1535//223 1537//223 377//223
f 377//223 1537//223 1998//223
f 377//223 1998//223 2000//223
f 2000//223 1998//223 2045//223
f 2000//223 2045//223 1797//223
f 1797//223 2045//223 1869//223
f 1805//223 1807//223 2000//223
f 2000//223 1807//223 1809//223
f 2000//223 1809//223 1811//223
f 1819//223 1821//223 2001//223
f 2001//223 1821//223 1823//223
f 1823//223 1825//223 2001//223
f 2001//223 1825//223 1827//223
f 2001//223 1827//223 1829//223
f 1839//223 1841//223 2046//223
f 2046//223 1841//223 1843//223
f 2046//223 1843//223 1845//223
f 1811//223 1813//223 2000//223
f 2000//223 1813//223 1815//223
f 2000//223 1815//223 2001//223
f 2001//223 1815//223 1817//223
f 2001//223 1817//223 1819//223
f 1829//223 1831//223 2001//223
f 2001//223 1831//223 1833//223
f 2001//223 1833//223 2046//223
f 2046//223 1833//223 1835//223
f 2046//223 1835//223 1837//223
f 1777//223 1779//223 2047//223
f 2047//223 1779//223 1781//223
f 2047//223 1781//223 1783//223
f 2046//223 1759//223 2048//223
f 2048//223 1759//223 1761//223
f 2048//223 1761//223 1763//223
f 1763//223 1765//223 2048//223
f 2048//223 1765//223 1767//223
f 2048//223 1767//223 1769//223
f 1769//223 1771//223 2048//223
f 2048//223 1771//223 1773//223
f 2048//223 1773//223 1775//223
f 1783//223 1785//223 2047//223
f 2047//223 1785//223 1787//223
f 2047//223 1787//223 1789//223
f 1789//223 1791//223 2047//223
f 2047//223 1791//223 1793//223
f 2047//223 1793//223 1795//223
f 1727//223 2045//223 1725//223
f 1725//223 2045//223 1723//223
f 1739//223 1741//223 2045//223
f 2045//223 1741//223 2046//223
f 2045//223 2046//223 1851//223
f 1851//223 2046//223 1849//223
f 1461//223 1463//223 1998//223
f 1998//223 1463//223 2042//223
f 1998//223 2042//223 2045//223
f 2045//223 2042//223 2047//223
f 2045//223 2047//223 1723//223
f 1723//223 2047//223 1795//223
f 1727//223 1729//223 2045//223
f 2045//223 1729//223 1731//223
f 2045//223 1731//223 1733//223
f 1733//223 1735//223 2045//223
f 2045//223 1735//223 1737//223
f 2045//223 1737//223 1739//223
f 1741//223 1743//223 2046//223
f 2046//223 1743//223 1745//223
f 2046//223 1745//223 1747//223
f 1747//223 1749//223 2046//223
f 2046//223 1749//223 1751//223
f 2046//223 1751//223 1753//223
f 1753//223 1755//223 2046//223
f 2046//223 1755//223 1757//223
f 2046//223 1757//223 1759//223
f 1703//223 1705//223 2049//223
f 2049//223 1705//223 1707//223
f 2049//223 1707//223 1709//223
f 2048//223 1685//223 2050//223
f 2050//223 1685//223 1687//223
f 2050//223 1687//223 1689//223
f 1689//223 1691//223 2050//223
f 2050//223 1691//223 1693//223
f 2050//223 1693//223 1695//223
f 1695//223 1697//223 2050//223
f 2050//223 1697//223 1699//223
f 2050//223 1699//223 1701//223
f 1709//223 1711//223 2049//223
f 2049//223 1711//223 1713//223
f 2049//223 1713//223 1715//223
f 1715//223 1717//223 2049//223
f 2049//223 1717//223 1719//223
f 2049//223 1719//223 1721//223
f 1653//223 2047//223 1651//223
f 1651//223 2047//223 1649//223
f 1665//223 1667//223 2047//223
f 2047//223 1667//223 2048//223
f 2047//223 2048//223 1777//223
f 1777//223 2048//223 1775//223
f 1387//223 1389//223 2042//223
f 2042//223 1389//223 2043//223
f 2042//223 2043//223 2047//223
f 2047//223 2043//223 2049//223
f 2047//223 2049//223 1649//223
f 1649//223 2049//223 1721//223
f 1653//223 1655//223 2047//223
f 2047//223 1655//223 1657//223
f 2047//223 1657//223 1659//223
f 1659//223 1661//223 2047//223
f 2047//223 1661//223 1663//223
f 2047//223 1663//223 1665//223
f 1667//223 1669//223 2048//223
f 2048//223 1669//223 1671//223
f 2048//223 1671//223 1673//223
f 1673//223 1675//223 2048//223
f 2048//223 1675//223 1677//223
f 2048//223 1677//223 1679//223
f 1679//223 1681//223 2048//223
f 2048//223 1681//223 1683//223
f 2048//223 1683//223 1685//223
f 1629//223 1631//223 2051//223
f 2051//223 1631//223 1633//223
f 2051//223 1633//223 1635//223
f 2050//223 1611//223 2052//223
f 2052//223 1611//223 1613//223
f 2052//223 1613//223 1615//223
f 1615//223 1617//223 2052//223
f 2052//223 1617//223 1619//223
f 2052//223 1619//223 1621//223
f 1621//223 1623//223 2052//223
f 2052//223 1623//223 1625//223
f 2052//223 1625//223 1627//223
f 1635//223 1637//223 2051//223
f 2051//223 1637//223 1639//223
f 2051//223 1639//223 1641//223
f 1641//223 1643//223 2051//223
f 2051//223 1643//223 1645//223
f 2051//223 1645//223 1647//223
f 1579//223 2049//223 1577//223
f 1577//223 2049//223 1575//223
f 1591//223 1593//223 2049//223
f 2049//223 1593//223 2050//223
f 2049//223 2050//223 1703//223
f 1703//223 2050//223 1701//223
f 1315//223 1317//223 2043//223
f 2043//223 1317//223 2044//223
f 2043//223 2044//223 2049//223
f 2049//223 2044//223 2051//223
f 2049//223 2051//223 1575//223
f 1575//223 2051//223 1647//223
f 1579//223 1581//223 2049//223
f 2049//223 1581//223 1583//223
f 2049//223 1583//223 1585//223
f 1585//223 1587//223 2049//223
f 2049//223 1587//223 1589//223
f 2049//223 1589//223 1591//223
f 1593//223 1595//223 2050//223
f 2050//223 1595//223 1597//223
f 2050//223 1597//223 1599//223
f 1599//223 1601//223 2050//223
f 2050//223 1601//223 1603//223
f 2050//223 1603//223 1605//223
f 1605//223 1607//223 2050//223
f 2050//223 1607//223 1609//223
f 2050//223 1609//223 1611//223
f 1993//223 1189//223 1191//223
f 2052//223 1167//223 2053//223
f 2053//223 1167//223 1169//223
f 1169//223 1171//223 2053//223
f 2053//223 1171//223 1173//223
f 2053//223 1173//223 1175//223
f 1175//223 1177//223 2053//223
f 2053//223 1177//223 1179//223
f 2053//223 1179//223 1181//223
f 1181//223 1183//223 2053//223
f 2053//223 1183//223 1185//223
f 2053//223 1185//223 1993//223
f 1993//223 1185//223 1187//223
f 1993//223 1187//223 1189//223
f 1191//223 1193//223 1993//223
f 1993//223 1193//223 1195//223
f 1993//223 1195//223 1197//223
f 1197//223 1199//223 1993//223
f 1993//223 1199//223 1201//223
f 1993//223 1201//223 1203//223
f 1135//223 2051//223 1133//223
f 1133//223 2051//223 1131//223
f 1147//223 1149//223 2051//223
f 2051//223 1149//223 2052//223
f 2051//223 2052//223 1629//223
f 1629//223 2052//223 1627//223
f 1239//223 1241//223 2044//223
f 2044//223 1241//223 1991//223
f 2044//223 1991//223 2051//223
f 2051//223 1991//223 1993//223
f 2051//223 1993//223 1131//223
f 1131//223 1993//223 1203//223
f 1135//223 1137//223 2051//223
f 2051//223 1137//223 1139//223
f 2051//223 1139//223 1141//223
f 1141//223 1143//223 2051//223
f 2051//223 1143//223 1145//223
f 2051//223 1145//223 1147//223
f 1149//223 1151//223 2052//223
f 2052//223 1151//223 1153//223
f 2052//223 1153//223 1155//223
f 1155//223 1157//223 2052//223
f 2052//223 1157//223 1159//223
f 2052//223 1159//223 1161//223
f 1161//223 1163//223 2052//223
f 2052//223 1163//223 1165//223
f 2052//223 1165//223 1167//223
f 1113//223 2027//223 1111//223
f 1111//223 2027//223 2054//223
f 1111//223 2054//223 1109//223
f 1113//223 1115//223 2027//223
f 2027//223 1115//223 1117//223
f 2027//223 1117//223 1119//223
f 1119//223 1121//223 2027//223
f 2027//223 1121//223 1123//223
f 2027//223 1123//223 1125//223
f 1061//223 1063//223 1993//223
f 1083//223 2053//223 1081//223
f 1081//223 2053//223 1079//223
f 1061//223 1993//223 1059//223
f 1993//223 1069//223 1071//223
f 1083//223 1085//223 2053//223
f 2053//223 1085//223 1087//223
f 2053//223 1087//223 1089//223
f 1089//223 1091//223 2053//223
f 2053//223 1091//223 1093//223
f 2053//223 1093//223 2054//223
f 2054//223 1093//223 1095//223
f 2054//223 1095//223 1097//223
f 1103//223 1105//223 2054//223
f 2054//223 1105//223 1107//223
f 2054//223 1107//223 1109//223
f 1063//223 1065//223 1993//223
f 1993//223 1065//223 1067//223
f 1993//223 1067//223 1069//223
f 1071//223 1073//223 1993//223
f 1993//223 1073//223 1075//223
f 1993//223 1075//223 2053//223
f 2053//223 1075//223 1077//223
f 2053//223 1077//223 1079//223
f 1097//223 1099//223 2054//223
f 2054//223 1099//223 1101//223
f 2054//223 1101//223 1103//223
f 1125//223 1127//223 2027//223
f 2027//223 1127//223 1129//223
f 2027//223 1129//223 1057//223
f 723//223 2028//223 1992//223
f 1992//223 2028//223 2027//223
f 1992//223 2027//223 1993//223
f 1993//223 2027//223 1057//223
f 1993//223 1057//223 1059//223
f 1037//223 1039//223 2029//223
f 2029//223 1039//223 1041//223
f 1041//223 1043//223 2029//223
f 2029//223 1043//223 1045//223
f 2029//223 1045//223 1047//223
f 987//223 989//223 2027//223
f 1047//223 1049//223 2029//223
f 2029//223 1049//223 1051//223
f 2029//223 1051//223 1053//223
f 1009//223 2054//223 1007//223
f 1007//223 2054//223 1005//223
f 2027//223 995//223 997//223
f 1009//223 1011//223 2054//223
f 2054//223 1011//223 1013//223
f 2054//223 1013//223 1015//223
f 1015//223 1017//223 2054//223
f 2054//223 1017//223 1019//223
f 2054//223 1019//223 2055//223
f 2055//223 1019//223 1021//223
f 2055//223 1021//223 1023//223
f 1029//223 1031//223 2055//223
f 2055//223 1031//223 1033//223
f 2055//223 1033//223 1035//223
f 989//223 991//223 2027//223
f 2027//223 991//223 993//223
f 2027//223 993//223 995//223
f 997//223 999//223 2027//223
f 2027//223 999//223 1001//223
f 2027//223 1001//223 2054//223
f 2054//223 1001//223 1003//223
f 2054//223 1003//223 1005//223
f 1023//223 1025//223 2055//223
f 2055//223 1025//223 1027//223
f 2055//223 1027//223 1029//223
f 1053//223 1055//223 2029//223
f 2029//223 1055//223 983//223
f 2029//223 983//223 2027//223
f 2027//223 983//223 985//223
f 2027//223 985//223 987//223
f 913//223 2030//223 911//223
f 911//223 2030//223 909//223
f 957//223 959//223 2013//223
f 2013//223 959//223 961//223
f 961//223 963//223 2013//223
f 2013//223 963//223 1994//223
f 2013//223 1994//223 853//223
f 853//223 1994//223 851//223
f 963//223 965//223 1994//223
f 1994//223 965//223 967//223
f 1994//223 967//223 969//223
f 244//223 243//223 2030//223
f 2030//223 243//223 1994//223
f 2030//223 1994//223 909//223
f 909//223 1994//223 981//223
f 913//223 915//223 2030//223
f 2030//223 915//223 917//223
f 2030//223 917//223 919//223
f 969//223 971//223 1994//223
f 1994//223 971//223 973//223
f 1994//223 973//223 975//223
f 975//223 977//223 1994//223
f 1994//223 977//223 979//223
f 1994//223 979//223 981//223
f 927//455 929//455 2056//455
f 919//223 921//223 2030//223
f 2030//223 921//223 923//223
f 2030//223 923//223 925//223
f 925//223 927//223 2030//223
f 2030//223 927//223 2056//223
f 2030//223 2056//223 2029//223
f 2029//223 2056//223 2055//223
f 2029//223 2055//223 1037//223
f 1037//223 2055//223 1035//223
f 929//223 931//223 2056//223
f 2056//223 931//223 933//223
f 2056//223 933//223 935//223
f 2056//223 941//223 943//223
f 951//223 953//223 2013//223
f 2013//223 953//223 955//223
f 2013//223 955//223 957//223
f 935//223 937//223 2056//223
f 2056//223 937//223 939//223
f 2056//223 939//223 941//223
f 943//223 945//223 2056//223
f 2056//223 945//223 947//223
f 2056//223 947//223 2013//223
f 2013//223 947//223 949//223
f 2013//223 949//223 951//223
f 2004//456 2001//456 2057//456
f 2057//457 2001//457 2046//457
f 2057//458 2046//458 2048//458
f 2048//456 2050//456 2057//456
f 2057//456 2050//456 2052//456
f 2057//456 2052//456 2058//456
f 2052//456 2053//456 2058//456
f 2058//456 2053//456 2054//456
f 2058//456 2054//456 2055//456
f 2055//456 2056//456 2058//456
f 2058//456 2056//456 2013//456
f 2058//458 2013//458 2015//458
f 1996//459 362//459 361//459
f 1996//459 361//459 2019//459
f 2019//459 361//459 2059//459
f 2019//459 2059//459 2020//459
f 2060//460 2061//460 2062//460
f 2060//460 2062//460 2063//460
f 2063//461 2062//461 1968//461
f 2063//460 1968//460 1967//460
f 374//462 376//462 1985//462
f 374//463 1985//463 372//463
f 372//464 1985//464 1983//464
f 372//465 1983//465 370//465
f 370//466 1983//466 1981//466
f 370//467 1981//467 371//467
f 371//468 1981//468 1979//468
f 371//468 1979//468 373//468
f 339//469 334//469 351//469
f 373//470 1979//470 364//470
f 364//471 1979//471 1977//471
f 364//472 1977//472 334//472
f 351//473 349//473 339//473
f 339//468 349//468 347//468
f 339//468 347//468 340//468
f 340//467 347//467 345//467
f 340//466 345//466 342//466
f 342//465 345//465 343//465
f 342//464 343//464 341//464
f 341//463 343//463 319//463
f 341//462 319//462 332//462
f 334//474 1977//474 351//474
f 351//475 1977//475 1975//475
f 351//476 1975//476 353//476
f 353//477 1975//477 1973//477
f 353//477 1973//477 355//477
f 355//478 1973//478 1971//478
f 355//479 1971//479 357//479
f 357//480 1971//480 1969//480
f 357//480 1969//480 359//480
f 359//481 1969//481 1968//481
f 359//481 1968//481 361//481
f 2004//482 2057//482 2064//482
f 2004//483 2064//483 2011//483
f 2011//484 2064//484 2065//484
f 2011//485 2065//485 2002//485
f 2002//486 2065//486 2066//486
f 2002//487 2066//487 2003//487
f 2003//488 2066//488 2067//488
f 2003//489 2067//489 2010//489
f 2010//490 2067//490 2068//490
f 2010//491 2068//491 2006//491
f 2006//492 2068//492 2069//492
f 2006//493 2069//493 2007//493
f 2007//494 2069//494 2070//494
f 2007//495 2070//495 2008//495
f 2008//496 2070//496 2071//496
f 2008//497 2071//497 2009//497
f 2009//498 2071//498 2072//498
f 2009//499 2072//499 2005//499
f 2005//500 2072//500 379//500
f 2005//501 379//501 380//501
f 1989//502 390//502 379//502
f 379//502 390//502 298//502
f 928//82 2073//82 2074//82
f 2075//82 2076//82 2077//82
f 900//82 898//82 2060//82
f 2060//82 898//82 896//82
f 2060//82 896//82 2061//82
f 2076//82 2078//82 2077//82
f 2077//82 2078//82 2079//82
f 2077//82 2079//82 2080//82
f 2081//82 2082//82 2083//82
f 2081//82 2083//82 2084//82
f 1890//82 1888//82 1988//82
f 1988//82 1888//82 1886//82
f 1988//82 1886//82 1884//82
f 1932//82 1930//82 2085//82
f 2085//82 1930//82 1928//82
f 2085//82 1928//82 2086//82
f 2086//82 1928//82 1926//82
f 2086//82 1926//82 1924//82
f 1924//82 1922//82 2086//82
f 2086//82 1922//82 1920//82
f 2086//82 1920//82 1918//82
f 1894//82 2087//82 1896//82
f 1896//82 2087//82 2088//82
f 1896//82 2088//82 1898//82
f 1892//82 2089//82 1894//82
f 1894//82 2089//82 2090//82
f 1894//82 2090//82 2087//82
f 1988//82 1990//82 1890//82
f 1890//82 1990//82 2091//82
f 1890//82 2091//82 1892//82
f 1892//82 2091//82 2092//82
f 1892//82 2092//82 2089//82
f 1884//82 1882//82 1988//82
f 1988//82 1882//82 1880//82
f 1988//82 1880//82 1878//82
f 1878//82 1876//82 1988//82
f 1988//82 1876//82 1874//82
f 1988//82 1874//82 1872//82
f 1944//82 1942//82 2085//82
f 2085//82 1942//82 1940//82
f 2085//82 1940//82 1938//82
f 1938//82 1936//82 2085//82
f 2085//82 1936//82 1934//82
f 2085//82 1934//82 1932//82
f 1918//82 1916//82 2086//82
f 2086//82 1916//82 1914//82
f 2086//82 1914//82 1912//82
f 1904//82 1902//82 2088//82
f 2088//82 1902//82 1900//82
f 2088//82 1900//82 1898//82
f 1912//82 1910//82 2086//82
f 2086//82 1910//82 1908//82
f 2086//82 1908//82 2088//82
f 2088//82 1908//82 1906//82
f 2088//82 1906//82 1904//82
f 1510//82 1508//82 1945//82
f 1562//82 1560//82 1961//82
f 1961//82 1560//82 1558//82
f 1961//82 1558//82 2093//82
f 2093//82 1558//82 1556//82
f 1556//82 1554//82 2093//82
f 2093//82 1554//82 1552//82
f 2093//82 1552//82 1550//82
f 1528//82 1526//82 1987//82
f 1987//82 1526//82 1524//82
f 1987//82 1524//82 1955//82
f 1955//82 1524//82 1522//82
f 1955//82 1522//82 1954//82
f 1954//82 1522//82 1520//82
f 1954//82 1520//82 1953//82
f 1953//82 1520//82 1518//82
f 1953//82 1518//82 1952//82
f 1516//82 1950//82 1518//82
f 1518//82 1950//82 1951//82
f 1518//82 1951//82 1952//82
f 1947//82 1948//82 1516//82
f 1516//82 1948//82 1949//82
f 1516//82 1949//82 1950//82
f 1947//82 1516//82 1946//82
f 1946//82 1516//82 1514//82
f 1946//82 1514//82 1945//82
f 1945//82 1514//82 1512//82
f 1945//82 1512//82 1510//82
f 1508//82 1506//82 1945//82
f 1945//82 1506//82 1504//82
f 1945//82 1504//82 1961//82
f 1961//82 1504//82 1502//82
f 1961//82 1502//82 1574//82
f 1550//82 1548//82 2093//82
f 2093//82 1548//82 1546//82
f 2093//82 1546//82 1544//82
f 1538//82 1536//82 1987//82
f 1987//82 1536//82 1534//82
f 1574//82 1572//82 1961//82
f 1961//82 1572//82 1570//82
f 1961//82 1570//82 1568//82
f 1568//82 1566//82 1961//82
f 1961//82 1566//82 1564//82
f 1961//82 1564//82 1562//82
f 1534//82 1532//82 1987//82
f 1987//82 1532//82 1530//82
f 1987//82 1530//82 1528//82
f 1544//82 1542//82 2093//82
f 2093//82 1542//82 1540//82
f 2093//82 1540//82 1538//82
f 438//82 436//82 2094//82
f 2094//82 436//82 434//82
f 2094//82 434//82 432//82
f 424//82 422//82 2095//82
f 432//82 430//82 2094//82
f 2094//82 430//82 428//82
f 2094//82 428//82 2095//82
f 2095//82 428//82 426//82
f 2095//82 426//82 424//82
f 422//82 420//82 2095//82
f 2095//82 420//82 418//82
f 2095//82 418//82 416//82
f 462//82 1984//82 464//82
f 464//82 1984//82 1986//82
f 464//82 1986//82 392//82
f 392//82 1986//82 1960//82
f 392//82 1960//82 394//82
f 408//82 406//82 1959//82
f 1959//82 406//82 404//82
f 1959//82 404//82 402//82
f 416//82 414//82 2095//82
f 2095//82 414//82 412//82
f 2095//82 412//82 1959//82
f 1959//82 412//82 410//82
f 1959//82 410//82 408//82
f 402//82 400//82 1959//82
f 1959//82 400//82 398//82
f 1959//82 398//82 1960//82
f 1960//82 398//82 396//82
f 1960//82 396//82 394//82
f 462//82 460//82 1984//82
f 1984//82 460//82 458//82
f 1984//82 458//82 1982//82
f 2063//82 440//82 438//82
f 448//82 446//82 1967//82
f 1967//82 446//82 444//82
f 1967//82 444//82 2063//82
f 2063//82 444//82 442//82
f 2063//82 442//82 440//82
f 454//82 1976//82 456//82
f 456//82 1976//82 1978//82
f 456//82 1978//82 458//82
f 458//82 1978//82 1980//82
f 458//82 1980//82 1982//82
f 448//82 1967//82 450//82
f 450//82 1967//82 1970//82
f 450//82 1970//82 452//82
f 452//82 1970//82 1972//82
f 452//82 1972//82 454//82
f 454//82 1972//82 1974//82
f 454//82 1974//82 1976//82
f 878//82 876//82 2077//82
f 896//82 894//82 2061//82
f 2061//82 894//82 892//82
f 2061//82 892//82 2096//82
f 2096//82 892//82 890//82
f 2096//82 890//82 2097//82
f 2097//82 890//82 888//82
f 2097//82 888//82 2098//82
f 2098//82 888//82 886//82
f 2098//82 886//82 2099//82
f 2099//82 886//82 884//82
f 2099//82 884//82 2080//82
f 2080//82 884//82 882//82
f 2080//82 882//82 2077//82
f 2077//82 882//82 880//82
f 2077//82 880//82 878//82
f 868//82 866//82 2100//82
f 2100//82 866//82 864//82
f 2100//82 864//82 862//82
f 862//82 860//82 2100//82
f 2100//82 860//82 858//82
f 2100//82 858//82 856//82
f 876//82 874//82 2077//82
f 2077//82 874//82 872//82
f 2077//82 872//82 2100//82
f 2100//82 872//82 870//82
f 2100//82 870//82 868//82
f 2101//82 836//82 908//82
f 908//82 906//82 2101//82
f 2101//82 906//82 904//82
f 2101//82 904//82 902//82
f 856//82 854//82 2102//82
f 2102//82 854//82 852//82
f 2102//82 852//82 850//82
f 850//82 848//82 2102//82
f 2102//82 848//82 846//82
f 2102//82 846//82 844//82
f 844//82 842//82 2102//82
f 2102//82 842//82 840//82
f 2102//82 840//82 2101//82
f 2101//82 840//82 838//82
f 2101//82 838//82 836//82
f 686//82 685//82 2103//82
f 659//82 2104//82 660//82
f 660//82 2104//82 2105//82
f 659//82 658//82 2104//82
f 2104//82 658//82 657//82
f 2104//82 657//82 656//82
f 666//82 665//82 2105//82
f 2105//82 665//82 664//82
f 2105//82 664//82 663//82
f 663//82 662//82 2105//82
f 2105//82 662//82 661//82
f 2105//82 661//82 660//82
f 656//82 655//82 2104//82
f 2104//82 655//82 654//82
f 2104//82 654//82 653//82
f 673//82 672//82 2106//82
f 2106//82 672//82 671//82
f 2106//82 671//82 670//82
f 670//82 669//82 2106//82
f 2106//82 669//82 668//82
f 2106//82 668//82 2105//82
f 2105//82 668//82 667//82
f 2105//82 667//82 666//82
f 653//82 652//82 2104//82
f 2104//82 652//82 651//82
f 2104//82 651//82 2103//82
f 2103//82 651//82 650//82
f 2103//82 650//82 686//82
f 677//82 676//82 2073//82
f 677//82 2073//82 678//82
f 676//82 675//82 2073//82
f 2073//82 675//82 674//82
f 2073//82 674//82 673//82
f 685//82 684//82 2103//82
f 2103//82 684//82 683//82
f 2103//82 683//82 2107//82
f 2107//82 683//82 682//82
f 2107//82 682//82 681//82
f 681//82 680//82 2107//82
f 2107//82 680//82 679//82
f 2107//82 679//82 678//82
f 2094//82 647//82 646//82
f 639//82 638//82 2101//82
f 614//82 613//82 2095//82
f 2095//82 613//82 649//82
f 2095//82 649//82 2094//82
f 2094//82 649//82 648//82
f 2094//82 648//82 647//82
f 646//82 645//82 2094//82
f 2094//82 645//82 644//82
f 2094//82 644//82 643//82
f 638//82 637//82 2101//82
f 2101//82 637//82 636//82
f 2101//82 636//82 635//82
f 635//82 634//82 2101//82
f 2101//82 634//82 633//82
f 2101//82 633//82 2102//82
f 2102//82 633//82 632//82
f 2102//82 632//82 631//82
f 643//82 642//82 2094//82
f 2094//82 642//82 641//82
f 2094//82 641//82 2101//82
f 2101//82 641//82 640//82
f 2101//82 640//82 639//82
f 627//82 626//82 2073//82
f 631//82 630//82 2102//82
f 2102//82 630//82 629//82
f 2102//82 629//82 2073//82
f 2073//82 629//82 628//82
f 2073//82 628//82 627//82
f 2107//82 622//82 621//82
f 621//82 620//82 2107//82
f 2107//82 620//82 619//82
f 2107//82 619//82 618//82
f 678//82 2073//82 2107//82
f 2107//82 2073//82 623//82
f 2107//82 623//82 622//82
f 626//82 625//82 2073//82
f 2073//82 625//82 624//82
f 2073//82 624//82 623//82
f 618//82 617//82 2107//82
f 2107//82 617//82 616//82
f 2107//82 616//82 2095//82
f 2095//82 616//82 615//82
f 2095//82 615//82 614//82
f 2108//82 2109//82 2110//82
f 2110//82 2109//82 2111//82
f 2110//82 2111//82 2112//82
f 2112//82 2111//82 2113//82
f 2112//82 2113//82 2114//82
f 2114//82 2113//82 2115//82
f 2114//82 2115//82 2116//82
f 2116//82 2115//82 2117//82
f 2116//82 2117//82 2118//82
f 2118//82 2117//82 2119//82
f 2118//82 2119//82 2120//82
f 2120//82 2119//82 2121//82
f 2120//82 2121//82 2122//82
f 2122//82 2121//82 2086//82
f 2122//82 2086//82 2083//82
f 2083//82 2086//82 2088//82
f 2083//82 2088//82 2084//82
f 2074//82 2123//82 2100//82
f 2100//82 2123//82 2124//82
f 2100//82 2124//82 2077//82
f 2077//82 2124//82 2125//82
f 2077//82 2125//82 2075//82
f 1824//82 1822//82 2086//82
f 1856//82 1854//82 2126//82
f 1856//82 2126//82 1858//82
f 1810//82 2085//82 1812//82
f 1812//82 2085//82 1814//82
f 1854//82 1852//82 2121//82
f 1852//82 1850//82 2121//82
f 2121//82 1850//82 1848//82
f 2121//82 1848//82 1846//82
f 1822//82 1820//82 2086//82
f 2086//82 1820//82 1818//82
f 2086//82 1818//82 2085//82
f 2085//82 1818//82 1816//82
f 2085//82 1816//82 1814//82
f 2126//82 1798//82 1870//82
f 1810//82 1808//82 2085//82
f 2085//82 1808//82 1806//82
f 2085//82 1806//82 1804//82
f 1804//82 1802//82 2085//82
f 2085//82 1802//82 1800//82
f 2085//82 1800//82 1798//82
f 1870//82 1868//82 2126//82
f 2126//82 1868//82 1866//82
f 2126//82 1866//82 1864//82
f 1864//82 1862//82 2126//82
f 2126//82 1862//82 1860//82
f 2126//82 1860//82 1858//82
f 1846//82 1844//82 2121//82
f 2121//82 1844//82 1842//82
f 2121//82 1842//82 1840//82
f 2086//82 1832//82 1830//82
f 1830//82 1828//82 2086//82
f 2086//82 1828//82 1826//82
f 2086//82 1826//82 1824//82
f 1840//82 1838//82 2121//82
f 2121//82 1838//82 1836//82
f 2121//82 1836//82 2086//82
f 2086//82 1836//82 1834//82
f 2086//82 1834//82 1832//82
f 1780//82 1778//82 2119//82
f 1854//82 2121//82 2126//82
f 2126//82 2121//82 1744//82
f 2126//82 1744//82 1742//82
f 1742//82 1740//82 2126//82
f 2126//82 1740//82 1738//82
f 2126//82 1738//82 1736//82
f 1786//82 1784//82 2127//82
f 2127//82 1784//82 1782//82
f 2127//82 1782//82 1780//82
f 1752//82 1750//82 2121//82
f 1736//82 1734//82 2126//82
f 2126//82 1734//82 1732//82
f 2126//82 1732//82 1730//82
f 1792//82 1790//82 2127//82
f 2127//82 1790//82 1788//82
f 2127//82 1788//82 1786//82
f 1750//82 1748//82 2121//82
f 2121//82 1748//82 1746//82
f 2121//82 1746//82 1744//82
f 1724//82 1796//82 2127//82
f 2127//82 1796//82 1794//82
f 2127//82 1794//82 1792//82
f 1778//82 1776//82 2119//82
f 2119//82 1776//82 1774//82
f 2119//82 1774//82 1772//82
f 1772//82 1770//82 2119//82
f 2119//82 1770//82 1768//82
f 2119//82 1768//82 1766//82
f 1758//82 1756//82 2121//82
f 2121//82 1756//82 1754//82
f 2121//82 1754//82 1752//82
f 1730//82 1728//82 2126//82
f 2126//82 1728//82 1726//82
f 2126//82 1726//82 1724//82
f 1766//82 1764//82 2119//82
f 2119//82 1764//82 1762//82
f 2119//82 1762//82 2121//82
f 2121//82 1762//82 1760//82
f 2121//82 1760//82 1758//82
f 1706//82 1704//82 2117//82
f 1780//82 2119//82 2127//82
f 2127//82 2119//82 1670//82
f 2127//82 1670//82 1668//82
f 1668//82 1666//82 2127//82
f 2127//82 1666//82 1664//82
f 2127//82 1664//82 1662//82
f 1712//82 1710//82 2128//82
f 2128//82 1710//82 1708//82
f 2128//82 1708//82 1706//82
f 1678//82 1676//82 2119//82
f 1662//82 1660//82 2127//82
f 2127//82 1660//82 1658//82
f 2127//82 1658//82 1656//82
f 1718//82 1716//82 2128//82
f 2128//82 1716//82 1714//82
f 2128//82 1714//82 1712//82
f 1676//82 1674//82 2119//82
f 2119//82 1674//82 1672//82
f 2119//82 1672//82 1670//82
f 1650//82 1722//82 2128//82
f 2128//82 1722//82 1720//82
f 2128//82 1720//82 1718//82
f 1704//82 1702//82 2117//82
f 2117//82 1702//82 1700//82
f 2117//82 1700//82 1698//82
f 1698//82 1696//82 2117//82
f 2117//82 1696//82 1694//82
f 2117//82 1694//82 1692//82
f 1684//82 1682//82 2119//82
f 2119//82 1682//82 1680//82
f 2119//82 1680//82 1678//82
f 1656//82 1654//82 2127//82
f 2127//82 1654//82 1652//82
f 2127//82 1652//82 1650//82
f 1692//82 1690//82 2117//82
f 2117//82 1690//82 1688//82
f 2117//82 1688//82 2119//82
f 2119//82 1688//82 1686//82
f 2119//82 1686//82 1684//82
f 1632//82 1630//82 2115//82
f 1706//82 2117//82 2128//82
f 2128//82 2117//82 1596//82
f 2128//82 1596//82 1594//82
f 1594//82 1592//82 2128//82
f 2128//82 1592//82 1590//82
f 2128//82 1590//82 1588//82
f 1638//82 1636//82 2129//82
f 2129//82 1636//82 1634//82
f 2129//82 1634//82 1632//82
f 1604//82 1602//82 2117//82
f 1588//82 1586//82 2128//82
f 2128//82 1586//82 1584//82
f 2128//82 1584//82 1582//82
f 1644//82 1642//82 2129//82
f 2129//82 1642//82 1640//82
f 2129//82 1640//82 1638//82
f 1602//82 1600//82 2117//82
f 2117//82 1600//82 1598//82
f 2117//82 1598//82 1596//82
f 1576//82 1648//82 2129//82
f 2129//82 1648//82 1646//82
f 2129//82 1646//82 1644//82
f 1630//82 1628//82 2115//82
f 2115//82 1628//82 1626//82
f 2115//82 1626//82 1624//82
f 1624//82 1622//82 2115//82
f 2115//82 1622//82 1620//82
f 2115//82 1620//82 1618//82
f 1610//82 1608//82 2117//82
f 2117//82 1608//82 1606//82
f 2117//82 1606//82 1604//82
f 1582//82 1580//82 2128//82
f 2128//82 1580//82 1578//82
f 2128//82 1578//82 1576//82
f 1618//82 1616//82 2115//82
f 2115//82 1616//82 1614//82
f 2115//82 1614//82 2117//82
f 2117//82 1614//82 1612//82
f 2117//82 1612//82 1610//82
f 1632//82 2115//82 2129//82
f 2129//82 2115//82 1152//82
f 2129//82 1152//82 1150//82
f 1150//82 1148//82 2129//82
f 2129//82 1148//82 1146//82
f 2129//82 1146//82 1144//82
f 1194//82 1192//82 2130//82
f 1186//82 2113//82 1188//82
f 1188//82 2113//82 2130//82
f 1188//82 2130//82 1190//82
f 1190//82 2130//82 1192//82
f 1160//82 1158//82 2115//82
f 1144//82 1142//82 2129//82
f 2129//82 1142//82 1140//82
f 2129//82 1140//82 1138//82
f 1200//82 1198//82 2130//82
f 2130//82 1198//82 1196//82
f 2130//82 1196//82 1194//82
f 1158//82 1156//82 2115//82
f 2115//82 1156//82 1154//82
f 2115//82 1154//82 1152//82
f 1132//82 1204//82 2130//82
f 2130//82 1204//82 1202//82
f 2130//82 1202//82 1200//82
f 1186//82 1184//82 2113//82
f 2113//82 1184//82 1182//82
f 2113//82 1182//82 1180//82
f 1180//82 1178//82 2113//82
f 2113//82 1178//82 1176//82
f 2113//82 1176//82 1174//82
f 1166//82 1164//82 2115//82
f 2115//82 1164//82 1162//82
f 2115//82 1162//82 1160//82
f 1138//82 1136//82 2129//82
f 2129//82 1136//82 1134//82
f 2129//82 1134//82 1132//82
f 1174//82 1172//82 2113//82
f 2113//82 1172//82 1170//82
f 2113//82 1170//82 2115//82
f 2115//82 1170//82 1168//82
f 2115//82 1168//82 1166//82
f 1120//82 1118//82 2105//82
f 1076//82 2130//82 1078//82
f 1078//82 2130//82 2113//82
f 1078//82 2113//82 1080//82
f 1080//82 2113//82 1082//82
f 1118//82 1116//82 2105//82
f 2105//82 1116//82 1114//82
f 2105//82 1114//82 2111//82
f 2111//82 1114//82 1112//82
f 2111//82 1112//82 1110//82
f 1076//82 1074//82 2130//82
f 2130//82 1074//82 1072//82
f 2130//82 1072//82 1070//82
f 1110//82 1108//82 2111//82
f 2111//82 1108//82 1106//82
f 2111//82 1106//82 1104//82
f 1104//82 1102//82 2111//82
f 2111//82 1102//82 1100//82
f 2111//82 1100//82 1098//82
f 1090//82 1088//82 2113//82
f 1070//82 1068//82 2130//82
f 2130//82 1068//82 1066//82
f 2130//82 1066//82 1064//82
f 1098//82 1096//82 2111//82
f 2111//82 1096//82 1094//82
f 2111//82 1094//82 2113//82
f 2113//82 1094//82 1092//82
f 2113//82 1092//82 1090//82
f 1088//82 1086//82 2113//82
f 2113//82 1086//82 1084//82
f 2113//82 1084//82 1082//82
f 1064//82 1062//82 2130//82
f 2130//82 1062//82 1060//82
f 2130//82 1060//82 1058//82
f 1058//82 1130//82 2105//82
f 2105//82 1130//82 1128//82
f 2105//82 1128//82 1126//82
f 1126//82 1124//82 2105//82
f 2105//82 1124//82 1122//82
f 2105//82 1122//82 1120//82
f 1046//82 1044//82 2106//82
f 1002//82 2105//82 1004//82
f 1004//82 2105//82 2111//82
f 1004//82 2111//82 1006//82
f 1006//82 2111//82 1008//82
f 1044//82 1042//82 2106//82
f 2106//82 1042//82 1040//82
f 2106//82 1040//82 2109//82
f 2109//82 1040//82 1038//82
f 2109//82 1038//82 1036//82
f 1002//82 1000//82 2105//82
f 2105//82 1000//82 998//82
f 2105//82 998//82 996//82
f 1036//82 1034//82 2109//82
f 2109//82 1034//82 1032//82
f 2109//82 1032//82 1030//82
f 1030//82 1028//82 2109//82
f 2109//82 1028//82 1026//82
f 2109//82 1026//82 1024//82
f 1016//82 1014//82 2111//82
f 996//82 994//82 2105//82
f 2105//82 994//82 992//82
f 2105//82 992//82 990//82
f 1024//82 1022//82 2109//82
f 2109//82 1022//82 1020//82
f 2109//82 1020//82 2111//82
f 2111//82 1020//82 1018//82
f 2111//82 1018//82 1016//82
f 1014//82 1012//82 2111//82
f 2111//82 1012//82 1010//82
f 2111//82 1010//82 1008//82
f 984//82 2106//82 986//82
f 986//82 2106//82 2105//82
f 986//82 2105//82 988//82
f 988//82 2105//82 990//82
f 984//82 1056//82 2106//82
f 2106//82 1056//82 1054//82
f 2106//82 1054//82 1052//82
f 1052//82 1050//82 2106//82
f 2106//82 1050//82 1048//82
f 2106//82 1048//82 1046//82
f 673//82 2106//82 2073//82
f 2073//82 2106//82 2109//82
f 2073//82 2109//82 2074//82
f 2074//82 2109//82 2108//82
f 2074//82 2108//82 2123//82
f 960//82 2100//82 962//82
f 962//82 2100//82 964//82
f 2100//82 954//82 952//82
f 928//82 926//82 2073//82
f 2073//82 926//82 924//82
f 2073//82 924//82 922//82
f 856//82 2102//82 2100//82
f 2100//82 2102//82 966//82
f 2100//82 966//82 964//82
f 960//82 958//82 2100//82
f 2100//82 958//82 956//82
f 2100//82 956//82 954//82
f 2073//82 916//82 914//82
f 980//82 978//82 2102//82
f 944//82 942//82 2074//82
f 2074//82 942//82 940//82
f 934//82 932//82 2074//82
f 2074//82 932//82 930//82
f 2074//82 930//82 928//82
f 922//82 920//82 2073//82
f 2073//82 920//82 918//82
f 2073//82 918//82 916//82
f 978//82 976//82 2102//82
f 2102//82 976//82 974//82
f 2102//82 974//82 972//82
f 972//82 970//82 2102//82
f 2102//82 970//82 968//82
f 2102//82 968//82 966//82
f 952//82 950//82 2100//82
f 2100//82 950//82 948//82
f 2100//82 948//82 2074//82
f 2074//82 948//82 946//82
f 2074//82 946//82 944//82
f 940//82 938//82 2074//82
f 2074//82 938//82 936//82
f 2074//82 936//82 934//82
f 914//82 912//82 2073//82
f 2073//82 912//82 910//82
f 2073//82 910//82 2102//82
f 2102//82 910//82 982//82
f 2102//82 982//82 980//82
f 1538//82 1987//82 2093//82
f 2093//82 1987//82 1988//82
f 2093//82 1988//82 2085//82
f 2085//82 1988//82 1872//82
f 2085//82 1872//82 1944//82
f 438//82 2094//82 2063//82
f 2063//82 2094//82 2101//82
f 2063//82 2101//82 2060//82
f 2060//82 2101//82 902//82
f 2060//82 902//82 900//82
f 1454//82 1452//82 2093//82
f 1486//82 1484//82 1962//82
f 1486//82 1962//82 1488//82
f 1440//82 1961//82 1442//82
f 1442//82 1961//82 1444//82
f 1484//82 1482//82 2131//82
f 2131//82 1482//82 1480//82
f 2131//82 1480//82 1478//82
f 1452//82 1450//82 2093//82
f 2093//82 1450//82 1448//82
f 2093//82 1448//82 1961//82
f 1961//82 1448//82 1446//82
f 1961//82 1446//82 1444//82
f 1440//82 1438//82 1961//82
f 1961//82 1438//82 1436//82
f 1961//82 1436//82 1434//82
f 1434//82 1432//82 1961//82
f 1961//82 1432//82 1430//82
f 1961//82 1430//82 1962//82
f 1962//82 1430//82 1428//82
f 1962//82 1428//82 1500//82
f 1478//82 1476//82 2131//82
f 2131//82 1476//82 1474//82
f 2131//82 1474//82 1472//82
f 1472//82 1470//82 2131//82
f 2131//82 1470//82 1468//82
f 2131//82 1468//82 1466//82
f 1464//82 1462//82 2093//82
f 2093//82 1462//82 1460//82
f 1500//82 1498//82 1962//82
f 1962//82 1498//82 1496//82
f 1962//82 1496//82 1494//82
f 1494//82 1492//82 1962//82
f 1962//82 1492//82 1490//82
f 1962//82 1490//82 1488//82
f 1460//82 1458//82 2093//82
f 2093//82 1458//82 1456//82
f 2093//82 1456//82 1454//82
f 1798//82 2126//82 2085//82
f 2085//82 2126//82 2131//82
f 2085//82 2131//82 2093//82
f 2093//82 2131//82 1466//82
f 2093//82 1466//82 1464//82
f 1420//82 1418//82 1963//82
f 1484//82 2131//82 1962//82
f 1962//82 2131//82 1374//82
f 1962//82 1374//82 1372//82
f 1372//82 1370//82 1962//82
f 1962//82 1370//82 1368//82
f 1962//82 1368//82 1366//82
f 1963//82 1412//82 1410//82
f 1380//82 2131//82 1382//82
f 1382//82 2131//82 1384//82
f 1380//82 1378//82 2131//82
f 2131//82 1378//82 1376//82
f 2131//82 1376//82 1374//82
f 1366//82 1364//82 1962//82
f 1962//82 1364//82 1362//82
f 1962//82 1362//82 1360//82
f 1418//82 1416//82 1963//82
f 1963//82 1416//82 1414//82
f 1963//82 1414//82 1412//82
f 1410//82 1408//82 2132//82
f 2132//82 1408//82 1406//82
f 2132//82 1406//82 1404//82
f 1360//82 1358//82 1962//82
f 1962//82 1358//82 1356//82
f 1962//82 1356//82 1963//82
f 1963//82 1356//82 1354//82
f 1963//82 1354//82 1426//82
f 1426//82 1424//82 1963//82
f 1963//82 1424//82 1422//82
f 1963//82 1422//82 1420//82
f 1404//82 1402//82 2132//82
f 2132//82 1402//82 1400//82
f 2132//82 1400//82 1398//82
f 1390//82 1388//82 2131//82
f 2131//82 1388//82 1386//82
f 2131//82 1386//82 1384//82
f 1398//82 1396//82 2132//82
f 2132//82 1396//82 1394//82
f 2132//82 1394//82 1392//82
f 1724//82 2127//82 2126//82
f 2126//82 2127//82 2132//82
f 2126//82 2132//82 2131//82
f 2131//82 2132//82 1392//82
f 2131//82 1392//82 1390//82
f 1346//82 1344//82 1964//82
f 1410//82 2132//82 1963//82
f 1963//82 2132//82 1300//82
f 1963//82 1300//82 1298//82
f 1298//82 1296//82 1963//82
f 1963//82 1296//82 1294//82
f 1963//82 1294//82 1292//82
f 1964//82 1338//82 1336//82
f 1306//82 2132//82 1308//82
f 1308//82 2132//82 1310//82
f 1306//82 1304//82 2132//82
f 2132//82 1304//82 1302//82
f 2132//82 1302//82 1300//82
f 1292//82 1290//82 1963//82
f 1963//82 1290//82 1288//82
f 1963//82 1288//82 1286//82
f 1344//82 1342//82 1964//82
f 1964//82 1342//82 1340//82
f 1964//82 1340//82 1338//82
f 1336//82 1334//82 2133//82
f 2133//82 1334//82 1332//82
f 2133//82 1332//82 1330//82
f 1286//82 1284//82 1963//82
f 1963//82 1284//82 1282//82
f 1963//82 1282//82 1964//82
f 1964//82 1282//82 1280//82
f 1964//82 1280//82 1352//82
f 1352//82 1350//82 1964//82
f 1964//82 1350//82 1348//82
f 1964//82 1348//82 1346//82
f 1330//82 1328//82 2133//82
f 2133//82 1328//82 1326//82
f 2133//82 1326//82 1324//82
f 1316//82 1314//82 2132//82
f 2132//82 1314//82 1312//82
f 2132//82 1312//82 1310//82
f 1324//82 1322//82 2133//82
f 2133//82 1322//82 1320//82
f 2133//82 1320//82 1318//82
f 1650//82 2128//82 2127//82
f 2127//82 2128//82 2133//82
f 2127//82 2133//82 2132//82
f 2132//82 2133//82 1318//82
f 2132//82 1318//82 1316//82
f 1272//82 1270//82 1965//82
f 1336//82 2133//82 1964//82
f 1964//82 2133//82 1226//82
f 1964//82 1226//82 1224//82
f 1224//82 1222//82 1964//82
f 1964//82 1222//82 1220//82
f 1964//82 1220//82 1218//82
f 1965//82 1264//82 1262//82
f 1232//82 2133//82 1234//82
f 1234//82 2133//82 1236//82
f 1232//82 1230//82 2133//82
f 2133//82 1230//82 1228//82
f 2133//82 1228//82 1226//82
f 1218//82 1216//82 1964//82
f 1964//82 1216//82 1214//82
f 1964//82 1214//82 1212//82
f 1270//82 1268//82 1965//82
f 1965//82 1268//82 1266//82
f 1965//82 1266//82 1264//82
f 1262//82 1260//82 2134//82
f 2134//82 1260//82 1258//82
f 2134//82 1258//82 1256//82
f 1212//82 1210//82 1964//82
f 1964//82 1210//82 1208//82
f 1964//82 1208//82 1965//82
f 1965//82 1208//82 1206//82
f 1965//82 1206//82 1278//82
f 1278//82 1276//82 1965//82
f 1965//82 1276//82 1274//82
f 1965//82 1274//82 1272//82
f 1256//82 1254//82 2134//82
f 2134//82 1254//82 1252//82
f 2134//82 1252//82 1250//82
f 1242//82 1240//82 2133//82
f 2133//82 1240//82 1238//82
f 2133//82 1238//82 1236//82
f 1250//82 1248//82 2134//82
f 2134//82 1248//82 1246//82
f 2134//82 1246//82 1244//82
f 1576//82 2129//82 2128//82
f 2128//82 2129//82 2134//82
f 2128//82 2134//82 2133//82
f 2133//82 2134//82 1244//82
f 2133//82 1244//82 1242//82
f 1262//82 2134//82 1965//82
f 1965//82 2134//82 782//82
f 1965//82 782//82 780//82
f 780//82 778//82 1965//82
f 1965//82 778//82 776//82
f 1965//82 776//82 774//82
f 788//82 2134//82 790//82
f 790//82 2134//82 792//82
f 788//82 786//82 2134//82
f 2134//82 786//82 784//82
f 2134//82 784//82 782//82
f 774//82 772//82 1965//82
f 1965//82 772//82 770//82
f 1965//82 770//82 768//82
f 828//82 826//82 1966//82
f 1966//82 826//82 824//82
f 1966//82 824//82 822//82
f 822//82 820//82 1966//82
f 1966//82 820//82 818//82
f 1966//82 818//82 2135//82
f 818//82 816//82 2135//82
f 2135//82 816//82 814//82
f 2135//82 814//82 812//82
f 768//82 766//82 1965//82
f 1965//82 766//82 764//82
f 1965//82 764//82 1966//82
f 1966//82 764//82 762//82
f 1966//82 762//82 834//82
f 834//82 832//82 1966//82
f 1966//82 832//82 830//82
f 1966//82 830//82 828//82
f 812//82 810//82 2135//82
f 2135//82 810//82 808//82
f 2135//82 808//82 806//82
f 798//82 796//82 2134//82
f 2134//82 796//82 794//82
f 2134//82 794//82 792//82
f 806//82 804//82 2135//82
f 2135//82 804//82 802//82
f 2135//82 802//82 800//82
f 1132//82 2130//82 2129//82
f 2129//82 2130//82 2135//82
f 2129//82 2135//82 2134//82
f 2134//82 2135//82 800//82
f 2134//82 800//82 798//82
f 706//82 1966//82 708//82
f 708//82 1966//82 2135//82
f 708//82 2135//82 710//82
f 710//82 2135//82 712//82
f 2104//82 740//82 738//82
f 732//82 730//82 2104//82
f 2104//82 730//82 728//82
f 2104//82 728//82 726//82
f 1058//82 2105//82 2130//82
f 2130//82 2105//82 2104//82
f 2130//82 2104//82 2135//82
f 2135//82 2104//82 726//82
f 2135//82 726//82 724//82
f 724//82 722//82 2135//82
f 2135//82 722//82 720//82
f 2135//82 720//82 718//82
f 718//82 716//82 2135//82
f 2135//82 716//82 714//82
f 2135//82 714//82 712//82
f 706//82 704//82 1966//82
f 1966//82 704//82 702//82
f 1966//82 702//82 700//82
f 700//82 698//82 1966//82
f 1966//82 698//82 696//82
f 1966//82 696//82 694//82
f 738//82 736//82 2104//82
f 2104//82 736//82 734//82
f 2104//82 734//82 732//82
f 694//82 692//82 1966//82
f 1966//82 692//82 690//82
f 1966//82 690//82 1956//82
f 1956//82 690//82 688//82
f 1956//82 688//82 760//82
f 754//82 752//82 1956//82
f 1956//82 752//82 750//82
f 1956//82 750//82 748//82
f 748//82 746//82 1956//82
f 1956//82 746//82 744//82
f 1956//82 744//82 2104//82
f 2104//82 744//82 742//82
f 2104//82 742//82 740//82
f 760//82 758//82 1956//82
f 1956//82 758//82 756//82
f 1956//82 756//82 754//82
f 558//82 1956//82 560//82
f 560//82 1956//82 2104//82
f 560//82 2104//82 562//82
f 562//82 2104//82 564//82
f 572//82 570//82 2104//82
f 606//82 604//82 1957//82
f 580//82 2103//82 582//82
f 582//82 2103//82 584//82
f 580//82 578//82 2103//82
f 2103//82 578//82 576//82
f 2103//82 576//82 2104//82
f 2104//82 576//82 574//82
f 2104//82 574//82 572//82
f 570//82 568//82 2104//82
f 2104//82 568//82 566//82
f 2104//82 566//82 564//82
f 558//82 556//82 1956//82
f 1956//82 556//82 554//82
f 1956//82 554//82 552//82
f 552//82 550//82 1956//82
f 1956//82 550//82 548//82
f 1956//82 548//82 546//82
f 596//82 594//82 2103//82
f 2103//82 594//82 592//82
f 2103//82 592//82 590//82
f 590//82 588//82 2103//82
f 2103//82 588//82 586//82
f 2103//82 586//82 584//82
f 546//82 544//82 1956//82
f 1956//82 544//82 542//82
f 1956//82 542//82 1957//82
f 1957//82 542//82 540//82
f 1957//82 540//82 612//82
f 604//82 602//82 1957//82
f 1957//82 602//82 600//82
f 1957//82 600//82 598//82
f 612//82 610//82 1957//82
f 1957//82 610//82 608//82
f 1957//82 608//82 606//82
f 2107//82 1958//82 2103//82
f 2103//82 1958//82 1957//82
f 2103//82 1957//82 596//82
f 596//82 1957//82 598//82
f 490//82 488//82 2107//82
f 480//82 478//82 1958//82
f 538//82 1959//82 466//82
f 466//82 1959//82 1958//82
f 538//82 536//82 1959//82
f 1959//82 536//82 534//82
f 1959//82 534//82 532//82
f 508//82 506//82 2095//82
f 2095//82 506//82 504//82
f 2095//82 504//82 2107//82
f 2107//82 504//82 502//82
f 502//82 500//82 2107//82
f 2107//82 500//82 498//82
f 2107//82 498//82 496//82
f 478//82 476//82 1958//82
f 1958//82 476//82 474//82
f 1958//82 474//82 472//82
f 472//82 470//82 1958//82
f 1958//82 470//82 468//82
f 1958//82 468//82 466//82
f 532//82 530//82 1959//82
f 1959//82 530//82 528//82
f 1959//82 528//82 526//82
f 496//82 494//82 2107//82
f 2107//82 494//82 492//82
f 2107//82 492//82 490//82
f 488//82 486//82 2107//82
f 2107//82 486//82 484//82
f 2107//82 484//82 1958//82
f 1958//82 484//82 482//82
f 1958//82 482//82 480//82
f 526//82 524//82 1959//82
f 1959//82 524//82 522//82
f 1959//82 522//82 2095//82
f 2095//82 522//82 520//82
f 520//82 518//82 2095//82
f 2095//82 518//82 516//82
f 2095//82 516//82 514//82
f 514//82 512//82 2095//82
f 2095//82 512//82 510//82
f 2095//82 510//82 508//82
f 1990//503 1989//503 2136//503
f 1990//504 2136//504 2091//504
f 2091//505 2136//505 2137//505
f 2091//506 2137//506 2092//506
f 2092//507 2137//507 2138//507
f 2092//508 2138//508 2089//508
f 2089//509 2138//509 2139//509
f 2089//509 2139//509 2090//509
f 2090//510 2139//510 2140//510
f 2090//511 2140//511 2087//511
f 2087//512 2140//512 2141//512
f 2087//513 2141//513 2088//513
f 2088//514 2141//514 2142//514
f 2088//515 2142//515 2084//515
f 2084//516 2142//516 2143//516
f 2084//517 2143//517 2081//517
f 2081//518 2143//518 2144//518
f 2081//519 2144//519 2082//519
f 2082//520 2144//520 2145//520
f 2082//521 2145//521 2083//521
f 2146//522 2147//522 2148//522
f 2148//522 2147//522 2149//522
f 2150//82 2151//82 2152//82
f 2152//82 2151//82 2153//82
f 2152//82 2153//82 2154//82
f 2155//82 2156//82 2157//82
f 2157//82 2156//82 2158//82
f 2157//82 2158//82 2159//82
f 2159//82 2158//82 2149//82
f 2159//82 2149//82 2152//82
f 2152//82 2149//82 2147//82
f 2152//82 2147//82 2150//82
f 2057//522 2058//522 2152//522
f 2152//522 2058//522 2159//522
f 2020//523 2059//523 2160//523
f 2020//524 2160//524 2021//524
f 2021//525 2160//525 2161//525
f 2021//526 2161//526 2024//526
f 2024//527 2161//527 2162//527
f 2024//528 2162//528 2025//528
f 2025//529 2162//529 2163//529
f 2025//530 2163//530 2023//530
f 2023//531 2163//531 2164//531
f 2023//532 2164//532 2022//532
f 2022//533 2164//533 2165//533
f 2022//534 2165//534 2014//534
f 2014//535 2165//535 2166//535
f 2014//536 2166//536 2017//536
f 2017//537 2166//537 2167//537
f 2017//538 2167//538 2018//538
f 2018//539 2167//539 2168//539
f 2018//540 2168//540 2016//540
f 2016//541 2168//541 2058//541
f 2016//542 2058//542 2015//542
f 2125//543 2169//543 2170//543
f 2125//544 2170//544 2075//544
f 2075//545 2170//545 2171//545
f 2075//546 2171//546 2076//546
f 2076//547 2171//547 2172//547
f 2076//548 2172//548 2078//548
f 2078//549 2172//549 2173//549
f 2078//550 2173//550 2079//550
f 2079//551 2173//551 2174//551
f 2079//551 2174//551 2080//551
f 2080//552 2174//552 2175//552
f 2080//553 2175//553 2099//553
f 2099//554 2175//554 2176//554
f 2099//555 2176//555 2098//555
f 2098//556 2176//556 2177//556
f 2098//557 2177//557 2097//557
f 2097//558 2177//558 2178//558
f 2097//559 2178//559 2096//559
f 2096//560 2178//560 2062//560
f 2096//561 2062//561 2061//561
f 2062//562 2059//562 1968//562
f 1968//562 2059//562 361//562
f 2179//563 2145//563 2144//563
f 2179//564 2144//564 2180//564
f 2180//565 2144//565 2143//565
f 2180//565 2143//565 2181//565
f 2181//566 2143//566 2142//566
f 2181//566 2142//566 2182//566
f 2182//567 2142//567 2141//567
f 2182//568 2141//568 2183//568
f 2150//569 2147//569 2068//569
f 2183//570 2141//570 2146//570
f 2146//571 2141//571 2140//571
f 2146//572 2140//572 2147//572
f 2068//573 2067//573 2150//573
f 2150//567 2067//567 2066//567
f 2150//567 2066//567 2151//567
f 2151//574 2066//574 2065//574
f 2151//575 2065//575 2153//575
f 2153//576 2065//576 2064//576
f 2153//577 2064//577 2154//577
f 2154//564 2064//564 2057//564
f 2154//578 2057//578 2152//578
f 2147//579 2140//579 2068//579
f 2068//580 2140//580 2139//580
f 2068//581 2139//581 2069//581
f 2069//582 2139//582 2138//582
f 2069//582 2138//582 2070//582
f 2070//583 2138//583 2137//583
f 2070//583 2137//583 2071//583
f 2071//584 2137//584 2136//584
f 2071//585 2136//585 2072//585
f 2072//586 2136//586 1989//586
f 2072//586 1989//586 379//586
f 2183//223 2146//223 2179//223
f 2179//223 2146//223 2184//223
f 2180//223 2181//223 2179//223
f 2179//223 2181//223 2182//223
f 2179//223 2182//223 2183//223
f 2146//223 2148//223 2184//223
f 2184//223 2148//223 2185//223
f 2184//223 2185//223 2186//223
f 2186//223 2185//223 2187//223
f 2186//223 2187//223 2188//223
f 2169//587 2125//587 2124//587
f 2124//588 2123//588 2169//588
f 2169//588 2123//588 2108//588
f 2169//588 2108//588 2110//588
f 2110//587 2112//587 2169//587
f 2169//588 2112//588 2114//588
f 2169//588 2114//588 2145//588
f 2145//588 2114//588 2116//588
f 2145//588 2116//588 2118//588
f 2118//588 2120//588 2145//588
f 2145//589 2120//589 2122//589
f 2145//587 2122//587 2083//587
f 2159//590 2058//590 2168//590
f 2159//591 2168//591 2157//591
f 2157//592 2168//592 2167//592
f 2157//593 2167//593 2155//593
f 2155//594 2167//594 2166//594
f 2155//595 2166//595 2156//595
f 2156//596 2166//596 2165//596
f 2156//596 2165//596 2158//596
f 2185//597 2148//597 2174//597
f 2158//598 2165//598 2149//598
f 2149//599 2165//599 2164//599
f 2149//600 2164//600 2148//600
f 2174//601 2173//601 2185//601
f 2185//596 2173//596 2172//596
f 2185//596 2172//596 2187//596
f 2187//595 2172//595 2171//595
f 2187//594 2171//594 2188//594
f 2188//602 2171//602 2170//602
f 2188//592 2170//592 2186//592
f 2186//591 2170//591 2169//591
f 2186//590 2169//590 2184//590
f 2148//603 2164//603 2174//603
f 2174//604 2164//604 2163//604
f 2174//605 2163//605 2175//605
f 2175//606 2163//606 2162//606
f 2175//606 2162//606 2176//606
f 2176//607 2162//607 2161//607
f 2176//608 2161//608 2177//608
f 2177//609 2161//609 2160//609
f 2177//609 2160//609 2178//609
f 2178//610 2160//610 2059//610
f 2178//610 2059//610 2062//610
f 2179//522 2184//522 2145//522
f 2145//522 2184//522 2169//522
