# Blender 5.0.1
# www.blender.org
mtllib l_finger_pad_visual.mtl
o goma_gripper_1_visual.001
v -0.063974 2.605393 -0.905712
v -0.060558 2.605393 -0.905712
v -0.063974 2.605393 -0.897712
v -0.052891 2.605393 -0.905712
v -0.037974 2.605393 -0.897712
v -0.049058 2.605393 -0.905712
v -0.045224 2.605393 -0.905712
v -0.041391 2.605393 -0.905712
v -0.037974 2.605393 -0.905712
v -0.037661 2.605418 -0.905712
v -0.037661 2.605418 -0.897712
v -0.037356 2.605491 -0.905712
v -0.037356 2.605491 -0.897712
v -0.037066 2.605611 -0.905712
v -0.037066 2.605611 -0.897712
v -0.036799 2.605775 -0.905712
v -0.036799 2.605775 -0.897712
v -0.036560 2.605979 -0.905712
v -0.036560 2.605979 -0.897712
v -0.036356 2.606218 -0.905712
v -0.036356 2.606218 -0.897712
v -0.036192 2.606485 -0.905712
v -0.036192 2.606485 -0.897712
v -0.036072 2.606775 -0.905712
v -0.036072 2.606775 -0.897712
v -0.035999 2.607080 -0.905712
v -0.035999 2.607080 -0.897712
v -0.035974 2.607393 -0.905712
v -0.035974 2.607393 -0.897712
v -0.035974 2.610848 -0.905712
v -0.035974 2.614757 -0.905712
v -0.035974 2.618666 -0.905712
v -0.035974 2.622575 -0.905712
v -0.035974 2.626484 -0.905712
v -0.035974 2.630393 -0.905712
v -0.035974 2.653393 -0.897712
v -0.035974 2.634575 -0.905712
v -0.035974 2.638211 -0.905712
v -0.035974 2.642120 -0.905712
v -0.035974 2.646029 -0.905712
v -0.035974 2.653393 -0.905712
v -0.035999 2.653706 -0.905712
v -0.035999 2.653706 -0.897712
v -0.036072 2.654011 -0.905712
v -0.036072 2.654011 -0.897712
v -0.036192 2.654301 -0.905712
v -0.036192 2.654301 -0.897712
v -0.036356 2.654569 -0.905712
v -0.036356 2.654569 -0.897712
v -0.036560 2.654807 -0.905712
v -0.036560 2.654807 -0.897712
v -0.036799 2.655011 -0.905712
v -0.036799 2.655011 -0.897712
v -0.037066 2.655175 -0.905712
v -0.037066 2.655175 -0.897712
v -0.037356 2.655295 -0.905712
v -0.037356 2.655295 -0.897712
v -0.037661 2.655369 -0.905712
v -0.037661 2.655369 -0.897712
v -0.037974 2.655393 -0.905712
v -0.037974 2.655393 -0.897712
v -0.060558 2.655393 -0.905712
v -0.063974 2.655393 -0.905712
v -0.063974 2.655393 -0.897712
v -0.041391 2.655393 -0.905712
v -0.045224 2.655393 -0.905712
v -0.049058 2.655393 -0.905712
v -0.052891 2.655393 -0.905712
v -0.064287 2.655369 -0.905712
v -0.064287 2.655369 -0.897712
v -0.064592 2.655295 -0.905712
v -0.064592 2.655295 -0.897712
v -0.064882 2.655175 -0.905712
v -0.064882 2.655175 -0.897712
v -0.065150 2.655011 -0.905712
v -0.065150 2.655011 -0.897712
v -0.065389 2.654807 -0.905712
v -0.065389 2.654807 -0.897712
v -0.065592 2.654569 -0.905712
v -0.065592 2.654569 -0.897712
v -0.065756 2.654301 -0.905712
v -0.065756 2.654301 -0.897712
v -0.065876 2.654011 -0.905712
v -0.065876 2.654011 -0.897712
v -0.065950 2.653706 -0.905712
v -0.065950 2.653706 -0.897712
v -0.065974 2.653393 -0.905712
v -0.065974 2.653393 -0.897712
v -0.046362 2.642470 -0.897712
v -0.046797 2.642290 -0.897712
v -0.053596 2.624772 -0.897712
v -0.053901 2.625130 -0.897712
v -0.065974 2.607393 -0.897712
v -0.054147 2.625531 -0.897712
v -0.054328 2.625966 -0.897712
v -0.054437 2.626424 -0.897712
v -0.056346 2.648264 -0.897712
v -0.055988 2.648570 -0.897712
v -0.055586 2.648816 -0.897712
v -0.055151 2.648996 -0.897712
v -0.046362 2.648816 -0.897712
v -0.046797 2.648996 -0.897712
v -0.047255 2.649106 -0.897712
v -0.047801 2.634755 -0.897712
v -0.048047 2.635156 -0.897712
v -0.048353 2.635514 -0.897712
v -0.047474 2.626893 -0.897712
v -0.047511 2.626424 -0.897712
v -0.047621 2.625966 -0.897712
v -0.047801 2.625531 -0.897712
v -0.045297 2.647907 -0.897712
v -0.056346 2.643022 -0.897712
v -0.056651 2.643380 -0.897712
v -0.057187 2.646612 -0.897712
v -0.057224 2.646143 -0.897712
v -0.057224 2.645143 -0.897712
v -0.056651 2.647907 -0.897712
v -0.054694 2.649106 -0.897712
v -0.054224 2.649143 -0.897712
v -0.047724 2.649143 -0.897712
v -0.045051 2.647505 -0.897712
v -0.044871 2.647070 -0.897712
v -0.044761 2.646612 -0.897712
v -0.044724 2.646143 -0.897712
v -0.045051 2.643781 -0.897712
v -0.045297 2.643380 -0.897712
v -0.050005 2.636356 -0.897712
v -0.049547 2.636246 -0.897712
v -0.047724 2.642143 -0.897712
v -0.055988 2.642716 -0.897712
v -0.047621 2.634320 -0.897712
v -0.047511 2.633862 -0.897712
v -0.047474 2.633393 -0.897712
v -0.049547 2.624040 -0.897712
v -0.049112 2.624220 -0.897712
v -0.050005 2.623930 -0.897712
v -0.050474 2.623893 -0.897712
v -0.051474 2.623893 -0.897712
v -0.051944 2.623930 -0.897712
v -0.065389 2.605979 -0.897712
v -0.065150 2.605775 -0.897712
v -0.053238 2.624466 -0.897712
v -0.064882 2.605611 -0.897712
v -0.052401 2.624040 -0.897712
v -0.052836 2.624220 -0.897712
v -0.064287 2.605418 -0.897712
v -0.064592 2.605491 -0.897712
v -0.044724 2.645143 -0.897712
v -0.044761 2.644674 -0.897712
v -0.044871 2.644216 -0.897712
v -0.045603 2.643022 -0.897712
v -0.045961 2.642716 -0.897712
v -0.054474 2.626893 -0.897712
v -0.054474 2.633393 -0.897712
v -0.054437 2.633862 -0.897712
v -0.054328 2.634320 -0.897712
v -0.055151 2.642290 -0.897712
v -0.048047 2.625130 -0.897712
v -0.048353 2.624772 -0.897712
v -0.048711 2.624466 -0.897712
v -0.065950 2.607080 -0.897712
v -0.065876 2.606775 -0.897712
v -0.057078 2.647070 -0.897712
v -0.056897 2.647505 -0.897712
v -0.045961 2.648570 -0.897712
v -0.045603 2.648264 -0.897712
v -0.054147 2.634755 -0.897712
v -0.053901 2.635156 -0.897712
v -0.053596 2.635514 -0.897712
v -0.055586 2.642470 -0.897712
v -0.056897 2.643781 -0.897712
v -0.057078 2.644216 -0.897712
v -0.057187 2.644674 -0.897712
v -0.065756 2.606485 -0.897712
v -0.065592 2.606218 -0.897712
v -0.047255 2.642180 -0.897712
v -0.049112 2.636066 -0.897712
v -0.048711 2.635820 -0.897712
v -0.052836 2.636066 -0.897712
v -0.052401 2.636246 -0.897712
v -0.054224 2.642143 -0.897712
v -0.053238 2.635820 -0.897712
v -0.054694 2.642180 -0.897712
v -0.051944 2.636356 -0.897712
v -0.051474 2.636393 -0.897712
v -0.050474 2.636393 -0.897712
v -0.065974 2.646029 -0.905712
v -0.065974 2.642120 -0.905712
v -0.065974 2.638211 -0.905712
v -0.065974 2.634575 -0.905712
v -0.065974 2.630393 -0.905712
v -0.065974 2.626484 -0.905712
v -0.065974 2.622575 -0.905712
v -0.065974 2.618666 -0.905712
v -0.065974 2.614757 -0.905712
v -0.065974 2.610848 -0.905712
v -0.065974 2.607393 -0.905712
v -0.065950 2.607080 -0.905712
v -0.065876 2.606775 -0.905712
v -0.065756 2.606485 -0.905712
v -0.065592 2.606218 -0.905712
v -0.065389 2.605979 -0.905712
v -0.065150 2.605775 -0.905712
v -0.064882 2.605611 -0.905712
v -0.064592 2.605491 -0.905712
v -0.064287 2.605418 -0.905712
v -0.052296 2.631644 -0.900712
v -0.053782 2.633333 -0.900712
v -0.052023 2.631846 -0.900712
v -0.053203 2.633762 -0.900712
v -0.051720 2.631999 -0.900712
v -0.052559 2.634087 -0.900712
v -0.051396 2.632098 -0.900712
v -0.051870 2.634298 -0.900712
v -0.051059 2.632141 -0.900712
v -0.051155 2.634389 -0.900712
v -0.050720 2.632127 -0.900712
v -0.050435 2.634359 -0.900712
v -0.050389 2.632056 -0.900712
v -0.049730 2.634207 -0.900712
v -0.050074 2.631929 -0.900712
v -0.049061 2.633938 -0.900712
v -0.049785 2.631751 -0.900712
v -0.048447 2.633560 -0.900712
v -0.049530 2.631527 -0.900712
v -0.047906 2.633084 -0.900712
v -0.049317 2.631263 -0.900712
v -0.047453 2.632523 -0.900712
v -0.049152 2.630967 -0.900712
v -0.047102 2.631894 -0.900712
v -0.049039 2.630647 -0.900712
v -0.046861 2.631214 -0.900712
v -0.048982 2.630313 -0.900712
v -0.046740 2.630503 -0.900712
v -0.048974 2.630143 -0.900712
v -0.046724 2.630143 -0.900712
v -0.048982 2.629973 -0.900712
v -0.046740 2.629783 -0.900712
v -0.049039 2.629639 -0.900712
v -0.046861 2.629072 -0.900712
v -0.049152 2.629319 -0.900712
v -0.047102 2.628392 -0.900712
v -0.049317 2.629023 -0.900712
v -0.047453 2.627763 -0.900712
v -0.049530 2.628759 -0.900712
v -0.047906 2.627202 -0.900712
v -0.049785 2.628535 -0.900712
v -0.048447 2.626726 -0.900712
v -0.050074 2.628357 -0.900712
v -0.049061 2.626348 -0.900712
v -0.050389 2.628231 -0.900712
v -0.049730 2.626079 -0.900712
v -0.050720 2.628159 -0.900712
v -0.050435 2.625927 -0.900712
v -0.051059 2.628145 -0.900712
v -0.051155 2.625897 -0.900712
v -0.051396 2.628188 -0.900712
v -0.051870 2.625988 -0.900712
v -0.051720 2.628287 -0.900712
v -0.052559 2.626199 -0.900712
v -0.052023 2.628440 -0.900712
v -0.053203 2.626524 -0.900712
v -0.052296 2.628642 -0.900712
v -0.053782 2.626953 -0.900712
v -0.052530 2.628887 -0.900712
v -0.054281 2.627473 -0.900712
v -0.052720 2.629168 -0.900712
v -0.054685 2.628070 -0.900712
v -0.052860 2.629477 -0.900712
v -0.054982 2.628727 -0.900712
v -0.052946 2.629805 -0.900712
v -0.055163 2.629425 -0.900712
v -0.052974 2.630143 -0.900712
v -0.055224 2.630143 -0.900712
v -0.052946 2.630481 -0.900712
v -0.055163 2.630861 -0.900712
v -0.052860 2.630809 -0.900712
v -0.054982 2.631559 -0.900712
v -0.052720 2.631119 -0.900712
v -0.054685 2.632216 -0.900712
v -0.052530 2.631400 -0.900712
v -0.054281 2.632813 -0.900712
v -0.049317 2.644523 -0.900712
v -0.047453 2.643263 -0.900712
v -0.049530 2.644259 -0.900712
v -0.047906 2.642702 -0.900712
v -0.049785 2.644035 -0.900712
v -0.048447 2.642226 -0.900712
v -0.050074 2.643857 -0.900712
v -0.049061 2.641848 -0.900712
v -0.050389 2.643731 -0.900712
v -0.049730 2.641579 -0.900712
v -0.050720 2.643659 -0.900712
v -0.050435 2.641428 -0.900712
v -0.051059 2.643645 -0.900712
v -0.051155 2.641397 -0.900712
v -0.051396 2.643688 -0.900712
v -0.051870 2.641489 -0.900712
v -0.051720 2.643787 -0.900712
v -0.052559 2.641700 -0.900712
v -0.052023 2.643940 -0.900712
v -0.053203 2.642024 -0.900712
v -0.052296 2.644142 -0.900712
v -0.053782 2.642453 -0.900712
v -0.052530 2.644387 -0.900712
v -0.054281 2.642973 -0.900712
v -0.052720 2.644668 -0.900712
v -0.054685 2.643570 -0.900712
v -0.052860 2.644977 -0.900712
v -0.054982 2.644227 -0.900712
v -0.052946 2.645305 -0.900712
v -0.055163 2.644925 -0.900712
v -0.052974 2.645643 -0.900712
v -0.055224 2.645643 -0.900712
v -0.052946 2.645981 -0.900712
v -0.055163 2.646361 -0.900712
v -0.052860 2.646309 -0.900712
v -0.054982 2.647059 -0.900712
v -0.052720 2.646618 -0.900712
v -0.054685 2.647716 -0.900712
v -0.052530 2.646899 -0.900712
v -0.054281 2.648313 -0.900712
v -0.052296 2.647145 -0.900712
v -0.053782 2.648834 -0.900712
v -0.052023 2.647346 -0.900712
v -0.053203 2.649262 -0.900712
v -0.051720 2.647499 -0.900712
v -0.052559 2.649587 -0.900712
v -0.051396 2.647598 -0.900712
v -0.051870 2.649798 -0.900712
v -0.051059 2.647641 -0.900712
v -0.051155 2.649889 -0.900712
v -0.050720 2.647627 -0.900712
v -0.050435 2.649859 -0.900712
v -0.050389 2.647555 -0.900712
v -0.049730 2.649707 -0.900712
v -0.050074 2.647429 -0.900712
v -0.049061 2.649438 -0.900712
v -0.049785 2.647251 -0.900712
v -0.048447 2.649060 -0.900712
v -0.049530 2.647027 -0.900712
v -0.047906 2.648584 -0.900712
v -0.049317 2.646763 -0.900712
v -0.047453 2.648023 -0.900712
v -0.049152 2.646467 -0.900712
v -0.047102 2.647394 -0.900712
v -0.049039 2.646147 -0.900712
v -0.046861 2.646714 -0.900712
v -0.048982 2.645813 -0.900712
v -0.046740 2.646003 -0.900712
v -0.048974 2.645643 -0.900712
v -0.046724 2.645643 -0.900712
v -0.048982 2.645473 -0.900712
v -0.046740 2.645283 -0.900712
v -0.049039 2.645139 -0.900712
v -0.046861 2.644572 -0.900712
v -0.049152 2.644819 -0.900712
v -0.047102 2.643893 -0.900712
v -0.052974 2.645643 -0.898712
v -0.052946 2.645305 -0.898712
v -0.052860 2.644977 -0.898712
v -0.052720 2.644668 -0.898712
v -0.052530 2.644387 -0.898712
v -0.052296 2.644142 -0.898712
v -0.052023 2.643940 -0.898712
v -0.051720 2.643787 -0.898712
v -0.051396 2.643688 -0.898712
v -0.051059 2.643645 -0.898712
v -0.050720 2.643659 -0.898712
v -0.050389 2.643731 -0.898712
v -0.050074 2.643857 -0.898712
v -0.049785 2.644035 -0.898712
v -0.049530 2.644259 -0.898712
v -0.049317 2.644523 -0.898712
v -0.049152 2.644819 -0.898712
v -0.049039 2.645139 -0.898712
v -0.048982 2.645473 -0.898712
v -0.048974 2.645643 -0.898712
v -0.048982 2.645813 -0.898712
v -0.049039 2.646147 -0.898712
v -0.049152 2.646467 -0.898712
v -0.049317 2.646763 -0.898712
v -0.049530 2.647027 -0.898712
v -0.049785 2.647251 -0.898712
v -0.050074 2.647429 -0.898712
v -0.050389 2.647555 -0.898712
v -0.050720 2.647627 -0.898712
v -0.051059 2.647641 -0.898712
v -0.051396 2.647598 -0.898712
v -0.051720 2.647499 -0.898712
v -0.052023 2.647346 -0.898712
v -0.052296 2.647145 -0.898712
v -0.052530 2.646899 -0.898712
v -0.052720 2.646618 -0.898712
v -0.052860 2.646309 -0.898712
v -0.052946 2.645981 -0.898712
v -0.052974 2.630143 -0.898712
v -0.052946 2.629805 -0.898712
v -0.052860 2.629477 -0.898712
v -0.052720 2.629168 -0.898712
v -0.052530 2.628887 -0.898712
v -0.052296 2.628642 -0.898712
v -0.052023 2.628440 -0.898712
v -0.051720 2.628287 -0.898712
v -0.051396 2.628188 -0.898712
v -0.051059 2.628145 -0.898712
v -0.050720 2.628159 -0.898712
v -0.050389 2.628231 -0.898712
v -0.050074 2.628357 -0.898712
v -0.049785 2.628535 -0.898712
v -0.049530 2.628759 -0.898712
v -0.049317 2.629023 -0.898712
v -0.049152 2.629319 -0.898712
v -0.049039 2.629639 -0.898712
v -0.048982 2.629973 -0.898712
v -0.048974 2.630143 -0.898712
v -0.048982 2.630313 -0.898712
v -0.049039 2.630647 -0.898712
v -0.049152 2.630967 -0.898712
v -0.049317 2.631263 -0.898712
v -0.049530 2.631527 -0.898712
v -0.049785 2.631751 -0.898712
v -0.050074 2.631929 -0.898712
v -0.050389 2.632056 -0.898712
v -0.050720 2.632127 -0.898712
v -0.051059 2.632141 -0.898712
v -0.051396 2.632098 -0.898712
v -0.051720 2.631999 -0.898712
v -0.052023 2.631846 -0.898712
v -0.052296 2.631644 -0.898712
v -0.052530 2.631400 -0.898712
v -0.052720 2.631119 -0.898712
v -0.052860 2.630809 -0.898712
v -0.052946 2.630481 -0.898712
v -0.047474 2.626893 -0.898712
v -0.054474 2.626893 -0.898712
v -0.054474 2.633393 -0.898712
v -0.047474 2.633393 -0.898712
v -0.050474 2.623893 -0.898712
v -0.047621 2.634320 -0.898712
v -0.047801 2.634755 -0.898712
v -0.048047 2.635156 -0.898712
v -0.052836 2.624220 -0.898712
v -0.054147 2.625531 -0.898712
v -0.053901 2.625130 -0.898712
v -0.053596 2.624772 -0.898712
v -0.053238 2.624466 -0.898712
v -0.053901 2.635156 -0.898712
v -0.053596 2.635514 -0.898712
v -0.049547 2.636246 -0.898712
v -0.048353 2.635514 -0.898712
v -0.048711 2.635820 -0.898712
v -0.049112 2.636066 -0.898712
v -0.047511 2.633862 -0.898712
v -0.047511 2.626424 -0.898712
v -0.047621 2.625966 -0.898712
v -0.048047 2.625130 -0.898712
v -0.047801 2.625531 -0.898712
v -0.048711 2.624466 -0.898712
v -0.048353 2.624772 -0.898712
v -0.050005 2.623930 -0.898712
v -0.049547 2.624040 -0.898712
v -0.049112 2.624220 -0.898712
v -0.052401 2.624040 -0.898712
v -0.051944 2.623930 -0.898712
v -0.051474 2.623893 -0.898712
v -0.051944 2.636356 -0.898712
v -0.050005 2.636356 -0.898712
v -0.050474 2.636393 -0.898712
v -0.051474 2.636393 -0.898712
v -0.054437 2.626424 -0.898712
v -0.054328 2.625966 -0.898712
v -0.054437 2.633862 -0.898712
v -0.054328 2.634320 -0.898712
v -0.054147 2.634755 -0.898712
v -0.052401 2.636246 -0.898712
v -0.052836 2.636066 -0.898712
v -0.053238 2.635820 -0.898712
v -0.057187 2.646612 -0.898712
v -0.057078 2.647070 -0.898712
v -0.056897 2.647505 -0.898712
v -0.056346 2.648264 -0.898712
v -0.056651 2.647907 -0.898712
v -0.055586 2.648816 -0.898712
v -0.055988 2.648570 -0.898712
v -0.057224 2.646143 -0.898712
v -0.057224 2.645143 -0.898712
v -0.054224 2.649143 -0.898712
v -0.054694 2.649106 -0.898712
v -0.055151 2.648996 -0.898712
v -0.056897 2.643781 -0.898712
v -0.057078 2.644216 -0.898712
v -0.057187 2.644674 -0.898712
v -0.047724 2.649143 -0.898712
v -0.047255 2.649106 -0.898712
v -0.046797 2.648996 -0.898712
v -0.046362 2.648816 -0.898712
v -0.047724 2.642143 -0.898712
v -0.045961 2.648570 -0.898712
v -0.045603 2.648264 -0.898712
v -0.045297 2.643380 -0.898712
v -0.045051 2.643781 -0.898712
v -0.054224 2.642143 -0.898712
v -0.045297 2.647907 -0.898712
v -0.045051 2.647505 -0.898712
v -0.045603 2.643022 -0.898712
v -0.045961 2.642716 -0.898712
v -0.046362 2.642470 -0.898712
v -0.044871 2.644216 -0.898712
v -0.044761 2.644674 -0.898712
v -0.044724 2.645143 -0.898712
v -0.044724 2.646143 -0.898712
v -0.044761 2.646612 -0.898712
v -0.044871 2.647070 -0.898712
v -0.047255 2.642180 -0.898712
v -0.046797 2.642290 -0.898712
v -0.054694 2.642180 -0.898712
v -0.055586 2.642470 -0.898712
v -0.055151 2.642290 -0.898712
v -0.056651 2.643380 -0.898712
v -0.056346 2.643022 -0.898712
v -0.055988 2.642716 -0.898712
v -0.060974 2.610393 -0.902712
v -0.060974 2.607393 -0.902712
v -0.063974 2.610393 -0.902712
v -0.063974 2.607393 -0.902712
v -0.063974 2.610393 -0.905712
v -0.063974 2.607393 -0.905712
v -0.060974 2.607393 -0.905712
v -0.060974 2.610393 -0.905712
v -0.057141 2.610393 -0.902712
v -0.057141 2.607393 -0.902712
v -0.060141 2.610393 -0.902712
v -0.060141 2.607393 -0.902712
v -0.060141 2.610393 -0.905712
v -0.060141 2.607393 -0.905712
v -0.057141 2.607393 -0.905712
v -0.057141 2.610393 -0.905712
v -0.053308 2.610393 -0.902712
v -0.053308 2.607393 -0.902712
v -0.056308 2.610393 -0.902712
v -0.056308 2.607393 -0.902712
v -0.056308 2.610393 -0.905712
v -0.056308 2.607393 -0.905712
v -0.053308 2.607393 -0.905712
v -0.053308 2.610393 -0.905712
v -0.049474 2.610393 -0.902712
v -0.049474 2.607393 -0.902712
v -0.052474 2.610393 -0.902712
v -0.052474 2.607393 -0.902712
v -0.052474 2.610393 -0.905712
v -0.052474 2.607393 -0.905712
v -0.049474 2.607393 -0.905712
v -0.049474 2.610393 -0.905712
v -0.045641 2.610393 -0.902712
v -0.045641 2.607393 -0.902712
v -0.048641 2.610393 -0.902712
v -0.048641 2.607393 -0.902712
v -0.048641 2.610393 -0.905712
v -0.048641 2.607393 -0.905712
v -0.045641 2.607393 -0.905712
v -0.045641 2.610393 -0.905712
v -0.041808 2.610393 -0.902712
v -0.041808 2.607393 -0.902712
v -0.044808 2.610393 -0.902712
v -0.044808 2.607393 -0.902712
v -0.044808 2.610393 -0.905712
v -0.044808 2.607393 -0.905712
v -0.041808 2.607393 -0.905712
v -0.041808 2.610393 -0.905712
v -0.037974 2.610393 -0.902712
v -0.037974 2.607393 -0.902712
v -0.040974 2.610393 -0.902712
v -0.040974 2.607393 -0.902712
v -0.040974 2.610393 -0.905712
v -0.040974 2.607393 -0.905712
v -0.037974 2.607393 -0.905712
v -0.037974 2.610393 -0.905712
v -0.060974 2.614302 -0.902712
v -0.060974 2.611302 -0.902712
v -0.063974 2.614302 -0.902712
v -0.063974 2.611302 -0.902712
v -0.063974 2.614302 -0.905712
v -0.063974 2.611302 -0.905712
v -0.060974 2.611302 -0.905712
v -0.060974 2.614302 -0.905712
v -0.060974 2.618211 -0.902712
v -0.060974 2.615211 -0.902712
v -0.063974 2.618211 -0.902712
v -0.063974 2.615211 -0.902712
v -0.063974 2.618211 -0.905712
v -0.063974 2.615211 -0.905712
v -0.060974 2.615211 -0.905712
v -0.060974 2.618211 -0.905712
v -0.060974 2.622120 -0.902712
v -0.060974 2.619120 -0.902712
v -0.063974 2.622120 -0.902712
v -0.063974 2.619120 -0.902712
v -0.063974 2.622120 -0.905712
v -0.063974 2.619120 -0.905712
v -0.060974 2.619120 -0.905712
v -0.060974 2.622120 -0.905712
v -0.060974 2.626029 -0.902712
v -0.060974 2.623029 -0.902712
v -0.063974 2.626029 -0.902712
v -0.063974 2.623029 -0.902712
v -0.063974 2.626029 -0.905712
v -0.063974 2.623029 -0.905712
v -0.060974 2.623029 -0.905712
v -0.060974 2.626029 -0.905712
v -0.060974 2.629939 -0.902712
v -0.060974 2.626939 -0.902712
v -0.063974 2.629939 -0.902712
v -0.063974 2.626939 -0.902712
v -0.063974 2.629939 -0.905712
v -0.063974 2.626939 -0.905712
v -0.060974 2.626939 -0.905712
v -0.060974 2.629939 -0.905712
v -0.060974 2.633848 -0.902712
v -0.060974 2.630848 -0.902712
v -0.063974 2.633848 -0.902712
v -0.063974 2.630848 -0.902712
v -0.063974 2.633848 -0.905712
v -0.063974 2.630848 -0.905712
v -0.060974 2.630848 -0.905712
v -0.060974 2.633848 -0.905712
v -0.060974 2.637757 -0.902712
v -0.060974 2.634757 -0.902712
v -0.063974 2.637757 -0.902712
v -0.063974 2.634757 -0.902712
v -0.063974 2.637757 -0.905712
v -0.063974 2.634757 -0.905712
v -0.060974 2.634757 -0.905712
v -0.060974 2.637757 -0.905712
v -0.060974 2.641666 -0.902712
v -0.060974 2.638666 -0.902712
v -0.063974 2.641666 -0.902712
v -0.063974 2.638666 -0.902712
v -0.063974 2.641666 -0.905712
v -0.063974 2.638666 -0.905712
v -0.060974 2.638666 -0.905712
v -0.060974 2.641666 -0.905712
v -0.060974 2.645575 -0.902712
v -0.060974 2.642575 -0.902712
v -0.063974 2.645575 -0.902712
v -0.063974 2.642575 -0.902712
v -0.063974 2.645575 -0.905712
v -0.063974 2.642575 -0.905712
v -0.060974 2.642575 -0.905712
v -0.060974 2.645575 -0.905712
v -0.060974 2.649484 -0.902712
v -0.060974 2.646484 -0.902712
v -0.063974 2.649484 -0.902712
v -0.063974 2.646484 -0.902712
v -0.063974 2.649484 -0.905712
v -0.063974 2.646484 -0.905712
v -0.060974 2.646484 -0.905712
v -0.060974 2.649484 -0.905712
v -0.060974 2.653393 -0.902712
v -0.060974 2.650393 -0.902712
v -0.063974 2.653393 -0.902712
v -0.063974 2.650393 -0.902712
v -0.063974 2.653393 -0.905712
v -0.063974 2.650393 -0.905712
v -0.060974 2.650393 -0.905712
v -0.060974 2.653393 -0.905712
v -0.057141 2.614302 -0.902712
v -0.057141 2.611302 -0.902712
v -0.060141 2.614302 -0.902712
v -0.060141 2.611302 -0.902712
v -0.060141 2.614302 -0.905712
v -0.060141 2.611302 -0.905712
v -0.057141 2.611302 -0.905712
v -0.057141 2.614302 -0.905712
v -0.053308 2.614302 -0.902712
v -0.053308 2.611302 -0.902712
v -0.056308 2.614302 -0.902712
v -0.056308 2.611302 -0.902712
v -0.056308 2.614302 -0.905712
v -0.056308 2.611302 -0.905712
v -0.053308 2.611302 -0.905712
v -0.053308 2.614302 -0.905712
v -0.049474 2.614302 -0.902712
v -0.049474 2.611302 -0.902712
v -0.052474 2.614302 -0.902712
v -0.052474 2.611302 -0.902712
v -0.052474 2.614302 -0.905712
v -0.052474 2.611302 -0.905712
v -0.049474 2.611302 -0.905712
v -0.049474 2.614302 -0.905712
v -0.045641 2.614302 -0.902712
v -0.045641 2.611302 -0.902712
v -0.048641 2.614302 -0.902712
v -0.048641 2.611302 -0.902712
v -0.048641 2.614302 -0.905712
v -0.048641 2.611302 -0.905712
v -0.045641 2.611302 -0.905712
v -0.045641 2.614302 -0.905712
v -0.041808 2.614302 -0.902712
v -0.041808 2.611302 -0.902712
v -0.044808 2.614302 -0.902712
v -0.044808 2.611302 -0.902712
v -0.044808 2.614302 -0.905712
v -0.044808 2.611302 -0.905712
v -0.041808 2.611302 -0.905712
v -0.041808 2.614302 -0.905712
v -0.037974 2.614302 -0.902712
v -0.037974 2.611302 -0.902712
v -0.040974 2.614302 -0.902712
v -0.040974 2.611302 -0.902712
v -0.040974 2.614302 -0.905712
v -0.040974 2.611302 -0.905712
v -0.037974 2.611302 -0.905712
v -0.037974 2.614302 -0.905712
v -0.057141 2.618211 -0.902712
v -0.057141 2.615211 -0.902712
v -0.060141 2.618211 -0.902712
v -0.060141 2.615211 -0.902712
v -0.060141 2.618211 -0.905712
v -0.060141 2.615211 -0.905712
v -0.057141 2.615211 -0.905712
v -0.057141 2.618211 -0.905712
v -0.053308 2.618211 -0.902712
v -0.053308 2.615211 -0.902712
v -0.056308 2.618211 -0.902712
v -0.056308 2.615211 -0.902712
v -0.056308 2.618211 -0.905712
v -0.056308 2.615211 -0.905712
v -0.053308 2.615211 -0.905712
v -0.053308 2.618211 -0.905712
v -0.049474 2.618211 -0.902712
v -0.049474 2.615211 -0.902712
v -0.052474 2.618211 -0.902712
v -0.052474 2.615211 -0.902712
v -0.052474 2.618211 -0.905712
v -0.052474 2.615211 -0.905712
v -0.049474 2.615211 -0.905712
v -0.049474 2.618211 -0.905712
v -0.045641 2.618211 -0.902712
v -0.045641 2.615211 -0.902712
v -0.048641 2.618211 -0.902712
v -0.048641 2.615211 -0.902712
v -0.048641 2.618211 -0.905712
v -0.048641 2.615211 -0.905712
v -0.045641 2.615211 -0.905712
v -0.045641 2.618211 -0.905712
v -0.041808 2.618211 -0.902712
v -0.041808 2.615211 -0.902712
v -0.044808 2.618211 -0.902712
v -0.044808 2.615211 -0.902712
v -0.044808 2.618211 -0.905712
v -0.044808 2.615211 -0.905712
v -0.041808 2.615211 -0.905712
v -0.041808 2.618211 -0.905712
v -0.037974 2.618211 -0.902712
v -0.037974 2.615211 -0.902712
v -0.040974 2.618211 -0.902712
v -0.040974 2.615211 -0.902712
v -0.040974 2.618211 -0.905712
v -0.040974 2.615211 -0.905712
v -0.037974 2.615211 -0.905712
v -0.037974 2.618211 -0.905712
v -0.057141 2.622120 -0.902712
v -0.057141 2.619120 -0.902712
v -0.060141 2.622120 -0.902712
v -0.060141 2.619120 -0.902712
v -0.060141 2.622120 -0.905712
v -0.060141 2.619120 -0.905712
v -0.057141 2.619120 -0.905712
v -0.057141 2.622120 -0.905712
v -0.053308 2.622120 -0.902712
v -0.053308 2.619120 -0.902712
v -0.056308 2.622120 -0.902712
v -0.056308 2.619120 -0.902712
v -0.056308 2.622120 -0.905712
v -0.056308 2.619120 -0.905712
v -0.053308 2.619120 -0.905712
v -0.053308 2.622120 -0.905712
v -0.049474 2.622120 -0.902712
v -0.049474 2.619120 -0.902712
v -0.052474 2.622120 -0.902712
v -0.052474 2.619120 -0.902712
v -0.052474 2.622120 -0.905712
v -0.052474 2.619120 -0.905712
v -0.049474 2.619120 -0.905712
v -0.049474 2.622120 -0.905712
v -0.045641 2.622120 -0.902712
v -0.045641 2.619120 -0.902712
v -0.048641 2.622120 -0.902712
v -0.048641 2.619120 -0.902712
v -0.048641 2.622120 -0.905712
v -0.048641 2.619120 -0.905712
v -0.045641 2.619120 -0.905712
v -0.045641 2.622120 -0.905712
v -0.041808 2.622120 -0.902712
v -0.041808 2.619120 -0.902712
v -0.044808 2.622120 -0.902712
v -0.044808 2.619120 -0.902712
v -0.044808 2.622120 -0.905712
v -0.044808 2.619120 -0.905712
v -0.041808 2.619120 -0.905712
v -0.041808 2.622120 -0.905712
v -0.037974 2.622120 -0.902712
v -0.037974 2.619120 -0.902712
v -0.040974 2.622120 -0.902712
v -0.040974 2.619120 -0.902712
v -0.040974 2.622120 -0.905712
v -0.040974 2.619120 -0.905712
v -0.037974 2.619120 -0.905712
v -0.037974 2.622120 -0.905712
v -0.057141 2.626029 -0.902712
v -0.057141 2.623029 -0.902712
v -0.060141 2.626029 -0.902712
v -0.060141 2.623029 -0.902712
v -0.060141 2.626029 -0.905712
v -0.060141 2.623029 -0.905712
v -0.057141 2.623029 -0.905712
v -0.057141 2.626029 -0.905712
v -0.053308 2.626029 -0.902712
v -0.053308 2.623029 -0.902712
v -0.056308 2.626029 -0.902712
v -0.056308 2.623029 -0.902712
v -0.056308 2.626029 -0.905712
v -0.056308 2.623029 -0.905712
v -0.053308 2.623029 -0.905712
v -0.053308 2.626029 -0.905712
v -0.052474 2.626029 -0.902712
v -0.052474 2.623029 -0.902712
v -0.052474 2.626029 -0.905712
v -0.052474 2.623029 -0.905712
v -0.049474 2.623029 -0.902712
v -0.049474 2.623029 -0.905712
v -0.049474 2.626029 -0.902712
v -0.049474 2.626029 -0.905712
v -0.049906 2.626029 -0.905712
v -0.049906 2.626029 -0.902712
v -0.052042 2.626029 -0.902712
v -0.052042 2.626029 -0.905712
v -0.051870 2.625988 -0.902712
v -0.051155 2.625897 -0.902712
v -0.050435 2.625927 -0.902712
v -0.045641 2.626029 -0.902712
v -0.045641 2.623029 -0.902712
v -0.048641 2.626029 -0.902712
v -0.048641 2.623029 -0.902712
v -0.048641 2.626029 -0.905712
v -0.048641 2.623029 -0.905712
v -0.045641 2.623029 -0.905712
v -0.045641 2.626029 -0.905712
v -0.041808 2.626029 -0.902712
v -0.041808 2.623029 -0.902712
v -0.044808 2.626029 -0.902712
v -0.044808 2.623029 -0.902712
v -0.044808 2.626029 -0.905712
v -0.044808 2.623029 -0.905712
v -0.041808 2.623029 -0.905712
v -0.041808 2.626029 -0.905712
v -0.037974 2.626029 -0.902712
v -0.037974 2.623029 -0.902712
v -0.040974 2.626029 -0.902712
v -0.040974 2.623029 -0.902712
v -0.040974 2.626029 -0.905712
v -0.040974 2.623029 -0.905712
v -0.037974 2.623029 -0.905712
v -0.037974 2.626029 -0.905712
v -0.048183 2.626939 -0.902712
v -0.048183 2.626939 -0.905712
v -0.048447 2.626726 -0.905712
v -0.053308 2.633695 -0.902712
v -0.053308 2.633695 -0.905712
v -0.053203 2.633762 -0.905712
v -0.046783 2.630848 -0.902712
v -0.046783 2.630848 -0.905712
v -0.046740 2.630503 -0.905712
v -0.048641 2.633695 -0.902712
v -0.048447 2.633560 -0.902712
v -0.047906 2.633084 -0.902712
v -0.047453 2.632523 -0.902712
v -0.047102 2.631894 -0.902712
v -0.046861 2.631214 -0.902712
v -0.055217 2.630394 -0.905712
v -0.055166 2.630848 -0.905712
v -0.055166 2.630848 -0.902712
v -0.055224 2.630143 -0.905712
v -0.055163 2.630861 -0.902712
v -0.054982 2.631559 -0.902712
v -0.054685 2.632216 -0.902712
v -0.054281 2.632813 -0.902712
v -0.053782 2.633333 -0.902712
v -0.055219 2.629939 -0.905712
v -0.055219 2.629939 -0.902712
v -0.055163 2.629425 -0.902712
v -0.054982 2.628727 -0.902712
v -0.054685 2.628070 -0.902712
v -0.054281 2.627473 -0.902712
v -0.053782 2.626953 -0.902712
v -0.053766 2.626939 -0.902712
v -0.053766 2.626939 -0.905712
v -0.053203 2.626524 -0.905712
v -0.046729 2.629939 -0.902712
v -0.046740 2.629783 -0.902712
v -0.046861 2.629072 -0.902712
v -0.047102 2.628392 -0.902712
v -0.047453 2.627763 -0.902712
v -0.047906 2.627202 -0.902712
v -0.046729 2.629939 -0.905712
v -0.046724 2.630143 -0.905712
v -0.053126 2.626478 -0.905712
v -0.052559 2.626199 -0.905712
v -0.049730 2.626079 -0.905712
v -0.049061 2.626348 -0.905712
v -0.048641 2.633695 -0.905712
v -0.049061 2.633938 -0.905712
v -0.049730 2.634207 -0.905712
v -0.050435 2.634359 -0.905712
v -0.051155 2.634389 -0.905712
v -0.051870 2.634298 -0.905712
v -0.052559 2.634087 -0.905712
v -0.057141 2.629939 -0.902712
v -0.057141 2.626939 -0.902712
v -0.060141 2.629939 -0.902712
v -0.060141 2.626939 -0.902712
v -0.060141 2.629939 -0.905712
v -0.060141 2.626939 -0.905712
v -0.057141 2.626939 -0.905712
v -0.057141 2.629939 -0.905712
v -0.056308 2.626939 -0.902712
v -0.056308 2.629939 -0.902712
v -0.056308 2.629939 -0.905712
v -0.056308 2.626939 -0.905712
v -0.045641 2.626939 -0.902712
v -0.045641 2.626939 -0.905712
v -0.045641 2.629939 -0.902712
v -0.045641 2.629939 -0.905712
v -0.041808 2.629939 -0.902712
v -0.041808 2.626939 -0.902712
v -0.044808 2.629939 -0.902712
v -0.044808 2.626939 -0.902712
v -0.044808 2.629939 -0.905712
v -0.044808 2.626939 -0.905712
v -0.041808 2.626939 -0.905712
v -0.041808 2.629939 -0.905712
v -0.037974 2.629939 -0.902712
v -0.037974 2.626939 -0.902712
v -0.040974 2.629939 -0.902712
v -0.040974 2.626939 -0.902712
v -0.040974 2.629939 -0.905712
v -0.040974 2.626939 -0.905712
v -0.037974 2.626939 -0.905712
v -0.037974 2.629939 -0.905712
v -0.057141 2.633848 -0.902712
v -0.057141 2.630848 -0.902712
v -0.060141 2.633848 -0.902712
v -0.060141 2.630848 -0.902712
v -0.060141 2.633848 -0.905712
v -0.060141 2.630848 -0.905712
v -0.057141 2.630848 -0.905712
v -0.057141 2.633848 -0.905712
v -0.053308 2.633848 -0.902712
v -0.056308 2.633848 -0.902712
v -0.056308 2.630848 -0.902712
v -0.056308 2.633848 -0.905712
v -0.056308 2.630848 -0.905712
v -0.053308 2.633848 -0.905712
v -0.045641 2.633848 -0.902712
v -0.048641 2.633848 -0.902712
v -0.045641 2.630848 -0.902712
v -0.048641 2.633848 -0.905712
v -0.045641 2.630848 -0.905712
v -0.045641 2.633848 -0.905712
v -0.041808 2.633848 -0.902712
v -0.041808 2.630848 -0.902712
v -0.044808 2.633848 -0.902712
v -0.044808 2.630848 -0.902712
v -0.044808 2.633848 -0.905712
v -0.044808 2.630848 -0.905712
v -0.041808 2.630848 -0.905712
v -0.041808 2.633848 -0.905712
v -0.037974 2.633848 -0.902712
v -0.037974 2.630848 -0.902712
v -0.040974 2.633848 -0.902712
v -0.040974 2.630848 -0.902712
v -0.040974 2.633848 -0.905712
v -0.040974 2.630848 -0.905712
v -0.037974 2.630848 -0.905712
v -0.037974 2.633848 -0.905712
v -0.057141 2.637757 -0.902712
v -0.057141 2.634757 -0.902712
v -0.060141 2.637757 -0.902712
v -0.060141 2.634757 -0.902712
v -0.060141 2.637757 -0.905712
v -0.060141 2.634757 -0.905712
v -0.057141 2.634757 -0.905712
v -0.057141 2.637757 -0.905712
v -0.053308 2.637757 -0.902712
v -0.053308 2.634757 -0.902712
v -0.056308 2.637757 -0.902712
v -0.056308 2.634757 -0.902712
v -0.056308 2.637757 -0.905712
v -0.056308 2.634757 -0.905712
v -0.053308 2.634757 -0.905712
v -0.053308 2.637757 -0.905712
v -0.049474 2.637757 -0.902712
v -0.049474 2.634757 -0.902712
v -0.052474 2.637757 -0.902712
v -0.052474 2.634757 -0.902712
v -0.052474 2.637757 -0.905712
v -0.052474 2.634757 -0.905712
v -0.049474 2.634757 -0.905712
v -0.049474 2.637757 -0.905712
v -0.045641 2.637757 -0.902712
v -0.045641 2.634757 -0.902712
v -0.048641 2.637757 -0.902712
v -0.048641 2.634757 -0.902712
v -0.048641 2.637757 -0.905712
v -0.048641 2.634757 -0.905712
v -0.045641 2.634757 -0.905712
v -0.045641 2.637757 -0.905712
v -0.041808 2.637757 -0.902712
v -0.041808 2.634757 -0.902712
v -0.044808 2.637757 -0.902712
v -0.044808 2.634757 -0.902712
v -0.044808 2.637757 -0.905712
v -0.044808 2.634757 -0.905712
v -0.041808 2.634757 -0.905712
v -0.041808 2.637757 -0.905712
v -0.037974 2.637757 -0.902712
v -0.037974 2.634757 -0.902712
v -0.040974 2.637757 -0.902712
v -0.040974 2.634757 -0.902712
v -0.040974 2.637757 -0.905712
v -0.040974 2.634757 -0.905712
v -0.037974 2.634757 -0.905712
v -0.037974 2.637757 -0.905712
v -0.057141 2.641666 -0.902712
v -0.057141 2.638666 -0.902712
v -0.060141 2.641666 -0.902712
v -0.060141 2.638666 -0.902712
v -0.060141 2.641666 -0.905712
v -0.060141 2.638666 -0.905712
v -0.057141 2.638666 -0.905712
v -0.057141 2.641666 -0.905712
v -0.053308 2.641666 -0.902712
v -0.053308 2.638666 -0.902712
v -0.056308 2.641666 -0.902712
v -0.056308 2.638666 -0.902712
v -0.056308 2.641666 -0.905712
v -0.056308 2.638666 -0.905712
v -0.053308 2.638666 -0.905712
v -0.053308 2.641666 -0.905712
v -0.052474 2.641666 -0.902712
v -0.052474 2.638666 -0.902712
v -0.052474 2.641666 -0.905712
v -0.052474 2.638666 -0.905712
v -0.049474 2.638666 -0.902712
v -0.049474 2.638666 -0.905712
v -0.049474 2.641666 -0.902712
v -0.049474 2.641666 -0.905712
v -0.049476 2.641666 -0.905712
v -0.049476 2.641666 -0.902712
v -0.052472 2.641666 -0.902712
v -0.052472 2.641666 -0.905712
v -0.051155 2.641397 -0.902712
v -0.051870 2.641489 -0.902712
v -0.049730 2.641579 -0.902712
v -0.050435 2.641428 -0.902712
v -0.045641 2.641666 -0.902712
v -0.045641 2.638666 -0.902712
v -0.048641 2.641666 -0.902712
v -0.048641 2.638666 -0.902712
v -0.048641 2.641666 -0.905712
v -0.048641 2.638666 -0.905712
v -0.045641 2.638666 -0.905712
v -0.045641 2.641666 -0.905712
v -0.041808 2.641666 -0.902712
v -0.041808 2.638666 -0.902712
v -0.044808 2.641666 -0.902712
v -0.044808 2.638666 -0.902712
v -0.044808 2.641666 -0.905712
v -0.044808 2.638666 -0.905712
v -0.041808 2.638666 -0.905712
v -0.041808 2.641666 -0.905712
v -0.037974 2.641666 -0.902712
v -0.037974 2.638666 -0.902712
v -0.040974 2.641666 -0.902712
v -0.040974 2.638666 -0.902712
v -0.040974 2.641666 -0.905712
v -0.040974 2.638666 -0.905712
v -0.037974 2.638666 -0.905712
v -0.037974 2.641666 -0.905712
v -0.048033 2.642575 -0.902712
v -0.048033 2.642575 -0.905712
v -0.048447 2.642226 -0.905712
v -0.052559 2.641700 -0.905712
v -0.046808 2.646484 -0.902712
v -0.046808 2.646484 -0.905712
v -0.046740 2.646003 -0.905712
v -0.049058 2.649436 -0.905712
v -0.048641 2.649195 -0.905712
v -0.048641 2.649195 -0.902712
v -0.048447 2.649060 -0.902712
v -0.047906 2.648584 -0.902712
v -0.047453 2.648023 -0.902712
v -0.047102 2.647394 -0.902712
v -0.046861 2.646714 -0.902712
v -0.053308 2.649195 -0.902712
v -0.053782 2.648834 -0.902712
v -0.054281 2.648313 -0.902712
v -0.054685 2.647716 -0.902712
v -0.054982 2.647059 -0.902712
v -0.055140 2.646484 -0.902712
v -0.055224 2.645575 -0.902712
v -0.055163 2.644925 -0.902712
v -0.054982 2.644227 -0.902712
v -0.054685 2.643570 -0.902712
v -0.054281 2.642973 -0.902712
v -0.053915 2.642575 -0.902712
v -0.046725 2.645575 -0.902712
v -0.046740 2.645283 -0.902712
v -0.046861 2.644572 -0.902712
v -0.047102 2.643893 -0.902712
v -0.047453 2.643263 -0.902712
v -0.047906 2.642702 -0.902712
v -0.046725 2.645575 -0.905712
v -0.046724 2.645643 -0.905712
v -0.053915 2.642575 -0.905712
v -0.053782 2.642453 -0.905712
v -0.053339 2.642112 -0.905712
v -0.053203 2.642024 -0.905712
v -0.049061 2.641848 -0.905712
v -0.049061 2.649438 -0.905712
v -0.049730 2.649707 -0.905712
v -0.050435 2.649859 -0.905712
v -0.051155 2.649889 -0.905712
v -0.051870 2.649798 -0.905712
v -0.052559 2.649587 -0.905712
v -0.052898 2.649433 -0.905712
v -0.053203 2.649262 -0.905712
v -0.053308 2.649195 -0.905712
v -0.055140 2.646484 -0.905712
v -0.055163 2.646361 -0.905712
v -0.055207 2.646031 -0.905712
v -0.055224 2.645643 -0.905712
v -0.055224 2.645575 -0.905712
v -0.057141 2.645575 -0.902712
v -0.057141 2.642575 -0.902712
v -0.060141 2.645575 -0.902712
v -0.060141 2.642575 -0.902712
v -0.060141 2.645575 -0.905712
v -0.060141 2.642575 -0.905712
v -0.057141 2.642575 -0.905712
v -0.057141 2.645575 -0.905712
v -0.056308 2.642575 -0.902712
v -0.056308 2.645575 -0.902712
v -0.056308 2.645575 -0.905712
v -0.056308 2.642575 -0.905712
v -0.045641 2.642575 -0.902712
v -0.045641 2.642575 -0.905712
v -0.045641 2.645575 -0.902712
v -0.045641 2.645575 -0.905712
v -0.041808 2.645575 -0.902712
v -0.041808 2.642575 -0.902712
v -0.044808 2.645575 -0.902712
v -0.044808 2.642575 -0.902712
v -0.044808 2.645575 -0.905712
v -0.044808 2.642575 -0.905712
v -0.041808 2.642575 -0.905712
v -0.041808 2.645575 -0.905712
v -0.037974 2.645575 -0.902712
v -0.037974 2.642575 -0.902712
v -0.040974 2.645575 -0.902712
v -0.040974 2.642575 -0.902712
v -0.040974 2.645575 -0.905712
v -0.040974 2.642575 -0.905712
v -0.037974 2.642575 -0.905712
v -0.037974 2.645575 -0.905712
v -0.045224 2.646029 -0.905712
v -0.048641 2.649484 -0.905712
v -0.041391 2.610848 -0.905712
v -0.037974 2.653393 -0.905712
v -0.040974 2.653393 -0.905712
v -0.041391 2.654393 -0.905712
v -0.040974 2.650393 -0.905712
v -0.040974 2.649484 -0.905712
v -0.040974 2.646484 -0.905712
v -0.041391 2.646029 -0.905712
v -0.037974 2.646484 -0.905712
v -0.037974 2.649484 -0.905712
v -0.037974 2.650393 -0.905712
v -0.064974 2.654393 -0.905712
v -0.060558 2.654393 -0.905712
v -0.064974 2.610848 -0.905712
v -0.060558 2.610848 -0.905712
v -0.049058 2.634575 -0.905712
v -0.045224 2.634575 -0.905712
v -0.045224 2.630393 -0.905712
v -0.045224 2.626484 -0.905712
v -0.049058 2.622575 -0.905712
v -0.045224 2.622575 -0.905712
v -0.052891 2.622575 -0.905712
v -0.060558 2.626484 -0.905712
v -0.060558 2.622575 -0.905712
v -0.060558 2.630393 -0.905712
v -0.060558 2.634575 -0.905712
v -0.052891 2.634575 -0.905712
v -0.045641 2.650393 -0.905712
v -0.045641 2.653393 -0.905712
v -0.045224 2.654393 -0.905712
v -0.049058 2.654393 -0.905712
v -0.048641 2.653393 -0.905712
v -0.048641 2.650393 -0.905712
v -0.045641 2.646484 -0.905712
v -0.045641 2.649484 -0.905712
v -0.045224 2.642120 -0.905712
v -0.052891 2.638211 -0.905712
v -0.049058 2.638211 -0.905712
v -0.045224 2.638211 -0.905712
v -0.060558 2.642120 -0.905712
v -0.060558 2.638211 -0.905712
v -0.060558 2.646029 -0.905712
v -0.056308 2.646484 -0.905712
v -0.057141 2.653393 -0.905712
v -0.060141 2.653393 -0.905712
v -0.060141 2.650393 -0.905712
v -0.052891 2.654393 -0.905712
v -0.056308 2.653393 -0.905712
v -0.057141 2.650393 -0.905712
v -0.057141 2.649484 -0.905712
v -0.060141 2.649484 -0.905712
v -0.060141 2.646484 -0.905712
v -0.057141 2.646484 -0.905712
v -0.053308 2.649484 -0.905712
v -0.053308 2.650393 -0.905712
v -0.053308 2.653393 -0.905712
v -0.056308 2.649484 -0.905712
v -0.056308 2.650393 -0.905712
v -0.052474 2.650393 -0.905712
v -0.052474 2.653393 -0.905712
v -0.049474 2.653393 -0.905712
v -0.049474 2.650393 -0.905712
v -0.045224 2.610848 -0.905712
v -0.049058 2.610848 -0.905712
v -0.052891 2.610848 -0.905712
v -0.041391 2.614757 -0.905712
v -0.045224 2.614757 -0.905712
v -0.049058 2.614757 -0.905712
v -0.052891 2.614757 -0.905712
v -0.060558 2.614757 -0.905712
v -0.064974 2.614757 -0.905712
v -0.041391 2.618666 -0.905712
v -0.045224 2.618666 -0.905712
v -0.049058 2.618666 -0.905712
v -0.052891 2.618666 -0.905712
v -0.060558 2.618666 -0.905712
v -0.064974 2.618666 -0.905712
v -0.041391 2.622575 -0.905712
v -0.064974 2.622575 -0.905712
v -0.041391 2.626484 -0.905712
v -0.064974 2.626484 -0.905712
v -0.041391 2.630393 -0.905712
v -0.064974 2.630393 -0.905712
v -0.041391 2.634575 -0.905712
v -0.064974 2.634575 -0.905712
v -0.041391 2.638211 -0.905712
v -0.064974 2.638211 -0.905712
v -0.041391 2.642120 -0.905712
v -0.064974 2.642120 -0.905712
v -0.064974 2.646029 -0.905712
v -0.044808 2.649484 -0.905712
v -0.044808 2.646484 -0.905712
v -0.041808 2.646484 -0.905712
v -0.041808 2.650393 -0.905712
v -0.041808 2.649484 -0.905712
v -0.044808 2.650393 -0.905712
v -0.041808 2.653393 -0.905712
v -0.044808 2.653393 -0.905712
v -0.057141 2.649484 -0.902712
v -0.057141 2.646484 -0.902712
v -0.060141 2.649484 -0.902712
v -0.060141 2.646484 -0.902712
v -0.053308 2.649484 -0.902712
v -0.056308 2.649484 -0.902712
v -0.056308 2.646484 -0.902712
v -0.045641 2.646484 -0.902712
v -0.045641 2.649484 -0.902712
v -0.048641 2.649484 -0.902712
v -0.041808 2.649484 -0.902712
v -0.041808 2.646484 -0.902712
v -0.044808 2.649484 -0.902712
v -0.044808 2.646484 -0.902712
v -0.037974 2.649484 -0.902712
v -0.037974 2.646484 -0.902712
v -0.040974 2.649484 -0.902712
v -0.040974 2.646484 -0.902712
v -0.057141 2.653393 -0.902712
v -0.057141 2.650393 -0.902712
v -0.060141 2.653393 -0.902712
v -0.060141 2.650393 -0.902712
v -0.053308 2.653393 -0.902712
v -0.053308 2.650393 -0.902712
v -0.056308 2.653393 -0.902712
v -0.056308 2.650393 -0.902712
v -0.049474 2.653393 -0.902712
v -0.049474 2.650393 -0.902712
v -0.052474 2.653393 -0.902712
v -0.052474 2.650393 -0.902712
v -0.045641 2.653393 -0.902712
v -0.045641 2.650393 -0.902712
v -0.048641 2.653393 -0.902712
v -0.048641 2.650393 -0.902712
v -0.041808 2.653393 -0.902712
v -0.041808 2.650393 -0.902712
v -0.044808 2.653393 -0.902712
v -0.044808 2.650393 -0.902712
v -0.037974 2.653393 -0.902712
v -0.037974 2.650393 -0.902712
v -0.040974 2.653393 -0.902712
v -0.040974 2.650393 -0.902712
vn -0.0000 -1.0000 -0.0000
vn -0.0000 -1.0000 0.0001
vn 0.0782 -0.9969 -0.0000
vn 0.2332 -0.9724 -0.0000
vn 0.3829 -0.9238 -0.0000
vn 0.5226 -0.8526 -0.0000
vn 0.6495 -0.7604 -0.0000
vn 0.7604 -0.6494 -0.0000
vn 0.8526 -0.5226 -0.0000
vn 0.9239 -0.3827 -0.0000
vn 0.9724 -0.2334 -0.0000
vn 0.9969 -0.0785 -0.0000
vn 1.0000 -0.0000 -0.0000
vn 0.9969 0.0784 -0.0000
vn 0.9723 0.2336 -0.0000
vn 0.9240 0.3824 -0.0000
vn 0.9240 0.3825 -0.0000
vn 0.8526 0.5226 -0.0000
vn 0.7604 0.6494 -0.0000
vn 0.6495 0.7604 -0.0000
vn 0.5226 0.8526 -0.0000
vn 0.3822 0.9241 -0.0000
vn 0.2340 0.9722 -0.0000
vn 0.0782 0.9969 -0.0000
vn -0.0000 1.0000 -0.0000
vn -0.0000 1.0000 0.0001
vn -0.0000 1.0000 -0.0001
vn -0.0783 0.9969 -0.0000
vn -0.0782 0.9969 -0.0000
vn -0.2340 0.9722 -0.0000
vn -0.3822 0.9241 -0.0000
vn -0.5226 0.8526 -0.0000
vn -0.6495 0.7604 -0.0000
vn -0.7604 0.6494 -0.0000
vn -0.8526 0.5226 -0.0000
vn -0.9240 0.3825 -0.0000
vn -0.9240 0.3824 -0.0000
vn -0.9723 0.2336 -0.0000
vn -0.9969 0.0785 -0.0000
vn -0.9969 0.0784 -0.0000
vn -0.0000 -0.0000 1.0000
vn 0.0004 -0.0000 1.0000
vn -0.0002 -0.0000 1.0000
vn 0.0002 -0.0000 1.0000
vn -0.0001 -0.0000 1.0000
vn 0.0006 -0.0000 1.0000
vn -0.0004 -0.0000 1.0000
vn 0.0001 -0.0000 1.0000
vn -0.0003 -0.0000 1.0000
vn 0.0003 -0.0000 1.0000
vn -0.0006 -0.0000 1.0000
vn -1.0000 -0.0000 -0.0000
vn -0.9969 -0.0785 -0.0000
vn -0.9724 -0.2335 -0.0000
vn -0.9724 -0.2334 -0.0000
vn -0.9239 -0.3827 -0.0000
vn -0.8526 -0.5226 -0.0000
vn -0.7604 -0.6494 -0.0000
vn -0.6495 -0.7604 -0.0000
vn -0.5226 -0.8526 -0.0000
vn -0.3829 -0.9238 -0.0000
vn -0.2332 -0.9724 -0.0000
vn -0.0782 -0.9969 -0.0000
vn -0.0783 -0.9969 -0.0000
vn -0.0000 -0.0000 -1.0000
vn 0.0003 -0.0000 -1.0000
vn 0.0001 -0.0000 -1.0000
vn -0.0003 -0.0000 -1.0000
vn -0.0006 -0.0000 -1.0000
vn -0.0001 -0.0000 -1.0000
vn 0.0002 -0.0000 -1.0000
vn -0.0002 -0.0000 -1.0000
vn 0.0006 -0.0000 -1.0000
vn 0.9964 0.0848 -0.0000
vn 0.9677 0.2519 -0.0000
vn 0.9677 0.2520 -0.0000
vn 0.9113 0.4118 -0.0000
vn 0.8283 0.5602 -0.0000
vn 0.7222 0.6917 -0.0000
vn 0.7222 0.6916 -0.0000
vn 0.5946 0.8040 -0.0000
vn 0.4499 0.8931 -0.0000
vn 0.2931 0.9561 -0.0000
vn 0.1272 0.9919 -0.0000
vn -0.0429 0.9991 -0.0000
vn -0.2102 0.9777 -0.0000
vn -0.3732 0.9278 -0.0000
vn -0.5243 0.8515 -0.0000
vn -0.6607 0.7507 -0.0000
vn -0.7780 0.6282 -0.0000
vn -0.8730 0.4878 -0.0000
vn -0.8730 0.4877 -0.0000
vn -0.9429 0.3330 -0.0000
vn -0.9429 0.3331 -0.0000
vn -0.9856 0.1690 -0.0000
vn -0.9991 0.0425 -0.0000
vn -0.9991 -0.0424 -0.0000
vn -0.9856 -0.1690 -0.0000
vn -0.9429 -0.3330 -0.0000
vn -0.9429 -0.3331 -0.0000
vn -0.8730 -0.4877 -0.0000
vn -0.8730 -0.4878 -0.0000
vn -0.7780 -0.6282 -0.0000
vn -0.6607 -0.7507 -0.0000
vn -0.5243 -0.8515 -0.0000
vn -0.3726 -0.9280 -0.0000
vn -0.3725 -0.9280 -0.0000
vn -0.2108 -0.9775 -0.0000
vn -0.2109 -0.9775 -0.0000
vn -0.0422 -0.9991 -0.0000
vn 0.1265 -0.9920 -0.0000
vn 0.2931 -0.9561 -0.0000
vn 0.4499 -0.8931 -0.0000
vn 0.5946 -0.8040 -0.0000
vn 0.7222 -0.6917 -0.0000
vn 0.8286 -0.5599 -0.0000
vn 0.8285 -0.5599 -0.0000
vn 0.9112 -0.4121 -0.0000
vn 0.9112 -0.4120 -0.0000
vn 0.9677 -0.2520 -0.0000
vn 0.9964 -0.0848 -0.0000
vn 0.9112 0.4121 -0.0000
vn 0.9112 0.4120 -0.0000
vn 0.8286 0.5599 -0.0000
vn 0.8285 0.5599 -0.0000
vn 0.7219 0.6920 -0.0000
vn 0.4505 0.8928 -0.0000
vn 0.1265 0.9920 -0.0000
vn -0.0422 0.9991 -0.0000
vn -0.2108 0.9775 -0.0000
vn -0.2109 0.9775 -0.0000
vn -0.3725 0.9280 -0.0000
vn -0.3726 0.9280 -0.0000
vn -0.9991 0.0424 -0.0000
vn -0.9991 -0.0425 -0.0000
vn -0.3732 -0.9278 -0.0000
vn -0.3731 -0.9278 -0.0000
vn -0.2102 -0.9777 -0.0000
vn -0.0429 -0.9991 -0.0000
vn 0.1272 -0.9919 -0.0000
vn 0.7219 -0.6920 -0.0000
vn 0.9113 -0.4118 -0.0000
vn -0.0011 -0.0000 1.0000
vn 0.0015 -0.0000 1.0000
vn -0.0005 -0.0000 1.0000
vn -0.0785 -0.9969 -0.0000
vn -0.2335 -0.9724 -0.0000
vn -0.3824 -0.9240 -0.0000
vn -0.5227 -0.8525 -0.0000
vn -0.6493 -0.7606 -0.0000
vn -0.6494 -0.7604 -0.0000
vn -0.7605 -0.6493 -0.0000
vn -0.9969 -0.0784 -0.0000
vn -0.9724 0.2335 -0.0000
vn -0.9724 0.2334 -0.0000
vn -0.9239 0.3827 -0.0000
vn -0.8527 0.5224 -0.0000
vn -0.7603 0.6496 -0.0000
vn -0.6496 0.7603 -0.0000
vn -0.6497 0.7602 -0.0000
vn -0.5222 0.8528 -0.0000
vn -0.5223 0.8528 -0.0000
vn -0.3828 0.9238 -0.0000
vn -0.3829 0.9238 -0.0000
vn -0.2335 0.9724 -0.0000
vn -0.0785 0.9969 -0.0000
vn 0.0785 0.9969 -0.0000
vn 0.2335 0.9724 -0.0000
vn 0.3828 0.9238 -0.0000
vn 0.3829 0.9238 -0.0000
vn 0.5222 0.8528 -0.0000
vn 0.5223 0.8528 -0.0000
vn 0.6496 0.7603 -0.0000
vn 0.6497 0.7602 -0.0000
vn 0.7603 0.6495 -0.0000
vn 0.8527 0.5224 -0.0000
vn 0.9239 0.3827 -0.0000
vn 0.9724 0.2335 -0.0000
vn 0.9724 0.2334 -0.0000
vn 0.9969 0.0785 -0.0000
vn 0.9969 -0.0784 -0.0000
vn 0.9724 -0.2335 -0.0000
vn 0.8525 -0.5227 -0.0000
vn 0.7605 -0.6493 -0.0000
vn 0.6493 -0.7606 -0.0000
vn 0.6494 -0.7604 -0.0000
vn 0.5227 -0.8525 -0.0000
vn 0.3824 -0.9240 -0.0000
vn 0.2335 -0.9724 -0.0000
vn 0.0785 -0.9969 -0.0000
vn 0.8527 -0.5224 -0.0000
vn 0.7603 -0.6496 -0.0000
vn 0.7603 -0.6495 -0.0000
vn 0.3828 -0.9238 -0.0000
vn 0.0780 -0.9970 -0.0000
vn -0.0780 -0.9970 -0.0000
vn -0.3828 -0.9238 -0.0000
vn -0.7603 -0.6495 -0.0000
vn -0.7603 -0.6496 -0.0000
vn -0.8527 -0.5224 -0.0000
vn -0.7603 0.6495 -0.0000
vn 0.7603 0.6496 -0.0000
vn -0.6262 0.7796 -0.0000
vn 0.5364 -0.8439 -0.0000
vn -0.9921 -0.1253 -0.0000
vn -0.5242 -0.8516 -0.0069
vn -0.5720 -0.8202 -0.0000
vn -0.6608 -0.7506 -0.0000
vn -0.7780 -0.6283 -0.0000
vn -0.8731 -0.4876 -0.0000
vn 0.9936 -0.1126 -0.0000
vn 0.9996 -0.0295 -0.0000
vn 0.9958 -0.0920 -0.0031
vn 0.9964 -0.0848 -0.0006
vn 0.9856 -0.1689 -0.0000
vn 0.9112 -0.4119 -0.0000
vn 0.8285 -0.5600 -0.0000
vn 0.7220 -0.6919 -0.0000
vn 0.9997 0.0241 -0.0000
vn 0.9940 0.1087 -0.0087
vn 0.9112 0.4119 -0.0000
vn 0.8285 0.5600 -0.0000
vn 0.7220 0.6919 -0.0000
vn 0.6554 0.7553 -0.0000
vn 0.5944 0.8041 -0.0008
vn 0.5925 0.8056 -0.0000
vn 0.2311 0.9727 -0.0223
vn 0.2927 0.9562 -0.0000
vn 0.1270 0.9919 -0.0000
vn -0.0423 0.9991 -0.0000
vn -0.1897 0.9818 -0.0000
vn -0.2107 0.9775 -0.0057
vn -0.9991 0.0424 -0.0019
vn -0.9978 0.0665 -0.0000
vn -0.7781 0.6281 -0.0000
vn -0.6606 0.7508 -0.0000
vn -0.9997 0.0240 -0.0000
vn -0.9997 0.0241 -0.0000
vn -0.9778 -0.2091 -0.0147
vn 0.5173 0.8558 -0.0000
vn 0.4504 0.8928 -0.0014
vn 0.4408 0.8976 -0.0000
vn 0.3125 0.9499 -0.0000
vn -0.2716 0.9624 -0.0000
vn -0.3731 0.9278 -0.0000
vn -0.3730 0.9278 -0.0000
vn -0.5243 0.8516 -0.0000
vn -0.5242 0.8516 -0.0000
vn -0.6899 0.7238 -0.0140
vn -0.5004 -0.8658 -0.0000
vn -0.3728 -0.9279 -0.0000
vn -0.2107 -0.9776 -0.0000
vn -0.0423 -0.9991 -0.0000
vn 0.1270 -0.9919 -0.0000
vn 0.2927 -0.9562 -0.0000
vn 0.4502 -0.8929 -0.0000
vn 0.5364 -0.8440 -0.0000
vn 0.6064 -0.7951 -0.0053
vn -0.6444 0.7647 -0.0000
vn 0.3615 0.9324 -0.0000
vn -0.9899 -0.1416 -0.0000
vn -0.5008 -0.8655 -0.0000
vn -0.5245 -0.8514 -0.0068
vn -0.6606 -0.7508 -0.0000
vn -0.7781 -0.6281 -0.0000
vn 0.6062 -0.7953 -0.0053
vn 0.9639 -0.2661 -0.0000
vn 0.9677 -0.2520 -0.0044
vn 0.9957 0.0928 -0.0029
vn 0.7366 0.6763 -0.0000
vn 0.7220 0.6919 -0.0058
vn -0.3727 0.9279 -0.0071
vn -0.3232 0.9463 -0.0000
vn -0.2107 0.9776 -0.0000
vn -0.9991 0.0425 -0.0012
vn -0.9987 0.0505 -0.0000
vn -0.8730 0.4876 -0.0000
vn -0.8731 0.4876 -0.0000
vn -0.7780 0.6283 -0.0000
vn -1.0000 0.0081 -0.0000
vn -1.0000 0.0082 -0.0000
vn -0.9742 -0.2249 -0.0205
vn 0.6762 0.7368 -0.0000
vn 0.6762 0.7367 -0.0000
vn 0.6099 0.7925 -0.0000
vn 0.5947 0.8040 -0.0021
vn 0.2824 0.9593 -0.0038
vn 0.4502 0.8930 -0.0000
vn 0.4502 0.8929 -0.0000
vn 0.5407 0.8412 -0.0000
vn -0.4016 0.9158 -0.0000
vn -0.5245 0.8514 -0.0000
vn -0.7073 0.7066 -0.0226
vn -0.4875 -0.8731 -0.0000
vn -0.5007 -0.8656 -0.0000
vn 0.4132 -0.9106 -0.0000
vn 0.4501 -0.8929 -0.0030
vn 0.4887 -0.8724 -0.0000
vn 0.5378 -0.8431 -0.0000
vn 0.9830 -0.1836 -0.0000
vn 0.9915 -0.1302 -0.0000
vn 0.9964 -0.0848 -0.0030
vn 0.9990 -0.0457 -0.0000
vn 1.0000 0.0082 -0.0000
vn 1.0000 0.0080 -0.0000
vn -0.0012 -0.0000 -1.0000
vn -0.0010 -0.0000 -1.0000
vn 0.0013 -0.0000 -1.0000
vn 0.0004 -0.0000 -1.0000
vn 0.0009 -0.0000 -1.0000
vn 0.0015 -0.0000 -1.0000
vn -0.0004 -0.0000 -1.0000
vn 0.0005 -0.0000 -1.0000
vn 0.0177 -0.0000 -0.9998
vn -0.0005 -0.0000 -1.0000
s 0
f 1//1 2//1 3//1
f 3//2 2//2 4//2
f 3//1 4//1 5//1
f 5//1 4//1 6//1
f 6//1 7//1 5//1
f 5//1 7//1 8//1
f 5//1 8//1 9//1
f 5//3 9//3 10//3
f 5//3 10//3 11//3
f 11//4 10//4 12//4
f 11//4 12//4 13//4
f 13//5 12//5 14//5
f 13//5 14//5 15//5
f 15//6 14//6 16//6
f 15//6 16//6 17//6
f 17//7 16//7 18//7
f 17//7 18//7 19//7
f 19//8 18//8 20//8
f 19//8 20//8 21//8
f 21//9 20//9 22//9
f 21//9 22//9 23//9
f 23//10 22//10 24//10
f 23//10 24//10 25//10
f 25//11 24//11 26//11
f 25//11 26//11 27//11
f 27//12 26//12 28//12
f 27//12 28//12 29//12
f 29//13 28//13 30//13
f 30//13 31//13 29//13
f 29//13 31//13 32//13
f 29//13 32//13 33//13
f 33//13 34//13 29//13
f 29//13 34//13 35//13
f 29//13 35//13 36//13
f 36//13 35//13 37//13
f 36//13 37//13 38//13
f 38//13 39//13 36//13
f 36//13 39//13 40//13
f 36//13 40//13 41//13
f 36//14 41//14 42//14
f 36//14 42//14 43//14
f 43//15 42//15 44//15
f 43//15 44//15 45//15
f 45//16 44//16 46//16
f 45//17 46//17 47//17
f 47//18 46//18 48//18
f 47//18 48//18 49//18
f 49//19 48//19 50//19
f 49//19 50//19 51//19
f 51//20 50//20 52//20
f 51//20 52//20 53//20
f 53//21 52//21 54//21
f 53//21 54//21 55//21
f 55//22 54//22 56//22
f 55//22 56//22 57//22
f 57//23 56//23 58//23
f 57//23 58//23 59//23
f 59//24 58//24 60//24
f 59//24 60//24 61//24
f 62//25 63//25 64//25
f 61//25 60//25 65//25
f 65//25 66//25 61//25
f 61//25 66//25 67//25
f 61//25 67//25 64//25
f 64//26 67//26 68//26
f 64//27 68//27 62//27
f 64//28 63//28 69//28
f 64//29 69//29 70//29
f 70//30 69//30 71//30
f 70//30 71//30 72//30
f 72//31 71//31 73//31
f 72//31 73//31 74//31
f 74//32 73//32 75//32
f 74//32 75//32 76//32
f 76//33 75//33 77//33
f 76//33 77//33 78//33
f 78//34 77//34 79//34
f 78//34 79//34 80//34
f 80//35 79//35 81//35
f 80//35 81//35 82//35
f 82//36 81//36 83//36
f 82//37 83//37 84//37
f 84//38 83//38 85//38
f 84//38 85//38 86//38
f 86//39 85//39 87//39
f 86//40 87//40 88//40
f 89//41 90//41 29//41
f 91//42 92//42 93//42
f 92//41 94//41 93//41
f 93//43 94//43 95//43
f 93//42 95//42 96//42
f 97//44 98//44 64//44
f 64//45 98//45 99//45
f 64//41 99//41 100//41
f 101//41 61//41 102//41
f 102//41 61//41 103//41
f 104//41 90//41 105//41
f 105//41 90//41 106//41
f 107//46 108//46 29//46
f 29//47 108//47 109//47
f 29//44 109//44 110//44
f 47//41 49//41 111//41
f 112//41 113//41 93//41
f 114//41 88//41 115//41
f 115//48 88//48 116//48
f 117//45 80//45 82//45
f 100//41 118//41 64//41
f 64//45 118//45 119//45
f 64//41 119//41 61//41
f 61//41 119//41 120//41
f 61//48 120//48 103//48
f 121//44 122//44 36//44
f 36//41 122//41 123//41
f 36//41 123//41 124//41
f 29//48 125//48 126//48
f 127//41 128//41 129//41
f 112//41 93//41 130//41
f 104//41 131//41 90//41
f 90//48 131//48 132//48
f 90//41 132//41 29//41
f 29//45 132//45 133//45
f 29//41 133//41 107//41
f 134//41 5//41 135//41
f 135//49 5//49 11//49
f 134//41 136//41 5//41
f 5//44 136//44 137//44
f 5//41 137//41 3//41
f 3//41 137//41 138//41
f 3//43 138//43 139//43
f 140//41 141//41 142//41
f 142//45 141//45 143//45
f 139//41 144//41 3//41
f 3//45 144//45 145//45
f 3//46 145//46 146//46
f 146//49 145//49 142//49
f 146//46 142//46 147//46
f 147//41 142//41 143//41
f 47//41 111//41 45//41
f 124//45 148//45 36//45
f 36//50 148//50 149//50
f 36//41 149//41 29//41
f 29//48 149//48 150//48
f 29//43 150//43 125//43
f 126//41 151//41 29//41
f 29//41 151//41 152//41
f 29//49 152//49 89//49
f 96//51 153//51 93//51
f 93//41 153//41 154//41
f 93//48 154//48 155//48
f 155//41 156//41 157//41
f 110//41 158//41 29//41
f 29//43 158//43 159//43
f 29//41 159//41 27//41
f 27//48 159//48 160//48
f 27//41 160//41 25//41
f 25//45 160//45 135//45
f 25//41 135//41 23//41
f 91//41 93//41 142//41
f 142//45 93//45 161//45
f 142//45 161//45 162//45
f 114//41 163//41 88//41
f 88//45 163//45 164//45
f 88//50 164//50 86//50
f 86//45 164//45 117//45
f 86//41 117//41 84//41
f 84//41 117//41 82//41
f 49//41 51//41 111//41
f 111//43 51//43 53//43
f 111//48 53//48 55//48
f 101//41 165//41 61//41
f 61//43 165//43 166//43
f 61//42 166//42 59//42
f 59//45 166//45 111//45
f 59//41 111//41 57//41
f 57//41 111//41 55//41
f 121//41 36//41 111//41
f 111//48 36//48 43//48
f 111//41 43//41 45//41
f 156//41 167//41 157//41
f 157//45 167//45 168//45
f 157//41 168//41 169//41
f 155//41 157//41 93//41
f 93//41 157//41 170//41
f 93//50 170//50 130//50
f 113//41 171//41 93//41
f 93//44 171//44 172//44
f 93//41 172//41 88//41
f 88//44 172//44 173//44
f 88//49 173//49 116//49
f 11//41 13//41 135//41
f 135//48 13//48 15//48
f 135//48 15//48 17//48
f 162//41 174//41 142//41
f 142//48 174//48 175//48
f 142//41 175//41 140//41
f 117//41 72//41 74//41
f 129//41 128//41 176//41
f 176//48 128//48 177//48
f 176//47 177//47 90//47
f 90//48 177//48 178//48
f 90//48 178//48 106//48
f 97//43 64//43 117//43
f 117//48 64//48 70//48
f 117//48 70//48 72//48
f 74//41 76//41 117//41
f 117//44 76//44 78//44
f 117//41 78//41 80//41
f 179//50 180//50 181//50
f 17//41 19//41 135//41
f 135//41 19//41 21//41
f 135//45 21//45 23//45
f 169//41 182//41 157//41
f 157//45 182//45 179//45
f 157//42 179//42 183//42
f 183//49 179//49 181//49
f 180//41 184//41 181//41
f 181//48 184//48 185//48
f 181//41 185//41 129//41
f 129//41 185//41 186//41
f 129//45 186//45 127//45
f 87//52 187//52 88//52
f 88//52 187//52 188//52
f 188//52 189//52 88//52
f 88//52 189//52 190//52
f 88//52 190//52 93//52
f 93//52 190//52 191//52
f 191//52 192//52 93//52
f 93//52 192//52 193//52
f 93//52 193//52 194//52
f 194//52 195//52 93//52
f 93//52 195//52 196//52
f 93//52 196//52 197//52
f 93//53 197//53 198//53
f 93//53 198//53 161//53
f 161//54 198//54 199//54
f 161//55 199//55 162//55
f 162//56 199//56 200//56
f 162//56 200//56 174//56
f 174//57 200//57 201//57
f 174//57 201//57 175//57
f 175//58 201//58 202//58
f 175//58 202//58 140//58
f 140//59 202//59 203//59
f 140//59 203//59 141//59
f 141//60 203//60 204//60
f 141//60 204//60 143//60
f 143//61 204//61 205//61
f 143//61 205//61 147//61
f 147//62 205//62 206//62
f 147//62 206//62 146//62
f 146//63 206//63 1//63
f 146//64 1//64 3//64
f 207//65 208//65 209//65
f 209//65 208//65 210//65
f 209//65 210//65 211//65
f 211//65 210//65 212//65
f 211//66 212//66 213//66
f 213//67 212//67 214//67
f 213//68 214//68 215//68
f 215//67 214//67 216//67
f 215//65 216//65 217//65
f 217//65 216//65 218//65
f 217//69 218//69 219//69
f 219//67 218//67 220//67
f 219//65 220//65 221//65
f 221//67 220//67 222//67
f 221//65 222//65 223//65
f 223//70 222//70 224//70
f 223//66 224//66 225//66
f 225//65 224//65 226//65
f 225//65 226//65 227//65
f 227//65 226//65 228//65
f 227//65 228//65 229//65
f 229//70 228//70 230//70
f 229//65 230//65 231//65
f 231//65 230//65 232//65
f 231//71 232//71 233//71
f 233//65 232//65 234//65
f 233//71 234//71 235//71
f 235//65 234//65 236//65
f 235//65 236//65 237//65
f 237//65 236//65 238//65
f 237//65 238//65 239//65
f 239//65 238//65 240//65
f 239//65 240//65 241//65
f 241//65 240//65 242//65
f 241//72 242//72 243//72
f 243//65 242//65 244//65
f 243//71 244//71 245//71
f 245//70 244//70 246//70
f 245//66 246//66 247//66
f 247//65 246//65 248//65
f 247//65 248//65 249//65
f 249//65 248//65 250//65
f 249//65 250//65 251//65
f 251//67 250//67 252//67
f 251//68 252//68 253//68
f 253//65 252//65 254//65
f 253//65 254//65 255//65
f 255//66 254//66 256//66
f 255//65 256//65 257//65
f 257//72 256//72 258//72
f 257//73 258//73 259//73
f 259//70 258//70 260//70
f 259//65 260//65 261//65
f 261//65 260//65 262//65
f 261//65 262//65 263//65
f 263//67 262//67 264//67
f 263//68 264//68 265//68
f 265//67 264//67 266//67
f 265//65 266//65 267//65
f 267//70 266//70 268//70
f 267//65 268//65 269//65
f 269//65 268//65 270//65
f 269//65 270//65 271//65
f 271//67 270//67 272//67
f 271//65 272//65 273//65
f 273//65 272//65 274//65
f 273//65 274//65 275//65
f 275//65 274//65 276//65
f 275//65 276//65 277//65
f 277//65 276//65 278//65
f 277//65 278//65 279//65
f 279//67 278//67 280//67
f 279//72 280//72 281//72
f 281//65 280//65 282//65
f 281//65 282//65 207//65
f 207//70 282//70 208//70
f 283//65 284//65 285//65
f 285//70 284//70 286//70
f 285//66 286//66 287//66
f 287//65 286//65 288//65
f 287//65 288//65 289//65
f 289//65 288//65 290//65
f 289//68 290//68 291//68
f 291//67 290//67 292//67
f 291//65 292//65 293//65
f 293//65 292//65 294//65
f 293//65 294//65 295//65
f 295//65 294//65 296//65
f 295//65 296//65 297//65
f 297//72 296//72 298//72
f 297//73 298//73 299//73
f 299//70 298//70 300//70
f 299//65 300//65 301//65
f 301//65 300//65 302//65
f 301//65 302//65 303//65
f 303//65 302//65 304//65
f 303//65 304//65 305//65
f 305//67 304//67 306//67
f 305//65 306//65 307//65
f 307//70 306//70 308//70
f 307//65 308//65 309//65
f 309//65 308//65 310//65
f 309//65 310//65 311//65
f 311//67 310//67 312//67
f 311//65 312//65 313//65
f 313//65 312//65 314//65
f 313//65 314//65 315//65
f 315//65 314//65 316//65
f 315//65 316//65 317//65
f 317//65 316//65 318//65
f 317//65 318//65 319//65
f 319//65 318//65 320//65
f 319//72 320//72 321//72
f 321//65 320//65 322//65
f 321//66 322//66 323//66
f 323//70 322//70 324//70
f 323//65 324//65 325//65
f 325//65 324//65 326//65
f 325//65 326//65 327//65
f 327//65 326//65 328//65
f 327//66 328//66 329//66
f 329//67 328//67 330//67
f 329//65 330//65 331//65
f 331//72 330//72 332//72
f 331//73 332//73 333//73
f 333//65 332//65 334//65
f 333//65 334//65 335//65
f 335//65 334//65 336//65
f 335//65 336//65 337//65
f 337//67 336//67 338//67
f 337//65 338//65 339//65
f 339//70 338//70 340//70
f 339//66 340//66 341//66
f 341//65 340//65 342//65
f 341//65 342//65 343//65
f 343//67 342//67 344//67
f 343//68 344//68 345//68
f 345//67 344//67 346//67
f 345//65 346//65 347//65
f 347//65 346//65 348//65
f 347//71 348//71 349//71
f 349//65 348//65 350//65
f 349//65 350//65 351//65
f 351//65 350//65 352//65
f 351//65 352//65 353//65
f 353//67 352//67 354//67
f 353//65 354//65 355//65
f 355//65 354//65 356//65
f 355//65 356//65 357//65
f 357//65 356//65 358//65
f 357//72 358//72 283//72
f 283//65 358//65 284//65
f 313//74 359//74 311//74
f 311//74 359//74 360//74
f 311//75 360//75 309//75
f 309//76 360//76 361//76
f 309//77 361//77 307//77
f 307//77 361//77 362//77
f 307//78 362//78 305//78
f 305//78 362//78 363//78
f 305//79 363//79 303//79
f 303//80 363//80 364//80
f 303//81 364//81 301//81
f 301//81 364//81 365//81
f 301//82 365//82 299//82
f 299//82 365//82 366//82
f 299//83 366//83 297//83
f 297//83 366//83 367//83
f 297//84 367//84 295//84
f 295//84 367//84 368//84
f 295//85 368//85 293//85
f 293//85 368//85 369//85
f 293//86 369//86 291//86
f 291//86 369//86 370//86
f 291//87 370//87 289//87
f 289//87 370//87 371//87
f 289//88 371//88 287//88
f 287//88 371//88 372//88
f 287//89 372//89 285//89
f 285//89 372//89 373//89
f 285//90 373//90 283//90
f 283//90 373//90 374//90
f 283//91 374//91 357//91
f 357//92 374//92 375//92
f 357//93 375//93 355//93
f 355//94 375//94 376//94
f 355//95 376//95 353//95
f 353//95 376//95 377//95
f 353//96 377//96 351//96
f 351//96 377//96 378//96
f 351//97 378//97 349//97
f 349//97 378//97 379//97
f 349//98 379//98 347//98
f 347//98 379//98 380//98
f 347//99 380//99 345//99
f 345//100 380//100 381//100
f 345//101 381//101 343//101
f 343//102 381//102 382//102
f 343//103 382//103 341//103
f 341//103 382//103 383//103
f 341//104 383//104 339//104
f 339//104 383//104 384//104
f 339//105 384//105 337//105
f 337//105 384//105 385//105
f 337//106 385//106 335//106
f 335//107 385//107 386//107
f 335//108 386//108 333//108
f 333//109 386//109 387//109
f 333//110 387//110 331//110
f 331//110 387//110 388//110
f 331//111 388//111 329//111
f 329//111 388//111 389//111
f 329//112 389//112 327//112
f 327//112 389//112 390//112
f 327//113 390//113 325//113
f 325//113 390//113 391//113
f 325//114 391//114 323//114
f 323//114 391//114 392//114
f 323//115 392//115 321//115
f 321//115 392//115 393//115
f 321//116 393//116 319//116
f 319//117 393//117 394//117
f 319//118 394//118 317//118
f 317//119 394//119 395//119
f 317//120 395//120 315//120
f 315//120 395//120 396//120
f 315//121 396//121 313//121
f 313//121 396//121 359//121
f 273//74 397//74 271//74
f 271//74 397//74 398//74
f 271//76 398//76 269//76
f 269//76 398//76 399//76
f 269//122 399//122 267//122
f 267//123 399//123 400//123
f 267//124 400//124 265//124
f 265//125 400//125 401//125
f 265//126 401//126 263//126
f 263//126 401//126 402//126
f 263//81 402//81 261//81
f 261//81 402//81 403//81
f 261//127 403//127 259//127
f 259//127 403//127 404//127
f 259//83 404//83 257//83
f 257//83 404//83 405//83
f 257//128 405//128 255//128
f 255//128 405//128 406//128
f 255//129 406//129 253//129
f 253//129 406//129 407//129
f 253//130 407//130 251//130
f 251//131 407//131 408//131
f 251//132 408//132 249//132
f 249//133 408//133 409//133
f 249//88 409//88 247//88
f 247//88 409//88 410//88
f 247//89 410//89 245//89
f 245//89 410//89 411//89
f 245//90 411//90 243//90
f 243//90 411//90 412//90
f 243//91 412//91 241//91
f 241//92 412//92 413//92
f 241//93 413//93 239//93
f 239//94 413//94 414//94
f 239//95 414//95 237//95
f 237//95 414//95 415//95
f 237//134 415//134 235//134
f 235//134 415//134 416//134
f 235//135 416//135 233//135
f 233//135 416//135 417//135
f 233//98 417//98 231//98
f 231//98 417//98 418//98
f 231//99 418//99 229//99
f 229//100 418//100 419//100
f 229//101 419//101 227//101
f 227//102 419//102 420//102
f 227//103 420//103 225//103
f 225//103 420//103 421//103
f 225//104 421//104 223//104
f 223//104 421//104 422//104
f 223//105 422//105 221//105
f 221//105 422//105 423//105
f 221//136 423//136 219//136
f 219//137 423//137 424//137
f 219//138 424//138 217//138
f 217//138 424//138 425//138
f 217//139 425//139 215//139
f 215//139 425//139 426//139
f 215//140 426//140 213//140
f 213//140 426//140 427//140
f 213//112 427//112 211//112
f 211//112 427//112 428//112
f 211//113 428//113 209//113
f 209//113 428//113 429//113
f 209//114 429//114 207//114
f 207//114 429//114 430//114
f 207//141 430//141 281//141
f 281//141 430//141 431//141
f 281//116 431//116 279//116
f 279//117 431//117 432//117
f 279//142 432//142 277//142
f 277//142 432//142 433//142
f 277//120 433//120 275//120
f 275//120 433//120 434//120
f 275//121 434//121 273//121
f 273//121 434//121 397//121
f 414//41 413//41 435//41
f 436//45 401//45 400//45
f 400//41 399//41 436//41
f 436//41 399//41 398//41
f 436//41 398//41 437//41
f 398//143 397//143 437//143
f 437//44 397//44 434//44
f 437//41 434//41 433//41
f 421//41 420//41 438//41
f 438//45 420//45 419//45
f 438//45 419//45 418//45
f 439//49 407//49 406//49
f 440//50 441//50 422//50
f 422//41 441//41 442//41
f 422//47 442//47 423//47
f 443//48 405//48 404//48
f 444//50 445//50 403//50
f 403//43 445//43 446//43
f 403//41 446//41 404//41
f 404//48 446//48 447//48
f 404//48 447//48 443//48
f 448//41 429//41 449//41
f 449//50 429//50 428//50
f 450//41 425//41 424//41
f 442//41 451//41 423//41
f 423//48 451//48 452//48
f 423//41 452//41 424//41
f 424//41 452//41 453//41
f 424//41 453//41 450//41
f 421//44 438//44 422//44
f 422//45 438//45 454//45
f 422//45 454//45 440//45
f 418//41 417//41 438//41
f 438//50 417//50 416//50
f 438//41 416//41 435//41
f 435//144 416//144 415//144
f 435//41 415//41 414//41
f 413//41 412//41 435//41
f 435//45 412//45 411//45
f 435//41 411//41 455//41
f 455//45 411//45 410//45
f 455//42 410//42 456//42
f 409//47 457//47 410//47
f 410//48 457//48 458//48
f 410//45 458//45 456//45
f 408//41 459//41 409//41
f 409//44 459//44 460//44
f 409//41 460//41 457//41
f 439//44 461//44 407//44
f 407//45 461//45 462//45
f 407//50 462//50 408//50
f 408//45 462//45 463//45
f 408//45 463//45 459//45
f 443//41 464//41 405//41
f 405//48 464//48 465//48
f 405//41 465//41 406//41
f 406//48 465//48 466//48
f 406//41 466//41 439//41
f 467//41 427//41 426//41
f 450//41 468//41 425//41
f 425//48 468//48 469//48
f 425//41 469//41 426//41
f 426//41 469//41 470//41
f 426//45 470//45 467//45
f 401//43 436//43 402//43
f 402//44 436//44 471//44
f 402//41 471//41 403//41
f 403//48 471//48 472//48
f 403//43 472//43 444//43
f 433//145 432//145 437//145
f 437//44 432//44 431//44
f 437//41 431//41 473//41
f 473//50 431//50 430//50
f 473//47 430//47 474//47
f 474//50 430//50 429//50
f 474//49 429//49 475//49
f 475//41 429//41 448//41
f 467//41 476//41 427//41
f 427//41 476//41 477//41
f 427//41 477//41 428//41
f 428//41 477//41 478//41
f 428//45 478//45 449//45
f 470//1 469//1 185//1
f 185//1 469//1 186//1
f 186//146 469//146 127//146
f 127//146 469//146 468//146
f 127//147 468//147 128//147
f 128//147 468//147 450//147
f 128//148 450//148 177//148
f 177//148 450//148 453//148
f 177//60 453//60 178//60
f 178//149 453//149 452//149
f 178//150 452//150 106//150
f 106//151 452//151 451//151
f 106//152 451//152 105//152
f 105//152 451//152 442//152
f 105//57 442//57 104//57
f 104//57 442//57 441//57
f 104//56 441//56 131//56
f 131//56 441//56 440//56
f 131//54 440//54 132//54
f 132//55 440//55 454//55
f 132//153 454//153 133//153
f 133//153 454//153 438//153
f 438//52 435//52 133//52
f 133//52 435//52 107//52
f 107//39 435//39 108//39
f 108//39 435//39 455//39
f 108//154 455//154 109//154
f 109//155 455//155 456//155
f 109//156 456//156 110//156
f 110//156 456//156 458//156
f 110//157 458//157 158//157
f 158//157 458//157 457//157
f 158//158 457//158 159//158
f 159//158 457//158 460//158
f 159//159 460//159 160//159
f 160//160 460//160 459//160
f 160//161 459//161 135//161
f 135//162 459//162 463//162
f 135//163 463//163 134//163
f 134//164 463//164 462//164
f 134//165 462//165 136//165
f 136//165 462//165 461//165
f 136//166 461//166 137//166
f 137//166 461//166 439//166
f 439//25 466//25 137//25
f 137//25 466//25 138//25
f 138//167 466//167 139//167
f 139//167 466//167 465//167
f 139//168 465//168 144//168
f 144//168 465//168 464//168
f 144//169 464//169 145//169
f 145//170 464//170 443//170
f 145//171 443//171 142//171
f 142//172 443//172 447//172
f 142//173 447//173 91//173
f 91//174 447//174 446//174
f 91//175 446//175 92//175
f 92//175 446//175 445//175
f 92//176 445//176 94//176
f 94//176 445//176 444//176
f 94//177 444//177 95//177
f 95//177 444//177 472//177
f 95//178 472//178 96//178
f 96//179 472//179 471//179
f 96//180 471//180 153//180
f 153//180 471//180 436//180
f 436//13 437//13 153//13
f 153//13 437//13 154//13
f 154//181 437//181 155//181
f 155//181 437//181 473//181
f 155//182 473//182 156//182
f 156//11 473//11 474//11
f 156//10 474//10 167//10
f 167//10 474//10 475//10
f 167//183 475//183 168//183
f 168//9 475//9 448//9
f 168//184 448//184 169//184
f 169//184 448//184 449//184
f 169//185 449//185 182//185
f 182//186 449//186 478//186
f 182//6 478//6 179//6
f 179//187 478//187 477//187
f 179//188 477//188 180//188
f 180//188 477//188 476//188
f 180//189 476//189 184//189
f 184//189 476//189 467//189
f 184//190 467//190 185//190
f 185//190 467//190 470//190
f 359//41 396//41 479//41
f 479//41 396//41 480//41
f 480//41 396//41 395//41
f 480//41 395//41 481//41
f 394//44 482//44 395//44
f 395//45 482//45 483//45
f 395//41 483//41 481//41
f 393//41 484//41 394//41
f 394//41 484//41 485//41
f 394//41 485//41 482//41
f 479//41 486//41 359//41
f 359//41 486//41 487//41
f 359//41 487//41 360//41
f 488//41 489//41 393//41
f 393//44 489//44 490//44
f 393//41 490//41 484//41
f 491//41 361//41 492//41
f 492//41 361//41 360//41
f 492//48 360//48 493//48
f 493//41 360//41 487//41
f 393//41 392//41 488//41
f 488//45 392//45 391//45
f 488//45 391//45 390//45
f 390//41 389//41 488//41
f 488//48 389//48 388//48
f 488//41 388//41 494//41
f 494//48 388//48 387//48
f 494//43 387//43 386//43
f 386//41 385//41 494//41
f 494//44 385//44 384//44
f 494//41 384//41 495//41
f 495//45 384//45 383//45
f 495//41 383//41 496//41
f 496//44 383//44 382//44
f 496//41 382//41 497//41
f 498//45 372//45 371//45
f 497//43 382//43 499//43
f 499//48 382//48 381//48
f 499//41 381//41 500//41
f 376//41 501//41 502//41
f 367//41 366//41 503//41
f 500//41 381//41 504//41
f 504//48 381//48 380//48
f 504//41 380//41 505//41
f 501//48 376//48 506//48
f 506//45 376//45 375//45
f 506//41 375//41 507//41
f 507//41 375//41 374//41
f 507//43 374//43 508//43
f 371//50 370//50 498//50
f 498//41 370//41 369//41
f 498//41 369//41 503//41
f 503//45 369//45 368//45
f 503//45 368//45 367//45
f 502//45 509//45 376//45
f 376//41 509//41 510//41
f 376//48 510//48 377//48
f 377//41 510//41 511//41
f 377//48 511//48 378//48
f 378//41 511//41 512//41
f 378//41 512//41 379//41
f 379//41 512//41 513//41
f 379//41 513//41 380//41
f 380//41 513//41 514//41
f 380//41 514//41 505//41
f 372//41 498//41 373//41
f 373//41 498//41 515//41
f 373//41 515//41 374//41
f 374//44 515//44 516//44
f 374//41 516//41 508//41
f 366//41 365//41 503//41
f 503//44 365//44 364//44
f 503//41 364//41 517//41
f 517//43 364//43 363//43
f 362//43 518//43 363//43
f 363//41 518//41 519//41
f 363//44 519//44 517//44
f 491//41 520//41 361//41
f 361//45 520//45 521//45
f 361//41 521//41 362//41
f 362//48 521//48 522//48
f 362//48 522//48 518//48
f 487//13 486//13 116//13
f 116//13 486//13 115//13
f 115//12 486//12 114//12
f 114//12 486//12 479//12
f 114//182 479//182 163//182
f 163//11 479//11 480//11
f 163//10 480//10 164//10
f 164//10 480//10 481//10
f 164//191 481//191 117//191
f 117//191 481//191 483//191
f 117//192 483//192 97//192
f 97//193 483//193 482//193
f 97//185 482//185 98//185
f 98//186 482//186 485//186
f 98//6 485//6 99//6
f 99//187 485//187 484//187
f 99//194 484//194 100//194
f 100//5 484//5 490//5
f 100//189 490//189 118//189
f 118//189 490//189 489//189
f 118//195 489//195 119//195
f 119//195 489//195 488//195
f 488//1 494//1 119//1
f 119//1 494//1 120//1
f 120//196 494//196 103//196
f 103//196 494//196 495//196
f 103//147 495//147 102//147
f 102//147 495//147 496//147
f 102//197 496//197 101//197
f 101//61 496//61 497//61
f 101//60 497//60 165//60
f 165//149 497//149 499//149
f 165//150 499//150 166//150
f 166//151 499//151 500//151
f 166//198 500//198 111//198
f 111//199 500//199 504//199
f 111//200 504//200 121//200
f 121//200 504//200 505//200
f 121//56 505//56 122//56
f 122//56 505//56 514//56
f 122//54 514//54 123//54
f 123//55 514//55 513//55
f 123//53 513//53 124//53
f 124//53 513//53 512//53
f 512//52 511//52 124//52
f 124//52 511//52 148//52
f 148//39 511//39 149//39
f 149//39 511//39 510//39
f 149//154 510//154 150//154
f 150//155 510//155 509//155
f 150//156 509//156 125//156
f 125//156 509//156 502//156
f 125//157 502//157 126//157
f 126//157 502//157 501//157
f 126//158 501//158 151//158
f 151//201 501//201 506//201
f 151//159 506//159 152//159
f 152//160 506//160 507//160
f 152//161 507//161 89//161
f 89//162 507//162 508//162
f 89//163 508//163 90//163
f 90//164 508//164 516//164
f 90//165 516//165 176//165
f 176//165 516//165 515//165
f 176//166 515//166 129//166
f 129//166 515//166 498//166
f 498//25 503//25 129//25
f 129//25 503//25 181//25
f 181//167 503//167 183//167
f 183//167 503//167 517//167
f 183//168 517//168 157//168
f 157//168 517//168 519//168
f 157//169 519//169 170//169
f 170//170 519//170 518//170
f 170//171 518//171 130//171
f 130//172 518//172 522//172
f 130//173 522//173 112//173
f 112//174 522//174 521//174
f 112//175 521//175 113//175
f 113//202 521//202 520//202
f 113//176 520//176 171//176
f 171//176 520//176 491//176
f 171//177 491//177 172//177
f 172//177 491//177 492//177
f 172//178 492//178 173//178
f 173//179 492//179 493//179
f 173//180 493//180 116//180
f 116//180 493//180 487//180
f 523//65 524//65 525//65
f 525//65 524//65 526//65
f 525//13 526//13 527//13
f 527//13 526//13 528//13
f 526//25 524//25 528//25
f 528//25 524//25 529//25
f 524//52 523//52 529//52
f 529//52 523//52 530//52
f 523//1 525//1 530//1
f 530//1 525//1 527//1
f 531//65 532//65 533//65
f 533//65 532//65 534//65
f 533//13 534//13 535//13
f 535//13 534//13 536//13
f 534//25 532//25 536//25
f 536//25 532//25 537//25
f 532//52 531//52 537//52
f 537//52 531//52 538//52
f 531//1 533//1 538//1
f 538//1 533//1 535//1
f 539//65 540//65 541//65
f 541//65 540//65 542//65
f 541//13 542//13 543//13
f 543//13 542//13 544//13
f 542//25 540//25 544//25
f 544//25 540//25 545//25
f 540//52 539//52 545//52
f 545//52 539//52 546//52
f 539//1 541//1 546//1
f 546//1 541//1 543//1
f 547//65 548//65 549//65
f 549//65 548//65 550//65
f 549//13 550//13 551//13
f 551//13 550//13 552//13
f 550//25 548//25 552//25
f 552//25 548//25 553//25
f 548//52 547//52 553//52
f 553//52 547//52 554//52
f 547//1 549//1 554//1
f 554//1 549//1 551//1
f 555//65 556//65 557//65
f 557//65 556//65 558//65
f 557//13 558//13 559//13
f 559//13 558//13 560//13
f 558//25 556//25 560//25
f 560//25 556//25 561//25
f 556//52 555//52 561//52
f 561//52 555//52 562//52
f 555//1 557//1 562//1
f 562//1 557//1 559//1
f 563//65 564//65 565//65
f 565//65 564//65 566//65
f 565//13 566//13 567//13
f 567//13 566//13 568//13
f 566//25 564//25 568//25
f 568//25 564//25 569//25
f 564//52 563//52 569//52
f 569//52 563//52 570//52
f 563//1 565//1 570//1
f 570//1 565//1 567//1
f 571//65 572//65 573//65
f 573//65 572//65 574//65
f 573//13 574//13 575//13
f 575//13 574//13 576//13
f 574//25 572//25 576//25
f 576//25 572//25 577//25
f 572//52 571//52 577//52
f 577//52 571//52 578//52
f 571//1 573//1 578//1
f 578//1 573//1 575//1
f 579//65 580//65 581//65
f 581//65 580//65 582//65
f 581//13 582//13 583//13
f 583//13 582//13 584//13
f 582//25 580//25 584//25
f 584//25 580//25 585//25
f 580//52 579//52 585//52
f 585//52 579//52 586//52
f 579//1 581//1 586//1
f 586//1 581//1 583//1
f 587//65 588//65 589//65
f 589//65 588//65 590//65
f 589//13 590//13 591//13
f 591//13 590//13 592//13
f 590//25 588//25 592//25
f 592//25 588//25 593//25
f 588//52 587//52 593//52
f 593//52 587//52 594//52
f 587//1 589//1 594//1
f 594//1 589//1 591//1
f 595//65 596//65 597//65
f 597//65 596//65 598//65
f 597//13 598//13 599//13
f 599//13 598//13 600//13
f 598//25 596//25 600//25
f 600//25 596//25 601//25
f 596//52 595//52 601//52
f 601//52 595//52 602//52
f 595//1 597//1 602//1
f 602//1 597//1 599//1
f 603//65 604//65 605//65
f 605//65 604//65 606//65
f 605//13 606//13 607//13
f 607//13 606//13 608//13
f 606//25 604//25 608//25
f 608//25 604//25 609//25
f 604//52 603//52 609//52
f 609//52 603//52 610//52
f 603//1 605//1 610//1
f 610//1 605//1 607//1
f 611//65 612//65 613//65
f 613//65 612//65 614//65
f 613//13 614//13 615//13
f 615//13 614//13 616//13
f 614//25 612//25 616//25
f 616//25 612//25 617//25
f 612//52 611//52 617//52
f 617//52 611//52 618//52
f 611//1 613//1 618//1
f 618//1 613//1 615//1
f 619//65 620//65 621//65
f 621//65 620//65 622//65
f 621//13 622//13 623//13
f 623//13 622//13 624//13
f 622//25 620//25 624//25
f 624//25 620//25 625//25
f 620//52 619//52 625//52
f 625//52 619//52 626//52
f 619//1 621//1 626//1
f 626//1 621//1 623//1
f 627//65 628//65 629//65
f 629//65 628//65 630//65
f 629//13 630//13 631//13
f 631//13 630//13 632//13
f 630//25 628//25 632//25
f 632//25 628//25 633//25
f 628//52 627//52 633//52
f 633//52 627//52 634//52
f 627//1 629//1 634//1
f 634//1 629//1 631//1
f 635//65 636//65 637//65
f 637//65 636//65 638//65
f 637//13 638//13 639//13
f 639//13 638//13 640//13
f 638//25 636//25 640//25
f 640//25 636//25 641//25
f 636//52 635//52 641//52
f 641//52 635//52 642//52
f 635//1 637//1 642//1
f 642//1 637//1 639//1
f 643//65 644//65 645//65
f 645//65 644//65 646//65
f 645//13 646//13 647//13
f 647//13 646//13 648//13
f 646//25 644//25 648//25
f 648//25 644//25 649//25
f 644//52 643//52 649//52
f 649//52 643//52 650//52
f 643//1 645//1 650//1
f 650//1 645//1 647//1
f 651//65 652//65 653//65
f 653//65 652//65 654//65
f 653//13 654//13 655//13
f 655//13 654//13 656//13
f 654//25 652//25 656//25
f 656//25 652//25 657//25
f 652//52 651//52 657//52
f 657//52 651//52 658//52
f 651//1 653//1 658//1
f 658//1 653//1 655//1
f 659//65 660//65 661//65
f 661//65 660//65 662//65
f 661//13 662//13 663//13
f 663//13 662//13 664//13
f 662//25 660//25 664//25
f 664//25 660//25 665//25
f 660//52 659//52 665//52
f 665//52 659//52 666//52
f 659//1 661//1 666//1
f 666//1 661//1 663//1
f 667//65 668//65 669//65
f 669//65 668//65 670//65
f 669//13 670//13 671//13
f 671//13 670//13 672//13
f 670//25 668//25 672//25
f 672//25 668//25 673//25
f 668//52 667//52 673//52
f 673//52 667//52 674//52
f 667//1 669//1 674//1
f 674//1 669//1 671//1
f 675//65 676//65 677//65
f 677//65 676//65 678//65
f 677//13 678//13 679//13
f 679//13 678//13 680//13
f 678//25 676//25 680//25
f 680//25 676//25 681//25
f 676//52 675//52 681//52
f 681//52 675//52 682//52
f 675//1 677//1 682//1
f 682//1 677//1 679//1
f 683//65 684//65 685//65
f 685//65 684//65 686//65
f 685//13 686//13 687//13
f 687//13 686//13 688//13
f 686//25 684//25 688//25
f 688//25 684//25 689//25
f 684//52 683//52 689//52
f 689//52 683//52 690//52
f 683//1 685//1 690//1
f 690//1 685//1 687//1
f 691//65 692//65 693//65
f 693//65 692//65 694//65
f 693//13 694//13 695//13
f 695//13 694//13 696//13
f 694//25 692//25 696//25
f 696//25 692//25 697//25
f 692//52 691//52 697//52
f 697//52 691//52 698//52
f 691//1 693//1 698//1
f 698//1 693//1 695//1
f 699//65 700//65 701//65
f 701//65 700//65 702//65
f 701//13 702//13 703//13
f 703//13 702//13 704//13
f 702//25 700//25 704//25
f 704//25 700//25 705//25
f 700//52 699//52 705//52
f 705//52 699//52 706//52
f 699//1 701//1 706//1
f 706//1 701//1 703//1
f 707//65 708//65 709//65
f 709//65 708//65 710//65
f 709//13 710//13 711//13
f 711//13 710//13 712//13
f 710//25 708//25 712//25
f 712//25 708//25 713//25
f 708//52 707//52 713//52
f 713//52 707//52 714//52
f 707//1 709//1 714//1
f 714//1 709//1 711//1
f 715//65 716//65 717//65
f 717//65 716//65 718//65
f 717//13 718//13 719//13
f 719//13 718//13 720//13
f 718//25 716//25 720//25
f 720//25 716//25 721//25
f 716//52 715//52 721//52
f 721//52 715//52 722//52
f 715//1 717//1 722//1
f 722//1 717//1 719//1
f 723//65 724//65 725//65
f 725//65 724//65 726//65
f 725//13 726//13 727//13
f 727//13 726//13 728//13
f 726//25 724//25 728//25
f 728//25 724//25 729//25
f 724//52 723//52 729//52
f 729//52 723//52 730//52
f 723//1 725//1 730//1
f 730//1 725//1 727//1
f 731//65 732//65 733//65
f 733//65 732//65 734//65
f 733//13 734//13 735//13
f 735//13 734//13 736//13
f 734//25 732//25 736//25
f 736//25 732//25 737//25
f 732//52 731//52 737//52
f 737//52 731//52 738//52
f 731//1 733//1 738//1
f 738//1 733//1 735//1
f 739//65 740//65 741//65
f 741//65 740//65 742//65
f 741//13 742//13 743//13
f 743//13 742//13 744//13
f 742//25 740//25 744//25
f 744//25 740//25 745//25
f 740//52 739//52 745//52
f 745//52 739//52 746//52
f 739//1 741//1 746//1
f 746//1 741//1 743//1
f 747//65 748//65 749//65
f 749//65 748//65 750//65
f 749//13 750//13 751//13
f 751//13 750//13 752//13
f 750//25 748//25 752//25
f 752//25 748//25 753//25
f 748//52 747//52 753//52
f 753//52 747//52 754//52
f 747//1 749//1 754//1
f 754//1 749//1 751//1
f 755//65 756//65 757//65
f 757//65 756//65 758//65
f 757//13 758//13 759//13
f 759//13 758//13 760//13
f 758//25 756//25 760//25
f 760//25 756//25 761//25
f 756//52 755//52 761//52
f 761//52 755//52 762//52
f 755//1 757//1 762//1
f 762//1 757//1 759//1
f 763//65 764//65 765//65
f 765//65 764//65 766//65
f 765//13 766//13 767//13
f 767//13 766//13 768//13
f 766//25 764//25 768//25
f 768//25 764//25 769//25
f 764//52 763//52 769//52
f 769//52 763//52 770//52
f 763//1 765//1 770//1
f 770//1 765//1 767//1
f 771//65 772//65 773//65
f 773//65 772//65 774//65
f 773//13 774//13 775//13
f 775//13 774//13 776//13
f 774//25 772//25 776//25
f 776//25 772//25 777//25
f 772//52 771//52 777//52
f 777//52 771//52 778//52
f 771//1 773//1 778//1
f 778//1 773//1 775//1
f 779//65 780//65 781//65
f 781//65 780//65 782//65
f 781//13 782//13 783//13
f 783//13 782//13 784//13
f 782//25 780//25 784//25
f 784//25 780//25 785//25
f 780//52 779//52 785//52
f 785//52 779//52 786//52
f 779//1 781//1 786//1
f 786//1 781//1 783//1
f 787//65 788//65 789//65
f 789//65 788//65 790//65
f 789//13 790//13 791//13
f 791//13 790//13 792//13
f 790//25 788//25 792//25
f 792//25 788//25 793//25
f 788//52 787//52 793//52
f 793//52 787//52 794//52
f 787//1 789//1 794//1
f 794//1 789//1 791//1
f 795//65 796//65 797//65
f 797//65 796//65 798//65
f 797//13 798//13 799//13
f 799//13 798//13 800//13
f 798//25 796//25 800//25
f 800//25 796//25 801//25
f 796//52 795//52 801//52
f 801//52 795//52 802//52
f 795//1 797//1 802//1
f 802//1 797//1 799//1
f 803//65 804//65 805//65
f 805//65 804//65 806//65
f 805//13 806//13 807//13
f 807//13 806//13 808//13
f 806//25 804//25 808//25
f 808//25 804//25 809//25
f 804//52 803//52 809//52
f 809//52 803//52 810//52
f 803//1 805//1 810//1
f 810//1 805//1 807//1
f 811//65 812//65 813//65
f 813//65 812//65 814//65
f 813//13 814//13 815//13
f 815//13 814//13 816//13
f 814//25 812//25 816//25
f 816//25 812//25 817//25
f 812//52 811//52 817//52
f 817//52 811//52 818//52
f 811//1 813//1 818//1
f 818//1 813//1 815//1
f 819//65 820//65 821//65
f 821//65 820//65 822//65
f 821//13 822//13 823//13
f 823//13 822//13 824//13
f 822//25 820//25 824//25
f 824//25 820//25 825//25
f 820//52 819//52 825//52
f 825//52 819//52 826//52
f 819//1 821//1 826//1
f 826//1 821//1 823//1
f 827//13 828//13 829//13
f 829//13 828//13 830//13
f 828//25 831//25 830//25
f 830//25 831//25 832//25
f 831//52 833//52 832//52
f 832//52 833//52 834//52
f 834//1 833//1 835//1
f 835//1 833//1 836//1
f 827//1 829//1 837//1
f 837//1 829//1 838//1
f 836//65 833//65 831//65
f 828//65 827//65 837//65
f 837//65 839//65 828//65
f 828//65 839//65 840//65
f 828//65 840//65 831//65
f 831//67 840//67 841//67
f 831//72 841//72 836//72
f 842//65 843//65 844//65
f 844//65 843//65 845//65
f 844//13 845//13 846//13
f 846//13 845//13 847//13
f 845//25 843//25 847//25
f 847//25 843//25 848//25
f 843//52 842//52 848//52
f 848//52 842//52 849//52
f 842//1 844//1 849//1
f 849//1 844//1 846//1
f 850//65 851//65 852//65
f 852//65 851//65 853//65
f 852//13 853//13 854//13
f 854//13 853//13 855//13
f 853//25 851//25 855//25
f 855//25 851//25 856//25
f 851//52 850//52 856//52
f 856//52 850//52 857//52
f 850//1 852//1 857//1
f 857//1 852//1 854//1
f 858//65 859//65 860//65
f 860//65 859//65 861//65
f 860//13 861//13 862//13
f 862//13 861//13 863//13
f 861//25 859//25 863//25
f 863//25 859//25 864//25
f 859//52 858//52 864//52
f 864//52 858//52 865//52
f 858//1 860//1 865//1
f 865//1 860//1 862//1
f 866//203 867//203 868//203
f 869//204 870//204 871//204
f 872//205 873//205 874//205
f 222//206 875//206 224//206
f 224//207 875//207 876//207
f 224//208 876//208 226//208
f 226//208 876//208 877//208
f 226//209 877//209 228//209
f 228//103 877//103 878//103
f 228//101 878//101 230//101
f 230//210 878//210 879//210
f 230//100 879//100 232//100
f 232//100 879//100 880//100
f 232//98 880//98 234//98
f 881//211 882//211 883//211
f 884//212 881//212 274//212
f 274//213 881//213 883//213
f 274//214 883//214 276//214
f 276//215 883//215 885//215
f 276//120 885//120 278//120
f 278//120 885//120 886//120
f 278//216 886//216 280//216
f 280//216 886//216 887//216
f 280//217 887//217 282//217
f 282//217 887//217 888//217
f 282//218 888//218 208//218
f 208//218 888//218 889//218
f 208//114 889//114 210//114
f 890//219 884//219 891//219
f 891//219 884//219 274//219
f 891//220 274//220 892//220
f 892//74 274//74 272//74
f 892//76 272//76 893//76
f 893//76 272//76 270//76
f 893//221 270//221 894//221
f 894//221 270//221 268//221
f 894//125 268//125 895//125
f 895//222 268//222 266//222
f 895//223 266//223 896//223
f 896//223 266//223 264//223
f 896//224 264//224 897//224
f 897//225 264//225 262//225
f 897//226 262//226 898//226
f 898//226 262//226 899//226
f 837//227 260//227 839//227
f 839//228 260//228 258//228
f 839//229 258//229 840//229
f 840//229 258//229 256//229
f 840//230 256//230 841//230
f 841//230 256//230 254//230
f 841//231 254//231 836//231
f 836//232 254//232 252//232
f 236//233 900//233 238//233
f 238//234 900//234 901//234
f 238//95 901//95 240//95
f 240//95 901//95 902//95
f 240//94 902//94 242//94
f 242//94 902//94 903//94
f 242//91 903//91 244//91
f 244//91 903//91 904//91
f 244//235 904//235 246//235
f 246//235 904//235 905//235
f 246//236 905//236 248//236
f 906//237 900//237 907//237
f 907//238 900//238 236//238
f 907//135 236//135 874//135
f 874//135 236//135 234//135
f 874//205 234//205 872//205
f 872//239 234//239 880//239
f 899//240 262//240 908//240
f 908//241 262//241 260//241
f 908//242 260//242 909//242
f 909//243 260//243 837//243
f 909//243 837//243 838//243
f 835//244 836//244 910//244
f 910//244 836//244 252//244
f 910//245 252//245 911//245
f 911//246 252//246 250//246
f 911//247 250//247 868//247
f 868//248 250//248 248//248
f 868//203 248//203 866//203
f 866//249 248//249 905//249
f 912//250 875//250 913//250
f 913//250 875//250 222//250
f 913//251 222//251 914//251
f 914//251 222//251 220//251
f 914//252 220//252 915//252
f 915//252 220//252 218//252
f 915//253 218//253 916//253
f 916//253 218//253 216//253
f 916//254 216//254 917//254
f 917//254 216//254 214//254
f 917//255 214//255 918//255
f 918//255 214//255 212//255
f 918//256 212//256 871//256
f 871//256 212//256 210//256
f 871//257 210//257 869//257
f 869//258 210//258 889//258
f 919//65 920//65 921//65
f 921//65 920//65 922//65
f 921//13 922//13 923//13
f 923//13 922//13 924//13
f 922//25 920//25 924//25
f 924//25 920//25 925//25
f 920//52 919//52 925//52
f 925//52 919//52 926//52
f 919//1 921//1 926//1
f 926//1 921//1 923//1
f 893//65 894//65 927//65
f 894//65 895//65 927//65
f 927//65 895//65 896//65
f 927//65 896//65 897//65
f 893//65 927//65 892//65
f 892//65 927//65 928//65
f 892//65 928//65 891//65
f 928//13 927//13 929//13
f 929//13 927//13 930//13
f 930//25 927//25 898//25
f 898//25 927//25 897//25
f 928//1 929//1 891//1
f 891//1 929//1 890//1
f 931//25 932//25 866//25
f 866//25 932//25 867//25
f 931//52 933//52 932//52
f 932//52 933//52 934//52
f 904//65 931//65 905//65
f 905//65 931//65 866//65
f 904//72 903//72 931//72
f 931//65 903//65 902//65
f 931//65 902//65 933//65
f 933//71 902//71 901//71
f 933//65 901//65 900//65
f 934//1 933//1 906//1
f 906//1 933//1 900//1
f 935//65 936//65 937//65
f 937//65 936//65 938//65
f 937//13 938//13 939//13
f 939//13 938//13 940//13
f 938//25 936//25 940//25
f 940//25 936//25 941//25
f 936//52 935//52 941//52
f 941//52 935//52 942//52
f 935//1 937//1 942//1
f 942//1 937//1 939//1
f 943//65 944//65 945//65
f 945//65 944//65 946//65
f 945//13 946//13 947//13
f 947//13 946//13 948//13
f 946//25 944//25 948//25
f 948//25 944//25 949//25
f 944//52 943//52 949//52
f 949//52 943//52 950//52
f 943//1 945//1 950//1
f 950//1 945//1 947//1
f 951//65 952//65 953//65
f 953//65 952//65 954//65
f 953//13 954//13 955//13
f 955//13 954//13 956//13
f 954//25 952//25 956//25
f 956//25 952//25 957//25
f 952//52 951//52 957//52
f 957//52 951//52 958//52
f 951//1 953//1 958//1
f 958//1 953//1 955//1
f 959//65 869//65 960//65
f 960//67 869//67 889//67
f 960//65 889//65 888//65
f 888//65 887//65 960//65
f 960//67 887//67 886//67
f 960//65 886//65 961//65
f 961//65 886//65 885//65
f 961//65 885//65 883//65
f 960//13 961//13 962//13
f 962//13 961//13 963//13
f 963//25 961//25 882//25
f 882//25 961//25 883//25
f 959//52 964//52 869//52
f 869//52 964//52 870//52
f 959//1 960//1 964//1
f 964//1 960//1 962//1
f 965//65 879//65 878//65
f 875//65 966//65 876//65
f 876//65 966//65 965//65
f 876//70 965//70 877//70
f 877//65 965//65 878//65
f 879//65 965//65 880//65
f 880//65 965//65 967//65
f 880//65 967//65 872//65
f 968//13 966//13 912//13
f 912//13 966//13 875//13
f 967//25 969//25 872//25
f 872//25 969//25 873//25
f 967//52 965//52 969//52
f 969//52 965//52 970//52
f 965//1 966//1 970//1
f 970//1 966//1 968//1
f 971//65 972//65 973//65
f 973//65 972//65 974//65
f 973//13 974//13 975//13
f 975//13 974//13 976//13
f 974//25 972//25 976//25
f 976//25 972//25 977//25
f 972//52 971//52 977//52
f 977//52 971//52 978//52
f 971//1 973//1 978//1
f 978//1 973//1 975//1
f 979//65 980//65 981//65
f 981//65 980//65 982//65
f 981//13 982//13 983//13
f 983//13 982//13 984//13
f 982//25 980//25 984//25
f 984//25 980//25 985//25
f 980//52 979//52 985//52
f 985//52 979//52 986//52
f 979//1 981//1 986//1
f 986//1 981//1 983//1
f 987//65 988//65 989//65
f 989//65 988//65 990//65
f 989//13 990//13 991//13
f 991//13 990//13 992//13
f 990//25 988//25 992//25
f 992//25 988//25 993//25
f 988//52 987//52 993//52
f 993//52 987//52 994//52
f 987//1 989//1 994//1
f 994//1 989//1 991//1
f 995//65 996//65 997//65
f 997//65 996//65 998//65
f 997//13 998//13 999//13
f 999//13 998//13 1000//13
f 998//25 996//25 1000//25
f 1000//25 996//25 1001//25
f 996//52 995//52 1001//52
f 1001//52 995//52 1002//52
f 995//1 997//1 1002//1
f 1002//1 997//1 999//1
f 1003//65 1004//65 1005//65
f 1005//65 1004//65 1006//65
f 1005//13 1006//13 1007//13
f 1007//13 1006//13 1008//13
f 1006//25 1004//25 1008//25
f 1008//25 1004//25 1009//25
f 1004//52 1003//52 1009//52
f 1009//52 1003//52 1010//52
f 1003//1 1005//1 1010//1
f 1010//1 1005//1 1007//1
f 1011//65 1012//65 1013//65
f 1013//65 1012//65 1014//65
f 1013//13 1014//13 1015//13
f 1015//13 1014//13 1016//13
f 1014//25 1012//25 1016//25
f 1016//25 1012//25 1017//25
f 1012//52 1011//52 1017//52
f 1017//52 1011//52 1018//52
f 1011//1 1013//1 1018//1
f 1018//1 1013//1 1015//1
f 1019//65 1020//65 1021//65
f 1021//65 1020//65 1022//65
f 1021//13 1022//13 1023//13
f 1023//13 1022//13 1024//13
f 1022//25 1020//25 1024//25
f 1024//25 1020//25 1025//25
f 1020//52 1019//52 1025//52
f 1025//52 1019//52 1026//52
f 1019//1 1021//1 1026//1
f 1026//1 1021//1 1023//1
f 1027//65 1028//65 1029//65
f 1029//65 1028//65 1030//65
f 1029//13 1030//13 1031//13
f 1031//13 1030//13 1032//13
f 1030//25 1028//25 1032//25
f 1032//25 1028//25 1033//25
f 1028//52 1027//52 1033//52
f 1033//52 1027//52 1034//52
f 1027//1 1029//1 1034//1
f 1034//1 1029//1 1031//1
f 1035//65 1036//65 1037//65
f 1037//65 1036//65 1038//65
f 1037//13 1038//13 1039//13
f 1039//13 1038//13 1040//13
f 1038//25 1036//25 1040//25
f 1040//25 1036//25 1041//25
f 1036//52 1035//52 1041//52
f 1041//52 1035//52 1042//52
f 1035//1 1037//1 1042//1
f 1042//1 1037//1 1039//1
f 1043//65 1044//65 1045//65
f 1045//65 1044//65 1046//65
f 1045//13 1046//13 1047//13
f 1047//13 1046//13 1048//13
f 1046//25 1044//25 1048//25
f 1048//25 1044//25 1049//25
f 1044//52 1043//52 1049//52
f 1049//52 1043//52 1050//52
f 1043//1 1045//1 1050//1
f 1050//1 1045//1 1047//1
f 1051//13 1052//13 1053//13
f 1053//13 1052//13 1054//13
f 1052//25 1055//25 1054//25
f 1054//25 1055//25 1056//25
f 1055//52 1057//52 1056//52
f 1056//52 1057//52 1058//52
f 1058//1 1057//1 1059//1
f 1059//1 1057//1 1060//1
f 1051//1 1053//1 1061//1
f 1061//1 1053//1 1062//1
f 1055//65 1052//65 1063//65
f 1051//65 1061//65 1052//65
f 1052//67 1061//67 1064//67
f 1052//65 1064//65 1063//65
f 1060//65 1057//65 1065//65
f 1065//65 1057//65 1055//65
f 1065//65 1055//65 1066//65
f 1066//72 1055//72 1063//72
f 1067//65 1068//65 1069//65
f 1069//65 1068//65 1070//65
f 1069//13 1070//13 1071//13
f 1071//13 1070//13 1072//13
f 1070//25 1068//25 1072//25
f 1072//25 1068//25 1073//25
f 1068//52 1067//52 1073//52
f 1073//52 1067//52 1074//52
f 1067//1 1069//1 1074//1
f 1074//1 1069//1 1071//1
f 1075//65 1076//65 1077//65
f 1077//65 1076//65 1078//65
f 1077//13 1078//13 1079//13
f 1079//13 1078//13 1080//13
f 1078//25 1076//25 1080//25
f 1080//25 1076//25 1081//25
f 1076//52 1075//52 1081//52
f 1081//52 1075//52 1082//52
f 1075//1 1077//1 1082//1
f 1082//1 1077//1 1079//1
f 1083//65 1084//65 1085//65
f 1085//65 1084//65 1086//65
f 1085//13 1086//13 1087//13
f 1087//13 1086//13 1088//13
f 1086//25 1084//25 1088//25
f 1088//25 1084//25 1089//25
f 1084//52 1083//52 1089//52
f 1089//52 1083//52 1090//52
f 1083//1 1085//1 1090//1
f 1090//1 1085//1 1087//1
f 1091//259 1092//259 1093//259
f 1061//260 1062//260 1094//260
f 1095//261 1096//261 1097//261
f 1098//262 1099//262 1100//262
f 338//263 1100//263 340//263
f 340//207 1100//207 1101//207
f 340//264 1101//264 342//264
f 342//264 1101//264 1102//264
f 342//265 1102//265 344//265
f 344//265 1102//265 1103//265
f 344//102 1103//102 346//102
f 346//102 1103//102 1104//102
f 346//100 1104//100 348//100
f 348//100 1104//100 1105//100
f 348//98 1105//98 350//98
f 1106//266 326//266 1107//266
f 1107//114 326//114 324//114
f 1107//218 324//218 1108//218
f 1108//218 324//218 322//218
f 1108//217 322//217 1109//217
f 1109//217 322//217 320//217
f 1109//216 320//216 1110//216
f 1110//216 320//216 318//216
f 1110//267 318//267 1111//267
f 1111//268 318//268 316//268
f 1112//269 314//269 1113//269
f 1113//74 314//74 312//74
f 1113//76 312//76 1114//76
f 1114//76 312//76 310//76
f 1114//221 310//221 1115//221
f 1115//221 310//221 308//221
f 1115//222 308//222 1116//222
f 1116//222 308//222 306//222
f 1116//270 306//270 1117//270
f 1117//271 306//271 304//271
f 290//272 1060//272 292//272
f 292//273 1060//273 1065//273
f 292//274 1065//274 294//274
f 294//274 1065//274 1066//274
f 294//230 1066//230 296//230
f 296//230 1066//230 1063//230
f 296//229 1063//229 298//229
f 298//229 1063//229 1064//229
f 298//228 1064//228 300//228
f 352//275 1118//275 354//275
f 354//276 1118//276 1119//276
f 354//95 1119//95 356//95
f 356//95 1119//95 1120//95
f 356//94 1120//94 358//94
f 358//94 1120//94 1121//94
f 358//277 1121//277 284//277
f 284//278 1121//278 1122//278
f 284//279 1122//279 286//279
f 286//90 1122//90 1123//90
f 286//236 1123//236 288//236
f 1124//280 1118//280 1125//280
f 1125//281 1118//281 352//281
f 1125//135 352//135 1097//135
f 1097//97 352//97 350//97
f 1097//261 350//261 1095//261
f 1095//282 350//282 1105//282
f 1126//283 1117//283 1127//283
f 1127//284 1117//284 304//284
f 1127//285 304//285 1128//285
f 1128//286 304//286 302//286
f 1064//287 1061//287 300//287
f 300//260 1061//260 1094//260
f 300//288 1094//288 302//288
f 302//289 1094//289 1129//289
f 302//290 1129//290 1128//290
f 1059//291 1060//291 1130//291
f 1130//291 1060//291 290//291
f 1130//292 290//292 1093//292
f 1093//292 290//292 288//292
f 1093//259 288//259 1091//259
f 1091//293 288//293 1123//293
f 1098//294 1100//294 1131//294
f 1131//295 1100//295 338//295
f 1131//251 338//251 1132//251
f 1132//251 338//251 336//251
f 1132//252 336//252 1133//252
f 1133//252 336//252 334//252
f 1133//253 334//253 1134//253
f 1134//253 334//253 332//253
f 1134//254 332//254 1135//254
f 1135//254 332//254 330//254
f 1135//255 330//255 1136//255
f 1136//255 330//255 328//255
f 1136//296 328//296 1137//296
f 1137//297 328//297 326//297
f 1137//298 326//298 1138//298
f 1138//299 326//299 1106//299
f 1138//299 1106//299 1139//299
f 1140//300 1111//300 1141//300
f 1141//300 1111//300 316//300
f 1141//301 316//301 1142//301
f 1142//302 316//302 314//302
f 1142//303 314//303 1143//303
f 1143//304 314//304 1112//304
f 1143//305 1112//305 1144//305
f 1145//65 1146//65 1147//65
f 1147//65 1146//65 1148//65
f 1147//13 1148//13 1149//13
f 1149//13 1148//13 1150//13
f 1148//25 1146//25 1150//25
f 1150//25 1146//25 1151//25
f 1146//52 1145//52 1151//52
f 1151//52 1145//52 1152//52
f 1145//1 1147//1 1152//1
f 1152//1 1147//1 1149//1
f 1114//65 1115//65 1153//65
f 1153//65 1115//65 1116//65
f 1153//65 1116//65 1117//65
f 1114//65 1153//65 1113//65
f 1113//65 1153//65 1154//65
f 1113//65 1154//65 1112//65
f 1154//13 1153//13 1155//13
f 1155//13 1153//13 1156//13
f 1156//25 1153//25 1126//25
f 1126//25 1153//25 1117//25
f 1154//1 1155//1 1112//1
f 1112//1 1155//1 1144//1
f 1157//25 1158//25 1091//25
f 1091//25 1158//25 1092//25
f 1157//52 1159//52 1158//52
f 1158//52 1159//52 1160//52
f 1122//67 1157//67 1123//67
f 1123//65 1157//65 1091//65
f 1122//65 1121//65 1157//65
f 1157//65 1121//65 1120//65
f 1157//70 1120//70 1159//70
f 1159//71 1120//71 1119//71
f 1159//65 1119//65 1118//65
f 1160//1 1159//1 1124//1
f 1124//1 1159//1 1118//1
f 1161//65 1162//65 1163//65
f 1163//65 1162//65 1164//65
f 1163//13 1164//13 1165//13
f 1165//13 1164//13 1166//13
f 1164//25 1162//25 1166//25
f 1166//25 1162//25 1167//25
f 1162//52 1161//52 1167//52
f 1167//52 1161//52 1168//52
f 1161//1 1163//1 1168//1
f 1168//1 1163//1 1165//1
f 1169//65 1170//65 1171//65
f 1171//65 1170//65 1172//65
f 1171//13 1172//13 1173//13
f 1173//13 1172//13 1174//13
f 1172//25 1170//25 1174//25
f 1174//25 1170//25 1175//25
f 1170//52 1169//52 1175//52
f 1175//52 1169//52 1176//52
f 1169//1 1171//1 1176//1
f 1176//1 1171//1 1173//1
f 1058//65 1059//65 1130//65
f 1125//65 1097//65 1177//65
f 1178//65 1099//65 1098//65
f 963//65 882//65 881//65
f 50//65 48//65 60//65
f 1179//65 575//65 576//65
f 577//65 9//65 576//65
f 576//65 9//65 8//65
f 576//65 8//65 1179//65
f 20//65 18//65 577//65
f 577//65 18//65 16//65
f 577//65 16//65 14//65
f 578//65 30//65 577//65
f 577//65 30//65 28//65
f 577//65 28//65 26//65
f 14//65 12//65 577//65
f 577//67 12//67 10//67
f 577//72 10//72 9//72
f 26//65 24//65 577//65
f 577//67 24//67 22//67
f 577//70 22//70 20//70
f 1180//65 1181//65 1182//65
f 1182//65 1181//65 1183//65
f 1184//65 1185//65 1186//65
f 1186//65 1185//65 1187//65
f 1186//65 1187//65 40//65
f 40//65 1187//65 41//65
f 1186//65 1182//65 1184//65
f 1184//306 1182//306 1183//306
f 1184//65 1183//65 1188//65
f 1188//65 1183//65 1189//65
f 1187//70 1188//70 41//70
f 41//67 1188//67 1189//67
f 41//65 1189//65 42//65
f 42//65 1189//65 1180//65
f 42//65 1180//65 44//65
f 60//65 48//65 65//65
f 58//307 56//307 54//307
f 58//73 54//73 60//73
f 60//65 54//65 52//65
f 60//65 52//65 50//65
f 71//65 69//65 1190//65
f 1190//65 69//65 63//65
f 1190//65 63//65 1191//65
f 79//65 77//65 1190//65
f 77//65 75//65 1190//65
f 1190//65 75//65 73//65
f 1190//72 73//72 71//72
f 187//67 87//67 1190//67
f 1190//72 87//72 85//72
f 85//65 83//65 1190//65
f 1190//65 83//65 81//65
f 1190//65 81//65 79//65
f 200//65 199//65 201//65
f 201//308 199//308 198//308
f 201//65 198//65 202//65
f 2//65 1//65 528//65
f 528//71 1//71 206//71
f 528//70 206//70 205//70
f 205//65 204//65 528//65
f 528//65 204//65 203//65
f 528//65 203//65 527//65
f 527//72 203//72 1192//72
f 527//65 1192//65 530//65
f 530//65 1192//65 1193//65
f 530//65 1193//65 529//65
f 968//65 1194//65 970//65
f 970//65 1194//65 1195//65
f 970//65 1195//65 969//65
f 969//65 1195//65 1196//65
f 969//65 1196//65 873//65
f 873//67 1196//67 874//67
f 934//65 1196//65 932//65
f 932//65 1196//65 1197//65
f 932//65 1197//65 867//65
f 867//65 1197//65 868//65
f 934//65 906//65 1196//65
f 1196//70 906//70 907//70
f 1196//67 907//67 874//67
f 1198//67 911//67 846//67
f 846//71 911//71 868//71
f 846//65 868//65 849//65
f 849//65 868//65 1197//65
f 849//65 1197//65 848//65
f 848//65 1197//65 1199//65
f 848//65 1199//65 847//65
f 847//65 1199//65 1198//65
f 847//65 1198//65 846//65
f 835//65 910//65 834//65
f 834//68 910//68 911//68
f 834//309 911//309 832//309
f 832//68 911//68 1198//68
f 832//65 1198//65 830//65
f 830//65 1198//65 1200//65
f 830//65 1200//65 829//65
f 829//308 1200//308 909//308
f 829//65 909//65 838//65
f 818//65 815//65 1201//65
f 817//65 1200//65 1202//65
f 1201//65 815//65 1202//65
f 1202//65 815//65 816//65
f 1202//65 816//65 817//65
f 929//65 925//65 926//65
f 926//65 923//65 1203//65
f 1203//65 923//65 1201//65
f 923//70 924//70 1201//70
f 1201//65 924//65 925//65
f 1201//65 925//65 930//65
f 930//65 925//65 929//65
f 823//65 908//65 826//65
f 826//65 908//65 909//65
f 826//65 909//65 825//65
f 825//68 909//68 1200//68
f 825//65 1200//65 824//65
f 824//65 1200//65 817//65
f 824//65 817//65 823//65
f 823//65 817//65 818//65
f 823//65 818//65 908//65
f 908//65 818//65 1201//65
f 908//65 1201//65 899//65
f 899//65 1201//65 930//65
f 899//65 930//65 898//65
f 958//65 955//65 1204//65
f 1204//65 955//65 1203//65
f 1203//65 955//65 956//65
f 1203//65 956//65 957//65
f 1205//65 964//65 962//65
f 914//65 1194//65 913//65
f 913//65 1194//65 968//65
f 913//65 968//65 912//65
f 914//65 915//65 1194//65
f 1194//67 915//67 916//67
f 1194//65 916//65 1205//65
f 916//65 917//65 1205//65
f 1205//67 917//67 918//67
f 1205//65 918//65 964//65
f 964//65 918//65 871//65
f 964//310 871//310 870//310
f 1206//65 1207//65 1208//65
f 1208//65 1207//65 1209//65
f 1209//65 1207//65 1210//65
f 1209//65 1210//65 1211//65
f 1097//70 1096//70 1177//70
f 1177//65 1096//65 1212//65
f 1177//65 1212//65 1213//65
f 1124//65 1125//65 1160//65
f 1160//65 1125//65 1177//65
f 1160//65 1177//65 1158//65
f 1158//65 1177//65 1214//65
f 1158//65 1214//65 1092//65
f 1092//65 1214//65 1093//65
f 1058//65 1130//65 1056//65
f 1094//65 1062//65 1053//65
f 1094//311 1053//311 1215//311
f 1215//65 1053//65 1054//65
f 1215//65 1054//65 1216//65
f 1054//65 1056//65 1216//65
f 1216//68 1056//68 1130//68
f 1216//66 1130//66 1071//66
f 1071//72 1130//72 1093//72
f 1071//65 1093//65 1074//65
f 1074//65 1093//65 1214//65
f 1074//65 1214//65 1073//65
f 1073//65 1214//65 1217//65
f 1073//65 1217//65 1072//65
f 1072//65 1217//65 1216//65
f 1072//65 1216//65 1071//65
f 1042//65 1039//65 1218//65
f 1050//65 1047//65 1128//65
f 1128//65 1129//65 1050//65
f 1050//72 1129//72 1094//72
f 1050//65 1094//65 1049//65
f 1049//68 1094//68 1215//68
f 1049//65 1215//65 1048//65
f 1218//65 1039//65 1219//65
f 1219//65 1039//65 1040//65
f 1219//65 1040//65 1041//65
f 1152//65 1149//65 1220//65
f 1220//65 1149//65 1218//65
f 1218//65 1149//65 1150//65
f 1218//65 1150//65 1151//65
f 1152//65 1155//65 1151//65
f 1151//65 1155//65 1156//65
f 1151//65 1156//65 1218//65
f 1142//65 1221//65 1141//65
f 1141//65 1221//65 1140//65
f 1222//65 1223//65 1191//65
f 1191//65 1223//65 1224//65
f 1191//68 1224//68 1220//68
f 1191//65 1225//65 1222//65
f 1222//65 1225//65 1226//65
f 1222//65 1226//65 1227//65
f 1227//73 1226//73 1228//73
f 1227//65 1228//65 1224//65
f 1224//65 1228//65 1229//65
f 1224//65 1229//65 1220//65
f 1220//65 1229//65 1230//65
f 1220//65 1230//65 1231//65
f 1138//65 1139//65 1232//65
f 1137//71 1233//71 1225//71
f 1225//65 1233//65 1234//65
f 1225//65 1234//65 1226//65
f 1138//67 1232//67 1137//67
f 1137//65 1232//65 1233//65
f 1233//65 1232//65 1235//65
f 1233//65 1235//65 1236//65
f 1144//65 1155//65 1143//65
f 1143//65 1155//65 1152//65
f 1143//70 1152//70 1142//70
f 1142//65 1152//65 1220//65
f 1142//65 1220//65 1221//65
f 1221//65 1220//65 1231//65
f 1221//65 1231//65 1235//65
f 1235//65 1231//65 1228//65
f 1235//65 1228//65 1236//65
f 1236//72 1228//72 1226//72
f 1237//67 1134//67 1135//67
f 1135//72 1136//72 1237//72
f 1237//67 1136//67 1137//67
f 1237//312 1137//312 1238//312
f 1238//65 1137//65 1225//65
f 1238//65 1225//65 1239//65
f 1239//65 1225//65 1209//65
f 1239//65 1209//65 1240//65
f 1134//71 1237//71 1133//71
f 1133//65 1237//65 1240//65
f 1133//65 1240//65 1132//65
f 1241//65 567//65 568//65
f 567//65 1241//65 570//65
f 570//65 1241//65 1179//65
f 570//65 1179//65 569//65
f 569//65 1179//65 8//65
f 569//65 8//65 568//65
f 568//65 8//65 7//65
f 568//65 7//65 1241//65
f 1242//65 559//65 560//65
f 1242//65 554//65 1243//65
f 1243//65 554//65 551//65
f 1243//65 551//65 552//65
f 553//65 6//65 552//65
f 552//65 6//65 4//65
f 552//65 4//65 1243//65
f 559//65 1242//65 562//65
f 562//65 1242//65 1241//65
f 562//65 1241//65 561//65
f 561//65 1241//65 7//65
f 561//65 7//65 560//65
f 560//65 7//65 6//65
f 560//65 6//65 1242//65
f 1242//65 6//65 553//65
f 1242//65 553//65 554//65
f 538//65 535//65 1193//65
f 544//65 537//65 543//65
f 543//65 537//65 538//65
f 543//65 538//65 1243//65
f 1243//65 538//65 1193//65
f 528//65 529//65 2//65
f 2//65 529//65 1193//65
f 2//65 1193//65 536//65
f 536//70 1193//70 535//70
f 536//65 537//65 2//65
f 2//65 537//65 544//65
f 2//65 544//65 4//65
f 4//65 544//65 545//65
f 4//65 545//65 1243//65
f 1243//65 545//65 546//65
f 1243//65 546//65 543//65
f 1244//65 711//65 1179//65
f 1179//65 711//65 712//65
f 1179//65 712//65 713//65
f 714//65 31//65 713//65
f 713//65 31//65 30//65
f 713//65 30//65 1179//65
f 1179//65 30//65 578//65
f 1179//65 578//65 575//65
f 705//65 1179//65 704//65
f 704//65 1179//65 1241//65
f 704//65 1241//65 703//65
f 703//65 1241//65 1245//65
f 703//65 1245//65 706//65
f 706//65 1245//65 1244//65
f 706//65 1244//65 705//65
f 705//65 1244//65 1179//65
f 697//65 1241//65 696//65
f 696//65 1241//65 1242//65
f 696//65 1242//65 695//65
f 695//65 1242//65 1246//65
f 695//65 1246//65 698//65
f 698//65 1246//65 1245//65
f 698//65 1245//65 697//65
f 697//65 1245//65 1241//65
f 689//65 1242//65 688//65
f 688//65 1242//65 1243//65
f 688//65 1243//65 687//65
f 687//65 1243//65 1247//65
f 687//65 1247//65 690//65
f 690//65 1247//65 1246//65
f 690//65 1246//65 689//65
f 689//65 1246//65 1242//65
f 674//65 679//65 673//65
f 673//65 679//65 680//65
f 672//65 1193//65 671//65
f 671//65 1193//65 1248//65
f 671//65 1248//65 674//65
f 674//65 1248//65 1247//65
f 674//65 1247//65 679//65
f 672//65 673//65 1193//65
f 1193//65 673//65 680//65
f 1193//65 680//65 1243//65
f 1243//65 680//65 681//65
f 1243//65 681//65 1247//65
f 1247//65 681//65 682//65
f 1247//65 682//65 679//65
f 585//65 1193//65 584//65
f 584//65 1193//65 1192//65
f 584//65 1192//65 583//65
f 583//65 1192//65 1249//65
f 583//65 1249//65 586//65
f 586//65 1249//65 1248//65
f 586//65 1248//65 585//65
f 585//65 1248//65 1193//65
f 1250//65 759//65 1244//65
f 1244//65 759//65 760//65
f 1244//65 760//65 761//65
f 762//65 32//65 761//65
f 761//65 32//65 31//65
f 761//65 31//65 1244//65
f 1244//65 31//65 714//65
f 1244//65 714//65 711//65
f 753//65 1244//65 752//65
f 752//65 1244//65 1245//65
f 752//65 1245//65 751//65
f 751//65 1245//65 1251//65
f 751//65 1251//65 754//65
f 754//65 1251//65 1250//65
f 754//65 1250//65 753//65
f 753//65 1250//65 1244//65
f 745//65 1245//65 744//65
f 744//65 1245//65 1246//65
f 744//65 1246//65 743//65
f 743//65 1246//65 1252//65
f 743//65 1252//65 746//65
f 746//65 1252//65 1251//65
f 746//65 1251//65 745//65
f 745//65 1251//65 1245//65
f 737//65 1246//65 736//65
f 736//65 1246//65 1247//65
f 736//65 1247//65 735//65
f 735//65 1247//65 1253//65
f 735//65 1253//65 738//65
f 738//65 1253//65 1252//65
f 738//65 1252//65 737//65
f 737//65 1252//65 1246//65
f 722//65 727//65 721//65
f 721//65 727//65 728//65
f 720//65 1248//65 719//65
f 719//65 1248//65 1254//65
f 719//65 1254//65 722//65
f 722//65 1254//65 1253//65
f 722//65 1253//65 727//65
f 720//65 721//65 1248//65
f 1248//65 721//65 728//65
f 1248//65 728//65 1247//65
f 1247//65 728//65 729//65
f 1247//65 729//65 1253//65
f 1253//65 729//65 730//65
f 1253//65 730//65 727//65
f 593//65 1248//65 592//65
f 592//65 1248//65 1249//65
f 592//65 1249//65 591//65
f 591//65 1249//65 1255//65
f 591//65 1255//65 594//65
f 594//65 1255//65 1254//65
f 594//65 1254//65 593//65
f 593//65 1254//65 1248//65
f 1256//65 807//65 1250//65
f 1250//65 807//65 808//65
f 1250//65 808//65 809//65
f 810//65 33//65 809//65
f 809//65 33//65 32//65
f 809//65 32//65 1250//65
f 1250//65 32//65 762//65
f 1250//65 762//65 759//65
f 801//65 1250//65 800//65
f 800//65 1250//65 1251//65
f 800//65 1251//65 799//65
f 799//65 1251//65 1199//65
f 799//65 1199//65 802//65
f 802//65 1199//65 1256//65
f 802//65 1256//65 801//65
f 801//65 1256//65 1250//65
f 793//65 1251//65 792//65
f 792//65 1251//65 1252//65
f 792//65 1252//65 791//65
f 791//65 1252//65 1198//65
f 791//65 1198//65 794//65
f 794//65 1198//65 1199//65
f 794//65 1199//65 793//65
f 793//65 1199//65 1251//65
f 785//65 1252//65 784//65
f 784//65 1252//65 1253//65
f 784//65 1253//65 783//65
f 783//65 1253//65 1200//65
f 783//65 1200//65 786//65
f 786//65 1200//65 1198//65
f 786//65 1198//65 785//65
f 785//65 1198//65 1252//65
f 770//65 775//65 769//65
f 769//65 775//65 776//65
f 768//65 1254//65 767//65
f 767//65 1254//65 1202//65
f 767//65 1202//65 770//65
f 770//65 1202//65 1200//65
f 770//65 1200//65 775//65
f 768//65 769//65 1254//65
f 1254//65 769//65 776//65
f 1254//65 776//65 1253//65
f 1253//65 776//65 777//65
f 1253//65 777//65 1200//65
f 1200//65 777//65 778//65
f 1200//65 778//65 775//65
f 601//65 1254//65 600//65
f 600//65 1254//65 1255//65
f 600//65 1255//65 599//65
f 599//65 1255//65 1257//65
f 599//65 1257//65 602//65
f 602//65 1257//65 1202//65
f 602//65 1202//65 601//65
f 601//65 1202//65 1254//65
f 1258//65 862//65 1256//65
f 1256//65 862//65 863//65
f 1256//65 863//65 864//65
f 865//65 34//65 864//65
f 864//65 34//65 33//65
f 864//65 33//65 1256//65
f 1256//65 33//65 810//65
f 1256//65 810//65 807//65
f 856//65 1256//65 855//65
f 855//65 1256//65 1199//65
f 855//65 1199//65 854//65
f 854//65 1199//65 1197//65
f 854//65 1197//65 857//65
f 857//65 1197//65 1258//65
f 857//65 1258//65 856//65
f 856//65 1258//65 1256//65
f 609//65 1202//65 608//65
f 608//65 1202//65 1257//65
f 608//65 1257//65 607//65
f 607//65 1257//65 1259//65
f 607//65 1259//65 610//65
f 610//65 1259//65 1201//65
f 610//65 1201//65 609//65
f 609//65 1201//65 1202//65
f 1260//65 947//65 1258//65
f 1258//65 947//65 948//65
f 1258//65 948//65 949//65
f 950//65 35//65 949//65
f 949//65 35//65 34//65
f 949//65 34//65 1258//65
f 1258//65 34//65 865//65
f 1258//65 865//65 862//65
f 941//65 1258//65 940//65
f 940//65 1258//65 1197//65
f 940//65 1197//65 939//65
f 939//65 1197//65 1196//65
f 939//65 1196//65 942//65
f 942//65 1196//65 1260//65
f 942//65 1260//65 941//65
f 941//65 1260//65 1258//65
f 617//65 1201//65 616//65
f 616//65 1201//65 1259//65
f 616//65 1259//65 615//65
f 615//65 1259//65 1261//65
f 615//65 1261//65 618//65
f 618//65 1261//65 1203//65
f 618//65 1203//65 617//65
f 617//65 1203//65 1201//65
f 1262//65 983//65 1260//65
f 1260//65 983//65 984//65
f 1260//65 984//65 985//65
f 986//65 37//65 985//65
f 985//65 37//65 35//65
f 985//65 35//65 1260//65
f 1260//65 35//65 950//65
f 1260//65 950//65 947//65
f 977//65 1260//65 976//65
f 976//65 1260//65 1196//65
f 976//65 1196//65 975//65
f 975//65 1196//65 1195//65
f 975//65 1195//65 978//65
f 978//65 1195//65 1262//65
f 978//65 1262//65 977//65
f 977//65 1262//65 1260//65
f 625//65 1203//65 624//65
f 624//65 1203//65 1261//65
f 624//65 1261//65 623//65
f 623//65 1261//65 1263//65
f 623//65 1263//65 626//65
f 626//65 1263//65 1204//65
f 626//65 1204//65 625//65
f 625//65 1204//65 1203//65
f 1264//65 1031//65 1262//65
f 1262//65 1031//65 1032//65
f 1262//65 1032//65 1033//65
f 1034//65 38//65 1033//65
f 1033//65 38//65 37//65
f 1033//65 37//65 1262//65
f 1262//65 37//65 986//65
f 1262//65 986//65 983//65
f 1025//65 1262//65 1024//65
f 1024//65 1262//65 1195//65
f 1024//65 1195//65 1023//65
f 1023//65 1195//65 1217//65
f 1023//65 1217//65 1026//65
f 1026//65 1217//65 1264//65
f 1026//65 1264//65 1025//65
f 1025//65 1264//65 1262//65
f 1017//65 1195//65 1016//65
f 1016//65 1195//65 1194//65
f 1016//65 1194//65 1015//65
f 1015//65 1194//65 1216//65
f 1015//65 1216//65 1018//65
f 1018//65 1216//65 1217//65
f 1018//65 1217//65 1017//65
f 1017//65 1217//65 1195//65
f 1009//65 1194//65 1008//65
f 1008//65 1194//65 1205//65
f 1008//65 1205//65 1007//65
f 1007//65 1205//65 1215//65
f 1007//65 1215//65 1010//65
f 1010//65 1215//65 1216//65
f 1010//65 1216//65 1009//65
f 1009//65 1216//65 1194//65
f 992//65 1204//65 991//65
f 991//65 1204//65 1219//65
f 991//65 1219//65 994//65
f 890//65 929//65 884//65
f 884//65 929//65 926//65
f 884//65 926//65 881//65
f 881//65 926//65 1203//65
f 881//65 1203//65 963//65
f 963//65 1203//65 957//65
f 963//65 957//65 962//65
f 962//65 957//65 958//65
f 962//65 958//65 1205//65
f 1205//65 958//65 1204//65
f 1205//65 1204//65 993//65
f 993//65 1204//65 992//65
f 1215//65 1002//65 999//65
f 1002//65 1215//65 1001//65
f 1001//65 1215//65 1205//65
f 1001//65 1205//65 1000//65
f 1000//65 1205//65 993//65
f 1000//65 993//65 999//65
f 999//65 993//65 994//65
f 999//65 994//65 1215//65
f 1215//65 994//65 1219//65
f 1215//65 1219//65 1048//65
f 1048//65 1219//65 1041//65
f 1048//65 1041//65 1047//65
f 1047//65 1041//65 1042//65
f 1047//65 1042//65 1128//65
f 1128//65 1042//65 1218//65
f 1128//65 1218//65 1127//65
f 1127//65 1218//65 1156//65
f 1127//65 1156//65 1126//65
f 633//65 1204//65 632//65
f 632//65 1204//65 1263//65
f 632//65 1263//65 631//65
f 631//65 1263//65 1265//65
f 631//65 1265//65 634//65
f 634//65 1265//65 1219//65
f 634//65 1219//65 633//65
f 633//65 1219//65 1204//65
f 1266//65 1087//65 1264//65
f 1264//65 1087//65 1088//65
f 1264//65 1088//65 1089//65
f 1090//65 39//65 1089//65
f 1089//65 39//65 38//65
f 1089//65 38//65 1264//65
f 1264//65 38//65 1034//65
f 1264//65 1034//65 1031//65
f 1081//65 1264//65 1080//65
f 1080//65 1264//65 1217//65
f 1080//65 1217//65 1079//65
f 1079//65 1217//65 1214//65
f 1079//65 1214//65 1082//65
f 1082//65 1214//65 1266//65
f 1082//65 1266//65 1081//65
f 1081//65 1266//65 1264//65
f 641//65 1219//65 640//65
f 640//65 1219//65 1265//65
f 640//65 1265//65 639//65
f 639//65 1265//65 1267//65
f 639//65 1267//65 642//65
f 642//65 1267//65 1218//65
f 642//65 1218//65 641//65
f 641//65 1218//65 1219//65
f 202//65 198//65 203//65
f 203//313 198//313 197//313
f 203//67 197//67 1192//67
f 1192//65 197//65 196//65
f 1192//65 196//65 1249//65
f 1249//65 196//65 195//65
f 1249//65 195//65 1255//65
f 1255//65 195//65 194//65
f 1255//65 194//65 1257//65
f 1257//65 194//65 193//65
f 1257//65 193//65 1259//65
f 1259//65 193//65 192//65
f 1259//65 192//65 1261//65
f 1261//65 192//65 191//65
f 1261//65 191//65 1263//65
f 1263//65 191//65 190//65
f 1263//65 190//65 1265//65
f 1265//65 190//65 189//65
f 1265//65 189//65 1267//65
f 1267//65 189//65 188//65
f 1267//65 188//65 1268//65
f 1266//65 1174//65 1175//65
f 1174//65 1266//65 1173//65
f 1173//65 1266//65 1186//65
f 1173//65 1186//65 1176//65
f 1176//65 1186//65 40//65
f 1176//65 40//65 1175//65
f 1175//65 40//65 39//65
f 1175//65 39//65 1266//65
f 1266//65 39//65 1090//65
f 1266//65 1090//65 1087//65
f 1168//65 1186//65 1167//65
f 1167//65 1186//65 1266//65
f 1167//65 1266//65 1166//65
f 1166//65 1266//65 1214//65
f 1166//65 1214//65 1165//65
f 1165//65 1214//65 1177//65
f 1165//65 1177//65 1168//65
f 650//65 1220//65 649//65
f 649//65 1220//65 1218//65
f 649//65 1218//65 648//65
f 648//65 1218//65 1267//65
f 648//65 1267//65 647//65
f 647//65 1267//65 1268//65
f 647//65 1268//65 650//65
f 1269//65 1270//65 1177//65
f 1168//65 1177//65 1186//65
f 1186//65 1177//65 1270//65
f 1186//65 1270//65 1271//65
f 1272//65 1273//65 1274//65
f 1274//65 1273//65 1269//65
f 1274//65 1269//65 1208//65
f 1208//65 1269//65 1177//65
f 1208//66 1177//66 1206//66
f 1206//65 1177//65 1213//65
f 1206//65 1213//65 1211//65
f 1211//65 1213//65 1178//65
f 1211//65 1178//65 1209//65
f 1209//65 1178//65 1098//65
f 1209//67 1098//67 1240//67
f 1240//314 1098//314 1131//314
f 1240//70 1131//70 1132//70
f 1271//65 1273//65 1186//65
f 1186//69 1273//69 1272//69
f 1186//67 1272//67 1182//67
f 1182//65 1272//65 1275//65
f 1182//65 1275//65 1208//65
f 1208//65 1275//65 1276//65
f 1208//65 1276//65 1274//65
f 655//65 656//65 1268//65
f 650//65 1268//65 1220//65
f 1220//65 1268//65 656//65
f 1220//65 656//65 657//65
f 188//65 187//65 1268//65
f 1268//65 187//65 1190//65
f 1268//65 1190//65 655//65
f 655//315 1190//315 664//315
f 655//65 664//65 658//65
f 658//65 664//65 665//65
f 657//65 658//65 1220//65
f 1220//69 658//69 665//69
f 1220//67 665//67 1191//67
f 1191//65 665//65 666//65
f 1191//65 666//65 1190//65
f 1190//65 666//65 663//65
f 1190//65 663//65 664//65
f 63//65 62//65 1191//65
f 1191//65 62//65 68//65
f 1191//65 68//65 1225//65
f 1225//65 68//65 67//65
f 1225//65 67//65 1209//65
f 1209//65 67//65 66//65
f 1209//65 66//65 1208//65
f 1208//65 66//65 65//65
f 1208//65 65//65 1182//65
f 1182//65 65//65 48//65
f 1182//65 48//65 1180//65
f 1180//67 48//67 46//67
f 1180//65 46//65 44//65
f 1277//65 1278//65 1279//65
f 1279//65 1278//65 1280//65
f 1279//13 1280//13 1229//13
f 1229//13 1280//13 1230//13
f 1280//25 1278//25 1230//25
f 1230//25 1278//25 1231//25
f 1278//52 1277//52 1231//52
f 1231//52 1277//52 1228//52
f 1277//1 1279//1 1228//1
f 1228//1 1279//1 1229//1
f 1281//65 1106//65 1282//65
f 1282//65 1106//65 1107//65
f 1282//65 1107//65 1108//65
f 1111//65 1283//65 1110//65
f 1110//67 1283//67 1282//67
f 1110//70 1282//70 1109//70
f 1109//65 1282//65 1108//65
f 1282//13 1283//13 1235//13
f 1235//13 1283//13 1221//13
f 1221//25 1283//25 1140//25
f 1140//25 1283//25 1111//25
f 1281//52 1232//52 1106//52
f 1106//52 1232//52 1139//52
f 1281//1 1282//1 1232//1
f 1232//1 1282//1 1235//1
f 1284//65 1095//65 1105//65
f 1284//65 1105//65 1285//65
f 1285//65 1105//65 1104//65
f 1285//70 1104//70 1103//70
f 1100//65 1286//65 1101//65
f 1101//65 1286//65 1285//65
f 1101//65 1285//65 1102//65
f 1102//67 1285//67 1103//67
f 1178//13 1286//13 1099//13
f 1099//13 1286//13 1100//13
f 1284//25 1212//25 1095//25
f 1095//25 1212//25 1096//25
f 1284//52 1285//52 1212//52
f 1212//52 1285//52 1213//52
f 1285//1 1286//1 1213//1
f 1213//1 1286//1 1178//1
f 1287//65 1288//65 1289//65
f 1289//65 1288//65 1290//65
f 1289//13 1290//13 1269//13
f 1269//13 1290//13 1270//13
f 1290//25 1288//25 1270//25
f 1270//25 1288//25 1271//25
f 1288//52 1287//52 1271//52
f 1271//52 1287//52 1273//52
f 1287//1 1289//1 1273//1
f 1273//1 1289//1 1269//1
f 1291//65 1292//65 1293//65
f 1293//65 1292//65 1294//65
f 1293//13 1294//13 1184//13
f 1184//13 1294//13 1185//13
f 1294//25 1292//25 1185//25
f 1185//25 1292//25 1187//25
f 1292//52 1291//52 1187//52
f 1187//52 1291//52 1188//52
f 1291//1 1293//1 1188//1
f 1188//1 1293//1 1184//1
f 1295//65 1296//65 1297//65
f 1297//65 1296//65 1298//65
f 1297//13 1298//13 1223//13
f 1223//13 1298//13 1224//13
f 1298//25 1296//25 1224//25
f 1224//25 1296//25 1227//25
f 1296//52 1295//52 1227//52
f 1227//52 1295//52 1222//52
f 1295//1 1297//1 1222//1
f 1222//1 1297//1 1223//1
f 1299//65 1300//65 1301//65
f 1301//65 1300//65 1302//65
f 1301//13 1302//13 1226//13
f 1226//13 1302//13 1236//13
f 1302//25 1300//25 1236//25
f 1236//25 1300//25 1233//25
f 1300//52 1299//52 1233//52
f 1233//52 1299//52 1234//52
f 1299//1 1301//1 1234//1
f 1234//1 1301//1 1226//1
f 1303//65 1304//65 1305//65
f 1305//65 1304//65 1306//65
f 1305//13 1306//13 1238//13
f 1238//13 1306//13 1237//13
f 1306//25 1304//25 1237//25
f 1237//25 1304//25 1240//25
f 1304//52 1303//52 1240//52
f 1240//52 1303//52 1239//52
f 1303//1 1305//1 1239//1
f 1239//1 1305//1 1238//1
f 1307//65 1308//65 1309//65
f 1309//65 1308//65 1310//65
f 1309//13 1310//13 1210//13
f 1210//13 1310//13 1211//13
f 1310//25 1308//25 1211//25
f 1211//25 1308//25 1206//25
f 1308//52 1307//52 1206//52
f 1206//52 1307//52 1207//52
f 1307//1 1309//1 1207//1
f 1207//1 1309//1 1210//1
f 1311//65 1312//65 1313//65
f 1313//65 1312//65 1314//65
f 1313//13 1314//13 1276//13
f 1276//13 1314//13 1274//13
f 1314//25 1312//25 1274//25
f 1274//25 1312//25 1272//25
f 1312//52 1311//52 1272//52
f 1272//52 1311//52 1275//52
f 1311//1 1313//1 1275//1
f 1275//1 1313//1 1276//1
f 1315//65 1316//65 1317//65
f 1317//65 1316//65 1318//65
f 1317//13 1318//13 1181//13
f 1181//13 1318//13 1183//13
f 1318//25 1316//25 1183//25
f 1183//25 1316//25 1189//25
f 1316//52 1315//52 1189//52
f 1189//52 1315//52 1180//52
f 1315//1 1317//1 1180//1
f 1180//1 1317//1 1181//1
