# Blender 5.0.1
# www.blender.org
mtllib r_finger_linkage_visual.mtl
o L2_visual.001
v -0.255938 -0.559586 4.040641
v -0.255743 -0.559297 4.040641
v -0.255281 -0.559586 4.040098
v -0.255233 -0.558701 4.040641
v -0.254694 -0.559586 4.039641
v -0.254526 -0.559408 4.039641
v -0.254636 -0.558191 4.040641
v -0.254049 -0.559000 4.039641
v -0.253968 -0.557781 4.040641
v -0.253514 -0.558672 4.039641
v -0.253243 -0.557481 4.040641
v -0.252934 -0.558432 4.039641
v -0.252480 -0.557298 4.040641
v -0.252323 -0.558285 4.039641
v -0.251698 -0.557236 4.040641
v -0.251698 -0.558236 4.039641
v -0.256698 -0.640736 4.044641
v -0.256698 -0.640736 4.033041
v -0.255698 -0.641736 4.045641
v -0.255698 -0.641736 4.033041
v -0.254198 -0.641277 4.029349
v -0.254636 -0.640736 4.028996
v -0.254198 -0.640736 4.028711
v -0.254198 -0.641736 4.029919
v -0.254526 -0.641736 4.030213
v -0.255233 -0.640736 4.029506
v -0.254934 -0.641736 4.030690
v -0.255743 -0.640736 4.030102
v -0.255262 -0.641736 4.031225
v -0.256153 -0.640736 4.030771
v -0.255502 -0.641736 4.031805
v -0.256453 -0.640736 4.031496
v -0.255648 -0.641736 4.032415
v -0.256636 -0.640736 4.032259
v -0.256698 -0.631084 4.040598
v -0.256698 -0.631618 4.040470
v -0.256698 -0.632125 4.040260
v -0.256698 -0.632593 4.039973
v -0.256698 -0.633011 4.039616
v -0.256698 -0.633368 4.039198
v -0.256698 -0.633655 4.038730
v -0.256698 -0.562236 4.044641
v -0.256698 -0.562236 4.040641
v -0.256698 -0.630536 4.040641
v -0.256698 -0.633865 4.038223
v -0.256698 -0.633993 4.037689
v -0.256698 -0.634036 4.037141
v -0.256698 -0.634036 4.033041
v -0.229958 -0.559586 4.040641
v -0.231201 -0.559586 4.039641
v -0.230614 -0.559586 4.040098
v -0.231369 -0.559408 4.039641
v -0.234198 -0.558236 4.039641
v -0.233572 -0.558285 4.039641
v -0.232962 -0.558432 4.039641
v -0.231846 -0.559000 4.039641
v -0.232382 -0.558672 4.039641
v -0.234198 -0.557236 4.040641
v -0.251698 -0.557236 4.044641
v -0.252480 -0.557298 4.044641
v -0.253243 -0.557481 4.044641
v -0.253968 -0.557781 4.044641
v -0.254636 -0.558191 4.044641
v -0.255233 -0.558701 4.044641
v -0.255743 -0.559297 4.044641
v -0.256153 -0.559966 4.044641
v -0.256691 -0.561986 4.040641
v -0.256636 -0.561454 4.044641
v -0.256636 -0.561454 4.040641
v -0.256453 -0.560691 4.044641
v -0.256453 -0.560691 4.040641
v -0.256153 -0.559966 4.040641
v -0.255698 -0.562236 4.039641
v -0.255698 -0.562611 4.039641
v -0.255698 -0.572386 4.039641
v -0.255698 -0.587386 4.039641
v -0.255698 -0.602386 4.039641
v -0.255698 -0.617386 4.039641
v -0.255698 -0.630536 4.039641
v -0.256163 -0.561986 4.040113
v -0.255690 -0.561986 4.039641
v -0.229204 -0.561986 4.040641
v -0.239398 -0.561986 4.039641
v -0.229733 -0.561986 4.040113
v -0.230205 -0.561986 4.039641
v -0.246898 -0.561986 4.039641
v -0.253998 -0.561986 4.039641
v -0.237298 -0.564886 4.045641
v -0.237298 -0.564886 4.039641
v -0.237274 -0.564607 4.045641
v -0.237274 -0.564607 4.039641
v -0.237203 -0.564336 4.045641
v -0.237203 -0.564336 4.039641
v -0.237088 -0.564081 4.045641
v -0.237088 -0.564081 4.039641
v -0.236931 -0.563850 4.045641
v -0.236931 -0.563850 4.039641
v -0.236738 -0.563648 4.045641
v -0.236738 -0.563648 4.039641
v -0.236513 -0.563481 4.045641
v -0.236513 -0.563481 4.039641
v -0.236263 -0.563355 4.045641
v -0.236263 -0.563355 4.039641
v -0.235995 -0.563273 4.045641
v -0.235995 -0.563273 4.039641
v -0.235718 -0.563238 4.045641
v -0.235718 -0.563238 4.039641
v -0.235438 -0.563249 4.045641
v -0.235438 -0.563249 4.039641
v -0.235164 -0.563308 4.045641
v -0.235164 -0.563308 4.039641
v -0.234905 -0.563413 4.045641
v -0.234905 -0.563413 4.039641
v -0.234666 -0.563560 4.045641
v -0.234666 -0.563560 4.039641
v -0.234456 -0.563744 4.045641
v -0.234456 -0.563744 4.039641
v -0.234281 -0.563962 4.045641
v -0.234281 -0.563962 4.039641
v -0.234144 -0.564206 4.045641
v -0.234144 -0.564206 4.039641
v -0.234051 -0.564470 4.045641
v -0.234051 -0.564470 4.039641
v -0.234004 -0.564746 4.045641
v -0.234004 -0.564746 4.039641
v -0.234004 -0.565026 4.045641
v -0.234004 -0.565026 4.039641
v -0.234051 -0.565302 4.045641
v -0.234051 -0.565302 4.039641
v -0.234144 -0.565566 4.045641
v -0.234144 -0.565566 4.039641
v -0.234281 -0.565810 4.045641
v -0.234281 -0.565810 4.039641
v -0.234456 -0.566028 4.045641
v -0.234456 -0.566028 4.039641
v -0.234666 -0.566213 4.045641
v -0.234666 -0.566213 4.039641
v -0.234905 -0.566359 4.045641
v -0.234905 -0.566359 4.039641
v -0.235164 -0.566464 4.045641
v -0.235164 -0.566464 4.039641
v -0.235438 -0.566523 4.045641
v -0.235438 -0.566523 4.039641
v -0.235718 -0.566535 4.045641
v -0.235718 -0.566535 4.039641
v -0.235995 -0.566499 4.045641
v -0.235995 -0.566499 4.039641
v -0.236263 -0.566417 4.045641
v -0.236263 -0.566417 4.039641
v -0.236513 -0.566291 4.045641
v -0.236513 -0.566291 4.039641
v -0.236738 -0.566125 4.045641
v -0.236738 -0.566125 4.039641
v -0.236931 -0.565923 4.045641
v -0.236931 -0.565923 4.039641
v -0.237088 -0.565691 4.045641
v -0.237088 -0.565691 4.039641
v -0.237203 -0.565436 4.045641
v -0.237203 -0.565436 4.039641
v -0.237274 -0.565165 4.045641
v -0.237274 -0.565165 4.039641
v -0.237298 -0.579886 4.045641
v -0.237298 -0.579886 4.039641
v -0.237274 -0.579607 4.045641
v -0.237274 -0.579607 4.039641
v -0.237203 -0.579336 4.045641
v -0.237203 -0.579336 4.039641
v -0.237088 -0.579081 4.045641
v -0.237088 -0.579081 4.039641
v -0.236931 -0.578850 4.045641
v -0.236931 -0.578850 4.039641
v -0.236738 -0.578647 4.045641
v -0.236738 -0.578647 4.039641
v -0.236513 -0.578481 4.045641
v -0.236513 -0.578481 4.039641
v -0.236263 -0.578355 4.045641
v -0.236263 -0.578355 4.039641
v -0.235995 -0.578273 4.045641
v -0.235995 -0.578273 4.039641
v -0.235718 -0.578238 4.045641
v -0.235718 -0.578238 4.039641
v -0.235438 -0.578250 4.045641
v -0.235438 -0.578250 4.039641
v -0.235164 -0.578308 4.045641
v -0.235164 -0.578308 4.039641
v -0.234905 -0.578413 4.045641
v -0.234905 -0.578413 4.039641
v -0.234666 -0.578560 4.045641
v -0.234666 -0.578560 4.039641
v -0.234456 -0.578744 4.045641
v -0.234456 -0.578744 4.039641
v -0.234281 -0.578962 4.045641
v -0.234281 -0.578962 4.039641
v -0.234144 -0.579206 4.045641
v -0.234144 -0.579206 4.039641
v -0.234051 -0.579470 4.045641
v -0.234051 -0.579470 4.039641
v -0.234004 -0.579746 4.045641
v -0.234004 -0.579746 4.039641
v -0.234004 -0.580026 4.045641
v -0.234004 -0.580026 4.039641
v -0.234051 -0.580302 4.045641
v -0.234051 -0.580302 4.039641
v -0.234144 -0.580566 4.045641
v -0.234144 -0.580566 4.039641
v -0.234281 -0.580810 4.045641
v -0.234281 -0.580810 4.039641
v -0.234456 -0.581028 4.045641
v -0.234456 -0.581028 4.039641
v -0.234666 -0.581213 4.045641
v -0.234666 -0.581213 4.039641
v -0.234905 -0.581359 4.045641
v -0.234905 -0.581359 4.039641
v -0.235164 -0.581464 4.045641
v -0.235164 -0.581464 4.039641
v -0.235438 -0.581523 4.045641
v -0.235438 -0.581523 4.039641
v -0.235718 -0.581535 4.045641
v -0.235718 -0.581535 4.039641
v -0.235995 -0.581499 4.045641
v -0.235995 -0.581499 4.039641
v -0.236263 -0.581417 4.045641
v -0.236263 -0.581417 4.039641
v -0.236513 -0.581291 4.045641
v -0.236513 -0.581291 4.039641
v -0.236738 -0.581125 4.045641
v -0.236738 -0.581125 4.039641
v -0.236931 -0.580923 4.045641
v -0.236931 -0.580923 4.039641
v -0.237088 -0.580691 4.045641
v -0.237088 -0.580691 4.039641
v -0.237203 -0.580436 4.045641
v -0.237203 -0.580436 4.039641
v -0.237274 -0.580165 4.045641
v -0.237274 -0.580165 4.039641
v -0.237298 -0.594886 4.045641
v -0.237298 -0.594886 4.039641
v -0.237274 -0.594607 4.045641
v -0.237274 -0.594607 4.039641
v -0.237203 -0.594336 4.045641
v -0.237203 -0.594336 4.039641
v -0.237088 -0.594081 4.045641
v -0.237088 -0.594081 4.039641
v -0.236931 -0.593850 4.045641
v -0.236931 -0.593850 4.039641
v -0.236738 -0.593648 4.045641
v -0.236738 -0.593648 4.039641
v -0.236513 -0.593481 4.045641
v -0.236513 -0.593481 4.039641
v -0.236263 -0.593355 4.045641
v -0.236263 -0.593355 4.039641
v -0.235995 -0.593273 4.045641
v -0.235995 -0.593273 4.039641
v -0.235718 -0.593238 4.045641
v -0.235718 -0.593238 4.039641
v -0.235438 -0.593249 4.045641
v -0.235438 -0.593249 4.039641
v -0.235164 -0.593308 4.045641
v -0.235164 -0.593308 4.039641
v -0.234905 -0.593413 4.045641
v -0.234905 -0.593413 4.039641
v -0.234666 -0.593560 4.045641
v -0.234666 -0.593560 4.039641
v -0.234456 -0.593744 4.045641
v -0.234456 -0.593744 4.039641
v -0.234281 -0.593962 4.045641
v -0.234281 -0.593962 4.039641
v -0.234144 -0.594207 4.045641
v -0.234144 -0.594207 4.039641
v -0.234051 -0.594470 4.045641
v -0.234051 -0.594470 4.039641
v -0.234004 -0.594746 4.045641
v -0.234004 -0.594746 4.039641
v -0.234004 -0.595026 4.045641
v -0.234004 -0.595026 4.039641
v -0.234051 -0.595302 4.045641
v -0.234051 -0.595302 4.039641
v -0.234144 -0.595566 4.045641
v -0.234144 -0.595566 4.039641
v -0.234281 -0.595810 4.045641
v -0.234281 -0.595810 4.039641
v -0.234456 -0.596028 4.045641
v -0.234456 -0.596028 4.039641
v -0.234666 -0.596213 4.045641
v -0.234666 -0.596213 4.039641
v -0.234905 -0.596359 4.045641
v -0.234905 -0.596359 4.039641
v -0.235164 -0.596464 4.045641
v -0.235164 -0.596464 4.039641
v -0.235438 -0.596523 4.045641
v -0.235438 -0.596523 4.039641
v -0.235718 -0.596535 4.045641
v -0.235718 -0.596535 4.039641
v -0.235995 -0.596499 4.045641
v -0.235995 -0.596499 4.039641
v -0.236263 -0.596417 4.045641
v -0.236263 -0.596417 4.039641
v -0.236513 -0.596291 4.045641
v -0.236513 -0.596291 4.039641
v -0.236738 -0.596125 4.045641
v -0.236738 -0.596125 4.039641
v -0.236931 -0.595923 4.045641
v -0.236931 -0.595923 4.039641
v -0.237088 -0.595691 4.045641
v -0.237088 -0.595691 4.039641
v -0.237203 -0.595436 4.045641
v -0.237203 -0.595436 4.039641
v -0.237274 -0.595165 4.045641
v -0.237274 -0.595165 4.039641
v -0.244798 -0.564886 4.045641
v -0.244798 -0.564886 4.039641
v -0.244774 -0.564607 4.045641
v -0.244774 -0.564607 4.039641
v -0.244703 -0.564336 4.045641
v -0.244703 -0.564336 4.039641
v -0.244588 -0.564081 4.045641
v -0.244588 -0.564081 4.039641
v -0.244431 -0.563850 4.045641
v -0.244431 -0.563850 4.039641
v -0.244238 -0.563648 4.045641
v -0.244238 -0.563648 4.039641
v -0.244013 -0.563481 4.045641
v -0.244013 -0.563481 4.039641
v -0.243763 -0.563355 4.045641
v -0.243763 -0.563355 4.039641
v -0.243495 -0.563273 4.045641
v -0.243495 -0.563273 4.039641
v -0.243218 -0.563238 4.045641
v -0.243218 -0.563238 4.039641
v -0.242938 -0.563249 4.045641
v -0.242938 -0.563249 4.039641
v -0.242664 -0.563308 4.045641
v -0.242664 -0.563308 4.039641
v -0.242405 -0.563413 4.045641
v -0.242405 -0.563413 4.039641
v -0.242166 -0.563560 4.045641
v -0.242166 -0.563560 4.039641
v -0.241956 -0.563744 4.045641
v -0.241956 -0.563744 4.039641
v -0.241781 -0.563962 4.045641
v -0.241781 -0.563962 4.039641
v -0.241644 -0.564206 4.045641
v -0.241644 -0.564206 4.039641
v -0.241551 -0.564470 4.045641
v -0.241551 -0.564470 4.039641
v -0.241504 -0.564746 4.045641
v -0.241504 -0.564746 4.039641
v -0.241504 -0.565026 4.045641
v -0.241504 -0.565026 4.039641
v -0.241551 -0.565302 4.045641
v -0.241551 -0.565302 4.039641
v -0.241644 -0.565566 4.045641
v -0.241644 -0.565566 4.039641
v -0.241781 -0.565810 4.045641
v -0.241781 -0.565810 4.039641
v -0.241956 -0.566028 4.045641
v -0.241956 -0.566028 4.039641
v -0.242166 -0.566213 4.045641
v -0.242166 -0.566213 4.039641
v -0.242405 -0.566359 4.045641
v -0.242405 -0.566359 4.039641
v -0.242664 -0.566464 4.045641
v -0.242664 -0.566464 4.039641
v -0.242938 -0.566523 4.045641
v -0.242938 -0.566523 4.039641
v -0.243218 -0.566535 4.045641
v -0.243218 -0.566535 4.039641
v -0.243495 -0.566499 4.045641
v -0.243495 -0.566499 4.039641
v -0.243763 -0.566417 4.045641
v -0.243763 -0.566417 4.039641
v -0.244013 -0.566291 4.045641
v -0.244013 -0.566291 4.039641
v -0.244238 -0.566125 4.045641
v -0.244238 -0.566125 4.039641
v -0.244431 -0.565923 4.045641
v -0.244431 -0.565923 4.039641
v -0.244588 -0.565691 4.045641
v -0.244588 -0.565691 4.039641
v -0.244703 -0.565436 4.045641
v -0.244703 -0.565436 4.039641
v -0.244774 -0.565165 4.045641
v -0.244774 -0.565165 4.039641
v -0.244798 -0.579886 4.045641
v -0.244798 -0.579886 4.039641
v -0.244774 -0.579607 4.045641
v -0.244774 -0.579607 4.039641
v -0.244703 -0.579336 4.045641
v -0.244703 -0.579336 4.039641
v -0.244588 -0.579081 4.045641
v -0.244588 -0.579081 4.039641
v -0.244431 -0.578850 4.045641
v -0.244431 -0.578850 4.039641
v -0.244238 -0.578647 4.045641
v -0.244238 -0.578647 4.039641
v -0.244013 -0.578481 4.045641
v -0.244013 -0.578481 4.039641
v -0.243763 -0.578355 4.045641
v -0.243763 -0.578355 4.039641
v -0.243495 -0.578273 4.045641
v -0.243495 -0.578273 4.039641
v -0.243218 -0.578238 4.045641
v -0.243218 -0.578238 4.039641
v -0.242938 -0.578250 4.045641
v -0.242938 -0.578250 4.039641
v -0.242664 -0.578308 4.045641
v -0.242664 -0.578308 4.039641
v -0.242405 -0.578413 4.045641
v -0.242405 -0.578413 4.039641
v -0.242166 -0.578560 4.045641
v -0.242166 -0.578560 4.039641
v -0.241956 -0.578744 4.045641
v -0.241956 -0.578744 4.039641
v -0.241781 -0.578962 4.045641
v -0.241781 -0.578962 4.039641
v -0.241644 -0.579206 4.045641
v -0.241644 -0.579206 4.039641
v -0.241551 -0.579470 4.045641
v -0.241551 -0.579470 4.039641
v -0.241504 -0.579746 4.045641
v -0.241504 -0.579746 4.039641
v -0.241504 -0.580026 4.045641
v -0.241504 -0.580026 4.039641
v -0.241551 -0.580302 4.045641
v -0.241551 -0.580302 4.039641
v -0.241644 -0.580566 4.045641
v -0.241644 -0.580566 4.039641
v -0.241781 -0.580810 4.045641
v -0.241781 -0.580810 4.039641
v -0.241956 -0.581028 4.045641
v -0.241956 -0.581028 4.039641
v -0.242166 -0.581213 4.045641
v -0.242166 -0.581213 4.039641
v -0.242405 -0.581359 4.045641
v -0.242405 -0.581359 4.039641
v -0.242664 -0.581464 4.045641
v -0.242664 -0.581464 4.039641
v -0.242938 -0.581523 4.045641
v -0.242938 -0.581523 4.039641
v -0.243218 -0.581535 4.045641
v -0.243218 -0.581535 4.039641
v -0.243495 -0.581499 4.045641
v -0.243495 -0.581499 4.039641
v -0.243763 -0.581417 4.045641
v -0.243763 -0.581417 4.039641
v -0.244013 -0.581291 4.045641
v -0.244013 -0.581291 4.039641
v -0.244238 -0.581125 4.045641
v -0.244238 -0.581125 4.039641
v -0.244431 -0.580923 4.045641
v -0.244431 -0.580923 4.039641
v -0.244588 -0.580691 4.045641
v -0.244588 -0.580691 4.039641
v -0.244703 -0.580436 4.045641
v -0.244703 -0.580436 4.039641
v -0.244774 -0.580165 4.045641
v -0.244774 -0.580165 4.039641
v -0.244798 -0.594886 4.045641
v -0.244798 -0.594886 4.039641
v -0.244774 -0.594607 4.045641
v -0.244774 -0.594607 4.039641
v -0.244703 -0.594336 4.045641
v -0.244703 -0.594336 4.039641
v -0.244588 -0.594081 4.045641
v -0.244588 -0.594081 4.039641
v -0.244431 -0.593850 4.045641
v -0.244431 -0.593850 4.039641
v -0.244238 -0.593648 4.045641
v -0.244238 -0.593648 4.039641
v -0.244013 -0.593481 4.045641
v -0.244013 -0.593481 4.039641
v -0.243763 -0.593355 4.045641
v -0.243763 -0.593355 4.039641
v -0.243495 -0.593273 4.045641
v -0.243495 -0.593273 4.039641
v -0.243218 -0.593238 4.045641
v -0.243218 -0.593238 4.039641
v -0.242938 -0.593249 4.045641
v -0.242938 -0.593249 4.039641
v -0.242664 -0.593308 4.045641
v -0.242664 -0.593308 4.039641
v -0.242405 -0.593413 4.045641
v -0.242405 -0.593413 4.039641
v -0.242166 -0.593560 4.045641
v -0.242166 -0.593560 4.039641
v -0.241956 -0.593744 4.045641
v -0.241956 -0.593744 4.039641
v -0.241781 -0.593962 4.045641
v -0.241781 -0.593962 4.039641
v -0.241644 -0.594207 4.045641
v -0.241644 -0.594207 4.039641
v -0.241551 -0.594470 4.045641
v -0.241551 -0.594470 4.039641
v -0.241504 -0.594746 4.045641
v -0.241504 -0.594746 4.039641
v -0.241504 -0.595026 4.045641
v -0.241504 -0.595026 4.039641
v -0.241551 -0.595302 4.045641
v -0.241551 -0.595302 4.039641
v -0.241644 -0.595566 4.045641
v -0.241644 -0.595566 4.039641
v -0.241781 -0.595810 4.045641
v -0.241781 -0.595810 4.039641
v -0.241956 -0.596028 4.045641
v -0.241956 -0.596028 4.039641
v -0.242166 -0.596213 4.045641
v -0.242166 -0.596213 4.039641
v -0.242405 -0.596359 4.045641
v -0.242405 -0.596359 4.039641
v -0.242664 -0.596464 4.045641
v -0.242664 -0.596464 4.039641
v -0.242938 -0.596523 4.045641
v -0.242938 -0.596523 4.039641
v -0.243218 -0.596535 4.045641
v -0.243218 -0.596535 4.039641
v -0.243495 -0.596499 4.045641
v -0.243495 -0.596499 4.039641
v -0.243763 -0.596417 4.045641
v -0.243763 -0.596417 4.039641
v -0.244013 -0.596291 4.045641
v -0.244013 -0.596291 4.039641
v -0.244238 -0.596125 4.045641
v -0.244238 -0.596125 4.039641
v -0.244431 -0.595923 4.045641
v -0.244431 -0.595923 4.039641
v -0.244588 -0.595691 4.045641
v -0.244588 -0.595691 4.039641
v -0.244703 -0.595436 4.045641
v -0.244703 -0.595436 4.039641
v -0.244774 -0.595165 4.045641
v -0.244774 -0.595165 4.039641
v -0.237298 -0.609886 4.045641
v -0.237298 -0.609886 4.039641
v -0.237274 -0.609607 4.045641
v -0.237274 -0.609607 4.039641
v -0.237203 -0.609336 4.045641
v -0.237203 -0.609336 4.039641
v -0.237088 -0.609081 4.045641
v -0.237088 -0.609081 4.039641
v -0.236931 -0.608850 4.045641
v -0.236931 -0.608850 4.039641
v -0.236738 -0.608648 4.045641
v -0.236738 -0.608648 4.039641
v -0.236513 -0.608481 4.045641
v -0.236513 -0.608481 4.039641
v -0.236263 -0.608355 4.045641
v -0.236263 -0.608355 4.039641
v -0.235995 -0.608273 4.045641
v -0.235995 -0.608273 4.039641
v -0.235718 -0.608238 4.045641
v -0.235718 -0.608238 4.039641
v -0.235438 -0.608249 4.045641
v -0.235438 -0.608249 4.039641
v -0.235164 -0.608308 4.045641
v -0.235164 -0.608308 4.039641
v -0.234905 -0.608413 4.045641
v -0.234905 -0.608413 4.039641
v -0.234666 -0.608560 4.045641
v -0.234666 -0.608560 4.039641
v -0.234456 -0.608744 4.045641
v -0.234456 -0.608744 4.039641
v -0.234281 -0.608962 4.045641
v -0.234281 -0.608962 4.039641
v -0.234144 -0.609206 4.045641
v -0.234144 -0.609206 4.039641
v -0.234051 -0.609470 4.045641
v -0.234051 -0.609470 4.039641
v -0.234004 -0.609746 4.045641
v -0.234004 -0.609746 4.039641
v -0.234004 -0.610026 4.045641
v -0.234004 -0.610026 4.039641
v -0.234051 -0.610302 4.045641
v -0.234051 -0.610302 4.039641
v -0.234144 -0.610566 4.045641
v -0.234144 -0.610566 4.039641
v -0.234281 -0.610810 4.045641
v -0.234281 -0.610810 4.039641
v -0.234456 -0.611028 4.045641
v -0.234456 -0.611028 4.039641
v -0.234666 -0.611213 4.045641
v -0.234666 -0.611213 4.039641
v -0.234905 -0.611359 4.045641
v -0.234905 -0.611359 4.039641
v -0.235164 -0.611464 4.045641
v -0.235164 -0.611464 4.039641
v -0.235438 -0.611523 4.045641
v -0.235438 -0.611523 4.039641
v -0.235718 -0.611535 4.045641
v -0.235718 -0.611535 4.039641
v -0.235995 -0.611499 4.045641
v -0.235995 -0.611499 4.039641
v -0.236263 -0.611417 4.045641
v -0.236263 -0.611417 4.039641
v -0.236513 -0.611291 4.045641
v -0.236513 -0.611291 4.039641
v -0.236738 -0.611125 4.045641
v -0.236738 -0.611125 4.039641
v -0.236931 -0.610923 4.045641
v -0.236931 -0.610923 4.039641
v -0.237088 -0.610691 4.045641
v -0.237088 -0.610691 4.039641
v -0.237203 -0.610436 4.045641
v -0.237203 -0.610436 4.039641
v -0.237274 -0.610165 4.045641
v -0.237274 -0.610165 4.039641
v -0.237298 -0.624886 4.045641
v -0.237298 -0.624886 4.039641
v -0.237274 -0.624607 4.045641
v -0.237274 -0.624607 4.039641
v -0.237203 -0.624336 4.045641
v -0.237203 -0.624336 4.039641
v -0.237088 -0.624081 4.045641
v -0.237088 -0.624081 4.039641
v -0.236931 -0.623850 4.045641
v -0.236931 -0.623850 4.039641
v -0.236738 -0.623648 4.045641
v -0.236738 -0.623648 4.039641
v -0.236513 -0.623481 4.045641
v -0.236513 -0.623481 4.039641
v -0.236263 -0.623355 4.045641
v -0.236263 -0.623355 4.039641
v -0.235995 -0.623273 4.045641
v -0.235995 -0.623273 4.039641
v -0.235718 -0.623238 4.045641
v -0.235718 -0.623238 4.039641
v -0.235438 -0.623249 4.045641
v -0.235438 -0.623249 4.039641
v -0.235164 -0.623308 4.045641
v -0.235164 -0.623308 4.039641
v -0.234905 -0.623413 4.045641
v -0.234905 -0.623413 4.039641
v -0.234666 -0.623560 4.045641
v -0.234666 -0.623560 4.039641
v -0.234456 -0.623744 4.045641
v -0.234456 -0.623744 4.039641
v -0.234281 -0.623962 4.045641
v -0.234281 -0.623962 4.039641
v -0.234144 -0.624206 4.045641
v -0.234144 -0.624206 4.039641
v -0.234051 -0.624470 4.045641
v -0.234051 -0.624470 4.039641
v -0.234004 -0.624746 4.045641
v -0.234004 -0.624746 4.039641
v -0.234004 -0.625026 4.045641
v -0.234004 -0.625026 4.039641
v -0.234051 -0.625302 4.045641
v -0.234051 -0.625302 4.039641
v -0.234144 -0.625566 4.045641
v -0.234144 -0.625566 4.039641
v -0.234281 -0.625810 4.045641
v -0.234281 -0.625810 4.039641
v -0.234456 -0.626028 4.045641
v -0.234456 -0.626028 4.039641
v -0.234666 -0.626213 4.045641
v -0.234666 -0.626213 4.039641
v -0.234905 -0.626359 4.045641
v -0.234905 -0.626359 4.039641
v -0.235164 -0.626464 4.045641
v -0.235164 -0.626464 4.039641
v -0.235438 -0.626523 4.045641
v -0.235438 -0.626523 4.039641
v -0.235718 -0.626535 4.045641
v -0.235718 -0.626535 4.039641
v -0.235995 -0.626499 4.045641
v -0.235995 -0.626499 4.039641
v -0.236263 -0.626417 4.045641
v -0.236263 -0.626417 4.039641
v -0.236513 -0.626291 4.045641
v -0.236513 -0.626291 4.039641
v -0.236738 -0.626125 4.045641
v -0.236738 -0.626125 4.039641
v -0.236931 -0.625923 4.045641
v -0.236931 -0.625923 4.039641
v -0.237088 -0.625691 4.045641
v -0.237088 -0.625691 4.039641
v -0.237203 -0.625436 4.045641
v -0.237203 -0.625436 4.039641
v -0.237274 -0.625165 4.045641
v -0.237274 -0.625165 4.039641
v -0.244798 -0.609886 4.045641
v -0.244798 -0.609886 4.039641
v -0.244774 -0.609607 4.045641
v -0.244774 -0.609607 4.039641
v -0.244703 -0.609336 4.045641
v -0.244703 -0.609336 4.039641
v -0.244588 -0.609081 4.045641
v -0.244588 -0.609081 4.039641
v -0.244431 -0.608850 4.045641
v -0.244431 -0.608850 4.039641
v -0.244238 -0.608648 4.045641
v -0.244238 -0.608648 4.039641
v -0.244013 -0.608481 4.045641
v -0.244013 -0.608481 4.039641
v -0.243763 -0.608355 4.045641
v -0.243763 -0.608355 4.039641
v -0.243495 -0.608273 4.045641
v -0.243495 -0.608273 4.039641
v -0.243218 -0.608238 4.045641
v -0.243218 -0.608238 4.039641
v -0.242938 -0.608249 4.045641
v -0.242938 -0.608249 4.039641
v -0.242664 -0.608308 4.045641
v -0.242664 -0.608308 4.039641
v -0.242405 -0.608413 4.045641
v -0.242405 -0.608413 4.039641
v -0.242166 -0.608560 4.045641
v -0.242166 -0.608560 4.039641
v -0.241956 -0.608744 4.045641
v -0.241956 -0.608744 4.039641
v -0.241781 -0.608962 4.045641
v -0.241781 -0.608962 4.039641
v -0.241644 -0.609206 4.045641
v -0.241644 -0.609206 4.039641
v -0.241551 -0.609470 4.045641
v -0.241551 -0.609470 4.039641
v -0.241504 -0.609746 4.045641
v -0.241504 -0.609746 4.039641
v -0.241504 -0.610026 4.045641
v -0.241504 -0.610026 4.039641
v -0.241551 -0.610302 4.045641
v -0.241551 -0.610302 4.039641
v -0.241644 -0.610566 4.045641
v -0.241644 -0.610566 4.039641
v -0.241781 -0.610810 4.045641
v -0.241781 -0.610810 4.039641
v -0.241956 -0.611028 4.045641
v -0.241956 -0.611028 4.039641
v -0.242166 -0.611213 4.045641
v -0.242166 -0.611213 4.039641
v -0.242405 -0.611359 4.045641
v -0.242405 -0.611359 4.039641
v -0.242664 -0.611464 4.045641
v -0.242664 -0.611464 4.039641
v -0.242938 -0.611523 4.045641
v -0.242938 -0.611523 4.039641
v -0.243218 -0.611535 4.045641
v -0.243218 -0.611535 4.039641
v -0.243495 -0.611499 4.045641
v -0.243495 -0.611499 4.039641
v -0.243763 -0.611417 4.045641
v -0.243763 -0.611417 4.039641
v -0.244013 -0.611291 4.045641
v -0.244013 -0.611291 4.039641
v -0.244238 -0.611125 4.045641
v -0.244238 -0.611125 4.039641
v -0.244431 -0.610923 4.045641
v -0.244431 -0.610923 4.039641
v -0.244588 -0.610691 4.045641
v -0.244588 -0.610691 4.039641
v -0.244703 -0.610436 4.045641
v -0.244703 -0.610436 4.039641
v -0.244774 -0.610165 4.045641
v -0.244774 -0.610165 4.039641
v -0.244798 -0.624886 4.045641
v -0.244798 -0.624886 4.039641
v -0.244774 -0.624607 4.045641
v -0.244774 -0.624607 4.039641
v -0.244703 -0.624336 4.045641
v -0.244703 -0.624336 4.039641
v -0.244588 -0.624081 4.045641
v -0.244588 -0.624081 4.039641
v -0.244431 -0.623850 4.045641
v -0.244431 -0.623850 4.039641
v -0.244238 -0.623648 4.045641
v -0.244238 -0.623648 4.039641
v -0.244013 -0.623481 4.045641
v -0.244013 -0.623481 4.039641
v -0.243763 -0.623355 4.045641
v -0.243763 -0.623355 4.039641
v -0.243495 -0.623273 4.045641
v -0.243495 -0.623273 4.039641
v -0.243218 -0.623238 4.045641
v -0.243218 -0.623238 4.039641
v -0.242938 -0.623249 4.045641
v -0.242938 -0.623249 4.039641
v -0.242664 -0.623308 4.045641
v -0.242664 -0.623308 4.039641
v -0.242405 -0.623413 4.045641
v -0.242405 -0.623413 4.039641
v -0.242166 -0.623560 4.045641
v -0.242166 -0.623560 4.039641
v -0.241956 -0.623744 4.045641
v -0.241956 -0.623744 4.039641
v -0.241781 -0.623962 4.045641
v -0.241781 -0.623962 4.039641
v -0.241644 -0.624206 4.045641
v -0.241644 -0.624206 4.039641
v -0.241551 -0.624470 4.045641
v -0.241551 -0.624470 4.039641
v -0.241504 -0.624746 4.045641
v -0.241504 -0.624746 4.039641
v -0.241504 -0.625026 4.045641
v -0.241504 -0.625026 4.039641
v -0.241551 -0.625302 4.045641
v -0.241551 -0.625302 4.039641
v -0.241644 -0.625566 4.045641
v -0.241644 -0.625566 4.039641
v -0.241781 -0.625810 4.045641
v -0.241781 -0.625810 4.039641
v -0.241956 -0.626028 4.045641
v -0.241956 -0.626028 4.039641
v -0.242166 -0.626213 4.045641
v -0.242166 -0.626213 4.039641
v -0.242405 -0.626359 4.045641
v -0.242405 -0.626359 4.039641
v -0.242664 -0.626464 4.045641
v -0.242664 -0.626464 4.039641
v -0.242938 -0.626523 4.045641
v -0.242938 -0.626523 4.039641
v -0.243218 -0.626535 4.045641
v -0.243218 -0.626535 4.039641
v -0.243495 -0.626499 4.045641
v -0.243495 -0.626499 4.039641
v -0.243763 -0.626417 4.045641
v -0.243763 -0.626417 4.039641
v -0.244013 -0.626291 4.045641
v -0.244013 -0.626291 4.039641
v -0.244238 -0.626125 4.045641
v -0.244238 -0.626125 4.039641
v -0.244431 -0.625923 4.045641
v -0.244431 -0.625923 4.039641
v -0.244588 -0.625691 4.045641
v -0.244588 -0.625691 4.039641
v -0.244703 -0.625436 4.045641
v -0.244703 -0.625436 4.039641
v -0.244774 -0.625165 4.045641
v -0.244774 -0.625165 4.039641
v -0.252298 -0.564886 4.045641
v -0.252298 -0.564886 4.039641
v -0.252274 -0.564607 4.045641
v -0.252274 -0.564607 4.039641
v -0.252203 -0.564336 4.045641
v -0.252203 -0.564336 4.039641
v -0.252088 -0.564081 4.045641
v -0.252088 -0.564081 4.039641
v -0.251931 -0.563850 4.045641
v -0.251931 -0.563850 4.039641
v -0.251738 -0.563648 4.045641
v -0.251738 -0.563648 4.039641
v -0.251513 -0.563481 4.045641
v -0.251513 -0.563481 4.039641
v -0.251263 -0.563355 4.045641
v -0.251263 -0.563355 4.039641
v -0.250995 -0.563273 4.045641
v -0.250995 -0.563273 4.039641
v -0.250718 -0.563238 4.045641
v -0.250718 -0.563238 4.039641
v -0.250438 -0.563249 4.045641
v -0.250438 -0.563249 4.039641
v -0.250164 -0.563308 4.045641
v -0.250164 -0.563308 4.039641
v -0.249905 -0.563413 4.045641
v -0.249905 -0.563413 4.039641
v -0.249666 -0.563560 4.045641
v -0.249666 -0.563560 4.039641
v -0.249456 -0.563744 4.045641
v -0.249456 -0.563744 4.039641
v -0.249281 -0.563962 4.045641
v -0.249281 -0.563962 4.039641
v -0.249144 -0.564206 4.045641
v -0.249144 -0.564206 4.039641
v -0.249051 -0.564470 4.045641
v -0.249051 -0.564470 4.039641
v -0.249004 -0.564746 4.045641
v -0.249004 -0.564746 4.039641
v -0.249004 -0.565026 4.045641
v -0.249004 -0.565026 4.039641
v -0.249051 -0.565302 4.045641
v -0.249051 -0.565302 4.039641
v -0.249144 -0.565566 4.045641
v -0.249144 -0.565566 4.039641
v -0.249281 -0.565810 4.045641
v -0.249281 -0.565810 4.039641
v -0.249456 -0.566028 4.045641
v -0.249456 -0.566028 4.039641
v -0.249666 -0.566213 4.045641
v -0.249666 -0.566213 4.039641
v -0.249905 -0.566359 4.045641
v -0.249905 -0.566359 4.039641
v -0.250164 -0.566464 4.045641
v -0.250164 -0.566464 4.039641
v -0.250438 -0.566523 4.045641
v -0.250438 -0.566523 4.039641
v -0.250718 -0.566535 4.045641
v -0.250718 -0.566535 4.039641
v -0.250995 -0.566499 4.045641
v -0.250995 -0.566499 4.039641
v -0.251263 -0.566417 4.045641
v -0.251263 -0.566417 4.039641
v -0.251513 -0.566291 4.045641
v -0.251513 -0.566291 4.039641
v -0.251738 -0.566125 4.045641
v -0.251738 -0.566125 4.039641
v -0.251931 -0.565923 4.045641
v -0.251931 -0.565923 4.039641
v -0.252088 -0.565691 4.045641
v -0.252088 -0.565691 4.039641
v -0.252203 -0.565436 4.045641
v -0.252203 -0.565436 4.039641
v -0.252274 -0.565165 4.045641
v -0.252274 -0.565165 4.039641
v -0.252298 -0.579886 4.045641
v -0.252298 -0.579886 4.039641
v -0.252274 -0.579607 4.045641
v -0.252274 -0.579607 4.039641
v -0.252203 -0.579336 4.045641
v -0.252203 -0.579336 4.039641
v -0.252088 -0.579081 4.045641
v -0.252088 -0.579081 4.039641
v -0.251931 -0.578850 4.045641
v -0.251931 -0.578850 4.039641
v -0.251738 -0.578647 4.045641
v -0.251738 -0.578647 4.039641
v -0.251513 -0.578481 4.045641
v -0.251513 -0.578481 4.039641
v -0.251263 -0.578355 4.045641
v -0.251263 -0.578355 4.039641
v -0.250995 -0.578273 4.045641
v -0.250995 -0.578273 4.039641
v -0.250718 -0.578238 4.045641
v -0.250718 -0.578238 4.039641
v -0.250438 -0.578250 4.045641
v -0.250438 -0.578250 4.039641
v -0.250164 -0.578308 4.045641
v -0.250164 -0.578308 4.039641
v -0.249905 -0.578413 4.045641
v -0.249905 -0.578413 4.039641
v -0.249666 -0.578560 4.045641
v -0.249666 -0.578560 4.039641
v -0.249456 -0.578744 4.045641
v -0.249456 -0.578744 4.039641
v -0.249281 -0.578962 4.045641
v -0.249281 -0.578962 4.039641
v -0.249144 -0.579206 4.045641
v -0.249144 -0.579206 4.039641
v -0.249051 -0.579470 4.045641
v -0.249051 -0.579470 4.039641
v -0.249004 -0.579746 4.045641
v -0.249004 -0.579746 4.039641
v -0.249004 -0.580026 4.045641
v -0.249004 -0.580026 4.039641
v -0.249051 -0.580302 4.045641
v -0.249051 -0.580302 4.039641
v -0.249144 -0.580566 4.045641
v -0.249144 -0.580566 4.039641
v -0.249281 -0.580810 4.045641
v -0.249281 -0.580810 4.039641
v -0.249456 -0.581028 4.045641
v -0.249456 -0.581028 4.039641
v -0.249666 -0.581213 4.045641
v -0.249666 -0.581213 4.039641
v -0.249905 -0.581359 4.045641
v -0.249905 -0.581359 4.039641
v -0.250164 -0.581464 4.045641
v -0.250164 -0.581464 4.039641
v -0.250438 -0.581523 4.045641
v -0.250438 -0.581523 4.039641
v -0.250718 -0.581535 4.045641
v -0.250718 -0.581535 4.039641
v -0.250995 -0.581499 4.045641
v -0.250995 -0.581499 4.039641
v -0.251263 -0.581417 4.045641
v -0.251263 -0.581417 4.039641
v -0.251513 -0.581291 4.045641
v -0.251513 -0.581291 4.039641
v -0.251738 -0.581125 4.045641
v -0.251738 -0.581125 4.039641
v -0.251931 -0.580923 4.045641
v -0.251931 -0.580923 4.039641
v -0.252088 -0.580691 4.045641
v -0.252088 -0.580691 4.039641
v -0.252203 -0.580436 4.045641
v -0.252203 -0.580436 4.039641
v -0.252274 -0.580165 4.045641
v -0.252274 -0.580165 4.039641
v -0.252298 -0.594886 4.045641
v -0.252298 -0.594886 4.039641
v -0.252274 -0.594607 4.045641
v -0.252274 -0.594607 4.039641
v -0.252203 -0.594336 4.045641
v -0.252203 -0.594336 4.039641
v -0.252088 -0.594081 4.045641
v -0.252088 -0.594081 4.039641
v -0.251931 -0.593850 4.045641
v -0.251931 -0.593850 4.039641
v -0.251738 -0.593648 4.045641
v -0.251738 -0.593648 4.039641
v -0.251513 -0.593481 4.045641
v -0.251513 -0.593481 4.039641
v -0.251263 -0.593355 4.045641
v -0.251263 -0.593355 4.039641
v -0.250995 -0.593273 4.045641
v -0.250995 -0.593273 4.039641
v -0.250718 -0.593238 4.045641
v -0.250718 -0.593238 4.039641
v -0.250438 -0.593249 4.045641
v -0.250438 -0.593249 4.039641
v -0.250164 -0.593308 4.045641
v -0.250164 -0.593308 4.039641
v -0.249905 -0.593413 4.045641
v -0.249905 -0.593413 4.039641
v -0.249666 -0.593560 4.045641
v -0.249666 -0.593560 4.039641
v -0.249456 -0.593744 4.045641
v -0.249456 -0.593744 4.039641
v -0.249281 -0.593962 4.045641
v -0.249281 -0.593962 4.039641
v -0.249144 -0.594207 4.045641
v -0.249144 -0.594207 4.039641
v -0.249051 -0.594470 4.045641
v -0.249051 -0.594470 4.039641
v -0.249004 -0.594746 4.045641
v -0.249004 -0.594746 4.039641
v -0.249004 -0.595026 4.045641
v -0.249004 -0.595026 4.039641
v -0.249051 -0.595302 4.045641
v -0.249051 -0.595302 4.039641
v -0.249144 -0.595566 4.045641
v -0.249144 -0.595566 4.039641
v -0.249281 -0.595810 4.045641
v -0.249281 -0.595810 4.039641
v -0.249456 -0.596028 4.045641
v -0.249456 -0.596028 4.039641
v -0.249666 -0.596213 4.045641
v -0.249666 -0.596213 4.039641
v -0.249905 -0.596359 4.045641
v -0.249905 -0.596359 4.039641
v -0.250164 -0.596464 4.045641
v -0.250164 -0.596464 4.039641
v -0.250438 -0.596523 4.045641
v -0.250438 -0.596523 4.039641
v -0.250718 -0.596535 4.045641
v -0.250718 -0.596535 4.039641
v -0.250995 -0.596499 4.045641
v -0.250995 -0.596499 4.039641
v -0.251263 -0.596417 4.045641
v -0.251263 -0.596417 4.039641
v -0.251513 -0.596291 4.045641
v -0.251513 -0.596291 4.039641
v -0.251738 -0.596125 4.045641
v -0.251738 -0.596125 4.039641
v -0.251931 -0.595923 4.045641
v -0.251931 -0.595923 4.039641
v -0.252088 -0.595691 4.045641
v -0.252088 -0.595691 4.039641
v -0.252203 -0.595436 4.045641
v -0.252203 -0.595436 4.039641
v -0.252274 -0.595165 4.045641
v -0.252274 -0.595165 4.039641
v -0.252298 -0.609886 4.045641
v -0.252298 -0.609886 4.039641
v -0.252274 -0.609607 4.045641
v -0.252274 -0.609607 4.039641
v -0.252203 -0.609336 4.045641
v -0.252203 -0.609336 4.039641
v -0.252088 -0.609081 4.045641
v -0.252088 -0.609081 4.039641
v -0.251931 -0.608850 4.045641
v -0.251931 -0.608850 4.039641
v -0.251738 -0.608648 4.045641
v -0.251738 -0.608648 4.039641
v -0.251513 -0.608481 4.045641
v -0.251513 -0.608481 4.039641
v -0.251263 -0.608355 4.045641
v -0.251263 -0.608355 4.039641
v -0.250995 -0.608273 4.045641
v -0.250995 -0.608273 4.039641
v -0.250718 -0.608238 4.045641
v -0.250718 -0.608238 4.039641
v -0.250438 -0.608249 4.045641
v -0.250438 -0.608249 4.039641
v -0.250164 -0.608308 4.045641
v -0.250164 -0.608308 4.039641
v -0.249905 -0.608413 4.045641
v -0.249905 -0.608413 4.039641
v -0.249666 -0.608560 4.045641
v -0.249666 -0.608560 4.039641
v -0.249456 -0.608744 4.045641
v -0.249456 -0.608744 4.039641
v -0.249281 -0.608962 4.045641
v -0.249281 -0.608962 4.039641
v -0.249144 -0.609206 4.045641
v -0.249144 -0.609206 4.039641
v -0.249051 -0.609470 4.045641
v -0.249051 -0.609470 4.039641
v -0.249004 -0.609746 4.045641
v -0.249004 -0.609746 4.039641
v -0.249004 -0.610026 4.045641
v -0.249004 -0.610026 4.039641
v -0.249051 -0.610302 4.045641
v -0.249051 -0.610302 4.039641
v -0.249144 -0.610566 4.045641
v -0.249144 -0.610566 4.039641
v -0.249281 -0.610810 4.045641
v -0.249281 -0.610810 4.039641
v -0.249456 -0.611028 4.045641
v -0.249456 -0.611028 4.039641
v -0.249666 -0.611213 4.045641
v -0.249666 -0.611213 4.039641
v -0.249905 -0.611359 4.045641
v -0.249905 -0.611359 4.039641
v -0.250164 -0.611464 4.045641
v -0.250164 -0.611464 4.039641
v -0.250438 -0.611523 4.045641
v -0.250438 -0.611523 4.039641
v -0.250718 -0.611535 4.045641
v -0.250718 -0.611535 4.039641
v -0.250995 -0.611499 4.045641
v -0.250995 -0.611499 4.039641
v -0.251263 -0.611417 4.045641
v -0.251263 -0.611417 4.039641
v -0.251513 -0.611291 4.045641
v -0.251513 -0.611291 4.039641
v -0.251738 -0.611125 4.045641
v -0.251738 -0.611125 4.039641
v -0.251931 -0.610923 4.045641
v -0.251931 -0.610923 4.039641
v -0.252088 -0.610691 4.045641
v -0.252088 -0.610691 4.039641
v -0.252203 -0.610436 4.045641
v -0.252203 -0.610436 4.039641
v -0.252274 -0.610165 4.045641
v -0.252274 -0.610165 4.039641
v -0.252298 -0.624886 4.045641
v -0.252298 -0.624886 4.039641
v -0.252274 -0.624607 4.045641
v -0.252274 -0.624607 4.039641
v -0.252203 -0.624336 4.045641
v -0.252203 -0.624336 4.039641
v -0.252088 -0.624081 4.045641
v -0.252088 -0.624081 4.039641
v -0.251931 -0.623850 4.045641
v -0.251931 -0.623850 4.039641
v -0.251738 -0.623648 4.045641
v -0.251738 -0.623648 4.039641
v -0.251513 -0.623481 4.045641
v -0.251513 -0.623481 4.039641
v -0.251263 -0.623355 4.045641
v -0.251263 -0.623355 4.039641
v -0.250995 -0.623273 4.045641
v -0.250995 -0.623273 4.039641
v -0.250718 -0.623238 4.045641
v -0.250718 -0.623238 4.039641
v -0.250438 -0.623249 4.045641
v -0.250438 -0.623249 4.039641
v -0.250164 -0.623308 4.045641
v -0.250164 -0.623308 4.039641
v -0.249905 -0.623413 4.045641
v -0.249905 -0.623413 4.039641
v -0.249666 -0.623560 4.045641
v -0.249666 -0.623560 4.039641
v -0.249456 -0.623744 4.045641
v -0.249456 -0.623744 4.039641
v -0.249281 -0.623962 4.045641
v -0.249281 -0.623962 4.039641
v -0.249144 -0.624206 4.045641
v -0.249144 -0.624206 4.039641
v -0.249051 -0.624470 4.045641
v -0.249051 -0.624470 4.039641
v -0.249004 -0.624746 4.045641
v -0.249004 -0.624746 4.039641
v -0.249004 -0.625026 4.045641
v -0.249004 -0.625026 4.039641
v -0.249051 -0.625302 4.045641
v -0.249051 -0.625302 4.039641
v -0.249144 -0.625566 4.045641
v -0.249144 -0.625566 4.039641
v -0.249281 -0.625810 4.045641
v -0.249281 -0.625810 4.039641
v -0.249456 -0.626028 4.045641
v -0.249456 -0.626028 4.039641
v -0.249666 -0.626213 4.045641
v -0.249666 -0.626213 4.039641
v -0.249905 -0.626359 4.045641
v -0.249905 -0.626359 4.039641
v -0.250164 -0.626464 4.045641
v -0.250164 -0.626464 4.039641
v -0.250438 -0.626523 4.045641
v -0.250438 -0.626523 4.039641
v -0.250718 -0.626535 4.045641
v -0.250718 -0.626535 4.039641
v -0.250995 -0.626499 4.045641
v -0.250995 -0.626499 4.039641
v -0.251263 -0.626417 4.045641
v -0.251263 -0.626417 4.039641
v -0.251513 -0.626291 4.045641
v -0.251513 -0.626291 4.039641
v -0.251738 -0.626125 4.045641
v -0.251738 -0.626125 4.039641
v -0.251931 -0.625923 4.045641
v -0.251931 -0.625923 4.039641
v -0.252088 -0.625691 4.045641
v -0.252088 -0.625691 4.039641
v -0.252203 -0.625436 4.045641
v -0.252203 -0.625436 4.039641
v -0.252274 -0.625165 4.045641
v -0.252274 -0.625165 4.039641
v -0.254998 -0.638936 4.029285
v -0.254998 -0.638936 4.045641
v -0.254636 -0.638936 4.028996
v -0.254198 -0.638936 4.045641
v -0.254198 -0.638936 4.028711
v -0.254198 -0.641736 4.045641
v -0.255698 -0.587386 4.045641
v -0.255698 -0.602386 4.045641
v -0.255698 -0.617386 4.045641
v -0.255698 -0.572386 4.045641
v -0.255698 -0.562611 4.045641
v -0.255698 -0.562236 4.045641
v -0.255174 -0.559586 4.045270
v -0.254694 -0.559586 4.045641
v -0.254526 -0.559408 4.045641
v -0.255974 -0.560057 4.044841
v -0.255700 -0.559586 4.044841
v -0.256263 -0.560753 4.044841
v -0.256438 -0.561485 4.044841
v -0.256491 -0.561986 4.044841
v -0.256072 -0.561986 4.045259
v -0.255690 -0.561986 4.045641
v -0.254049 -0.559000 4.045641
v -0.253514 -0.558672 4.045641
v -0.252934 -0.558432 4.045641
v -0.252323 -0.558285 4.045641
v -0.251698 -0.558236 4.045641
v -0.239398 -0.561986 4.045641
v -0.230205 -0.561986 4.045641
v -0.229823 -0.561986 4.045259
v -0.253998 -0.561986 4.045641
v -0.246898 -0.561986 4.045641
v -0.229404 -0.561986 4.044841
v -0.229457 -0.561485 4.044841
v -0.230195 -0.559586 4.044841
v -0.229921 -0.560057 4.044841
v -0.229632 -0.560753 4.044841
v -0.231201 -0.559586 4.045641
v -0.230721 -0.559586 4.045270
v -0.234198 -0.558236 4.045641
v -0.231369 -0.559408 4.045641
v -0.231846 -0.559000 4.045641
v -0.232382 -0.558672 4.045641
v -0.232962 -0.558432 4.045641
v -0.233572 -0.558285 4.045641
v -0.234198 -0.557236 4.044641
v -0.255698 -0.633036 4.037141
v -0.255698 -0.633005 4.037532
v -0.255698 -0.632914 4.037914
v -0.255698 -0.632764 4.038276
v -0.255698 -0.632559 4.038610
v -0.255698 -0.632304 4.038909
v -0.255698 -0.632006 4.039164
v -0.255698 -0.631671 4.039369
v -0.255698 -0.631309 4.039519
v -0.255698 -0.630927 4.039610
v -0.251698 -0.633036 4.029041
v -0.251698 -0.634036 4.028041
v -0.252480 -0.634036 4.028103
v -0.252323 -0.633036 4.029090
v -0.253243 -0.634036 4.028286
v -0.252934 -0.633036 4.029237
v -0.253968 -0.634036 4.028586
v -0.253514 -0.633036 4.029477
v -0.254636 -0.634036 4.028996
v -0.254049 -0.633036 4.029805
v -0.255233 -0.634036 4.029506
v -0.254526 -0.633036 4.030213
v -0.255743 -0.634036 4.030102
v -0.254934 -0.633036 4.030690
v -0.256153 -0.634036 4.030771
v -0.255262 -0.633036 4.031225
v -0.256453 -0.634036 4.031496
v -0.255502 -0.633036 4.031805
v -0.256636 -0.634036 4.032259
v -0.255648 -0.633036 4.032415
v -0.255698 -0.633036 4.033041
v -0.248873 -0.636736 4.032641
v -0.248873 -0.633036 4.032641
v -0.248901 -0.636736 4.032303
v -0.248901 -0.633036 4.032303
v -0.248987 -0.636736 4.031975
v -0.248987 -0.633036 4.031975
v -0.249127 -0.636736 4.031666
v -0.249127 -0.633036 4.031666
v -0.249316 -0.636736 4.031385
v -0.249316 -0.633036 4.031385
v -0.249551 -0.636736 4.031140
v -0.249551 -0.633036 4.031140
v -0.249824 -0.636736 4.030938
v -0.249824 -0.633036 4.030938
v -0.250127 -0.636736 4.030786
v -0.250127 -0.633036 4.030786
v -0.250451 -0.636736 4.030686
v -0.250451 -0.633036 4.030686
v -0.250788 -0.636736 4.030643
v -0.250788 -0.633036 4.030643
v -0.251127 -0.636736 4.030657
v -0.251127 -0.633036 4.030657
v -0.251458 -0.636736 4.030729
v -0.251458 -0.633036 4.030729
v -0.251773 -0.636736 4.030855
v -0.251773 -0.633036 4.030855
v -0.252062 -0.636736 4.031033
v -0.252062 -0.633036 4.031033
v -0.252316 -0.636736 4.031257
v -0.252316 -0.633036 4.031257
v -0.252530 -0.636736 4.031521
v -0.252530 -0.633036 4.031521
v -0.252695 -0.636736 4.031817
v -0.252695 -0.633036 4.031817
v -0.252808 -0.636736 4.032137
v -0.252808 -0.633036 4.032137
v -0.252865 -0.636736 4.032472
v -0.252865 -0.633036 4.032472
v -0.252865 -0.636736 4.032811
v -0.252865 -0.633036 4.032811
v -0.252808 -0.636736 4.033145
v -0.252808 -0.633036 4.033145
v -0.252695 -0.636736 4.033465
v -0.252695 -0.633036 4.033465
v -0.252530 -0.636736 4.033761
v -0.252530 -0.633036 4.033761
v -0.252316 -0.636736 4.034025
v -0.252316 -0.633036 4.034025
v -0.252062 -0.636736 4.034249
v -0.252062 -0.633036 4.034249
v -0.251773 -0.636736 4.034427
v -0.251773 -0.633036 4.034427
v -0.251458 -0.636736 4.034554
v -0.251458 -0.633036 4.034554
v -0.251127 -0.636736 4.034625
v -0.251127 -0.633036 4.034625
v -0.250788 -0.636736 4.034639
v -0.250788 -0.633036 4.034639
v -0.250451 -0.636736 4.034596
v -0.250451 -0.633036 4.034596
v -0.250127 -0.636736 4.034497
v -0.250127 -0.633036 4.034497
v -0.249824 -0.636736 4.034344
v -0.249824 -0.633036 4.034344
v -0.249551 -0.636736 4.034142
v -0.249551 -0.633036 4.034142
v -0.249316 -0.636736 4.033898
v -0.249316 -0.633036 4.033898
v -0.249127 -0.636736 4.033617
v -0.249127 -0.633036 4.033617
v -0.248987 -0.636736 4.033308
v -0.248987 -0.633036 4.033308
v -0.248901 -0.636736 4.032979
v -0.248901 -0.633036 4.032979
v -0.233023 -0.636736 4.032641
v -0.233023 -0.633036 4.032641
v -0.233051 -0.636736 4.032303
v -0.233051 -0.633036 4.032303
v -0.233137 -0.636736 4.031975
v -0.233137 -0.633036 4.031975
v -0.233277 -0.636736 4.031666
v -0.233277 -0.633036 4.031666
v -0.233467 -0.636736 4.031385
v -0.233467 -0.633036 4.031385
v -0.233701 -0.636736 4.031140
v -0.233701 -0.633036 4.031140
v -0.233974 -0.636736 4.030938
v -0.233974 -0.633036 4.030938
v -0.234277 -0.636736 4.030786
v -0.234277 -0.633036 4.030786
v -0.234601 -0.636736 4.030686
v -0.234601 -0.633036 4.030686
v -0.234938 -0.636736 4.030643
v -0.234938 -0.633036 4.030643
v -0.235277 -0.636736 4.030657
v -0.235277 -0.633036 4.030657
v -0.235608 -0.636736 4.030729
v -0.235608 -0.633036 4.030729
v -0.235923 -0.636736 4.030855
v -0.235923 -0.633036 4.030855
v -0.236212 -0.636736 4.031033
v -0.236212 -0.633036 4.031033
v -0.236466 -0.636736 4.031257
v -0.236466 -0.633036 4.031257
v -0.236680 -0.636736 4.031521
v -0.236680 -0.633036 4.031521
v -0.236845 -0.636736 4.031817
v -0.236845 -0.633036 4.031817
v -0.236958 -0.636736 4.032137
v -0.236958 -0.633036 4.032137
v -0.237015 -0.636736 4.032472
v -0.237015 -0.633036 4.032472
v -0.237015 -0.636736 4.032811
v -0.237015 -0.633036 4.032811
v -0.236958 -0.636736 4.033145
v -0.236958 -0.633036 4.033145
v -0.236845 -0.636736 4.033465
v -0.236845 -0.633036 4.033465
v -0.236680 -0.636736 4.033761
v -0.236680 -0.633036 4.033761
v -0.236466 -0.636736 4.034025
v -0.236466 -0.633036 4.034025
v -0.236212 -0.636736 4.034249
v -0.236212 -0.633036 4.034249
v -0.235923 -0.636736 4.034427
v -0.235923 -0.633036 4.034427
v -0.235608 -0.636736 4.034554
v -0.235608 -0.633036 4.034554
v -0.235277 -0.636736 4.034625
v -0.235277 -0.633036 4.034625
v -0.234938 -0.636736 4.034639
v -0.234938 -0.633036 4.034639
v -0.234601 -0.636736 4.034596
v -0.234601 -0.633036 4.034596
v -0.234277 -0.636736 4.034497
v -0.234277 -0.633036 4.034497
v -0.233974 -0.636736 4.034344
v -0.233974 -0.633036 4.034344
v -0.233701 -0.636736 4.034142
v -0.233701 -0.633036 4.034142
v -0.233467 -0.636736 4.033898
v -0.233467 -0.633036 4.033898
v -0.233277 -0.636736 4.033617
v -0.233277 -0.633036 4.033617
v -0.233137 -0.636736 4.033308
v -0.233137 -0.633036 4.033308
v -0.233051 -0.636736 4.032979
v -0.233051 -0.633036 4.032979
v -0.254998 -0.636736 4.045641
v -0.254998 -0.636736 4.029285
v -0.254636 -0.636736 4.028996
v -0.253968 -0.636736 4.028586
v -0.253243 -0.636736 4.028286
v -0.252480 -0.636736 4.028103
v -0.251698 -0.636736 4.028041
v -0.234198 -0.634036 4.028041
v -0.234198 -0.633036 4.029041
v -0.229743 -0.559966 4.040641
v -0.229442 -0.560691 4.040641
v -0.229259 -0.561454 4.040641
v -0.230152 -0.559297 4.040641
v -0.230662 -0.558701 4.040641
v -0.231259 -0.558191 4.040641
v -0.231928 -0.557781 4.040641
v -0.232652 -0.557481 4.040641
v -0.233415 -0.557298 4.040641
v -0.230198 -0.562236 4.039641
v -0.239398 -0.617386 4.039641
v -0.230198 -0.617386 4.039641
v -0.239398 -0.630536 4.039641
v -0.230198 -0.630536 4.039641
v -0.246898 -0.630536 4.039641
v -0.246898 -0.617386 4.039641
v -0.253998 -0.630536 4.039641
v -0.253998 -0.617386 4.039641
v -0.239398 -0.602386 4.039641
v -0.230198 -0.602386 4.039641
v -0.246898 -0.602386 4.039641
v -0.253998 -0.602386 4.039641
v -0.239398 -0.587386 4.039641
v -0.230198 -0.587386 4.039641
v -0.246898 -0.587386 4.039641
v -0.253998 -0.587386 4.039641
v -0.230198 -0.572386 4.039641
v -0.239398 -0.572386 4.039641
v -0.246898 -0.572386 4.039641
v -0.253998 -0.572386 4.039641
v -0.239398 -0.562611 4.039641
v -0.230198 -0.562611 4.039641
v -0.246898 -0.562611 4.039641
v -0.253998 -0.562611 4.039641
v -0.229198 -0.562236 4.040641
v -0.230198 -0.617386 4.045641
v -0.230898 -0.636736 4.045641
v -0.239398 -0.636736 4.045641
v -0.239398 -0.617386 4.045641
v -0.230198 -0.641736 4.045641
v -0.230898 -0.638936 4.045641
v -0.231698 -0.641736 4.045641
v -0.231698 -0.638936 4.045641
v -0.246898 -0.636736 4.045641
v -0.246898 -0.617386 4.045641
v -0.253998 -0.636736 4.045641
v -0.253998 -0.617386 4.045641
v -0.253998 -0.562611 4.045641
v -0.246898 -0.562611 4.045641
v -0.239398 -0.562611 4.045641
v -0.230198 -0.572386 4.045641
v -0.239398 -0.572386 4.045641
v -0.230198 -0.562611 4.045641
v -0.230198 -0.562236 4.045641
v -0.246898 -0.572386 4.045641
v -0.253998 -0.572386 4.045641
v -0.230198 -0.587386 4.045641
v -0.239398 -0.587386 4.045641
v -0.246898 -0.587386 4.045641
v -0.253998 -0.587386 4.045641
v -0.230198 -0.602386 4.045641
v -0.239398 -0.602386 4.045641
v -0.246898 -0.602386 4.045641
v -0.253998 -0.602386 4.045641
v -0.229198 -0.562236 4.044641
v -0.229259 -0.561454 4.044641
v -0.229442 -0.560691 4.044641
v -0.229743 -0.559966 4.044641
v -0.230152 -0.559297 4.044641
v -0.230662 -0.558701 4.044641
v -0.231259 -0.558191 4.044641
v -0.231928 -0.557781 4.044641
v -0.232652 -0.557481 4.044641
v -0.233415 -0.557298 4.044641
v -0.230198 -0.630927 4.039610
v -0.230198 -0.633036 4.037141
v -0.230198 -0.633005 4.037532
v -0.230198 -0.632914 4.037914
v -0.230198 -0.632764 4.038276
v -0.230198 -0.632559 4.038610
v -0.230198 -0.632304 4.038909
v -0.230198 -0.632006 4.039164
v -0.230198 -0.631671 4.039369
v -0.230198 -0.631309 4.039519
v -0.230198 -0.641736 4.033041
v -0.231698 -0.641736 4.029919
v -0.231369 -0.641736 4.030213
v -0.230962 -0.641736 4.030690
v -0.230634 -0.641736 4.031225
v -0.230393 -0.641736 4.031805
v -0.230247 -0.641736 4.032415
v -0.230634 -0.633036 4.031225
v -0.230393 -0.633036 4.031805
v -0.230247 -0.633036 4.032415
v -0.230198 -0.633036 4.033041
v -0.233572 -0.633036 4.029090
v -0.232962 -0.633036 4.029237
v -0.232382 -0.633036 4.029477
v -0.231846 -0.633036 4.029805
v -0.231369 -0.633036 4.030213
v -0.230962 -0.633036 4.030690
v -0.230898 -0.636736 4.029285
v -0.230898 -0.638936 4.029285
v -0.231259 -0.638936 4.028996
v -0.231698 -0.638936 4.028711
v -0.234198 -0.636736 4.028041
v -0.231259 -0.636736 4.028996
v -0.233415 -0.636736 4.028103
v -0.232652 -0.636736 4.028286
v -0.231928 -0.636736 4.028586
v -0.231698 -0.641277 4.029349
v -0.231698 -0.640736 4.028711
v -0.231259 -0.640736 4.028996
v -0.230662 -0.640736 4.029506
v -0.230152 -0.640736 4.030102
v -0.229743 -0.640736 4.030771
v -0.229442 -0.640736 4.031496
v -0.229259 -0.640736 4.032259
v -0.229198 -0.640736 4.033041
v -0.229198 -0.634036 4.033041
v -0.229259 -0.634036 4.032259
v -0.229442 -0.634036 4.031496
v -0.229743 -0.634036 4.030771
v -0.230152 -0.634036 4.030102
v -0.230662 -0.634036 4.029506
v -0.231259 -0.634036 4.028996
v -0.231928 -0.634036 4.028586
v -0.232652 -0.634036 4.028286
v -0.233415 -0.634036 4.028103
v -0.229198 -0.630536 4.040641
v -0.229198 -0.640736 4.044641
v -0.229198 -0.631084 4.040598
v -0.229198 -0.631618 4.040470
v -0.229198 -0.632125 4.040260
v -0.229198 -0.632593 4.039973
v -0.229198 -0.633011 4.039616
v -0.229198 -0.633368 4.039198
v -0.229198 -0.633655 4.038730
v -0.229198 -0.633865 4.038223
v -0.229198 -0.633993 4.037689
v -0.229198 -0.634036 4.037141
vn -0.5850 0.3953 -0.7082
vn -0.5399 0.4610 -0.7042
vn -0.5464 0.4590 -0.7005
vn -0.5141 0.4852 -0.7073
vn -0.4602 0.5384 -0.7060
vn -0.4594 0.5387 -0.7063
vn -0.3706 0.6037 -0.7058
vn -0.3695 0.6039 -0.7062
vn -0.2711 0.6543 -0.7060
vn -0.2706 0.6543 -0.7062
vn -0.1656 0.6886 -0.7060
vn -0.1650 0.6886 -0.7061
vn -0.0561 0.7060 -0.7060
vn -0.0557 0.7060 -0.7060
vn -0.7072 -0.7071 -0.0000
vn -0.7071 -0.7071 -0.0000
vn -0.3873 -0.7031 -0.5963
vn -0.4911 -0.6782 -0.5467
vn -0.4540 -0.7152 -0.5313
vn -0.4518 -0.7053 -0.5463
vn -0.5381 -0.7062 -0.4601
vn -0.5387 -0.7059 -0.4599
vn -0.6028 -0.7067 -0.3705
vn -0.6042 -0.7058 -0.3699
vn -0.6546 -0.7058 -0.2709
vn -0.6542 -0.7061 -0.2711
vn -0.6890 -0.7057 -0.1653
vn -0.6885 -0.7061 -0.1653
vn -0.7061 -0.7059 -0.0556
vn -0.7057 -0.7063 -0.0556
vn -1.0000 -0.0000 -0.0000
vn -0.0000 -1.0000 -0.0000
vn -0.0000 -0.0000 -1.0000
vn 0.0075 -0.0000 -1.0000
vn 0.0008 -0.0000 -1.0000
vn 0.0006 -0.0000 -1.0000
vn 0.0025 -0.0000 -1.0000
vn -0.0038 -0.0000 -1.0000
vn -0.0000 0.7071 -0.7072
vn -0.0000 0.7071 -0.7071
vn -0.0785 0.9969 -0.0000
vn -0.2335 0.9724 -0.0000
vn -0.2334 0.9724 -0.0000
vn -0.3826 0.9239 -0.0000
vn -0.3827 0.9239 -0.0000
vn -0.5224 0.8527 -0.0000
vn -0.5226 0.8526 -0.0000
vn -0.6494 0.7605 -0.0000
vn -0.7604 0.6494 -0.0000
vn -0.7604 0.6495 -0.0000
vn -0.8289 0.5594 -0.0000
vn -0.8526 0.5225 0.0038
vn -0.9997 0.0251 -0.0000
vn -0.9969 0.0783 0.0033
vn -0.9946 0.1034 -0.0000
vn -0.9724 0.2335 -0.0000
vn -0.9239 0.3826 -0.0000
vn -0.9239 0.3827 -0.0000
vn -0.8704 0.4923 -0.0000
vn -0.7069 -0.0000 -0.7073
vn -0.7068 -0.0000 -0.7074
vn -0.7071 -0.0000 -0.7072
vn -0.7071 -0.0000 -0.7071
vn -0.7067 -0.0000 -0.7075
vn -0.7070 0.0178 -0.7070
vn -0.7060 0.0217 -0.7079
vn -0.7066 0.0222 -0.7073
vn -0.0000 1.0000 -0.0000
vn -0.0000 1.0000 -0.0001
vn -0.0000 1.0000 0.0001
vn -0.0000 1.0000 0.0003
vn -0.0000 1.0000 -0.0003
vn 0.9964 -0.0849 -0.0000
vn 0.9964 -0.0848 -0.0000
vn 0.9677 -0.2520 -0.0000
vn 0.9677 -0.2519 -0.0000
vn 0.9112 -0.4120 -0.0000
vn 0.9113 -0.4118 -0.0000
vn 0.8284 -0.5601 -0.0000
vn 0.8285 -0.5600 -0.0000
vn 0.7219 -0.6920 -0.0000
vn 0.7221 -0.6918 -0.0000
vn 0.5946 -0.8041 -0.0000
vn 0.5947 -0.8039 -0.0000
vn 0.4502 -0.8929 -0.0000
vn 0.4503 -0.8929 -0.0000
vn 0.2926 -0.9562 -0.0000
vn 0.2927 -0.9562 -0.0000
vn 0.1271 -0.9919 -0.0000
vn 0.1272 -0.9919 -0.0000
vn -0.0424 -0.9991 -0.0000
vn -0.2108 -0.9775 -0.0000
vn -0.2109 -0.9775 -0.0000
vn -0.3727 -0.9280 -0.0000
vn -0.3728 -0.9279 -0.0000
vn -0.5243 -0.8515 -0.0000
vn -0.5244 -0.8515 -0.0000
vn -0.6606 -0.7508 -0.0000
vn -0.6607 -0.7506 -0.0000
vn -0.7780 -0.6283 -0.0000
vn -0.7780 -0.6282 -0.0000
vn -0.8730 -0.4878 -0.0000
vn -0.8731 -0.4876 -0.0000
vn -0.9428 -0.3332 -0.0000
vn -0.9429 -0.3331 -0.0000
vn -0.9856 -0.1690 -0.0000
vn -0.9856 -0.1689 -0.0000
vn -0.9856 0.1689 -0.0000
vn -0.9856 0.1690 -0.0000
vn -0.9428 0.3332 -0.0000
vn -0.9429 0.3331 -0.0000
vn -0.8731 0.4876 -0.0000
vn -0.8730 0.4878 -0.0000
vn -0.7780 0.6283 -0.0000
vn -0.7780 0.6282 -0.0000
vn -0.6607 0.7506 -0.0000
vn -0.6606 0.7507 -0.0000
vn -0.5243 0.8515 -0.0000
vn -0.5244 0.8515 -0.0000
vn -0.3729 0.9279 -0.0000
vn -0.2107 0.9776 -0.0000
vn -0.0424 0.9991 -0.0000
vn 0.1270 0.9919 -0.0000
vn 0.1269 0.9919 -0.0000
vn 0.2928 0.9562 -0.0000
vn 0.2929 0.9562 -0.0000
vn 0.4502 0.8929 -0.0000
vn 0.4503 0.8929 -0.0000
vn 0.5946 0.8040 -0.0000
vn 0.7221 0.6918 -0.0000
vn 0.7219 0.6920 -0.0000
vn 0.8284 0.5601 -0.0000
vn 0.8285 0.5600 -0.0000
vn 0.9112 0.4119 -0.0000
vn 0.9677 0.2520 -0.0000
vn 0.9677 0.2519 -0.0000
vn 0.9964 0.0848 -0.0000
vn 0.9112 -0.4119 -0.0000
vn -0.0426 -0.9991 -0.0000
vn -0.2106 -0.9776 -0.0000
vn -0.2107 -0.9776 -0.0000
vn -0.9856 -0.1691 -0.0000
vn 0.9964 0.0849 -0.0000
vn 0.7218 -0.6921 -0.0000
vn 0.7220 -0.6919 -0.0000
vn 0.2928 -0.9562 -0.0000
vn 0.2929 -0.9562 -0.0000
vn 0.1269 -0.9919 -0.0000
vn 0.1270 -0.9919 -0.0000
vn -0.3729 -0.9279 -0.0000
vn -0.5241 -0.8516 -0.0000
vn -0.5242 -0.8516 -0.0000
vn -0.7781 -0.6282 -0.0000
vn -0.7781 -0.6281 -0.0000
vn -0.7781 0.6282 -0.0000
vn -0.7781 0.6281 -0.0000
vn -0.5241 0.8516 -0.0000
vn -0.5242 0.8516 -0.0000
vn 0.9113 0.4118 -0.0000
vn 0.9964 -0.0847 -0.0000
vn -0.6606 -0.7507 -0.0000
vn -0.7779 -0.6283 -0.0000
vn -0.8730 -0.4877 -0.0000
vn -0.9429 0.3330 -0.0000
vn -0.8730 0.4877 -0.0000
vn -0.6607 0.7507 -0.0000
vn -0.2106 0.9776 -0.0000
vn 0.2929 0.9561 -0.0000
vn 0.7220 0.6919 -0.0000
vn 0.8286 0.5599 -0.0000
vn 0.9112 0.4120 -0.0000
vn 0.9677 0.2521 -0.0000
vn 0.9964 0.0847 -0.0000
vn 0.9677 -0.2521 -0.0000
vn -0.9429 -0.3330 -0.0000
vn -0.3730 -0.9278 -0.0000
vn -0.5241 -0.8517 -0.0000
vn -0.7782 -0.6280 -0.0000
vn -0.9856 0.1691 -0.0000
vn -0.3727 0.9280 -0.0000
vn -0.3728 0.9279 -0.0000
vn -0.0426 0.9991 -0.0000
vn 0.1272 0.9919 -0.0000
vn 0.1271 0.9919 -0.0000
vn 0.2926 0.9562 -0.0000
vn 0.2927 0.9562 -0.0000
vn -0.2109 0.9775 -0.0000
vn -0.3727 0.9279 -0.0000
vn -0.2108 0.9775 -0.0000
vn 0.9677 -0.2522 -0.0000
vn 0.8286 -0.5599 -0.0000
vn 0.5946 -0.8040 -0.0000
vn -0.6606 0.7508 -0.0000
vn 0.5946 0.8041 -0.0000
vn 0.5947 0.8039 -0.0000
vn 0.9677 0.2522 -0.0000
vn 0.2929 -0.9561 -0.0000
vn 0.7218 0.6921 -0.0000
vn 1.0000 -0.0000 -0.0000
vn 1.0000 0.0001 -0.0000
vn -0.0000 -1.0000 0.0005
vn -0.0000 -1.0000 -0.0002
vn -0.7076 -0.0000 0.7066
vn -0.7074 -0.0000 0.7068
vn -0.7069 -0.0000 0.7073
vn -0.7073 -0.0000 0.7069
vn -0.7071 -0.0000 0.7071
vn -0.5293 0.4991 0.6861
vn -0.6383 0.3723 0.6738
vn -0.5771 0.4057 0.7088
vn -0.5410 0.4626 0.7024
vn -0.6040 0.3704 0.7057
vn -0.6538 0.2715 0.7063
vn -0.6542 0.2714 0.7059
vn -0.6890 0.1655 0.7056
vn -0.6889 0.1655 0.7057
vn -0.7052 0.0738 0.7052
vn -0.7296 0.0574 0.6815
vn -0.7064 0.0167 0.7076
vn -0.7071 0.0204 0.7068
vn -0.7064 0.0222 0.7074
vn -0.5338 0.4657 0.7058
vn -0.4601 0.5385 0.7059
vn -0.4605 0.5385 0.7057
vn -0.3699 0.6040 0.7059
vn -0.3702 0.6039 0.7058
vn -0.2714 0.6544 0.7058
vn -0.2707 0.6545 0.7060
vn -0.1652 0.6888 0.7059
vn -0.1656 0.6887 0.7059
vn -0.0552 0.7062 0.7059
vn -0.0555 0.7062 0.7059
vn -0.0000 1.0000 0.0002
vn -0.0000 -0.0000 1.0000
vn -0.0000 -1.0000 0.0002
vn -0.0000 -1.0000 0.0001
vn -0.0030 -0.0000 1.0000
vn 0.0019 -0.0000 1.0000
vn -0.0004 -0.0000 1.0000
vn -0.0013 -0.0000 1.0000
vn 0.0006 -0.0000 1.0000
vn 0.0004 -0.0000 1.0000
vn -0.0002 -0.0000 1.0000
vn -0.0000 0.7072 0.7070
vn -0.0000 0.7073 0.7070
vn -0.7061 0.7059 -0.0555
vn -0.7059 0.7062 -0.0556
vn -0.7061 0.6886 -0.1654
vn -0.7059 0.6887 -0.1653
vn -0.7061 0.6542 -0.2709
vn -0.7061 0.6542 -0.2711
vn -0.7062 0.6035 -0.3701
vn -0.7058 0.6040 -0.3700
vn -0.7067 0.5380 -0.4595
vn -0.7061 0.5386 -0.4598
vn -0.7054 0.4603 -0.5391
vn -0.7064 0.4597 -0.5382
vn -0.7069 0.3697 -0.6030
vn -0.7056 0.3703 -0.6042
vn -0.7060 0.2711 -0.6543
vn -0.7064 0.2710 -0.6539
vn -0.7060 0.1653 -0.6886
vn -0.7062 0.1648 -0.6886
vn -0.7061 0.0559 -0.7059
vn -0.0546 0.7060 -0.7061
vn -0.0567 0.7059 -0.7060
vn -0.1648 0.7060 -0.6888
vn -0.1650 0.7060 -0.6887
vn -0.2707 0.7060 -0.6545
vn -0.2711 0.7060 -0.6542
vn -0.3707 0.7057 -0.6038
vn -0.3699 0.7061 -0.6038
vn -0.4598 0.7061 -0.5385
vn -0.4602 0.7059 -0.5384
vn -0.5381 0.7062 -0.4601
vn -0.5389 0.7059 -0.4597
vn -0.6036 0.7062 -0.3701
vn -0.6035 0.7062 -0.3702
vn -0.6547 0.7057 -0.2709
vn -0.6539 0.7063 -0.2711
vn -0.6885 0.7061 -0.1654
vn -0.6890 0.7057 -0.1652
vn -0.7057 0.7063 -0.0556
vn -0.7061 0.7059 -0.0557
vn -0.7071 0.7071 -0.0000
vn -0.9964 -0.0000 0.0848
vn -0.9964 -0.0000 0.0847
vn -0.9679 -0.0000 0.2513
vn -0.9676 -0.0000 0.2524
vn -0.9112 -0.0000 0.4119
vn -0.8279 -0.0000 0.5609
vn -0.8288 -0.0000 0.5595
vn -0.7223 -0.0000 0.6916
vn -0.5930 -0.0000 0.8052
vn -0.5959 -0.0000 0.8031
vn -0.4498 -0.0000 0.8931
vn -0.4498 -0.0000 0.8932
vn -0.2924 -0.0000 0.9563
vn -0.2951 -0.0000 0.9555
vn -0.1261 -0.0000 0.9920
vn -0.1276 -0.0000 0.9918
vn 0.0430 -0.0000 0.9991
vn 0.0416 -0.0000 0.9991
vn 0.2107 -0.0000 0.9775
vn 0.3738 -0.0000 0.9275
vn 0.3713 -0.0000 0.9285
vn 0.5240 -0.0000 0.8517
vn 0.5250 -0.0000 0.8511
vn 0.6605 -0.0000 0.7508
vn 0.7784 -0.0000 0.6277
vn 0.8733 -0.0000 0.4872
vn 0.8726 -0.0000 0.4885
vn 0.9431 -0.0000 0.3324
vn 0.9427 -0.0000 0.3338
vn 0.9856 -0.0000 0.1688
vn 0.9856 -0.0000 0.1693
vn 0.9856 -0.0000 -0.1688
vn 0.9856 -0.0000 -0.1693
vn 0.9431 -0.0000 -0.3324
vn 0.9428 -0.0000 -0.3333
vn 0.8733 -0.0000 -0.4872
vn 0.8726 -0.0000 -0.4885
vn 0.7784 -0.0000 -0.6277
vn 0.7779 -0.0000 -0.6284
vn 0.6614 -0.0000 -0.7501
vn 0.6605 -0.0000 -0.7508
vn 0.5229 -0.0000 -0.8524
vn 0.5250 -0.0000 -0.8511
vn 0.3738 -0.0000 -0.9275
vn 0.3713 -0.0000 -0.9285
vn 0.2121 -0.0000 -0.9772
vn 0.2107 -0.0000 -0.9775
vn 0.0416 -0.0000 -0.9991
vn -0.1261 -0.0000 -0.9920
vn -0.2924 -0.0000 -0.9563
vn -0.2951 -0.0000 -0.9555
vn -0.4498 -0.0000 -0.8931
vn -0.4498 -0.0000 -0.8932
vn -0.5940 -0.0000 -0.8045
vn -0.5959 -0.0000 -0.8031
vn -0.7202 -0.0000 -0.6938
vn -0.7223 -0.0000 -0.6916
vn -0.8288 -0.0000 -0.5595
vn -0.9112 -0.0000 -0.4119
vn -0.9678 -0.0000 -0.2517
vn -0.9677 -0.0000 -0.2520
vn -0.9964 -0.0000 -0.0850
vn -0.9964 -0.0000 -0.0848
vn -0.9964 -0.0000 0.0849
vn -0.1262 -0.0000 0.9920
vn 0.5251 -0.0000 0.8511
vn 0.9857 -0.0000 0.1688
vn 0.9857 -0.0000 -0.1688
vn 0.6613 -0.0000 -0.7501
vn 0.5251 -0.0000 -0.8511
vn -0.1262 -0.0000 -0.9920
vn -0.9678 -0.0000 -0.2516
vn -0.9964 -0.0000 -0.0849
vn -0.5447 -0.0000 -0.8386
vn -0.5433 -0.0000 -0.8395
vn -0.6231 0.0094 -0.7821
vn -0.6252 -0.0000 -0.7805
vn -0.6491 -0.0083 -0.7607
vn -0.6856 -0.0000 -0.7280
vn -0.6501 -0.0000 -0.7598
vn -0.5217 -0.0000 -0.8531
vn -0.5223 -0.0000 -0.8527
vn -0.3833 -0.0000 -0.9236
vn -0.3825 -0.0000 -0.9239
vn -0.2339 -0.0000 -0.9723
vn -0.2330 -0.0000 -0.9725
vn -0.0774 -0.0000 -0.9970
vn -0.0791 -0.0000 -0.9969
vn -0.6847 -0.0000 -0.7288
vn -0.7607 -0.0000 -0.6491
vn -0.7601 -0.0000 -0.6498
vn -0.8524 -0.0000 -0.5229
vn -0.8528 -0.0000 -0.5222
vn -0.9238 -0.0000 -0.3829
vn -0.9239 -0.0000 -0.3826
vn -0.9724 -0.0000 -0.2335
vn -0.9969 -0.0000 -0.0784
vn -0.9969 -0.0000 -0.0785
vn 0.5851 0.3952 -0.7082
vn 0.5316 0.5002 -0.6835
vn 0.5394 0.4612 -0.7045
vn 0.5369 0.4620 -0.7059
vn 0.4598 0.5385 -0.7061
vn 0.4599 0.5385 -0.7061
vn 0.3699 0.6039 -0.7061
vn 0.3703 0.6037 -0.7060
vn 0.2706 0.6543 -0.7061
vn 0.2711 0.6543 -0.7060
vn 0.1653 0.6887 -0.7060
vn 0.1648 0.6886 -0.7062
vn 0.0560 0.7060 -0.7060
vn 0.0555 0.7060 -0.7060
vn -0.0001 -0.0000 -1.0000
vn -0.0032 -0.0000 -1.0000
vn 0.0004 -0.0000 -1.0000
vn 0.0013 -0.0000 -1.0000
vn 0.0032 -0.0000 -1.0000
vn -0.0013 -0.0000 -1.0000
vn 0.0001 -0.0000 -1.0000
vn 0.0018 -0.0000 -1.0000
vn -0.0026 -0.0000 -1.0000
vn 0.0002 -0.0000 -1.0000
vn -0.0002 -0.0000 -1.0000
vn -0.0020 -0.0000 -1.0000
vn 0.0007 -0.0000 -1.0000
vn -0.0010 -0.0000 -1.0000
vn 0.0021 -0.0000 -1.0000
vn -0.0021 -0.0000 -1.0000
vn 0.0009 -0.0000 -1.0000
vn -0.0009 -0.0000 -1.0000
vn -0.0039 -0.0000 -1.0000
vn -0.0024 -0.0000 -1.0000
vn -0.0025 -0.0000 -1.0000
vn 0.0020 -0.0000 -1.0000
vn -0.0006 -0.0000 -1.0000
vn -0.0007 -0.0000 -1.0000
vn -0.0044 -0.0000 -1.0000
vn 0.0016 -0.0000 -1.0000
vn 0.0010 -0.0000 -1.0000
vn 0.0036 -0.0000 -1.0000
vn -0.0011 -0.0000 -1.0000
vn -0.0036 -0.0000 -1.0000
vn -0.0008 -0.0000 -1.0000
vn -0.0004 -0.0000 -1.0000
vn -0.0015 -0.0000 -1.0000
vn -0.0018 -0.0000 -1.0000
vn -0.0017 -0.0000 -1.0000
vn 0.0015 -0.0000 -1.0000
vn 0.0027 -0.0000 -1.0000
vn -0.0014 -0.0000 -1.0000
vn 0.0003 -0.0000 -1.0000
vn -0.0003 -0.0000 -1.0000
vn 0.0040 -0.0000 -1.0000
vn 0.0023 -0.0000 -1.0000
vn -0.0047 -0.0000 -1.0000
vn 0.0005 -0.0000 -1.0000
vn 0.0014 -0.0000 -1.0000
vn -0.0016 -0.0000 -1.0000
vn 0.7059 0.0177 -0.7081
vn 0.7071 0.0198 -0.7068
vn 0.7065 0.0221 -0.7074
vn -0.0027 -0.0000 1.0000
vn -0.0003 -0.0000 1.0000
vn -0.0008 -0.0000 1.0000
vn -0.0006 -0.0000 1.0000
vn 0.0017 -0.0000 1.0000
vn 0.0011 -0.0000 1.0000
vn -0.0010 -0.0000 1.0000
vn 0.0001 -0.0000 1.0000
vn -0.0012 -0.0000 1.0000
vn 0.0014 -0.0000 1.0000
vn 0.0005 -0.0000 1.0000
vn -0.0017 -0.0000 1.0000
vn 0.0009 -0.0000 1.0000
vn 0.0013 -0.0000 1.0000
vn 0.0073 -0.0000 1.0000
vn 0.0002 -0.0000 1.0000
vn -0.0023 -0.0000 1.0000
vn 0.0012 -0.0000 1.0000
vn 0.0007 -0.0000 1.0000
vn 0.0022 -0.0000 1.0000
vn -0.0011 -0.0000 1.0000
vn 0.0030 -0.0000 1.0000
vn -0.0028 -0.0000 1.0000
vn -0.0001 -0.0000 1.0000
vn 0.0003 -0.0000 1.0000
vn -0.0029 -0.0000 1.0000
vn -0.0009 -0.0000 1.0000
vn 0.0023 -0.0000 1.0000
vn -0.0040 -0.0000 1.0000
vn 0.0008 -0.0000 1.0000
vn 0.0010 -0.0000 1.0000
vn 0.0083 -0.0000 1.0000
vn 0.0015 -0.0000 1.0000
vn -0.0018 -0.0000 1.0000
vn -0.0007 -0.0000 1.0000
vn 0.0035 -0.0000 1.0000
vn -0.0022 -0.0000 1.0000
vn 0.0049 -0.0000 1.0000
vn 0.0018 -0.0000 1.0000
vn -0.0020 -0.0000 1.0000
vn -0.0015 -0.0000 1.0000
vn 0.0028 -0.0000 1.0000
vn 0.0021 -0.0000 1.0000
vn -0.0005 -0.0000 1.0000
vn -0.0046 -0.0000 1.0000
vn 0.0031 -0.0000 1.0000
vn 0.0025 -0.0000 1.0000
vn -0.0021 -0.0000 1.0000
vn -0.0024 -0.0000 1.0000
vn 0.0024 -0.0000 1.0000
vn -0.0016 -0.0000 1.0000
vn -0.0049 -0.0000 1.0000
vn 0.0034 -0.0000 1.0000
vn 0.0038 -0.0000 1.0000
vn 0.7418 0.0776 0.6661
vn 0.7071 0.0179 0.7069
vn 0.7063 0.0226 0.7075
vn 0.7065 0.0221 0.7074
vn 0.7063 0.0556 0.7058
vn 0.6901 0.1653 0.7046
vn 0.6881 0.1657 0.7064
vn 0.6538 0.2715 0.7063
vn 0.6550 0.2711 0.7053
vn 0.6115 0.3567 0.7063
vn 0.6229 0.3813 0.6831
vn 0.5769 0.4057 0.7089
vn 0.5410 0.4626 0.7023
vn 0.5436 0.4615 0.7010
vn 0.5150 0.4849 0.7068
vn 0.4601 0.5386 0.7058
vn 0.3697 0.6041 0.7060
vn 0.3703 0.6039 0.7058
vn 0.2713 0.6544 0.7058
vn 0.2710 0.6544 0.7059
vn 0.1654 0.6888 0.7059
vn 0.1660 0.6887 0.7058
vn 0.0550 0.7062 0.7058
vn 0.0567 0.7061 0.7059
vn -0.0000 0.0790 -0.9969
vn -0.0000 0.9969 -0.0782
vn -0.0000 0.9969 -0.0786
vn -0.0000 0.9724 -0.2331
vn -0.0000 0.9723 -0.2338
vn -0.0000 0.9239 -0.3825
vn -0.0000 0.9238 -0.3828
vn -0.0000 0.8523 -0.5230
vn -0.0000 0.8525 -0.5227
vn -0.0000 0.7608 -0.6490
vn -0.0000 0.7606 -0.6492
vn -0.0000 0.6490 -0.7608
vn -0.0000 0.6494 -0.7604
vn -0.0000 0.5226 -0.8526
vn -0.0000 0.5227 -0.8525
vn -0.0000 0.3828 -0.9238
vn -0.0000 0.2334 -0.9724
vn -0.0000 1.0000 -0.0005
vn -0.0000 1.0000 -0.0002
vn -0.0000 1.0000 0.0008
vn -0.0000 1.0000 -0.0007
vn -0.0000 1.0000 0.0004
vn -0.0000 1.0000 -0.0004
vn -0.0000 -1.0000 -0.0001
vn -0.0000 -1.0000 0.0004
vn -0.0000 -1.0000 -0.0003
vn -0.0000 -1.0000 0.0003
vn -0.0000 -1.0000 -0.0005
vn -0.0000 -1.0000 -0.0008
vn -1.0000 -0.0001 -0.0000
vn 0.3873 -0.7031 -0.5963
vn 0.4540 -0.7152 -0.5313
vn 0.4482 -0.6960 -0.5610
vn 0.4734 -0.7060 -0.5266
vn 0.5382 -0.7062 -0.4601
vn 0.5389 -0.7058 -0.4598
vn 0.6036 -0.7062 -0.3701
vn 0.6035 -0.7062 -0.3702
vn 0.6546 -0.7057 -0.2709
vn 0.6539 -0.7063 -0.2711
vn 0.6885 -0.7061 -0.1653
vn 0.6890 -0.7057 -0.1653
vn 0.7061 -0.7059 -0.0555
vn 0.7056 -0.7064 -0.0556
vn 0.7061 0.7059 -0.0556
vn 0.7056 0.7064 -0.0556
vn 0.6885 0.7061 -0.1654
vn 0.6890 0.7057 -0.1653
vn 0.6542 0.7061 -0.2711
vn 0.6545 0.7058 -0.2709
vn 0.6042 0.7057 -0.3700
vn 0.6028 0.7067 -0.3704
vn 0.5387 0.7059 -0.4599
vn 0.5381 0.7062 -0.4601
vn 0.4605 0.7059 -0.5383
vn 0.4593 0.7063 -0.5387
vn 0.3699 0.7060 -0.6039
vn 0.3709 0.7057 -0.6037
vn 0.2707 0.7060 -0.6544
vn 0.2711 0.7060 -0.6543
vn 0.1656 0.7059 -0.6887
vn 0.1640 0.7061 -0.6888
vn 0.0563 0.7059 -0.7061
vn 0.0546 0.7060 -0.7061
vn 0.9997 0.0249 -0.0000
vn 0.9969 0.0785 0.0033
vn 0.9946 0.1034 -0.0000
vn 0.9724 0.2334 -0.0000
vn 0.9724 0.2335 -0.0000
vn 0.9239 0.3827 -0.0000
vn 0.9239 0.3826 -0.0000
vn 0.8704 0.4924 -0.0000
vn 0.8526 0.5225 0.0038
vn 0.8290 0.5592 -0.0000
vn 0.7604 0.6494 -0.0000
vn 0.7604 0.6495 -0.0000
vn 0.6494 0.7604 -0.0000
vn 0.6494 0.7605 -0.0000
vn 0.5225 0.8527 -0.0000
vn 0.5225 0.8526 -0.0000
vn 0.3826 0.9239 -0.0000
vn 0.3827 0.9239 -0.0000
vn 0.2334 0.9724 -0.0000
vn 0.2335 0.9724 -0.0000
vn 0.0785 0.9969 -0.0000
vn 0.7069 -0.0000 -0.7073
vn 0.7071 -0.0000 -0.7071
vn 0.7067 -0.0000 -0.7075
vn 0.7068 -0.0000 -0.7074
vn 0.7073 -0.0000 0.7069
vn 0.7069 -0.0000 0.7073
vn 0.7076 -0.0000 0.7066
vn 0.7074 -0.0000 0.7068
vn 0.7058 0.0560 -0.7062
vn 0.7061 0.0559 -0.7058
vn 0.7059 0.1652 -0.6888
vn 0.7061 0.1648 -0.6887
vn 0.7058 0.2712 -0.6545
vn 0.7063 0.2710 -0.6540
vn 0.7058 0.3703 -0.6039
vn 0.7063 0.3699 -0.6035
vn 0.7055 0.4600 -0.5391
vn 0.7061 0.4599 -0.5384
vn 0.7066 0.5382 -0.4595
vn 0.7060 0.5385 -0.4599
vn 0.7059 0.6039 -0.3702
vn 0.7061 0.6038 -0.3700
vn 0.7057 0.6545 -0.2713
vn 0.7061 0.6542 -0.2709
vn 0.7060 0.6885 -0.1656
vn 0.7062 0.6884 -0.1652
vn 0.7058 0.7063 -0.0555
vn 0.7062 0.7059 -0.0554
vn 0.7071 -0.7071 -0.0000
vn 0.7071 0.7071 -0.0000
vn 0.7071 0.7072 -0.0000
vn 0.0791 -0.0000 -0.9969
vn 0.0774 -0.0000 -0.9970
vn 0.2330 -0.0000 -0.9725
vn 0.2339 -0.0000 -0.9723
vn 0.3825 -0.0000 -0.9239
vn 0.3833 -0.0000 -0.9236
vn 0.5224 -0.0000 -0.8527
vn 0.5217 -0.0000 -0.8531
vn 0.6238 -0.0140 -0.7815
vn 0.6842 -0.0000 -0.7293
vn 0.6499 -0.0000 -0.7600
vn 0.5447 -0.0000 -0.8386
vn 0.5433 -0.0000 -0.8395
vn 0.6249 -0.0000 -0.7807
vn 0.6491 0.0055 -0.7607
vn 0.6847 -0.0000 -0.7288
vn 0.7607 -0.0000 -0.6491
vn 0.7601 -0.0000 -0.6498
vn 0.8524 -0.0000 -0.5229
vn 0.8528 -0.0000 -0.5222
vn 0.9238 -0.0000 -0.3828
vn 0.9239 -0.0000 -0.3826
vn 0.9724 -0.0000 -0.2335
vn 0.9969 -0.0000 -0.0784
vn 0.9969 -0.0000 -0.0785
s 0
f 1//1 2//1 3//1
f 3//2 2//2 4//2
f 3//3 4//3 5//3
f 5//4 4//4 6//4
f 6//5 4//5 7//5
f 6//6 7//6 8//6
f 8//7 7//7 9//7
f 8//8 9//8 10//8
f 10//9 9//9 11//9
f 10//10 11//10 12//10
f 12//11 11//11 13//11
f 12//12 13//12 14//12
f 14//13 13//13 15//13
f 14//14 15//14 16//14
f 17//15 18//15 19//15
f 19//16 18//16 20//16
f 21//17 22//17 23//17
f 21//18 24//18 25//18
f 22//19 21//19 26//19
f 21//20 25//20 26//20
f 26//21 25//21 27//21
f 26//22 27//22 28//22
f 28//23 27//23 29//23
f 28//24 29//24 30//24
f 30//25 29//25 31//25
f 30//26 31//26 32//26
f 32//27 31//27 33//27
f 32//28 33//28 34//28
f 34//29 33//29 20//29
f 34//30 20//30 18//30
f 35//31 36//31 17//31
f 17//31 36//31 37//31
f 17//31 37//31 38//31
f 38//31 39//31 17//31
f 17//31 39//31 40//31
f 17//31 40//31 41//31
f 42//31 43//31 17//31
f 17//31 43//31 44//31
f 17//31 44//31 35//31
f 41//31 45//31 17//31
f 17//31 45//31 46//31
f 17//31 46//31 18//31
f 18//31 46//31 47//31
f 18//31 47//31 48//31
f 49//32 1//32 3//32
f 5//32 50//32 3//32
f 3//32 50//32 51//32
f 3//32 51//32 49//32
f 52//33 50//33 53//33
f 53//33 50//33 16//33
f 10//34 12//34 8//34
f 8//33 12//33 6//33
f 50//33 5//33 16//33
f 16//35 5//35 6//35
f 16//33 6//33 14//33
f 14//33 6//33 12//33
f 53//33 54//33 52//33
f 52//36 54//36 55//36
f 52//37 55//37 56//37
f 56//38 55//38 57//38
f 58//39 53//39 15//39
f 15//40 53//40 16//40
f 59//41 15//41 13//41
f 59//41 13//41 60//41
f 60//42 13//42 11//42
f 60//43 11//43 61//43
f 61//44 11//44 9//44
f 61//45 9//45 62//45
f 62//46 9//46 7//46
f 62//47 7//47 63//47
f 63//48 7//48 4//48
f 63//48 4//48 64//48
f 64//49 4//49 2//49
f 64//50 2//50 65//50
f 65//51 2//51 1//51
f 65//52 1//52 66//52
f 43//53 42//53 67//53
f 67//54 42//54 68//54
f 67//55 68//55 69//55
f 69//56 68//56 70//56
f 69//56 70//56 71//56
f 71//57 70//57 66//57
f 71//58 66//58 72//58
f 72//59 66//59 1//59
f 73//60 74//60 43//60
f 43//61 74//61 75//61
f 75//60 76//60 43//60
f 43//62 76//62 77//62
f 43//63 77//63 44//63
f 44//64 77//64 78//64
f 44//60 78//60 79//60
f 43//65 67//65 73//65
f 73//66 67//66 80//66
f 73//67 80//67 81//67
f 67//68 82//68 83//68
f 83//69 82//69 84//69
f 83//68 84//68 85//68
f 83//69 86//69 67//69
f 67//70 86//70 87//70
f 67//71 87//71 80//71
f 80//72 87//72 81//72
f 88//73 89//73 90//73
f 90//74 89//74 91//74
f 90//75 91//75 92//75
f 92//76 91//76 93//76
f 92//77 93//77 94//77
f 94//78 93//78 95//78
f 94//79 95//79 96//79
f 96//80 95//80 97//80
f 96//81 97//81 98//81
f 98//82 97//82 99//82
f 98//83 99//83 100//83
f 100//84 99//84 101//84
f 100//85 101//85 102//85
f 102//86 101//86 103//86
f 102//87 103//87 104//87
f 104//88 103//88 105//88
f 104//89 105//89 106//89
f 106//90 105//90 107//90
f 106//91 107//91 108//91
f 108//91 107//91 109//91
f 108//92 109//92 110//92
f 110//93 109//93 111//93
f 110//94 111//94 112//94
f 112//95 111//95 113//95
f 112//96 113//96 114//96
f 114//97 113//97 115//97
f 114//98 115//98 116//98
f 116//99 115//99 117//99
f 116//100 117//100 118//100
f 118//101 117//101 119//101
f 118//102 119//102 120//102
f 120//103 119//103 121//103
f 120//104 121//104 122//104
f 122//105 121//105 123//105
f 122//106 123//106 124//106
f 124//107 123//107 125//107
f 124//31 125//31 126//31
f 126//31 125//31 127//31
f 126//108 127//108 128//108
f 128//109 127//109 129//109
f 128//110 129//110 130//110
f 130//111 129//111 131//111
f 130//112 131//112 132//112
f 132//113 131//113 133//113
f 132//114 133//114 134//114
f 134//115 133//115 135//115
f 134//116 135//116 136//116
f 136//117 135//117 137//117
f 136//118 137//118 138//118
f 138//119 137//119 139//119
f 138//120 139//120 140//120
f 140//120 139//120 141//120
f 140//121 141//121 142//121
f 142//121 141//121 143//121
f 142//122 143//122 144//122
f 144//122 143//122 145//122
f 144//123 145//123 146//123
f 146//124 145//124 147//124
f 146//125 147//125 148//125
f 148//126 147//126 149//126
f 148//127 149//127 150//127
f 150//128 149//128 151//128
f 150//129 151//129 152//129
f 152//129 151//129 153//129
f 152//130 153//130 154//130
f 154//131 153//131 155//131
f 154//132 155//132 156//132
f 156//133 155//133 157//133
f 156//134 157//134 158//134
f 158//134 157//134 159//134
f 158//135 159//135 160//135
f 160//136 159//136 161//136
f 160//137 161//137 88//137
f 88//137 161//137 89//137
f 162//74 163//74 164//74
f 164//74 163//74 165//74
f 164//75 165//75 166//75
f 166//75 165//75 167//75
f 166//138 167//138 168//138
f 168//78 167//78 169//78
f 168//79 169//79 170//79
f 170//80 169//80 171//80
f 170//81 171//81 172//81
f 172//82 171//82 173//82
f 172//83 173//83 174//83
f 174//84 173//84 175//84
f 174//85 175//85 176//85
f 176//86 175//86 177//86
f 176//87 177//87 178//87
f 178//88 177//88 179//88
f 178//89 179//89 180//89
f 180//90 179//90 181//90
f 180//139 181//139 182//139
f 182//139 181//139 183//139
f 182//140 183//140 184//140
f 184//141 183//141 185//141
f 184//94 185//94 186//94
f 186//95 185//95 187//95
f 186//96 187//96 188//96
f 188//97 187//97 189//97
f 188//98 189//98 190//98
f 190//99 189//99 191//99
f 190//100 191//100 192//100
f 192//101 191//101 193//101
f 192//102 193//102 194//102
f 194//103 193//103 195//103
f 194//105 195//105 196//105
f 196//105 195//105 197//105
f 196//142 197//142 198//142
f 198//107 197//107 199//107
f 198//31 199//31 200//31
f 200//31 199//31 201//31
f 200//108 201//108 202//108
f 202//109 201//109 203//109
f 202//110 203//110 204//110
f 204//111 203//111 205//111
f 204//112 205//112 206//112
f 206//113 205//113 207//113
f 206//114 207//114 208//114
f 208//115 207//115 209//115
f 208//116 209//116 210//116
f 210//117 209//117 211//117
f 210//118 211//118 212//118
f 212//119 211//119 213//119
f 212//120 213//120 214//120
f 214//120 213//120 215//120
f 214//121 215//121 216//121
f 216//121 215//121 217//121
f 216//122 217//122 218//122
f 218//122 217//122 219//122
f 218//123 219//123 220//123
f 220//124 219//124 221//124
f 220//125 221//125 222//125
f 222//126 221//126 223//126
f 222//127 223//127 224//127
f 224//128 223//128 225//128
f 224//129 225//129 226//129
f 226//129 225//129 227//129
f 226//130 227//130 228//130
f 228//131 227//131 229//131
f 228//132 229//132 230//132
f 230//133 229//133 231//133
f 230//134 231//134 232//134
f 232//134 231//134 233//134
f 232//135 233//135 234//135
f 234//136 233//136 235//136
f 234//143 235//143 162//143
f 162//137 235//137 163//137
f 236//73 237//73 238//73
f 238//74 237//74 239//74
f 238//75 239//75 240//75
f 240//76 239//76 241//76
f 240//138 241//138 242//138
f 242//78 241//78 243//78
f 242//79 243//79 244//79
f 244//80 243//80 245//80
f 244//144 245//144 246//144
f 246//145 245//145 247//145
f 246//83 247//83 248//83
f 248//84 247//84 249//84
f 248//85 249//85 250//85
f 250//86 249//86 251//86
f 250//146 251//146 252//146
f 252//147 251//147 253//147
f 252//148 253//148 254//148
f 254//149 253//149 255//149
f 254//91 255//91 256//91
f 256//91 255//91 257//91
f 256//140 257//140 258//140
f 258//141 257//141 259//141
f 258//150 259//150 260//150
f 260//150 259//150 261//150
f 260//151 261//151 262//151
f 262//152 261//152 263//152
f 262//98 263//98 264//98
f 264//99 263//99 265//99
f 264//153 265//153 266//153
f 266//154 265//154 267//154
f 266//102 267//102 268//102
f 268//103 267//103 269//103
f 268//104 269//104 270//104
f 270//105 269//105 271//105
f 270//142 271//142 272//142
f 272//107 271//107 273//107
f 272//31 273//31 274//31
f 274//31 273//31 275//31
f 274//108 275//108 276//108
f 276//109 275//109 277//109
f 276//110 277//110 278//110
f 278//111 277//111 279//111
f 278//112 279//112 280//112
f 280//113 279//113 281//113
f 280//155 281//155 282//155
f 282//156 281//156 283//156
f 282//116 283//116 284//116
f 284//117 283//117 285//117
f 284//157 285//157 286//157
f 286//158 285//158 287//158
f 286//120 287//120 288//120
f 288//120 287//120 289//120
f 288//121 289//121 290//121
f 290//121 289//121 291//121
f 290//122 291//122 292//122
f 292//122 291//122 293//122
f 292//123 293//123 294//123
f 294//124 293//124 295//124
f 294//125 295//125 296//125
f 296//126 295//126 297//126
f 296//127 297//127 298//127
f 298//128 297//128 299//128
f 298//129 299//129 300//129
f 300//129 299//129 301//129
f 300//131 301//131 302//131
f 302//131 301//131 303//131
f 302//132 303//132 304//132
f 304//133 303//133 305//133
f 304//159 305//159 306//159
f 306//134 305//134 307//134
f 306//135 307//135 308//135
f 308//136 307//136 309//136
f 308//143 309//143 236//143
f 236//137 309//137 237//137
f 310//73 311//73 312//73
f 312//160 311//160 313//160
f 312//75 313//75 314//75
f 314//75 313//75 315//75
f 314//138 315//138 316//138
f 316//138 315//138 317//138
f 316//80 317//80 318//80
f 318//80 317//80 319//80
f 318//145 319//145 320//145
f 320//145 319//145 321//145
f 320//83 321//83 322//83
f 322//84 321//84 323//84
f 322//85 323//85 324//85
f 324//86 323//86 325//86
f 324//88 325//88 326//88
f 326//88 325//88 327//88
f 326//89 327//89 328//89
f 328//89 327//89 329//89
f 328//91 329//91 330//91
f 330//91 329//91 331//91
f 330//92 331//92 332//92
f 332//93 331//93 333//93
f 332//94 333//94 334//94
f 334//95 333//95 335//95
f 334//96 335//96 336//96
f 336//97 335//97 337//97
f 336//161 337//161 338//161
f 338//99 337//99 339//99
f 338//162 339//162 340//162
f 340//154 339//154 341//154
f 340//163 341//163 342//163
f 342//102 341//102 343//102
f 342//105 343//105 344//105
f 344//105 343//105 345//105
f 344//107 345//107 346//107
f 346//106 345//106 347//106
f 346//31 347//31 348//31
f 348//31 347//31 349//31
f 348//109 349//109 350//109
f 350//108 349//108 351//108
f 350//110 351//110 352//110
f 352//164 351//164 353//164
f 352//113 353//113 354//113
f 354//165 353//165 355//165
f 354//155 355//155 356//155
f 356//114 355//114 357//114
f 356//116 357//116 358//116
f 358//166 357//166 359//166
f 358//118 359//118 360//118
f 360//118 359//118 361//118
f 360//120 361//120 362//120
f 362//120 361//120 363//120
f 362//167 363//167 364//167
f 364//167 363//167 365//167
f 364//122 365//122 366//122
f 366//122 365//122 367//122
f 366//124 367//124 368//124
f 368//124 367//124 369//124
f 368//125 369//125 370//125
f 370//168 369//168 371//168
f 370//127 371//127 372//127
f 372//128 371//128 373//128
f 372//129 373//129 374//129
f 374//129 373//129 375//129
f 374//169 375//169 376//169
f 376//169 375//169 377//169
f 376//132 377//132 378//132
f 378//170 377//170 379//170
f 378//171 379//171 380//171
f 380//159 379//159 381//159
f 380//172 381//172 382//172
f 382//136 381//136 383//136
f 382//173 383//173 310//173
f 310//137 383//137 311//137
f 384//74 385//74 386//74
f 386//160 385//160 387//160
f 386//75 387//75 388//75
f 388//174 387//174 389//174
f 388//78 389//78 390//78
f 390//138 389//138 391//138
f 390//80 391//80 392//80
f 392//80 391//80 393//80
f 392//145 393//145 394//145
f 394//145 393//145 395//145
f 394//83 395//83 396//83
f 396//84 395//84 397//84
f 396//85 397//85 398//85
f 398//86 397//86 399//86
f 398//88 399//88 400//88
f 400//88 399//88 401//88
f 400//89 401//89 402//89
f 402//89 401//89 403//89
f 402//139 403//139 404//139
f 404//139 403//139 405//139
f 404//140 405//140 406//140
f 406//141 405//141 407//141
f 406//94 407//94 408//94
f 408//95 407//95 409//95
f 408//96 409//96 410//96
f 410//97 409//97 411//97
f 410//161 411//161 412//161
f 412//99 411//99 413//99
f 412//162 413//162 414//162
f 414//154 413//154 415//154
f 414//163 415//163 416//163
f 416//102 415//102 417//102
f 416//175 417//175 418//175
f 418//105 417//105 419//105
f 418//107 419//107 420//107
f 420//106 419//106 421//106
f 420//31 421//31 422//31
f 422//31 421//31 423//31
f 422//109 423//109 424//109
f 424//108 423//108 425//108
f 424//110 425//110 426//110
f 426//164 425//164 427//164
f 426//113 427//113 428//113
f 428//165 427//165 429//165
f 428//155 429//155 430//155
f 430//114 429//114 431//114
f 430//116 431//116 432//116
f 432//166 431//166 433//166
f 432//118 433//118 434//118
f 434//118 433//118 435//118
f 434//120 435//120 436//120
f 436//120 435//120 437//120
f 436//167 437//167 438//167
f 438//167 437//167 439//167
f 438//122 439//122 440//122
f 440//122 439//122 441//122
f 440//124 441//124 442//124
f 442//124 441//124 443//124
f 442//125 443//125 444//125
f 444//168 443//168 445//168
f 444//127 445//127 446//127
f 446//128 445//128 447//128
f 446//129 447//129 448//129
f 448//129 447//129 449//129
f 448//169 449//169 450//169
f 450//169 449//169 451//169
f 450//132 451//132 452//132
f 452//170 451//170 453//170
f 452//171 453//171 454//171
f 454//159 453//159 455//159
f 454//172 455//172 456//172
f 456//136 455//136 457//136
f 456//173 457//173 384//173
f 384//137 457//137 385//137
f 458//73 459//73 460//73
f 460//160 459//160 461//160
f 460//75 461//75 462//75
f 462//75 461//75 463//75
f 462//78 463//78 464//78
f 464//138 463//138 465//138
f 464//80 465//80 466//80
f 466//80 465//80 467//80
f 466//81 467//81 468//81
f 468//81 467//81 469//81
f 468//83 469//83 470//83
f 470//84 469//84 471//84
f 470//85 471//85 472//85
f 472//86 471//86 473//86
f 472//146 473//146 474//146
f 474//147 473//147 475//147
f 474//148 475//148 476//148
f 476//148 475//148 477//148
f 476//91 477//91 478//91
f 478//91 477//91 479//91
f 478//140 479//140 480//140
f 480//141 479//141 481//141
f 480//150 481//150 482//150
f 482//176 481//176 483//176
f 482//177 483//177 484//177
f 484//152 483//152 485//152
f 484//161 485//161 486//161
f 486//99 485//99 487//99
f 486//100 487//100 488//100
f 488//178 487//178 489//178
f 488//163 489//163 490//163
f 490//102 489//102 491//102
f 490//105 491//105 492//105
f 492//105 491//105 493//105
f 492//107 493//107 494//107
f 494//106 493//106 495//106
f 494//31 495//31 496//31
f 496//31 495//31 497//31
f 496//179 497//179 498//179
f 498//108 497//108 499//108
f 498//110 499//110 500//110
f 500//164 499//164 501//164
f 500//113 501//113 502//113
f 502//165 501//165 503//165
f 502//156 503//156 504//156
f 504//115 503//115 505//115
f 504//116 505//116 506//116
f 506//166 505//166 507//166
f 506//157 507//157 508//157
f 508//158 507//158 509//158
f 508//120 509//120 510//120
f 510//120 509//120 511//120
f 510//167 511//167 512//167
f 512//167 511//167 513//167
f 512//122 513//122 514//122
f 514//122 513//122 515//122
f 514//124 515//124 516//124
f 516//124 515//124 517//124
f 516//125 517//125 518//125
f 518//168 517//168 519//168
f 518//127 519//127 520//127
f 520//128 519//128 521//128
f 520//129 521//129 522//129
f 522//129 521//129 523//129
f 522//131 523//131 524//131
f 524//131 523//131 525//131
f 524//132 525//132 526//132
f 526//170 525//170 527//170
f 526//134 527//134 528//134
f 528//159 527//159 529//159
f 528//172 529//172 530//172
f 530//136 529//136 531//136
f 530//173 531//173 458//173
f 458//137 531//137 459//137
f 532//73 533//73 534//73
f 534//74 533//74 535//74
f 534//75 535//75 536//75
f 536//76 535//76 537//76
f 536//77 537//77 538//77
f 538//78 537//78 539//78
f 538//79 539//79 540//79
f 540//80 539//80 541//80
f 540//81 541//81 542//81
f 542//82 541//82 543//82
f 542//83 543//83 544//83
f 544//84 543//84 545//84
f 544//85 545//85 546//85
f 546//86 545//86 547//86
f 546//146 547//146 548//146
f 548//147 547//147 549//147
f 548//148 549//148 550//148
f 550//149 549//149 551//149
f 550//91 551//91 552//91
f 552//91 551//91 553//91
f 552//140 553//140 554//140
f 554//141 553//141 555//141
f 554//150 555//150 556//150
f 556//150 555//150 557//150
f 556//96 557//96 558//96
f 558//97 557//97 559//97
f 558//98 559//98 560//98
f 560//99 559//99 561//99
f 560//100 561//100 562//100
f 562//101 561//101 563//101
f 562//102 563//102 564//102
f 564//103 563//103 565//103
f 564//104 565//104 566//104
f 566//105 565//105 567//105
f 566//106 567//106 568//106
f 568//107 567//107 569//107
f 568//31 569//31 570//31
f 570//31 569//31 571//31
f 570//108 571//108 572//108
f 572//109 571//109 573//109
f 572//110 573//110 574//110
f 574//111 573//111 575//111
f 574//112 575//112 576//112
f 576//113 575//113 577//113
f 576//114 577//114 578//114
f 578//115 577//115 579//115
f 578//116 579//116 580//116
f 580//117 579//117 581//117
f 580//118 581//118 582//118
f 582//119 581//119 583//119
f 582//180 583//180 584//180
f 584//181 583//181 585//181
f 584//121 585//121 586//121
f 586//121 585//121 587//121
f 586//182 587//182 588//182
f 588//182 587//182 589//182
f 588//183 589//183 590//183
f 590//184 589//184 591//184
f 590//185 591//185 592//185
f 592//186 591//186 593//186
f 592//127 593//127 594//127
f 594//128 593//128 595//128
f 594//129 595//129 596//129
f 596//129 595//129 597//129
f 596//130 597//130 598//130
f 598//131 597//131 599//131
f 598//132 599//132 600//132
f 600//133 599//133 601//133
f 600//159 601//159 602//159
f 602//134 601//134 603//134
f 602//135 603//135 604//135
f 604//135 603//135 605//135
f 604//137 605//137 532//137
f 532//137 605//137 533//137
f 606//74 607//74 608//74
f 608//74 607//74 609//74
f 608//75 609//75 610//75
f 610//76 609//76 611//76
f 610//77 611//77 612//77
f 612//78 611//78 613//78
f 612//79 613//79 614//79
f 614//80 613//80 615//80
f 614//81 615//81 616//81
f 616//82 615//82 617//82
f 616//83 617//83 618//83
f 618//84 617//84 619//84
f 618//85 619//85 620//85
f 620//86 619//86 621//86
f 620//146 621//146 622//146
f 622//147 621//147 623//147
f 622//148 623//148 624//148
f 624//149 623//149 625//149
f 624//91 625//91 626//91
f 626//91 625//91 627//91
f 626//140 627//140 628//140
f 628//141 627//141 629//141
f 628//150 629//150 630//150
f 630//150 629//150 631//150
f 630//96 631//96 632//96
f 632//97 631//97 633//97
f 632//98 633//98 634//98
f 634//99 633//99 635//99
f 634//100 635//100 636//100
f 636//101 635//101 637//101
f 636//102 637//102 638//102
f 638//103 637//103 639//103
f 638//104 639//104 640//104
f 640//105 639//105 641//105
f 640//106 641//106 642//106
f 642//107 641//107 643//107
f 642//31 643//31 644//31
f 644//31 643//31 645//31
f 644//108 645//108 646//108
f 646//109 645//109 647//109
f 646//110 647//110 648//110
f 648//111 647//111 649//111
f 648//112 649//112 650//112
f 650//113 649//113 651//113
f 650//114 651//114 652//114
f 652//115 651//115 653//115
f 652//116 653//116 654//116
f 654//117 653//117 655//117
f 654//118 655//118 656//118
f 656//119 655//119 657//119
f 656//180 657//180 658//180
f 658//181 657//181 659//181
f 658//187 659//187 660//187
f 660//187 659//187 661//187
f 660//122 661//122 662//122
f 662//122 661//122 663//122
f 662//123 663//123 664//123
f 664//124 663//124 665//124
f 664//125 665//125 666//125
f 666//126 665//126 667//126
f 666//127 667//127 668//127
f 668//128 667//128 669//128
f 668//129 669//129 670//129
f 670//129 669//129 671//129
f 670//130 671//130 672//130
f 672//131 671//131 673//131
f 672//132 673//132 674//132
f 674//133 673//133 675//133
f 674//134 675//134 676//134
f 676//134 675//134 677//134
f 676//135 677//135 678//135
f 678//136 677//136 679//136
f 678//143 679//143 606//143
f 606//137 679//137 607//137
f 680//73 681//73 682//73
f 682//160 681//160 683//160
f 682//75 683//75 684//75
f 684//75 683//75 685//75
f 684//138 685//138 686//138
f 686//138 685//138 687//138
f 686//80 687//80 688//80
f 688//80 687//80 689//80
f 688//145 689//145 690//145
f 690//145 689//145 691//145
f 690//83 691//83 692//83
f 692//84 691//84 693//84
f 692//85 693//85 694//85
f 694//86 693//86 695//86
f 694//146 695//146 696//146
f 696//147 695//147 697//147
f 696//148 697//148 698//148
f 698//148 697//148 699//148
f 698//91 699//91 700//91
f 700//91 699//91 701//91
f 700//140 701//140 702//140
f 702//141 701//141 703//141
f 702//150 703//150 704//150
f 704//176 703//176 705//176
f 704//96 705//96 706//96
f 706//97 705//97 707//97
f 706//161 707//161 708//161
f 708//99 707//99 709//99
f 708//162 709//162 710//162
f 710//154 709//154 711//154
f 710//163 711//163 712//163
f 712//102 711//102 713//102
f 712//105 713//105 714//105
f 714//105 713//105 715//105
f 714//107 715//107 716//107
f 716//106 715//106 717//106
f 716//31 717//31 718//31
f 718//31 717//31 719//31
f 718//109 719//109 720//109
f 720//108 719//108 721//108
f 720//110 721//110 722//110
f 722//164 721//164 723//164
f 722//113 723//113 724//113
f 724//165 723//165 725//165
f 724//155 725//155 726//155
f 726//114 725//114 727//114
f 726//116 727//116 728//116
f 728//166 727//166 729//166
f 728//118 729//118 730//118
f 730//118 729//118 731//118
f 730//188 731//188 732//188
f 732//181 731//181 733//181
f 732//167 733//167 734//167
f 734//167 733//167 735//167
f 734//182 735//182 736//182
f 736//182 735//182 737//182
f 736//184 737//184 738//184
f 738//184 737//184 739//184
f 738//185 739//185 740//185
f 740//186 739//186 741//186
f 740//127 741//127 742//127
f 742//128 741//128 743//128
f 742//129 743//129 744//129
f 744//129 743//129 745//129
f 744//169 745//169 746//169
f 746//169 745//169 747//169
f 746//132 747//132 748//132
f 748//170 747//170 749//170
f 748//134 749//134 750//134
f 750//159 749//159 751//159
f 750//172 751//172 752//172
f 752//135 751//135 753//135
f 752//173 753//173 680//173
f 680//137 753//137 681//137
f 754//74 755//74 756//74
f 756//160 755//160 757//160
f 756//75 757//75 758//75
f 758//75 757//75 759//75
f 758//138 759//138 760//138
f 760//138 759//138 761//138
f 760//80 761//80 762//80
f 762//80 761//80 763//80
f 762//145 763//145 764//145
f 764//145 763//145 765//145
f 764//83 765//83 766//83
f 766//84 765//84 767//84
f 766//85 767//85 768//85
f 768//86 767//86 769//86
f 768//146 769//146 770//146
f 770//147 769//147 771//147
f 770//148 771//148 772//148
f 772//148 771//148 773//148
f 772//91 773//91 774//91
f 774//91 773//91 775//91
f 774//140 775//140 776//140
f 776//141 775//141 777//141
f 776//150 777//150 778//150
f 778//176 777//176 779//176
f 778//96 779//96 780//96
f 780//97 779//97 781//97
f 780//161 781//161 782//161
f 782//99 781//99 783//99
f 782//162 783//162 784//162
f 784//154 783//154 785//154
f 784//163 785//163 786//163
f 786//102 785//102 787//102
f 786//105 787//105 788//105
f 788//105 787//105 789//105
f 788//107 789//107 790//107
f 790//106 789//106 791//106
f 790//31 791//31 792//31
f 792//31 791//31 793//31
f 792//109 793//109 794//109
f 794//108 793//108 795//108
f 794//110 795//110 796//110
f 796//164 795//164 797//164
f 796//113 797//113 798//113
f 798//165 797//165 799//165
f 798//155 799//155 800//155
f 800//114 799//114 801//114
f 800//116 801//116 802//116
f 802//166 801//166 803//166
f 802//118 803//118 804//118
f 804//118 803//118 805//118
f 804//188 805//188 806//188
f 806//181 805//181 807//181
f 806//189 807//189 808//189
f 808//189 807//189 809//189
f 808//122 809//122 810//122
f 810//122 809//122 811//122
f 810//124 811//124 812//124
f 812//124 811//124 813//124
f 812//125 813//125 814//125
f 814//168 813//168 815//168
f 814//127 815//127 816//127
f 816//128 815//128 817//128
f 816//129 817//129 818//129
f 818//129 817//129 819//129
f 818//169 819//169 820//169
f 820//169 819//169 821//169
f 820//132 821//132 822//132
f 822//170 821//170 823//170
f 822//171 823//171 824//171
f 824//159 823//159 825//159
f 824//172 825//172 826//172
f 826//136 825//136 827//136
f 826//173 827//173 754//173
f 754//137 827//137 755//137
f 828//160 829//160 830//160
f 830//160 829//160 831//160
f 830//190 831//190 832//190
f 832//76 831//76 833//76
f 832//77 833//77 834//77
f 834//78 833//78 835//78
f 834//79 835//79 836//79
f 836//191 835//191 837//191
f 836//145 837//145 838//145
f 838//81 837//81 839//81
f 838//192 839//192 840//192
f 840//192 839//192 841//192
f 840//85 841//85 842//85
f 842//86 841//86 843//86
f 842//87 843//87 844//87
f 844//88 843//88 845//88
f 844//90 845//90 846//90
f 846//90 845//90 847//90
f 846//91 847//91 848//91
f 848//91 847//91 849//91
f 848//92 849//92 850//92
f 850//93 849//93 851//93
f 850//94 851//94 852//94
f 852//95 851//95 853//95
f 852//96 853//96 854//96
f 854//97 853//97 855//97
f 854//99 855//99 856//99
f 856//161 855//161 857//161
f 856//100 857//100 858//100
f 858//101 857//101 859//101
f 858//103 859//103 860//103
f 860//102 859//102 861//102
f 860//105 861//105 862//105
f 862//105 861//105 863//105
f 862//106 863//106 864//106
f 864//106 863//106 865//106
f 864//31 865//31 866//31
f 866//31 865//31 867//31
f 866//109 867//109 868//109
f 868//109 867//109 869//109
f 868//110 869//110 870//110
f 870//164 869//164 871//164
f 870//113 871//113 872//113
f 872//112 871//112 873//112
f 872//114 873//114 874//114
f 874//115 873//115 875//115
f 874//193 875//193 876//193
f 876//116 875//116 877//116
f 876//118 877//118 878//118
f 878//119 877//119 879//119
f 878//120 879//120 880//120
f 880//120 879//120 881//120
f 880//167 881//167 882//167
f 882//167 881//167 883//167
f 882//122 883//122 884//122
f 884//122 883//122 885//122
f 884//123 885//123 886//123
f 886//123 885//123 887//123
f 886//125 887//125 888//125
f 888//125 887//125 889//125
f 888//128 889//128 890//128
f 890//128 889//128 891//128
f 890//194 891//194 892//194
f 892//195 891//195 893//195
f 892//131 893//131 894//131
f 894//169 893//169 895//169
f 894//133 895//133 896//133
f 896//133 895//133 897//133
f 896//134 897//134 898//134
f 898//134 897//134 899//134
f 898//135 899//135 900//135
f 900//196 899//196 901//196
f 900//173 901//173 828//173
f 828//173 901//173 829//173
f 902//160 903//160 904//160
f 904//160 903//160 905//160
f 904//190 905//190 906//190
f 906//75 905//75 907//75
f 906//138 907//138 908//138
f 908//78 907//78 909//78
f 908//79 909//79 910//79
f 910//191 909//191 911//191
f 910//145 911//145 912//145
f 912//81 911//81 913//81
f 912//192 913//192 914//192
f 914//192 913//192 915//192
f 914//85 915//85 916//85
f 916//86 915//86 917//86
f 916//87 917//87 918//87
f 918//88 917//88 919//88
f 918//90 919//90 920//90
f 920//90 919//90 921//90
f 920//139 921//139 922//139
f 922//139 921//139 923//139
f 922//140 923//140 924//140
f 924//141 923//141 925//141
f 924//94 925//94 926//94
f 926//95 925//95 927//95
f 926//96 927//96 928//96
f 928//97 927//97 929//97
f 928//99 929//99 930//99
f 930//161 929//161 931//161
f 930//100 931//100 932//100
f 932//101 931//101 933//101
f 932//103 933//103 934//103
f 934//102 933//102 935//102
f 934//175 935//175 936//175
f 936//105 935//105 937//105
f 936//142 937//142 938//142
f 938//106 937//106 939//106
f 938//31 939//31 940//31
f 940//31 939//31 941//31
f 940//109 941//109 942//109
f 942//109 941//109 943//109
f 942//110 943//110 944//110
f 944//164 943//164 945//164
f 944//113 945//113 946//113
f 946//112 945//112 947//112
f 946//114 947//114 948//114
f 948//115 947//115 949//115
f 948//193 949//193 950//193
f 950//116 949//116 951//116
f 950//118 951//118 952//118
f 952//119 951//119 953//119
f 952//120 953//120 954//120
f 954//120 953//120 955//120
f 954//167 955//167 956//167
f 956//167 955//167 957//167
f 956//122 957//122 958//122
f 958//122 957//122 959//122
f 958//123 959//123 960//123
f 960//123 959//123 961//123
f 960//125 961//125 962//125
f 962//125 961//125 963//125
f 962//128 963//128 964//128
f 964//128 963//128 965//128
f 964//194 965//194 966//194
f 966//195 965//195 967//195
f 966//131 967//131 968//131
f 968//169 967//169 969//169
f 968//133 969//133 970//133
f 970//133 969//133 971//133
f 970//134 971//134 972//134
f 972//134 971//134 973//134
f 972//135 973//135 974//135
f 974//196 973//196 975//196
f 974//173 975//173 902//173
f 902//173 975//173 903//173
f 976//160 977//160 978//160
f 978//160 977//160 979//160
f 978//190 979//190 980//190
f 980//76 979//76 981//76
f 980//138 981//138 982//138
f 982//78 981//78 983//78
f 982//79 983//79 984//79
f 984//191 983//191 985//191
f 984//81 985//81 986//81
f 986//81 985//81 987//81
f 986//192 987//192 988//192
f 988//192 987//192 989//192
f 988//85 989//85 990//85
f 990//86 989//86 991//86
f 990//146 991//146 992//146
f 992//197 991//197 993//197
f 992//149 993//149 994//149
f 994//149 993//149 995//149
f 994//91 995//91 996//91
f 996//91 995//91 997//91
f 996//140 997//140 998//140
f 998//141 997//141 999//141
f 998//150 999//150 1000//150
f 1000//150 999//150 1001//150
f 1000//151 1001//151 1002//151
f 1002//152 1001//152 1003//152
f 1002//99 1003//99 1004//99
f 1004//161 1003//161 1005//161
f 1004//153 1005//153 1006//153
f 1006//154 1005//154 1007//154
f 1006//103 1007//103 1008//103
f 1008//102 1007//102 1009//102
f 1008//105 1009//105 1010//105
f 1010//105 1009//105 1011//105
f 1010//142 1011//142 1012//142
f 1012//106 1011//106 1013//106
f 1012//31 1013//31 1014//31
f 1014//31 1013//31 1015//31
f 1014//179 1015//179 1016//179
f 1016//109 1015//109 1017//109
f 1016//110 1017//110 1018//110
f 1018//164 1017//164 1019//164
f 1018//113 1019//113 1020//113
f 1020//112 1019//112 1021//112
f 1020//155 1021//155 1022//155
f 1022//156 1021//156 1023//156
f 1022//193 1023//193 1024//193
f 1024//116 1023//116 1025//116
f 1024//157 1025//157 1026//157
f 1026//158 1025//158 1027//158
f 1026//120 1027//120 1028//120
f 1028//120 1027//120 1029//120
f 1028//167 1029//167 1030//167
f 1030//167 1029//167 1031//167
f 1030//122 1031//122 1032//122
f 1032//122 1031//122 1033//122
f 1032//123 1033//123 1034//123
f 1034//123 1033//123 1035//123
f 1034//125 1035//125 1036//125
f 1036//125 1035//125 1037//125
f 1036//128 1037//128 1038//128
f 1038//128 1037//128 1039//128
f 1038//194 1039//194 1040//194
f 1040//195 1039//195 1041//195
f 1040//198 1041//198 1042//198
f 1042//131 1041//131 1043//131
f 1042//133 1043//133 1044//133
f 1044//133 1043//133 1045//133
f 1044//159 1045//159 1046//159
f 1046//134 1045//134 1047//134
f 1046//135 1047//135 1048//135
f 1048//196 1047//196 1049//196
f 1048//173 1049//173 976//173
f 976//173 1049//173 977//173
f 1050//160 1051//160 1052//160
f 1052//160 1051//160 1053//160
f 1052//190 1053//190 1054//190
f 1054//76 1053//76 1055//76
f 1054//77 1055//77 1056//77
f 1056//78 1055//78 1057//78
f 1056//79 1057//79 1058//79
f 1058//191 1057//191 1059//191
f 1058//145 1059//145 1060//145
f 1060//81 1059//81 1061//81
f 1060//192 1061//192 1062//192
f 1062//192 1061//192 1063//192
f 1062//85 1063//85 1064//85
f 1064//86 1063//86 1065//86
f 1064//146 1065//146 1066//146
f 1066//197 1065//197 1067//197
f 1066//149 1067//149 1068//149
f 1068//149 1067//149 1069//149
f 1068//91 1069//91 1070//91
f 1070//91 1069//91 1071//91
f 1070//140 1071//140 1072//140
f 1072//141 1071//141 1073//141
f 1072//150 1073//150 1074//150
f 1074//150 1073//150 1075//150
f 1074//96 1075//96 1076//96
f 1076//97 1075//97 1077//97
f 1076//99 1077//99 1078//99
f 1078//161 1077//161 1079//161
f 1078//100 1079//100 1080//100
f 1080//101 1079//101 1081//101
f 1080//103 1081//103 1082//103
f 1082//102 1081//102 1083//102
f 1082//105 1083//105 1084//105
f 1084//105 1083//105 1085//105
f 1084//106 1085//106 1086//106
f 1086//106 1085//106 1087//106
f 1086//31 1087//31 1088//31
f 1088//31 1087//31 1089//31
f 1088//109 1089//109 1090//109
f 1090//109 1089//109 1091//109
f 1090//110 1091//110 1092//110
f 1092//164 1091//164 1093//164
f 1092//113 1093//113 1094//113
f 1094//112 1093//112 1095//112
f 1094//114 1095//114 1096//114
f 1096//115 1095//115 1097//115
f 1096//193 1097//193 1098//193
f 1098//116 1097//116 1099//116
f 1098//118 1099//118 1100//118
f 1100//119 1099//119 1101//119
f 1100//180 1101//180 1102//180
f 1102//181 1101//181 1103//181
f 1102//167 1103//167 1104//167
f 1104//167 1103//167 1105//167
f 1104//182 1105//182 1106//182
f 1106//182 1105//182 1107//182
f 1106//183 1107//183 1108//183
f 1108//183 1107//183 1109//183
f 1108//186 1109//186 1110//186
f 1110//185 1109//185 1111//185
f 1110//128 1111//128 1112//128
f 1112//128 1111//128 1113//128
f 1112//194 1113//194 1114//194
f 1114//195 1113//195 1115//195
f 1114//131 1115//131 1116//131
f 1116//169 1115//169 1117//169
f 1116//133 1117//133 1118//133
f 1118//133 1117//133 1119//133
f 1118//159 1119//159 1120//159
f 1120//134 1119//134 1121//134
f 1120//135 1121//135 1122//135
f 1122//196 1121//196 1123//196
f 1122//173 1123//173 1050//173
f 1050//173 1123//173 1051//173
f 1124//160 1125//160 1126//160
f 1126//160 1125//160 1127//160
f 1126//190 1127//190 1128//190
f 1128//76 1127//76 1129//76
f 1128//77 1129//77 1130//77
f 1130//78 1129//78 1131//78
f 1130//79 1131//79 1132//79
f 1132//191 1131//191 1133//191
f 1132//145 1133//145 1134//145
f 1134//81 1133//81 1135//81
f 1134//192 1135//192 1136//192
f 1136//192 1135//192 1137//192
f 1136//85 1137//85 1138//85
f 1138//86 1137//86 1139//86
f 1138//146 1139//146 1140//146
f 1140//197 1139//197 1141//197
f 1140//149 1141//149 1142//149
f 1142//149 1141//149 1143//149
f 1142//91 1143//91 1144//91
f 1144//91 1143//91 1145//91
f 1144//140 1145//140 1146//140
f 1146//141 1145//141 1147//141
f 1146//150 1147//150 1148//150
f 1148//150 1147//150 1149//150
f 1148//96 1149//96 1150//96
f 1150//97 1149//97 1151//97
f 1150//99 1151//99 1152//99
f 1152//161 1151//161 1153//161
f 1152//100 1153//100 1154//100
f 1154//101 1153//101 1155//101
f 1154//103 1155//103 1156//103
f 1156//102 1155//102 1157//102
f 1156//105 1157//105 1158//105
f 1158//105 1157//105 1159//105
f 1158//106 1159//106 1160//106
f 1160//106 1159//106 1161//106
f 1160//31 1161//31 1162//31
f 1162//31 1161//31 1163//31
f 1162//109 1163//109 1164//109
f 1164//109 1163//109 1165//109
f 1164//110 1165//110 1166//110
f 1166//164 1165//164 1167//164
f 1166//113 1167//113 1168//113
f 1168//112 1167//112 1169//112
f 1168//114 1169//114 1170//114
f 1170//115 1169//115 1171//115
f 1170//193 1171//193 1172//193
f 1172//116 1171//116 1173//116
f 1172//118 1173//118 1174//118
f 1174//119 1173//119 1175//119
f 1174//180 1175//180 1176//180
f 1176//181 1175//181 1177//181
f 1176//189 1177//189 1178//189
f 1178//189 1177//189 1179//189
f 1178//122 1179//122 1180//122
f 1180//122 1179//122 1181//122
f 1180//123 1181//123 1182//123
f 1182//123 1181//123 1183//123
f 1182//125 1183//125 1184//125
f 1184//125 1183//125 1185//125
f 1184//128 1185//128 1186//128
f 1186//128 1185//128 1187//128
f 1186//194 1187//194 1188//194
f 1188//195 1187//195 1189//195
f 1188//131 1189//131 1190//131
f 1190//169 1189//169 1191//169
f 1190//133 1191//133 1192//133
f 1192//133 1191//133 1193//133
f 1192//134 1193//134 1194//134
f 1194//134 1193//134 1195//134
f 1194//135 1195//135 1196//135
f 1196//196 1195//196 1197//196
f 1196//173 1197//173 1124//173
f 1124//173 1197//173 1125//173
f 1198//68 1199//68 1200//68
f 1200//68 1199//68 1201//68
f 1200//68 1201//68 1202//68
f 23//199 1202//199 21//199
f 21//199 1202//199 1201//199
f 21//200 1201//200 24//200
f 24//199 1201//199 1203//199
f 1203//32 19//32 24//32
f 24//32 19//32 20//32
f 24//32 20//32 25//32
f 31//201 29//201 27//201
f 25//32 20//32 27//32
f 27//32 20//32 33//32
f 27//202 33//202 31//202
f 1204//203 42//203 1205//203
f 1205//204 42//204 17//204
f 1205//205 17//205 1206//205
f 1206//206 17//206 19//206
f 1204//207 1207//207 42//207
f 42//204 1207//204 1208//204
f 42//206 1208//206 1209//206
f 1210//208 1211//208 1212//208
f 1213//209 1214//209 65//209
f 65//210 1214//210 1210//210
f 65//211 1210//211 64//211
f 65//212 66//212 1213//212
f 1213//213 66//213 70//213
f 1213//214 70//214 1215//214
f 1215//215 70//215 68//215
f 1215//216 68//216 1216//216
f 1216//217 68//217 1217//217
f 1217//218 68//218 42//218
f 1217//219 42//219 1218//219
f 1218//220 42//220 1209//220
f 1218//221 1209//221 1219//221
f 1210//222 1212//222 64//222
f 64//223 1212//223 1220//223
f 64//224 1220//224 63//224
f 63//225 1220//225 1221//225
f 63//226 1221//226 62//226
f 62//227 1221//227 1222//227
f 62//228 1222//228 61//228
f 61//229 1222//229 1223//229
f 61//230 1223//230 60//230
f 60//231 1223//231 1224//231
f 60//232 1224//232 59//232
f 1225//68 1226//68 1227//68
f 1219//68 1228//68 1218//68
f 1218//68 1228//68 1217//68
f 1228//68 1229//68 1217//68
f 1217//68 1229//68 1225//68
f 1217//68 1225//68 1230//68
f 1230//233 1225//233 1227//233
f 1217//234 1230//234 1231//234
f 1213//234 1215//234 1231//234
f 1231//234 1215//234 1216//234
f 1231//234 1216//234 1217//234
f 1232//234 1214//234 1233//234
f 1233//234 1214//234 1213//234
f 1233//234 1213//234 1234//234
f 1234//234 1213//234 1231//234
f 1235//235 1211//235 1236//235
f 1236//32 1211//32 1210//32
f 1236//202 1210//202 1232//202
f 1232//236 1210//236 1214//236
f 1212//237 1211//237 1224//237
f 1224//234 1211//234 1237//234
f 1223//238 1222//238 1221//238
f 1211//234 1235//234 1237//234
f 1237//238 1235//238 1238//238
f 1237//239 1238//239 1239//239
f 1223//240 1221//240 1224//240
f 1224//241 1221//241 1220//241
f 1224//242 1220//242 1212//242
f 1240//234 1241//234 1239//234
f 1239//240 1241//240 1242//240
f 1239//243 1242//243 1237//243
f 1243//244 59//244 1237//244
f 1237//245 59//245 1224//245
f 1244//246 47//246 1245//246
f 1245//247 47//247 46//247
f 1245//248 46//248 1246//248
f 1246//249 46//249 45//249
f 1246//250 45//250 1247//250
f 1247//251 45//251 41//251
f 1247//252 41//252 1248//252
f 1248//253 41//253 40//253
f 1248//254 40//254 1249//254
f 1249//255 40//255 39//255
f 1249//256 39//256 1250//256
f 1250//257 39//257 38//257
f 1250//258 38//258 1251//258
f 1251//259 38//259 37//259
f 1251//260 37//260 1252//260
f 1252//261 37//261 36//261
f 1252//262 36//262 1253//262
f 1253//263 36//263 35//263
f 1253//264 35//264 79//264
f 79//264 35//264 44//264
f 1254//265 1255//265 1256//265
f 1254//266 1256//266 1257//266
f 1257//267 1256//267 1258//267
f 1257//268 1258//268 1259//268
f 1259//269 1258//269 1260//269
f 1259//270 1260//270 1261//270
f 1261//271 1260//271 1262//271
f 1261//272 1262//272 1263//272
f 1263//273 1262//273 1264//273
f 1263//274 1264//274 1265//274
f 1265//275 1264//275 1266//275
f 1265//276 1266//276 1267//276
f 1267//277 1266//277 1268//277
f 1267//278 1268//278 1269//278
f 1269//279 1268//279 1270//279
f 1269//280 1270//280 1271//280
f 1271//281 1270//281 1272//281
f 1271//282 1272//282 1273//282
f 1273//283 1272//283 48//283
f 1273//284 48//284 1274//284
f 47//285 1244//285 48//285
f 48//285 1244//285 1274//285
f 1275//286 1276//286 1277//286
f 1277//287 1276//287 1278//287
f 1277//288 1278//288 1279//288
f 1279//289 1278//289 1280//289
f 1279//290 1280//290 1281//290
f 1281//290 1280//290 1282//290
f 1281//291 1282//291 1283//291
f 1283//292 1282//292 1284//292
f 1283//293 1284//293 1285//293
f 1285//293 1284//293 1286//293
f 1285//294 1286//294 1287//294
f 1287//295 1286//295 1288//295
f 1287//296 1288//296 1289//296
f 1289//297 1288//297 1290//297
f 1289//298 1290//298 1291//298
f 1291//299 1290//299 1292//299
f 1291//300 1292//300 1293//300
f 1293//301 1292//301 1294//301
f 1293//302 1294//302 1295//302
f 1295//303 1294//303 1296//303
f 1295//304 1296//304 1297//304
f 1297//304 1296//304 1298//304
f 1297//305 1298//305 1299//305
f 1299//306 1298//306 1300//306
f 1299//307 1300//307 1301//307
f 1301//308 1300//308 1302//308
f 1301//309 1302//309 1303//309
f 1303//309 1302//309 1304//309
f 1303//310 1304//310 1305//310
f 1305//310 1304//310 1306//310
f 1305//311 1306//311 1307//311
f 1307//312 1306//312 1308//312
f 1307//313 1308//313 1309//313
f 1309//314 1308//314 1310//314
f 1309//315 1310//315 1311//315
f 1311//316 1310//316 1312//316
f 1311//199 1312//199 1313//199
f 1313//199 1312//199 1314//199
f 1313//317 1314//317 1315//317
f 1315//318 1314//318 1316//318
f 1315//319 1316//319 1317//319
f 1317//320 1316//320 1318//320
f 1317//321 1318//321 1319//321
f 1319//322 1318//322 1320//322
f 1319//323 1320//323 1321//323
f 1321//324 1320//324 1322//324
f 1321//325 1322//325 1323//325
f 1323//326 1322//326 1324//326
f 1323//327 1324//327 1325//327
f 1325//328 1324//328 1326//328
f 1325//329 1326//329 1327//329
f 1327//330 1326//330 1328//330
f 1327//331 1328//331 1329//331
f 1329//332 1328//332 1330//332
f 1329//333 1330//333 1331//333
f 1331//333 1330//333 1332//333
f 1331//334 1332//334 1333//334
f 1333//334 1332//334 1334//334
f 1333//335 1334//335 1335//335
f 1335//336 1334//336 1336//336
f 1335//337 1336//337 1337//337
f 1337//338 1336//338 1338//338
f 1337//339 1338//339 1339//339
f 1339//340 1338//340 1340//340
f 1339//341 1340//341 1341//341
f 1341//342 1340//342 1342//342
f 1341//343 1342//343 1343//343
f 1343//343 1342//343 1344//343
f 1343//344 1344//344 1345//344
f 1345//344 1344//344 1346//344
f 1345//345 1346//345 1347//345
f 1347//346 1346//346 1348//346
f 1347//347 1348//347 1275//347
f 1275//348 1348//348 1276//348
f 1349//349 1350//349 1351//349
f 1351//287 1350//287 1352//287
f 1351//288 1352//288 1353//288
f 1353//289 1352//289 1354//289
f 1353//290 1354//290 1355//290
f 1355//290 1354//290 1356//290
f 1355//291 1356//291 1357//291
f 1357//292 1356//292 1358//292
f 1357//293 1358//293 1359//293
f 1359//293 1358//293 1360//293
f 1359//294 1360//294 1361//294
f 1361//295 1360//295 1362//295
f 1361//296 1362//296 1363//296
f 1363//296 1362//296 1364//296
f 1363//298 1364//298 1365//298
f 1365//299 1364//299 1366//299
f 1365//350 1366//350 1367//350
f 1367//301 1366//301 1368//301
f 1367//302 1368//302 1369//302
f 1369//303 1368//303 1370//303
f 1369//304 1370//304 1371//304
f 1371//304 1370//304 1372//304
f 1371//305 1372//305 1373//305
f 1373//306 1372//306 1374//306
f 1373//307 1374//307 1375//307
f 1375//351 1374//351 1376//351
f 1375//309 1376//309 1377//309
f 1377//309 1376//309 1378//309
f 1377//310 1378//310 1379//310
f 1379//310 1378//310 1380//310
f 1379//311 1380//311 1381//311
f 1381//312 1380//312 1382//312
f 1381//313 1382//313 1383//313
f 1383//314 1382//314 1384//314
f 1383//352 1384//352 1385//352
f 1385//316 1384//316 1386//316
f 1385//199 1386//199 1387//199
f 1387//199 1386//199 1388//199
f 1387//353 1388//353 1389//353
f 1389//318 1388//318 1390//318
f 1389//319 1390//319 1391//319
f 1391//320 1390//320 1392//320
f 1391//321 1392//321 1393//321
f 1393//322 1392//322 1394//322
f 1393//323 1394//323 1395//323
f 1395//324 1394//324 1396//324
f 1395//354 1396//354 1397//354
f 1397//326 1396//326 1398//326
f 1397//327 1398//327 1399//327
f 1399//355 1398//355 1400//355
f 1399//329 1400//329 1401//329
f 1401//330 1400//330 1402//330
f 1401//331 1402//331 1403//331
f 1403//332 1402//332 1404//332
f 1403//333 1404//333 1405//333
f 1405//333 1404//333 1406//333
f 1405//356 1406//356 1407//356
f 1407//356 1406//356 1408//356
f 1407//335 1408//335 1409//335
f 1409//336 1408//336 1410//336
f 1409//337 1410//337 1411//337
f 1411//337 1410//337 1412//337
f 1411//339 1412//339 1413//339
f 1413//340 1412//340 1414//340
f 1413//341 1414//341 1415//341
f 1415//342 1414//342 1416//342
f 1415//343 1416//343 1417//343
f 1417//343 1416//343 1418//343
f 1417//344 1418//344 1419//344
f 1419//344 1418//344 1420//344
f 1419//357 1420//357 1421//357
f 1421//346 1420//346 1422//346
f 1421//347 1422//347 1349//347
f 1349//358 1422//358 1350//358
f 1199//199 1198//199 1423//199
f 1423//199 1198//199 1424//199
f 1200//359 1202//359 22//359
f 22//360 1202//360 23//360
f 1425//361 1424//361 1264//361
f 1200//362 22//362 1198//362
f 1198//363 22//363 26//363
f 1198//364 26//364 1424//364
f 1264//365 1262//365 1425//365
f 1425//366 1262//366 1260//366
f 1425//367 1260//367 1426//367
f 1426//368 1260//368 1258//368
f 1426//369 1258//369 1427//369
f 1427//370 1258//370 1256//370
f 1427//371 1256//371 1428//371
f 1428//372 1256//372 1255//372
f 1428//373 1255//373 1429//373
f 1424//374 26//374 1264//374
f 1264//375 26//375 28//375
f 1264//376 28//376 1266//376
f 1266//377 28//377 30//377
f 1266//378 30//378 1268//378
f 1268//379 30//379 32//379
f 1268//380 32//380 1270//380
f 1270//381 32//381 34//381
f 1270//381 34//381 1272//381
f 1272//382 34//382 18//382
f 1272//383 18//383 48//383
f 1255//39 1254//39 1430//39
f 1430//40 1254//40 1431//40
f 67//33 69//33 82//33
f 82//33 69//33 71//33
f 82//33 71//33 72//33
f 1//33 49//33 72//33
f 72//33 49//33 1432//33
f 1432//33 1433//33 72//33
f 72//33 1433//33 1434//33
f 72//33 1434//33 82//33
f 51//384 1435//384 49//384
f 51//385 50//385 52//385
f 1435//386 51//386 1436//386
f 51//387 52//387 1436//387
f 1436//388 52//388 56//388
f 1436//389 56//389 1437//389
f 1437//390 56//390 57//390
f 1437//391 57//391 1438//391
f 1438//392 57//392 55//392
f 1438//393 55//393 1439//393
f 1439//394 55//394 54//394
f 1439//395 54//395 1440//395
f 1440//396 54//396 53//396
f 1440//397 53//397 58//397
f 1243//68 58//68 59//68
f 59//68 58//68 15//68
f 73//33 81//33 87//33
f 83//33 85//33 1441//33
f 625//33 1442//33 627//33
f 627//33 1442//33 1443//33
f 627//33 1443//33 629//33
f 629//33 1443//33 631//33
f 1442//398 607//398 1444//398
f 1444//36 607//36 679//36
f 1444//399 679//399 677//399
f 667//33 1444//33 669//33
f 669//33 1444//33 671//33
f 625//33 623//33 1442//33
f 1442//400 623//400 621//400
f 1442//401 621//401 619//401
f 677//402 675//402 1444//402
f 1444//403 675//403 673//403
f 1444//35 673//35 671//35
f 667//33 665//33 1444//33
f 1444//404 665//404 663//404
f 1444//33 663//33 1445//33
f 1445//405 663//405 661//405
f 661//406 659//406 1445//406
f 1445//407 659//407 657//407
f 1445//408 657//408 655//408
f 637//409 1443//409 639//409
f 639//33 1443//33 641//33
f 637//33 635//33 1443//33
f 1443//404 635//404 633//404
f 1443//408 633//408 631//408
f 619//33 617//33 1442//33
f 1442//410 617//410 615//410
f 1442//411 615//411 613//411
f 613//33 611//33 1442//33
f 1442//36 611//36 609//36
f 1442//412 609//412 607//412
f 655//33 653//33 1445//33
f 1445//407 653//407 651//407
f 1445//410 651//410 649//410
f 649//33 647//33 1445//33
f 1445//413 647//413 645//413
f 1445//404 645//404 1443//404
f 1443//414 645//414 643//414
f 1443//410 643//410 641//410
f 819//33 817//33 1446//33
f 1446//415 817//415 815//415
f 827//416 825//416 1446//416
f 815//33 813//33 1446//33
f 1446//404 813//404 811//404
f 1446//33 811//33 1444//33
f 1444//405 811//405 809//405
f 1444//417 809//417 807//417
f 825//402 823//402 1446//402
f 1446//403 823//403 821//403
f 1446//35 821//35 819//35
f 807//33 805//33 1444//33
f 1444//408 805//408 803//408
f 1444//404 803//404 801//404
f 787//418 785//418 1442//418
f 771//33 769//33 1447//33
f 769//419 767//419 1447//419
f 1447//420 767//420 765//420
f 1447//410 765//410 763//410
f 827//33 1446//33 755//33
f 755//33 1446//33 1447//33
f 755//33 1447//33 757//33
f 785//33 783//33 1442//33
f 1442//404 783//404 781//404
f 1442//408 781//408 779//408
f 779//33 777//33 1442//33
f 1442//414 777//414 775//414
f 1442//33 775//33 1447//33
f 1447//411 775//411 773//411
f 1447//404 773//404 771//404
f 801//33 799//33 1444//33
f 1444//414 799//414 797//414
f 1444//414 797//414 795//414
f 763//33 761//33 1447//33
f 1447//421 761//421 759//421
f 1447//36 759//36 757//36
f 795//422 793//422 1444//422
f 1444//423 793//423 791//423
f 1444//404 791//404 1442//404
f 1442//424 791//424 789//424
f 1442//35 789//35 787//35
f 1157//418 1155//418 1447//418
f 1187//33 1185//33 1448//33
f 1155//33 1153//33 1447//33
f 1447//404 1153//404 1151//404
f 1447//408 1151//408 1149//408
f 1141//33 1139//33 1449//33
f 1449//401 1139//401 1137//401
f 1449//420 1137//420 1135//420
f 1195//425 1193//425 1448//425
f 1185//33 1183//33 1448//33
f 1448//404 1183//404 1181//404
f 1448//33 1181//33 1446//33
f 1446//405 1181//405 1179//405
f 1446//417 1179//417 1177//417
f 1149//33 1147//33 1447//33
f 1447//414 1147//414 1145//414
f 1447//33 1145//33 1449//33
f 1449//411 1145//411 1143//411
f 1449//404 1143//404 1141//404
f 1135//33 1133//33 1449//33
f 1449//426 1133//426 1131//426
f 1449//421 1131//421 1129//421
f 1129//33 1127//33 1449//33
f 1449//37 1127//37 1125//37
f 1449//408 1125//408 1448//408
f 1448//35 1125//35 1197//35
f 1448//427 1197//427 1195//427
f 1193//33 1191//33 1448//33
f 1448//414 1191//414 1189//414
f 1448//428 1189//428 1187//428
f 1177//33 1175//33 1446//33
f 1446//408 1175//408 1173//408
f 1446//404 1173//404 1171//404
f 1171//33 1169//33 1446//33
f 1446//414 1169//414 1167//414
f 1446//414 1167//414 1165//414
f 1165//422 1163//422 1446//422
f 1446//423 1163//423 1161//423
f 1446//404 1161//404 1447//404
f 1447//424 1161//424 1159//424
f 1447//35 1159//35 1157//35
f 549//33 547//33 1450//33
f 601//33 599//33 1442//33
f 1450//36 535//36 533//36
f 601//33 1442//33 603//33
f 547//419 545//419 1450//419
f 1450//420 545//420 543//420
f 1450//410 543//410 541//410
f 1450//33 533//33 1442//33
f 1442//412 533//412 605//412
f 1442//429 605//429 603//429
f 599//33 597//33 1442//33
f 1442//420 597//420 595//420
f 1442//401 595//401 593//401
f 563//409 1451//409 565//409
f 565//33 1451//33 567//33
f 563//33 561//33 1451//33
f 1451//404 561//404 559//404
f 1451//408 559//408 557//408
f 557//33 555//33 1451//33
f 1451//35 555//35 553//35
f 1451//33 553//33 1450//33
f 1450//411 553//411 551//411
f 1450//404 551//404 549//404
f 593//33 591//33 1442//33
f 1442//430 591//430 589//430
f 1442//33 589//33 1443//33
f 1443//36 589//36 587//36
f 1443//35 587//35 585//35
f 579//431 577//431 1443//431
f 1443//36 577//36 575//36
f 575//33 573//33 1443//33
f 1443//410 573//410 571//410
f 1443//398 571//398 1451//398
f 1451//414 571//414 569//414
f 1451//410 569//410 567//410
f 541//33 539//33 1450//33
f 1450//421 539//421 537//421
f 1450//36 537//36 535//36
f 585//431 583//431 1443//431
f 1443//423 583//423 581//423
f 1443//404 581//404 579//404
f 747//33 1447//33 749//33
f 749//33 1447//33 751//33
f 709//33 707//33 1450//33
f 1450//33 701//33 1452//33
f 1452//411 701//411 699//411
f 1452//404 699//404 697//404
f 697//33 695//33 1452//33
f 1452//401 695//401 693//401
f 1452//420 693//420 691//420
f 707//33 705//33 1450//33
f 1450//429 705//429 703//429
f 1450//414 703//414 701//414
f 747//33 745//33 1447//33
f 1447//420 745//420 743//420
f 1447//401 743//401 741//401
f 691//33 689//33 1452//33
f 1452//411 689//411 687//411
f 1452//421 687//421 685//421
f 685//33 683//33 1452//33
f 1452//36 683//36 681//36
f 1452//33 681//33 1447//33
f 1447//412 681//412 753//412
f 1447//429 753//429 751//429
f 741//33 739//33 1447//33
f 1447//430 739//430 737//430
f 1447//33 737//33 1442//33
f 1442//410 737//410 735//410
f 735//33 733//33 1442//33
f 1442//431 733//431 731//431
f 1442//405 731//405 729//405
f 729//33 727//33 1442//33
f 1442//409 727//409 725//409
f 1442//35 725//35 723//35
f 715//33 713//33 1450//33
f 1450//432 713//432 711//432
f 1450//407 711//407 709//407
f 723//33 721//33 1442//33
f 1442//424 721//424 719//424
f 1442//398 719//398 1450//398
f 1450//423 719//423 717//423
f 1450//424 717//424 715//424
f 1067//33 1065//33 1453//33
f 1123//33 1449//33 1051//33
f 1051//33 1449//33 1453//33
f 1051//33 1453//33 1053//33
f 1123//33 1121//33 1449//33
f 1449//33 1121//33 1119//33
f 1449//426 1119//426 1117//426
f 1065//419 1063//419 1453//419
f 1453//420 1063//420 1061//420
f 1453//410 1061//410 1059//410
f 1117//33 1115//33 1449//33
f 1449//420 1115//420 1113//420
f 1449//401 1113//401 1111//401
f 1085//33 1083//33 1452//33
f 1059//33 1057//33 1453//33
f 1453//421 1057//421 1055//421
f 1453//410 1055//410 1053//410
f 1452//33 1071//33 1453//33
f 1453//411 1071//411 1069//411
f 1453//404 1069//404 1067//404
f 1111//33 1109//33 1449//33
f 1449//430 1109//430 1107//430
f 1449//33 1107//33 1447//33
f 1447//410 1107//410 1105//410
f 1105//33 1103//33 1447//33
f 1447//431 1103//431 1101//431
f 1447//405 1101//405 1099//405
f 1099//33 1097//33 1447//33
f 1447//409 1097//409 1095//409
f 1447//35 1095//35 1093//35
f 1083//418 1081//418 1452//418
f 1452//407 1081//407 1079//407
f 1452//404 1079//404 1077//404
f 1077//33 1075//33 1452//33
f 1452//429 1075//429 1073//429
f 1452//414 1073//414 1071//414
f 1093//33 1091//33 1447//33
f 1447//424 1091//424 1089//424
f 1447//398 1089//398 1452//398
f 1452//423 1089//423 1087//423
f 1452//424 1087//424 1085//424
f 253//33 251//33 1454//33
f 1450//36 237//36 309//36
f 279//33 277//33 1451//33
f 1451//433 277//433 275//433
f 1451//398 275//398 1455//398
f 1455//33 275//33 273//33
f 309//33 307//33 1450//33
f 1450//33 307//33 305//33
f 1450//411 305//411 303//411
f 303//33 301//33 1450//33
f 1450//420 301//420 299//420
f 1450//401 299//401 297//401
f 251//419 249//419 1454//419
f 1454//420 249//420 247//420
f 1454//404 247//404 245//404
f 273//434 271//434 1455//434
f 1455//36 271//36 269//36
f 1455//435 269//435 267//435
f 267//33 265//33 1455//33
f 1455//404 265//404 263//404
f 1455//436 263//436 261//436
f 261//33 259//33 1455//33
f 1455//35 259//35 257//35
f 1455//33 257//33 1454//33
f 1454//411 257//411 255//411
f 1454//404 255//404 253//404
f 245//33 243//33 1454//33
f 1454//33 243//33 241//33
f 1454//36 241//36 239//36
f 291//33 1451//33 293//33
f 293//33 1451//33 1450//33
f 293//33 1450//33 295//33
f 295//33 1450//33 297//33
f 291//33 289//33 1451//33
f 1451//437 289//437 287//437
f 1451//436 287//436 285//436
f 285//33 283//33 1451//33
f 1451//437 283//437 281//437
f 1451//435 281//435 279//435
f 529//33 527//33 1452//33
f 1452//411 527//411 525//411
f 1454//33 479//33 1456//33
f 1456//411 479//411 477//411
f 1456//404 477//404 475//404
f 475//33 473//33 1456//33
f 1456//401 473//401 471//401
f 1456//420 471//420 469//420
f 525//33 523//33 1452//33
f 1452//420 523//420 521//420
f 1452//401 521//401 519//401
f 511//33 509//33 1450//33
f 1450//436 509//436 507//436
f 1450//404 507//404 505//404
f 485//33 483//33 1454//33
f 1454//429 483//429 481//429
f 1454//414 481//414 479//414
f 469//33 467//33 1456//33
f 1456//411 467//411 465//411
f 1456//33 465//33 463//33
f 463//33 461//33 1456//33
f 1456//36 461//36 459//36
f 1456//33 459//33 1452//33
f 1452//36 459//36 531//36
f 1452//36 531//36 529//36
f 519//33 517//33 1452//33
f 1452//404 517//404 515//404
f 1452//33 515//33 1450//33
f 1450//411 515//411 513//411
f 1450//414 513//414 511//414
f 505//33 503//33 1450//33
f 1450//432 503//432 501//432
f 1450//35 501//35 499//35
f 499//438 497//438 1450//438
f 1450//398 497//398 1454//398
f 1450//33 1454//33 237//33
f 237//33 1454//33 239//33
f 497//33 495//33 1454//33
f 1454//439 495//439 493//439
f 1454//35 493//35 491//35
f 491//418 489//418 1454//418
f 1454//429 489//429 487//429
f 1454//404 487//404 485//404
f 993//33 991//33 1457//33
f 1049//33 1453//33 977//33
f 977//33 1453//33 1457//33
f 977//33 1457//33 979//33
f 1025//33 1452//33 1027//33
f 1027//33 1452//33 1029//33
f 991//419 989//419 1457//419
f 1457//420 989//420 987//420
f 1457//404 987//404 985//404
f 985//33 983//33 1457//33
f 1457//33 983//33 981//33
f 1457//410 981//410 979//410
f 1049//33 1047//33 1453//33
f 1453//33 1047//33 1045//33
f 1453//426 1045//426 1043//426
f 1456//436 1003//436 1001//436
f 1043//33 1041//33 1453//33
f 1453//420 1041//420 1039//420
f 1453//401 1039//401 1037//401
f 1037//33 1035//33 1453//33
f 1453//404 1035//404 1033//404
f 1453//33 1033//33 1452//33
f 1452//411 1033//411 1031//411
f 1452//414 1031//414 1029//414
f 1025//33 1023//33 1452//33
f 1452//429 1023//429 1021//429
f 1452//432 1021//432 1019//432
f 1456//35 1011//35 1009//35
f 1001//33 999//33 1456//33
f 1456//414 999//414 997//414
f 1456//33 997//33 1457//33
f 1457//411 997//411 995//411
f 1457//404 995//404 993//404
f 1019//33 1017//33 1452//33
f 1452//439 1017//439 1015//439
f 1452//398 1015//398 1456//398
f 1456//33 1015//33 1013//33
f 1456//439 1013//439 1011//439
f 1009//418 1007//418 1456//418
f 1456//429 1007//429 1005//429
f 1456//404 1005//404 1003//404
f 187//431 185//431 1458//431
f 183//33 181//33 1459//33
f 1459//33 163//33 1454//33
f 1454//36 163//36 235//36
f 1454//36 235//36 233//36
f 223//419 1454//419 225//419
f 225//33 1454//33 227//33
f 181//413 179//413 1459//413
f 1459//398 179//398 177//398
f 1459//401 177//401 175//401
f 233//33 231//33 1454//33
f 1454//411 231//411 229//411
f 1454//410 229//410 227//410
f 223//33 221//33 1454//33
f 1454//404 221//404 219//404
f 1454//33 219//33 1455//33
f 1455//411 219//411 217//411
f 217//33 215//33 1455//33
f 1455//437 215//437 213//437
f 1455//408 213//408 211//408
f 193//33 1458//33 195//33
f 195//33 1458//33 197//33
f 193//431 191//431 1458//431
f 1458//404 191//404 189//404
f 1458//423 189//423 187//423
f 175//33 173//33 1459//33
f 1459//410 173//410 171//410
f 1459//411 171//411 169//411
f 169//33 167//33 1459//33
f 1459//429 167//429 165//429
f 1459//412 165//412 163//412
f 211//33 209//33 1455//33
f 1455//407 209//407 207//407
f 1455//435 207//435 205//435
f 205//33 203//33 1455//33
f 1455//410 203//410 201//410
f 1455//33 201//33 1458//33
f 1458//406 201//406 199//406
f 1458//433 199//433 197//433
f 405//33 403//33 1460//33
f 449//33 447//33 1456//33
f 1456//401 447//401 445//401
f 433//33 1454//33 435//33
f 435//33 1454//33 437//33
f 457//33 455//33 1456//33
f 445//33 443//33 1456//33
f 1456//404 443//404 441//404
f 1456//33 441//33 1454//33
f 1454//411 441//411 439//411
f 1454//414 439//414 437//414
f 413//33 411//33 1459//33
f 1459//405 411//405 409//405
f 1459//431 409//431 407//431
f 455//33 453//33 1456//33
f 1456//411 453//411 451//411
f 1456//410 451//410 449//410
f 397//33 395//33 1460//33
f 1460//410 395//410 393//410
f 457//33 1456//33 385//33
f 385//33 1456//33 1460//33
f 385//33 1460//33 387//33
f 403//413 401//413 1460//413
f 1460//398 401//398 399//398
f 1460//401 399//401 397//401
f 433//33 431//33 1454//33
f 1454//407 431//407 429//407
f 1454//432 429//432 427//432
f 393//33 391//33 1460//33
f 1460//33 391//33 389//33
f 1460//429 389//429 387//429
f 427//33 425//33 1454//33
f 1454//424 425//424 423//424
f 1454//33 423//33 1459//33
f 1459//440 423//440 421//440
f 1459//439 421//439 419//439
f 419//33 417//33 1459//33
f 1459//35 417//35 415//35
f 1459//409 415//409 413//409
f 923//33 921//33 1461//33
f 915//33 913//33 1461//33
f 931//33 929//33 1460//33
f 1460//405 929//405 927//405
f 1460//431 927//431 925//431
f 965//419 963//419 1457//419
f 973//33 971//33 1457//33
f 957//33 1456//33 959//33
f 959//33 1456//33 1457//33
f 959//33 1457//33 961//33
f 961//33 1457//33 963//33
f 957//33 955//33 1456//33
f 1456//429 955//429 953//429
f 1456//408 953//408 951//408
f 921//413 919//413 1461//413
f 1461//398 919//398 917//398
f 1461//401 917//401 915//401
f 913//33 911//33 1461//33
f 1461//426 911//426 909//426
f 1461//33 909//33 907//33
f 907//33 905//33 1461//33
f 1461//37 905//37 903//37
f 1461//33 903//33 1457//33
f 1457//410 903//410 975//410
f 1457//410 975//410 973//410
f 971//33 969//33 1457//33
f 1457//410 969//410 967//410
f 1457//420 967//420 965//420
f 951//33 949//33 1456//33
f 1456//407 949//407 947//407
f 1456//432 947//432 945//432
f 945//33 943//33 1456//33
f 1456//424 943//424 941//424
f 1456//33 941//33 1460//33
f 1460//440 941//440 939//440
f 1460//439 939//439 937//439
f 937//33 935//33 1460//33
f 1460//35 935//35 933//35
f 1460//409 933//409 931//409
f 159//33 157//33 1459//33
f 1459//411 157//411 155//411
f 1459//410 155//410 153//410
f 153//33 151//33 1459//33
f 1459//401 151//401 149//401
f 1459//400 149//400 147//400
f 159//33 1459//33 161//33
f 161//33 1459//33 1462//33
f 161//33 1462//33 89//33
f 147//33 145//33 1459//33
f 1459//33 145//33 1458//33
f 1459//33 1458//33 183//33
f 183//33 1458//33 185//33
f 1463//436 119//436 117//436
f 117//33 115//33 1463//33
f 1463//404 115//404 113//404
f 1463//408 113//408 111//408
f 1462//407 103//407 101//407
f 101//33 99//33 1462//33
f 1462//415 99//415 97//415
f 1462//436 97//436 95//436
f 111//33 109//33 1463//33
f 1463//415 109//415 107//415
f 1463//33 107//33 1462//33
f 1462//35 107//35 105//35
f 1462//429 105//429 103//429
f 95//33 93//33 1462//33
f 1462//437 93//437 91//437
f 1462//410 91//410 89//410
f 145//33 143//33 1458//33
f 1458//35 143//35 141//35
f 1458//437 141//437 139//437
f 139//33 137//33 1458//33
f 1458//404 137//404 135//404
f 1458//407 135//407 133//407
f 133//409 131//409 1458//409
f 1458//36 131//36 129//36
f 1458//33 129//33 1463//33
f 1463//424 129//424 127//424
f 1463//415 127//415 125//415
f 125//35 123//35 1463//35
f 1463//33 123//33 121//33
f 1463//420 121//420 119//420
f 371//33 369//33 1460//33
f 371//419 1460//419 373//419
f 325//33 323//33 1464//33
f 1464//441 323//441 321//441
f 1464//415 321//415 319//415
f 319//33 317//33 1464//33
f 1464//33 317//33 315//33
f 1464//437 315//437 313//437
f 313//33 311//33 1464//33
f 1464//429 311//429 383//429
f 1464//408 383//408 1460//408
f 1460//36 383//36 381//36
f 1460//421 381//421 379//421
f 379//33 377//33 1460//33
f 1460//410 377//410 375//410
f 1460//420 375//420 373//420
f 369//33 367//33 1460//33
f 1460//33 367//33 1459//33
f 1460//33 1459//33 405//33
f 405//33 1459//33 407//33
f 367//33 365//33 1459//33
f 1459//414 365//414 363//414
f 1459//429 363//429 361//429
f 339//33 337//33 1462//33
f 1462//407 337//407 335//407
f 1462//437 335//437 333//437
f 333//33 331//33 1462//33
f 1462//411 331//411 329//411
f 1462//33 329//33 1464//33
f 1464//35 329//35 327//35
f 1464//429 327//429 325//429
f 361//33 359//33 1459//33
f 1459//404 359//404 357//404
f 1459//407 357//407 355//407
f 347//442 345//442 1462//442
f 345//33 343//33 1462//33
f 1462//415 343//415 341//415
f 1462//441 341//441 339//441
f 355//418 353//418 1459//418
f 1459//35 353//35 351//35
f 1459//404 351//404 1462//404
f 1462//419 351//419 349//419
f 1462//443 349//443 347//443
f 843//33 841//33 1465//33
f 1465//36 841//36 839//36
f 1465//426 839//426 837//426
f 893//33 1461//33 895//33
f 895//33 1461//33 897//33
f 893//33 891//33 1461//33
f 1461//401 891//401 889//401
f 1461//400 889//400 887//400
f 837//33 835//33 1465//33
f 1465//33 835//33 833//33
f 1465//429 833//429 831//429
f 857//33 855//33 1464//33
f 1464//407 855//407 853//407
f 1464//437 853//437 851//437
f 851//33 849//33 1464//33
f 1464//411 849//411 847//411
f 1464//33 847//33 1465//33
f 1465//35 847//35 845//35
f 1465//429 845//429 843//429
f 831//33 829//33 1465//33
f 1465//420 829//420 901//420
f 1465//408 901//408 1461//408
f 1461//410 901//410 899//410
f 1461//421 899//421 897//421
f 887//33 885//33 1461//33
f 1461//33 885//33 1460//33
f 1461//33 1460//33 923//33
f 923//33 1460//33 925//33
f 885//33 883//33 1460//33
f 1460//414 883//414 881//414
f 1460//429 881//429 879//429
f 879//33 877//33 1460//33
f 1460//404 877//404 875//404
f 1460//407 875//407 873//407
f 865//442 863//442 1464//442
f 863//33 861//33 1464//33
f 1464//415 861//415 859//415
f 1464//441 859//441 857//441
f 873//418 871//418 1460//418
f 1460//35 871//35 869//35
f 1460//404 869//404 1464//404
f 1464//419 869//419 867//419
f 1464//443 867//443 865//443
f 1448//33 79//33 1449//33
f 1449//33 79//33 78//33
f 1449//33 78//33 1453//33
f 1453//33 78//33 77//33
f 1453//33 77//33 1457//33
f 1457//33 77//33 76//33
f 1457//33 76//33 1461//33
f 1461//33 76//33 75//33
f 1461//33 75//33 1465//33
f 1465//33 75//33 74//33
f 1465//33 74//33 73//33
f 73//33 87//33 1465//33
f 1465//33 87//33 86//33
f 1465//33 86//33 1464//33
f 1464//33 86//33 83//33
f 1464//33 83//33 1462//33
f 1462//33 83//33 1441//33
f 1462//33 1441//33 1463//33
f 82//444 1466//444 84//444
f 84//445 1466//445 1441//445
f 84//446 1441//446 85//446
f 640//447 642//447 1467//447
f 652//234 654//234 1468//234
f 1468//243 654//243 656//243
f 628//234 630//234 1467//234
f 1467//448 630//448 632//448
f 1467//449 632//449 634//449
f 644//234 646//234 1468//234
f 662//234 1469//234 660//234
f 660//234 1469//234 1468//234
f 660//234 1468//234 658//234
f 658//234 1468//234 656//234
f 634//234 636//234 1467//234
f 1467//450 636//450 638//450
f 1467//451 638//451 640//451
f 646//234 648//234 1468//234
f 1468//452 648//452 650//452
f 1468//453 650//453 652//453
f 618//234 620//234 1470//234
f 642//234 644//234 1467//234
f 1467//454 644//454 1468//454
f 1467//239 1468//239 1471//239
f 1471//455 1468//455 1472//455
f 1471//234 1472//234 1473//234
f 1473//234 1472//234 1474//234
f 618//234 1470//234 616//234
f 620//234 622//234 1470//234
f 1470//453 622//453 624//453
f 1470//234 624//234 1467//234
f 1467//456 624//456 626//456
f 1467//453 626//453 628//453
f 662//234 664//234 1469//234
f 1469//448 664//448 666//448
f 1469//457 666//457 668//457
f 668//234 670//234 1469//234
f 1469//458 670//458 672//458
f 1469//459 672//459 674//459
f 606//234 608//234 1470//234
f 1470//460 608//460 610//460
f 610//234 612//234 1470//234
f 1470//453 612//453 614//453
f 1470//239 614//239 616//239
f 674//234 676//234 1469//234
f 1469//458 676//458 678//458
f 1469//461 678//461 606//461
f 800//234 802//234 1469//234
f 1469//243 802//243 804//243
f 778//234 780//234 1470//234
f 606//234 1470//234 1469//234
f 1469//462 1470//462 792//462
f 1469//463 792//463 794//463
f 794//234 796//234 1469//234
f 1469//464 796//464 798//464
f 1469//453 798//453 800//453
f 780//234 782//234 1470//234
f 1470//465 782//465 784//465
f 1470//449 784//449 786//449
f 772//466 774//466 1470//466
f 1470//467 774//467 776//467
f 1470//465 776//465 778//465
f 786//468 788//468 1470//468
f 1470//469 788//469 790//469
f 1470//464 790//464 792//464
f 804//234 806//234 1469//234
f 1469//470 806//470 808//470
f 1469//234 808//234 1475//234
f 1475//459 808//459 810//459
f 1475//450 810//450 812//450
f 812//234 814//234 1475//234
f 1475//457 814//457 816//457
f 1475//471 816//471 818//471
f 818//472 820//472 1475//472
f 1475//459 820//459 822//459
f 1475//448 822//448 824//448
f 1476//242 764//242 766//242
f 824//234 826//234 1475//234
f 1475//461 826//461 754//461
f 1475//243 754//243 1476//243
f 1476//459 754//459 756//459
f 1476//460 756//460 758//460
f 758//234 760//234 1476//234
f 1476//453 760//453 762//453
f 1476//239 762//239 764//239
f 766//234 768//234 1476//234
f 1476//239 768//239 770//239
f 1476//453 770//453 772//453
f 1146//234 1148//234 1476//234
f 1476//239 1148//239 1150//239
f 1476//473 1150//473 1152//473
f 1475//464 1166//464 1168//464
f 1152//234 1154//234 1476//234
f 1476//449 1154//449 1156//449
f 1476//474 1156//474 1158//474
f 1158//475 1160//475 1476//475
f 1476//464 1160//464 1162//464
f 1476//462 1162//462 1475//462
f 1475//463 1162//463 1164//463
f 1475//450 1164//450 1166//450
f 1168//234 1170//234 1475//234
f 1475//476 1170//476 1172//476
f 1475//243 1172//243 1174//243
f 1174//234 1176//234 1475//234
f 1475//470 1176//470 1178//470
f 1475//234 1178//234 1477//234
f 1477//459 1178//459 1180//459
f 1477//450 1180//450 1182//450
f 1182//234 1184//234 1477//234
f 1477//241 1184//241 1186//241
f 1477//471 1186//471 1188//471
f 1478//459 1136//459 1138//459
f 1128//234 1130//234 1478//234
f 1138//234 1140//234 1478//234
f 1478//453 1140//453 1142//453
f 1478//234 1142//234 1476//234
f 1476//456 1142//456 1144//456
f 1476//467 1144//467 1146//467
f 1188//237 1190//237 1477//237
f 1477//477 1190//477 1192//477
f 1477//448 1192//448 1194//448
f 1194//234 1196//234 1477//234
f 1477//478 1196//478 1124//478
f 1477//243 1124//243 1478//243
f 1478//452 1124//452 1126//452
f 1478//456 1126//456 1128//456
f 1130//234 1132//234 1478//234
f 1478//239 1132//239 1134//239
f 1478//457 1134//457 1136//457
f 19//234 1203//234 1201//234
f 1201//234 1199//234 19//234
f 19//464 1199//464 1423//464
f 19//234 1423//234 1206//234
f 1219//234 1209//234 1228//234
f 1228//234 1209//234 1479//234
f 1228//234 1479//234 1229//234
f 1229//234 1479//234 1480//234
f 1229//234 1480//234 1225//234
f 1225//234 1480//234 1481//234
f 130//234 132//234 1482//234
f 1483//239 146//239 148//239
f 88//234 90//234 1481//234
f 120//234 122//234 1484//234
f 132//234 134//234 1482//234
f 1482//449 134//449 136//449
f 1482//448 136//448 138//448
f 138//234 140//234 1482//234
f 1482//467 140//467 142//467
f 1482//234 142//234 1483//234
f 1483//479 142//479 144//479
f 1483//453 144//453 146//453
f 96//234 98//234 1481//234
f 1481//449 104//449 106//449
f 122//234 124//234 1484//234
f 1484//465 124//465 126//465
f 1484//470 126//470 1482//470
f 1482//480 126//480 128//480
f 1482//451 128//451 130//451
f 148//234 150//234 1483//234
f 1483//242 150//242 152//242
f 1483//239 152//239 154//239
f 1226//234 1225//234 1485//234
f 1485//234 1225//234 1481//234
f 1485//234 1481//234 1484//234
f 1484//234 1481//234 106//234
f 1484//471 106//471 108//471
f 108//234 110//234 1484//234
f 1484//239 110//239 112//239
f 1484//471 112//471 114//471
f 98//481 100//481 1481//481
f 1481//242 100//242 102//242
f 1481//470 102//470 104//470
f 154//234 156//234 1483//234
f 1483//448 156//448 158//448
f 1483//462 158//462 1481//462
f 1481//482 158//482 160//482
f 1481//483 160//483 88//483
f 90//460 92//460 1481//460
f 1481//450 92//450 94//450
f 1481//471 94//471 96//471
f 114//234 116//234 1484//234
f 1484//462 116//462 118//462
f 1484//243 118//243 120//243
f 1486//239 368//239 370//239
f 352//234 354//234 1483//234
f 322//234 324//234 1480//234
f 324//234 326//234 1480//234
f 1480//449 326//449 328//449
f 1480//234 328//234 1481//234
f 1481//471 328//471 330//471
f 1481//457 330//457 332//457
f 332//473 334//473 1481//473
f 1481//242 334//242 336//242
f 1481//448 336//448 338//448
f 338//234 340//234 1481//234
f 1481//448 340//448 342//448
f 1481//234 342//234 344//234
f 354//234 356//234 1483//234
f 1483//473 356//473 358//473
f 1483//239 358//239 360//239
f 360//234 362//234 1483//234
f 1483//467 362//467 364//467
f 1483//234 364//234 1486//234
f 1486//479 364//479 366//479
f 1486//453 366//453 368//453
f 370//234 372//234 1486//234
f 1486//242 372//242 374//242
f 1486//239 374//239 376//239
f 310//234 312//234 1480//234
f 1480//465 312//465 314//465
f 1480//450 314//450 316//450
f 344//234 346//234 1481//234
f 1481//464 346//464 348//464
f 1481//243 348//243 1483//243
f 1483//469 348//469 350//469
f 1483//474 350//474 352//474
f 316//234 318//234 1480//234
f 1480//471 318//471 320//471
f 1480//473 320//473 322//473
f 376//234 378//234 1486//234
f 1486//448 378//448 380//448
f 1486//462 380//462 1480//462
f 1480//482 380//482 382//482
f 1480//483 382//483 310//483
f 1487//239 886//239 888//239
f 870//234 872//234 1486//234
f 840//234 842//234 1479//234
f 842//234 844//234 1479//234
f 1479//449 844//449 846//449
f 1479//234 846//234 1480//234
f 1480//471 846//471 848//471
f 1480//457 848//457 850//457
f 850//473 852//473 1480//473
f 1480//242 852//242 854//242
f 1480//448 854//448 856//448
f 872//234 874//234 1486//234
f 1486//473 874//473 876//473
f 1486//239 876//239 878//239
f 878//234 880//234 1486//234
f 1486//467 880//467 882//467
f 1486//234 882//234 1487//234
f 1487//479 882//479 884//479
f 1487//453 884//453 886//453
f 856//234 858//234 1480//234
f 1480//448 858//448 860//448
f 1480//234 860//234 862//234
f 888//234 890//234 1487//234
f 1487//457 890//457 892//457
f 1487//239 892//239 894//239
f 834//234 836//234 1479//234
f 1479//242 836//242 838//242
f 1479//453 838//453 840//453
f 862//234 864//234 1480//234
f 1480//464 864//464 866//464
f 1480//243 866//243 1486//243
f 1486//469 866//469 868//469
f 1486//474 868//474 870//474
f 828//234 830//234 1479//234
f 1479//476 830//476 832//476
f 1479//481 832//481 834//481
f 894//234 896//234 1487//234
f 1487//239 896//239 898//239
f 1487//462 898//462 1479//462
f 1479//484 898//484 900//484
f 1479//469 900//469 828//469
f 208//234 210//234 1488//234
f 1488//448 210//448 212//448
f 188//234 1482//234 186//234
f 186//234 1482//234 184//234
f 188//485 190//485 1482//485
f 1482//241 190//241 192//241
f 1482//450 192//450 194//450
f 202//466 204//466 1488//466
f 1488//450 204//450 206//450
f 1488//241 206//241 208//241
f 174//486 176//486 1483//486
f 194//234 196//234 1482//234
f 1482//448 196//448 198//448
f 1482//454 198//454 1488//454
f 1488//465 198//465 200//465
f 1488//480 200//480 202//480
f 174//234 1483//234 172//234
f 176//234 178//234 1483//234
f 1483//454 178//454 180//454
f 1483//234 180//234 1482//234
f 1482//462 180//462 182//462
f 1482//467 182//467 184//467
f 212//234 214//234 1488//234
f 1488//453 214//453 216//453
f 1488//234 216//234 1489//234
f 1489//479 216//479 218//479
f 1489//453 218//453 220//453
f 220//234 222//234 1489//234
f 1489//459 222//459 224//459
f 1489//242 224//242 226//242
f 226//234 228//234 1489//234
f 1489//453 228//453 230//453
f 1489//448 230//448 232//448
f 232//234 234//234 1489//234
f 1489//487 234//487 162//487
f 1489//234 162//234 1483//234
f 1483//475 162//475 164//475
f 1483//488 164//488 166//488
f 166//447 168//447 1483//447
f 1483//460 168//460 170//460
f 1483//239 170//239 172//239
f 430//234 432//234 1489//234
f 1489//239 432//239 434//239
f 410//234 1483//234 408//234
f 408//234 1483//234 406//234
f 424//468 426//468 1489//468
f 1489//449 426//449 428//449
f 1489//465 428//465 430//465
f 410//489 412//489 1483//489
f 1483//465 412//465 414//465
f 1483//449 414//449 416//449
f 416//234 418//234 1483//234
f 1483//490 418//490 420//490
f 1483//454 420//454 1489//454
f 1489//464 420//464 422//464
f 1489//469 422//469 424//469
f 434//234 436//234 1489//234
f 1489//467 436//467 438//467
f 1489//234 438//234 1490//234
f 1490//479 438//479 440//479
f 1490//453 440//453 442//453
f 442//234 444//234 1490//234
f 1490//459 444//459 446//459
f 1490//242 446//242 448//242
f 448//234 450//234 1490//234
f 1490//453 450//453 452//453
f 1490//448 452//448 454//448
f 454//234 456//234 1490//234
f 1490//487 456//487 384//487
f 1490//234 384//234 1486//234
f 1486//475 384//475 386//475
f 1486//488 386//488 388//488
f 394//234 396//234 1486//234
f 1486//467 396//467 398//467
f 388//447 390//447 1486//447
f 1486//460 390//460 392//460
f 1486//239 392//239 394//239
f 398//234 400//234 1486//234
f 1486//454 400//454 402//454
f 1486//234 402//234 1483//234
f 1483//462 402//462 404//462
f 1483//467 404//467 406//467
f 928//234 1486//234 926//234
f 926//234 1486//234 924//234
f 942//468 944//468 1490//468
f 1490//449 944//449 946//449
f 928//489 930//489 1486//489
f 1486//465 930//465 932//465
f 1486//449 932//449 934//449
f 934//234 936//234 1486//234
f 1486//490 936//490 938//490
f 1486//454 938//454 1490//454
f 1490//464 938//464 940//464
f 1490//469 940//469 942//469
f 946//234 948//234 1490//234
f 1490//473 948//473 950//473
f 1490//239 950//239 952//239
f 952//234 954//234 1490//234
f 1490//467 954//467 956//467
f 1490//234 956//234 1491//234
f 1491//479 956//479 958//479
f 1491//453 958//453 960//453
f 960//234 962//234 1491//234
f 1491//459 962//459 964//459
f 1491//457 964//457 966//457
f 1487//467 914//467 916//467
f 906//237 908//237 1487//237
f 916//234 918//234 1487//234
f 1487//454 918//454 920//454
f 1487//234 920//234 1486//234
f 1486//462 920//462 922//462
f 1486//467 922//467 924//467
f 966//234 968//234 1491//234
f 1491//467 968//467 970//467
f 1491//239 970//239 972//239
f 972//234 974//234 1491//234
f 1491//480 974//480 902//480
f 1491//234 902//234 1487//234
f 1487//491 902//491 904//491
f 1487//492 904//492 906//492
f 908//493 910//493 1487//493
f 1487//239 910//239 912//239
f 1487//457 912//457 914//457
f 1488//454 272//454 1492//454
f 1492//240 272//240 274//240
f 274//234 276//234 1492//234
f 1492//451 276//451 278//451
f 1492//450 278//450 280//450
f 280//234 282//234 1492//234
f 1492//477 282//477 284//477
f 1492//467 284//467 286//467
f 294//234 296//234 1493//234
f 1493//459 296//459 298//459
f 1493//242 298//242 300//242
f 286//234 288//234 1492//234
f 1492//467 288//467 290//467
f 1492//234 290//234 1493//234
f 1493//479 290//479 292//479
f 1493//453 292//453 294//453
f 1488//490 264//490 266//490
f 300//494 302//494 1493//494
f 1493//460 302//460 304//460
f 1493//487 304//487 306//487
f 250//234 1489//234 248//234
f 248//234 1489//234 246//234
f 258//234 260//234 1488//234
f 1488//467 260//467 262//467
f 1488//477 262//477 264//477
f 266//234 268//234 1488//234
f 1488//451 268//451 270//451
f 1488//448 270//448 272//448
f 240//447 242//447 1489//447
f 1489//460 242//460 244//460
f 1489//487 244//487 246//487
f 250//234 252//234 1489//234
f 1489//453 252//453 254//453
f 1489//234 254//234 1488//234
f 1488//456 254//456 256//456
f 1488//453 256//453 258//453
f 306//234 308//234 1493//234
f 1493//487 308//487 236//487
f 1493//234 236//234 1489//234
f 1489//487 236//487 238//487
f 1489//460 238//460 240//460
f 480//234 482//234 1489//234
f 1489//240 482//240 484//240
f 1489//464 484//464 486//464
f 486//234 488//234 1489//234
f 1489//449 488//449 490//449
f 1489//474 490//474 492//474
f 500//234 502//234 1493//234
f 1493//450 502//450 504//450
f 492//234 494//234 1489//234
f 1489//495 494//495 496//495
f 1489//454 496//454 1493//454
f 1493//490 496//490 498//490
f 1493//474 498//474 500//474
f 504//489 506//489 1493//489
f 1493//240 506//240 508//240
f 1493//465 508//465 510//465
f 522//234 1494//234 520//234
f 520//234 1494//234 518//234
f 522//494 524//494 1494//494
f 1494//460 524//460 526//460
f 1494//487 526//487 528//487
f 470//234 472//234 1490//234
f 1490//487 462//487 464//487
f 472//234 474//234 1490//234
f 1490//453 474//453 476//453
f 1490//234 476//234 1489//234
f 1489//456 476//456 478//456
f 1489//467 478//467 480//467
f 512//474 514//474 1494//474
f 1494//453 514//453 516//453
f 1494//239 516//239 518//239
f 528//234 530//234 1494//234
f 1494//487 530//487 458//487
f 1494//234 458//234 1490//234
f 1490//487 458//487 460//487
f 1490//460 460//460 462//460
f 464//496 466//496 1490//496
f 1490//487 466//487 468//487
f 1490//242 468//242 470//242
f 988//234 990//234 1491//234
f 1014//234 1016//234 1494//234
f 1494//474 1016//474 1018//474
f 1494//449 1018//449 1020//449
f 1014//234 1494//234 1012//234
f 1012//234 1494//234 1490//234
f 1012//234 1490//234 1010//234
f 1020//234 1022//234 1494//234
f 1494//464 1022//464 1024//464
f 1494//240 1024//240 1026//240
f 980//237 982//237 1491//237
f 998//234 1000//234 1490//234
f 1490//240 1000//240 1002//240
f 1490//464 1002//464 1004//464
f 1004//234 1006//234 1490//234
f 1490//449 1006//449 1008//449
f 1490//474 1008//474 1010//474
f 1038//234 1495//234 1036//234
f 1036//234 1495//234 1034//234
f 982//493 984//493 1491//493
f 1491//497 984//497 986//497
f 1491//457 986//457 988//457
f 990//234 992//234 1491//234
f 1491//453 992//453 994//453
f 1491//234 994//234 1490//234
f 1490//456 994//456 996//456
f 1490//467 996//467 998//467
f 1026//234 1028//234 1494//234
f 1494//467 1028//467 1030//467
f 1494//234 1030//234 1495//234
f 1495//479 1030//479 1032//479
f 1495//453 1032//453 1034//453
f 1495//458 1044//458 1046//458
f 1046//234 1048//234 1495//234
f 1495//480 1048//480 976//480
f 1495//234 976//234 1491//234
f 1491//480 976//480 978//480
f 1491//456 978//456 980//456
f 1038//234 1040//234 1495//234
f 1495//497 1040//497 1042//497
f 1495//456 1042//456 1044//456
f 548//234 550//234 1493//234
f 570//234 1467//234 568//234
f 568//234 1467//234 1492//234
f 568//447 1492//447 566//447
f 596//234 598//234 1470//234
f 570//234 572//234 1467//234
f 1467//450 572//450 574//450
f 1467//450 574//450 576//450
f 1493//234 550//234 1492//234
f 1492//456 550//456 552//456
f 1492//453 552//453 554//453
f 554//234 556//234 1492//234
f 1492//448 556//448 558//448
f 1492//449 558//449 560//449
f 560//234 562//234 1492//234
f 1492//450 562//450 564//450
f 1492//451 564//451 566//451
f 576//234 578//234 1467//234
f 1467//477 578//477 580//477
f 1467//448 580//448 582//448
f 590//234 592//234 1470//234
f 1470//467 592//467 594//467
f 1470//242 594//242 596//242
f 532//234 534//234 1493//234
f 1493//460 534//460 536//460
f 542//234 544//234 1493//234
f 1493//459 544//459 546//459
f 1493//239 546//239 548//239
f 598//496 600//496 1470//496
f 1470//487 600//487 602//487
f 1470//488 602//488 604//488
f 582//234 584//234 1467//234
f 1467//467 584//467 586//467
f 1467//234 586//234 1470//234
f 1470//462 586//462 588//462
f 1470//454 588//454 590//454
f 536//234 538//234 1493//234
f 1493//453 538//453 540//453
f 1493//239 540//239 542//239
f 1476//454 736//454 738//454
f 692//234 694//234 1494//234
f 1494//239 694//239 696//239
f 696//234 698//234 1494//234
f 1494//234 698//234 1493//234
f 1494//234 1493//234 512//234
f 512//494 1493//494 510//494
f 718//234 720//234 1470//234
f 1470//449 720//449 722//449
f 772//234 1470//234 1476//234
f 1476//234 1470//234 734//234
f 1476//462 734//462 736//462
f 738//234 740//234 1476//234
f 1476//467 740//467 742//467
f 1476//242 742//242 744//242
f 604//498 532//498 1470//498
f 1470//234 532//234 1493//234
f 1470//454 1493//454 718//454
f 718//234 1493//234 716//234
f 722//234 724//234 1470//234
f 1470//465 724//465 726//465
f 1470//464 726//464 728//464
f 698//466 700//466 1493//466
f 1493//467 700//467 702//467
f 1493//465 702//465 704//465
f 704//234 706//234 1493//234
f 1493//473 706//473 708//473
f 1493//465 708//465 710//465
f 710//234 712//234 1493//234
f 1493//474 712//474 714//474
f 1493//469 714//469 716//469
f 728//234 730//234 1470//234
f 1470//243 730//243 732//243
f 1470//467 732//467 734//467
f 744//234 746//234 1476//234
f 1476//460 746//460 748//460
f 1476//487 748//487 750//487
f 1494//448 684//448 686//448
f 750//499 752//499 1476//499
f 1476//475 752//475 680//475
f 1476//234 680//234 1494//234
f 1494//487 680//487 682//487
f 1494//460 682//460 684//460
f 686//234 688//234 1494//234
f 1494//239 688//239 690//239
f 1494//242 690//242 692//242
f 1062//234 1064//234 1495//234
f 1098//234 1100//234 1476//234
f 1090//234 1092//234 1476//234
f 1108//234 1110//234 1478//234
f 1478//467 1110//467 1112//467
f 1478//457 1112//457 1114//457
f 1064//234 1066//234 1495//234
f 1495//453 1066//453 1068//453
f 1495//234 1068//234 1494//234
f 1494//456 1068//456 1070//456
f 1092//234 1094//234 1476//234
f 1476//465 1094//465 1096//465
f 1476//464 1096//464 1098//464
f 1100//234 1102//234 1476//234
f 1476//467 1102//467 1104//467
f 1476//234 1104//234 1478//234
f 1478//462 1104//462 1106//462
f 1478//454 1106//454 1108//454
f 1114//234 1116//234 1478//234
f 1478//456 1116//456 1118//456
f 1478//458 1118//458 1120//458
f 1054//234 1056//234 1495//234
f 1070//494 1072//494 1494//494
f 1494//465 1072//465 1074//465
f 1494//239 1074//239 1076//239
f 1076//234 1078//234 1494//234
f 1494//465 1078//465 1080//465
f 1494//449 1080//449 1082//449
f 1082//468 1084//468 1494//468
f 1494//469 1084//469 1086//469
f 1494//454 1086//454 1476//454
f 1476//464 1086//464 1088//464
f 1476//460 1088//460 1090//460
f 1056//234 1058//234 1495//234
f 1495//239 1058//239 1060//239
f 1495//457 1060//457 1062//457
f 1120//500 1122//500 1478//500
f 1478//491 1122//491 1050//491
f 1478//234 1050//234 1495//234
f 1495//480 1050//480 1052//480
f 1495//456 1052//456 1054//456
f 1209//234 1208//234 1479//234
f 1479//234 1208//234 1207//234
f 1479//234 1207//234 1487//234
f 1487//234 1207//234 1204//234
f 1487//234 1204//234 1491//234
f 1491//234 1204//234 1205//234
f 1491//234 1205//234 1495//234
f 1495//234 1205//234 1206//234
f 1495//234 1206//234 1478//234
f 1478//234 1206//234 1423//234
f 1478//234 1423//234 1477//234
f 1231//501 1230//501 1496//501
f 1496//502 1230//502 1485//502
f 1485//503 1230//503 1227//503
f 1485//504 1227//504 1226//504
f 1496//505 1497//505 1231//505
f 1231//506 1497//506 1498//506
f 1231//507 1498//507 1234//507
f 1234//508 1498//508 1499//508
f 1234//509 1499//509 1233//509
f 1233//510 1499//510 1232//510
f 1232//511 1499//511 1500//511
f 1232//512 1500//512 1236//512
f 1236//513 1500//513 1501//513
f 1236//514 1501//514 1235//514
f 1235//515 1501//515 1238//515
f 1238//516 1501//516 1502//516
f 1238//516 1502//516 1239//516
f 1239//517 1502//517 1503//517
f 1239//518 1503//518 1240//518
f 1240//519 1503//519 1504//519
f 1240//520 1504//520 1241//520
f 1241//521 1504//521 1505//521
f 1241//522 1505//522 1242//522
f 1242//523 1505//523 1243//523
f 1242//524 1243//524 1237//524
f 1444//525 1445//525 1506//525
f 79//525 1448//525 1253//525
f 1253//525 1448//525 1446//525
f 1507//526 1244//526 1508//526
f 1508//527 1244//527 1245//527
f 1508//528 1245//528 1509//528
f 1509//529 1245//529 1246//529
f 1509//530 1246//530 1510//530
f 1510//531 1246//531 1247//531
f 1510//532 1247//532 1511//532
f 1511//533 1247//533 1248//533
f 1511//534 1248//534 1512//534
f 1512//535 1248//535 1249//535
f 1512//536 1249//536 1513//536
f 1513//537 1249//537 1250//537
f 1513//538 1250//538 1514//538
f 1514//539 1250//539 1251//539
f 1514//540 1251//540 1515//540
f 1515//540 1251//540 1252//540
f 1515//541 1252//541 1506//541
f 1506//541 1252//541 1253//541
f 1506//525 1253//525 1444//525
f 1444//525 1253//525 1446//525
f 1516//32 1471//32 1473//32
f 1473//32 1517//32 1516//32
f 1516//32 1517//32 1518//32
f 1516//32 1518//32 1519//32
f 1519//32 1520//32 1516//32
f 1516//202 1520//202 1521//202
f 1516//202 1521//202 1522//202
f 1310//68 1308//68 1267//68
f 1382//542 1380//542 1286//542
f 1392//68 1390//68 1284//68
f 1267//68 1308//68 1265//68
f 1265//69 1308//69 1306//69
f 1265//69 1306//69 1263//69
f 1263//68 1306//68 1304//68
f 1263//70 1304//70 1261//70
f 1261//69 1304//69 1302//69
f 1261//68 1302//68 1259//68
f 1259//70 1302//70 1300//70
f 1259//69 1300//69 1257//69
f 1257//68 1300//68 1298//68
f 1257//70 1298//70 1254//70
f 1254//68 1298//68 1296//68
f 1254//69 1296//69 1294//69
f 1254//68 1380//68 1378//68
f 1400//68 1398//68 1284//68
f 1378//68 1376//68 1254//68
f 1254//72 1376//72 1374//72
f 1254//68 1374//68 1431//68
f 1431//543 1374//543 1372//543
f 1431//68 1372//68 1370//68
f 1356//68 1354//68 1523//68
f 1398//544 1396//544 1284//544
f 1284//70 1396//70 1394//70
f 1284//72 1394//72 1392//72
f 1400//68 1284//68 1402//68
f 1402//70 1284//70 1282//70
f 1402//543 1282//543 1280//543
f 1294//68 1292//68 1254//68
f 1254//71 1292//71 1290//71
f 1254//68 1290//68 1380//68
f 1380//72 1290//72 1288//72
f 1380//71 1288//71 1286//71
f 1390//233 1388//233 1284//233
f 1284//68 1388//68 1386//68
f 1284//545 1386//545 1286//545
f 1286//71 1386//71 1384//71
f 1286//70 1384//70 1382//70
f 1523//68 1354//68 1524//68
f 1524//68 1354//68 1352//68
f 1524//68 1352//68 1525//68
f 1525//543 1352//543 1350//543
f 1525//68 1350//68 1526//68
f 1416//68 1414//68 1507//68
f 1507//233 1414//233 1412//233
f 1507//69 1412//69 1410//69
f 1410//68 1408//68 1507//68
f 1507//70 1408//70 1406//70
f 1507//72 1406//72 1404//72
f 1344//68 1342//68 1507//68
f 1507//69 1342//69 1340//69
f 1507//71 1340//71 1338//71
f 1274//68 1314//68 1273//68
f 1273//68 1314//68 1312//68
f 1273//68 1312//68 1271//68
f 1271//68 1312//68 1310//68
f 1271//70 1310//70 1269//70
f 1269//68 1310//68 1267//68
f 1370//69 1368//69 1431//69
f 1431//70 1368//70 1366//70
f 1431//68 1366//68 1527//68
f 1527//68 1366//68 1364//68
f 1527//68 1364//68 1528//68
f 1528//68 1364//68 1362//68
f 1528//68 1362//68 1529//68
f 1529//68 1362//68 1360//68
f 1529//68 1360//68 1530//68
f 1530//68 1360//68 1358//68
f 1530//68 1358//68 1531//68
f 1531//68 1358//68 1356//68
f 1531//68 1356//68 1532//68
f 1532//68 1356//68 1523//68
f 1350//68 1422//68 1526//68
f 1526//68 1422//68 1420//68
f 1526//68 1420//68 1507//68
f 1507//70 1420//70 1418//70
f 1507//68 1418//68 1416//68
f 1280//546 1278//546 1402//546
f 1402//70 1278//70 1276//70
f 1402//68 1276//68 1404//68
f 1404//69 1276//69 1348//69
f 1404//68 1348//68 1507//68
f 1507//543 1348//543 1346//543
f 1507//70 1346//70 1344//70
f 1330//547 1328//547 1244//547
f 1322//68 1320//68 1244//68
f 1244//68 1320//68 1318//68
f 1244//68 1318//68 1274//68
f 1274//68 1318//68 1316//68
f 1274//68 1316//68 1314//68
f 1328//68 1326//68 1244//68
f 1244//233 1326//233 1324//233
f 1244//543 1324//543 1322//543
f 1338//68 1336//68 1507//68
f 1507//547 1336//547 1334//547
f 1507//68 1334//68 1244//68
f 1244//69 1334//69 1332//69
f 1244//71 1332//71 1330//71
f 1468//31 1533//31 1472//31
f 1472//31 1533//31 1534//31
f 1472//68 1534//68 1474//68
f 1474//68 1534//68 1535//68
f 1474//68 1535//68 1536//68
f 1351//32 1353//32 1533//32
f 1379//32 1429//32 1377//32
f 1377//32 1429//32 1375//32
f 1409//32 1411//32 1468//32
f 1537//236 1365//236 1367//236
f 1411//548 1413//548 1468//548
f 1468//32 1413//32 1415//32
f 1468//32 1415//32 1417//32
f 1353//235 1355//235 1533//235
f 1533//548 1355//548 1357//548
f 1533//235 1357//235 1538//235
f 1538//32 1357//32 1359//32
f 1367//32 1369//32 1537//32
f 1537//32 1369//32 1371//32
f 1537//32 1371//32 1429//32
f 1429//549 1371//549 1373//549
f 1429//32 1373//32 1375//32
f 1403//32 1405//32 1468//32
f 1468//32 1405//32 1407//32
f 1468//236 1407//236 1409//236
f 1317//32 1319//32 1423//32
f 1423//32 1319//32 1321//32
f 1423//32 1321//32 1323//32
f 1365//32 1537//32 1363//32
f 1363//32 1537//32 1539//32
f 1363//236 1539//236 1361//236
f 1361//32 1539//32 1540//32
f 1361//32 1540//32 1359//32
f 1359//32 1540//32 1541//32
f 1359//32 1541//32 1538//32
f 1281//32 1283//32 1379//32
f 1283//32 1285//32 1379//32
f 1379//236 1285//236 1287//236
f 1379//32 1287//32 1429//32
f 1429//548 1287//548 1289//548
f 1429//32 1289//32 1291//32
f 1424//32 1307//32 1309//32
f 1309//550 1311//550 1424//550
f 1424//32 1311//32 1313//32
f 1424//32 1313//32 1423//32
f 1423//236 1313//236 1315//236
f 1423//32 1315//32 1317//32
f 1331//548 1475//548 1329//548
f 1329//32 1475//32 1477//32
f 1329//236 1477//236 1327//236
f 1327//32 1477//32 1423//32
f 1327//32 1423//32 1325//32
f 1325//32 1423//32 1323//32
f 1417//548 1419//548 1468//548
f 1468//32 1419//32 1421//32
f 1468//32 1421//32 1533//32
f 1533//551 1421//551 1349//551
f 1533//202 1349//202 1351//202
f 1331//236 1333//236 1475//236
f 1475//32 1333//32 1335//32
f 1475//32 1335//32 1469//32
f 1383//32 1385//32 1279//32
f 1291//32 1293//32 1429//32
f 1429//32 1293//32 1295//32
f 1429//548 1295//548 1428//548
f 1428//236 1295//236 1297//236
f 1428//548 1297//548 1427//548
f 1427//236 1297//236 1299//236
f 1427//32 1299//32 1426//32
f 1426//548 1299//548 1301//548
f 1426//32 1301//32 1425//32
f 1425//32 1301//32 1303//32
f 1425//32 1303//32 1424//32
f 1424//32 1303//32 1305//32
f 1424//236 1305//236 1307//236
f 1341//32 1468//32 1339//32
f 1339//32 1468//32 1469//32
f 1339//235 1469//235 1337//235
f 1337//202 1469//202 1335//202
f 1391//32 1393//32 1345//32
f 1345//549 1393//549 1395//549
f 1401//32 1403//32 1345//32
f 1345//32 1403//32 1468//32
f 1345//32 1468//32 1343//32
f 1343//32 1468//32 1341//32
f 1281//552 1379//552 1279//552
f 1279//236 1379//236 1381//236
f 1279//548 1381//548 1383//548
f 1391//32 1345//32 1389//32
f 1389//548 1345//548 1347//548
f 1389//235 1347//235 1387//235
f 1387//32 1347//32 1275//32
f 1387//32 1275//32 1385//32
f 1385//32 1275//32 1277//32
f 1385//548 1277//548 1279//548
f 1395//32 1397//32 1345//32
f 1345//236 1397//236 1399//236
f 1345//553 1399//553 1401//553
f 1517//31 1473//31 1542//31
f 1542//31 1473//31 1474//31
f 1542//554 1474//554 1543//554
f 1543//31 1474//31 1536//31
f 1429//33 1255//33 1537//33
f 1537//33 1255//33 1430//33
f 1543//555 1544//555 1542//555
f 1542//556 1544//556 1545//556
f 1542//557 1545//557 1517//557
f 1517//558 1545//558 1518//558
f 1518//559 1545//559 1546//559
f 1518//560 1546//560 1519//560
f 1519//561 1546//561 1547//561
f 1519//562 1547//562 1520//562
f 1520//563 1547//563 1548//563
f 1520//564 1548//564 1521//564
f 1521//565 1548//565 1549//565
f 1521//566 1549//566 1522//566
f 1522//567 1549//567 1550//567
f 1522//568 1550//568 1516//568
f 1526//569 1551//569 1552//569
f 1526//570 1552//570 1525//570
f 1525//571 1552//571 1553//571
f 1525//572 1553//572 1524//572
f 1524//573 1553//573 1554//573
f 1524//574 1554//574 1523//574
f 1523//575 1554//575 1555//575
f 1523//576 1555//576 1532//576
f 1532//577 1555//577 1556//577
f 1532//578 1556//578 1531//578
f 1531//579 1556//579 1557//579
f 1531//580 1557//580 1530//580
f 1530//581 1557//581 1558//581
f 1530//582 1558//582 1529//582
f 1529//583 1558//583 1559//583
f 1529//584 1559//584 1528//584
f 1528//585 1559//585 1560//585
f 1528//586 1560//586 1527//586
f 1527//587 1560//587 1430//587
f 1527//588 1430//588 1431//588
f 1496//589 1466//589 82//589
f 1496//590 82//590 1497//590
f 82//591 1434//591 1497//591
f 1497//592 1434//592 1433//592
f 1497//593 1433//593 1498//593
f 1498//594 1433//594 1432//594
f 1498//595 1432//595 1499//595
f 1499//596 1432//596 49//596
f 1499//597 49//597 1500//597
f 49//598 1435//598 1500//598
f 1500//599 1435//599 1436//599
f 1500//600 1436//600 1501//600
f 1501//601 1436//601 1437//601
f 1501//602 1437//602 1502//602
f 1502//603 1437//603 1438//603
f 1502//604 1438//604 1503//604
f 1503//605 1438//605 1439//605
f 1503//606 1439//606 1504//606
f 1504//607 1439//607 1440//607
f 1504//608 1440//608 1505//608
f 1505//609 1440//609 58//609
f 1505//609 58//609 1243//609
f 1455//610 1466//610 1451//610
f 1451//611 1466//611 1561//611
f 1451//612 1561//612 1443//612
f 1443//610 1561//610 1445//610
f 1455//610 1458//610 1466//610
f 1466//613 1458//613 1463//613
f 1466//610 1463//610 1441//610
f 1482//614 1496//614 1484//614
f 1484//614 1496//614 1485//614
f 1482//615 1488//615 1496//615
f 1496//616 1488//616 1492//616
f 1496//617 1492//617 1562//617
f 1562//615 1492//615 1467//615
f 1562//614 1467//614 1471//614
f 1445//618 1561//618 1506//618
f 1506//619 1561//619 1563//619
f 1506//620 1563//620 1515//620
f 1515//621 1563//621 1564//621
f 1515//622 1564//622 1514//622
f 1514//623 1564//623 1565//623
f 1514//624 1565//624 1513//624
f 1513//625 1565//625 1566//625
f 1513//626 1566//626 1512//626
f 1512//627 1566//627 1567//627
f 1512//628 1567//628 1511//628
f 1511//629 1567//629 1568//629
f 1511//630 1568//630 1510//630
f 1510//631 1568//631 1569//631
f 1510//632 1569//632 1509//632
f 1509//633 1569//633 1570//633
f 1509//634 1570//634 1508//634
f 1508//635 1570//635 1571//635
f 1508//636 1571//636 1507//636
f 1507//637 1571//637 1572//637
f 1562//638 1471//638 1550//638
f 1550//638 1471//638 1516//638
f 1551//639 1526//639 1572//639
f 1572//640 1526//640 1507//640
f 1537//641 1430//641 1560//641
f 1537//642 1560//642 1539//642
f 1539//643 1560//643 1559//643
f 1539//644 1559//644 1540//644
f 1540//645 1559//645 1558//645
f 1540//646 1558//646 1541//646
f 1541//647 1558//647 1557//647
f 1541//648 1557//648 1538//648
f 1535//649 1534//649 1545//649
f 1545//650 1534//650 1533//650
f 1545//651 1544//651 1535//651
f 1535//652 1544//652 1543//652
f 1535//653 1543//653 1536//653
f 1538//654 1557//654 1533//654
f 1533//655 1557//655 1556//655
f 1533//656 1556//656 1545//656
f 1545//657 1556//657 1555//657
f 1545//658 1555//658 1546//658
f 1546//659 1555//659 1554//659
f 1546//660 1554//660 1547//660
f 1547//661 1554//661 1553//661
f 1547//662 1553//662 1548//662
f 1548//663 1553//663 1552//663
f 1548//663 1552//663 1549//663
f 1549//664 1552//664 1551//664
f 1549//665 1551//665 1550//665
f 1562//199 1571//199 1570//199
f 1571//199 1562//199 1572//199
f 1572//199 1562//199 1550//199
f 1572//199 1550//199 1551//199
f 1570//199 1569//199 1562//199
f 1562//199 1569//199 1568//199
f 1562//199 1568//199 1567//199
f 1567//199 1566//199 1562//199
f 1562//199 1566//199 1565//199
f 1562//199 1565//199 1564//199
f 1466//199 1496//199 1561//199
f 1561//199 1496//199 1562//199
f 1561//199 1562//199 1563//199
f 1563//199 1562//199 1564//199
