# Blender 5.0.1
# www.blender.org
mtllib r_finger_guide_visual.mtl
o GUIDE_2_visual.001
v -0.003023 -0.043481 6.981148
v -0.003023 -0.045651 6.981148
v -0.002980 -0.043481 6.980641
v -0.002980 -0.045651 6.980641
v -0.002851 -0.043481 6.980149
v -0.002851 -0.045651 6.980149
v -0.002642 -0.043481 6.979685
v -0.002642 -0.045651 6.979685
v -0.002357 -0.043481 6.979264
v -0.002357 -0.045651 6.979264
v -0.002005 -0.043481 6.978897
v -0.002005 -0.045651 6.978897
v -0.001596 -0.043481 6.978594
v -0.001596 -0.045651 6.978594
v -0.001141 -0.043481 6.978365
v -0.001141 -0.045651 6.978365
v -0.000655 -0.043481 6.978216
v -0.000655 -0.045651 6.978216
v -0.000150 -0.043481 6.978151
v -0.000150 -0.045651 6.978151
v 0.000358 -0.043481 6.978173
v 0.000358 -0.045651 6.978173
v 0.000856 -0.043481 6.978280
v 0.000856 -0.045651 6.978280
v 0.001328 -0.043481 6.978470
v 0.001328 -0.045651 6.978470
v 0.001761 -0.043481 6.978736
v 0.001761 -0.045651 6.978736
v 0.002143 -0.043481 6.979073
v 0.002143 -0.045651 6.979073
v 0.002463 -0.043481 6.979468
v 0.002463 -0.045651 6.979468
v 0.002711 -0.043481 6.979913
v 0.002711 -0.045651 6.979913
v 0.002880 -0.043481 6.980392
v 0.002880 -0.045651 6.980392
v 0.002966 -0.043481 6.980894
v 0.002966 -0.045651 6.980894
v 0.002966 -0.043481 6.981403
v 0.002966 -0.045651 6.981403
v 0.002880 -0.043481 6.981905
v 0.002880 -0.045651 6.981905
v 0.002711 -0.043481 6.982384
v 0.002711 -0.045651 6.982384
v 0.002463 -0.043481 6.982828
v 0.002463 -0.045651 6.982828
v 0.002143 -0.043481 6.983224
v 0.002143 -0.045651 6.983224
v 0.001761 -0.043481 6.983561
v 0.001761 -0.045651 6.983561
v 0.001328 -0.043481 6.983827
v 0.001328 -0.045651 6.983827
v 0.000856 -0.043481 6.984017
v 0.000856 -0.045651 6.984017
v 0.000358 -0.043481 6.984124
v 0.000358 -0.045651 6.984124
v -0.000150 -0.043481 6.984146
v -0.000150 -0.045651 6.984146
v -0.000655 -0.043481 6.984081
v -0.000655 -0.045651 6.984081
v -0.001141 -0.043481 6.983932
v -0.001141 -0.045651 6.983932
v -0.001596 -0.043481 6.983703
v -0.001596 -0.045651 6.983703
v -0.002005 -0.043481 6.983400
v -0.002005 -0.045651 6.983400
v -0.002357 -0.043481 6.983033
v -0.002357 -0.045651 6.983033
v -0.002642 -0.043481 6.982612
v -0.002642 -0.045651 6.982612
v -0.002851 -0.043481 6.982148
v -0.002851 -0.045651 6.982148
v -0.002980 -0.043481 6.981656
v -0.002980 -0.045651 6.981656
v -0.003023 -0.043481 6.969149
v -0.003023 -0.045651 6.969149
v -0.002980 -0.043481 6.968641
v -0.002980 -0.045651 6.968641
v -0.002851 -0.043481 6.968149
v -0.002851 -0.045651 6.968149
v -0.002642 -0.043481 6.967685
v -0.002642 -0.045651 6.967685
v -0.002357 -0.043481 6.967264
v -0.002357 -0.045651 6.967264
v -0.002005 -0.043481 6.966897
v -0.002005 -0.045651 6.966897
v -0.001596 -0.043481 6.966594
v -0.001596 -0.045651 6.966594
v -0.001141 -0.043481 6.966365
v -0.001141 -0.045651 6.966365
v -0.000655 -0.043481 6.966216
v -0.000655 -0.045651 6.966216
v -0.000150 -0.043481 6.966151
v -0.000150 -0.045651 6.966151
v 0.000358 -0.043481 6.966173
v 0.000358 -0.045651 6.966173
v 0.000856 -0.043481 6.966280
v 0.000856 -0.045651 6.966280
v 0.001328 -0.043481 6.966470
v 0.001328 -0.045651 6.966470
v 0.001761 -0.043481 6.966736
v 0.001761 -0.045651 6.966736
v 0.002143 -0.043481 6.967072
v 0.002143 -0.045651 6.967072
v 0.002463 -0.043481 6.967468
v 0.002463 -0.045651 6.967468
v 0.002711 -0.043481 6.967913
v 0.002711 -0.045651 6.967913
v 0.002880 -0.043481 6.968392
v 0.002880 -0.045651 6.968392
v 0.002966 -0.043481 6.968894
v 0.002966 -0.045651 6.968894
v 0.002966 -0.043481 6.969403
v 0.002966 -0.045651 6.969403
v 0.002880 -0.043481 6.969904
v 0.002880 -0.045651 6.969904
v 0.002711 -0.043481 6.970384
v 0.002711 -0.045651 6.970384
v 0.002463 -0.043481 6.970829
v 0.002463 -0.045651 6.970829
v 0.002143 -0.043481 6.971224
v 0.002143 -0.045651 6.971224
v 0.001761 -0.043481 6.971560
v 0.001761 -0.045651 6.971560
v 0.001328 -0.043481 6.971827
v 0.001328 -0.045651 6.971827
v 0.000856 -0.043481 6.972017
v 0.000856 -0.045651 6.972017
v 0.000358 -0.043481 6.972124
v 0.000358 -0.045651 6.972124
v -0.000150 -0.043481 6.972146
v -0.000150 -0.045651 6.972146
v -0.000655 -0.043481 6.972081
v -0.000655 -0.045651 6.972081
v -0.001141 -0.043481 6.971932
v -0.001141 -0.045651 6.971932
v -0.001596 -0.043481 6.971703
v -0.001596 -0.045651 6.971703
v -0.002005 -0.043481 6.971400
v -0.002005 -0.045651 6.971400
v -0.002357 -0.043481 6.971033
v -0.002357 -0.045651 6.971033
v -0.002642 -0.043481 6.970612
v -0.002642 -0.045651 6.970612
v -0.002851 -0.043481 6.970148
v -0.002851 -0.045651 6.970148
v -0.002980 -0.043481 6.969656
v -0.002980 -0.045651 6.969656
v -0.003323 -0.045651 6.982315
v -0.003473 -0.045651 6.981740
v -0.003523 -0.045651 6.981148
v -0.003473 -0.045651 6.980557
v -0.003323 -0.045651 6.979982
v -0.003078 -0.045651 6.979442
v -0.002746 -0.045651 6.978950
v -0.002335 -0.045651 6.978521
v -0.001858 -0.045651 6.978168
v -0.001328 -0.045651 6.977901
v -0.000760 -0.045651 6.977727
v -0.000171 -0.045651 6.977652
v 0.000422 -0.045651 6.977677
v 0.001002 -0.045651 6.977802
v 0.001553 -0.045651 6.978023
v 0.002058 -0.045651 6.978334
v 0.002504 -0.045651 6.978726
v 0.002877 -0.045651 6.979188
v 0.003166 -0.045651 6.979707
v 0.003364 -0.045651 6.980267
v 0.003465 -0.045651 6.980852
v 0.003465 -0.045651 6.981445
v 0.003364 -0.045651 6.982030
v 0.003166 -0.045651 6.982590
v 0.002877 -0.045651 6.983109
v 0.002504 -0.045651 6.983570
v 0.002058 -0.045651 6.983963
v 0.001553 -0.045651 6.984273
v 0.001002 -0.045651 6.984495
v 0.000422 -0.045651 6.984620
v -0.000171 -0.045651 6.984645
v -0.000760 -0.045651 6.984570
v -0.001328 -0.045651 6.984396
v -0.001858 -0.045651 6.984129
v -0.002335 -0.045651 6.983776
v -0.002746 -0.045651 6.983347
v -0.003078 -0.045651 6.982855
v 0.003364 -0.045651 6.968266
v 0.003465 -0.045651 6.968852
v 0.003465 -0.045651 6.969445
v 0.003364 -0.045651 6.970030
v 0.003166 -0.045651 6.970590
v 0.002877 -0.045651 6.971108
v 0.002504 -0.045651 6.971570
v 0.002058 -0.045651 6.971962
v 0.001553 -0.045651 6.972274
v 0.001002 -0.045651 6.972495
v 0.000422 -0.045651 6.972620
v -0.000171 -0.045651 6.972645
v -0.000760 -0.045651 6.972570
v -0.001328 -0.045651 6.972396
v -0.001858 -0.045651 6.972129
v -0.002335 -0.045651 6.971776
v -0.002746 -0.045651 6.971347
v -0.003078 -0.045651 6.970855
v -0.003323 -0.045651 6.970315
v -0.003473 -0.045651 6.969740
v -0.003523 -0.045651 6.969149
v -0.003473 -0.045651 6.968557
v -0.003323 -0.045651 6.967982
v -0.003078 -0.045651 6.967442
v -0.002746 -0.045651 6.966949
v -0.002335 -0.045651 6.966521
v -0.001858 -0.045651 6.966168
v -0.001328 -0.045651 6.965901
v -0.000760 -0.045651 6.965727
v -0.000171 -0.045651 6.965652
v 0.000422 -0.045651 6.965677
v 0.001002 -0.045651 6.965802
v 0.001553 -0.045651 6.966023
v 0.002058 -0.045651 6.966334
v 0.002504 -0.045651 6.966727
v 0.002877 -0.045651 6.967188
v 0.003166 -0.045651 6.967707
v -0.004951 -0.041481 6.981993
v -0.004737 -0.041481 6.982814
v -0.004388 -0.041481 6.983587
v -0.003913 -0.041481 6.984290
v -0.003326 -0.041481 6.984902
v -0.002644 -0.041481 6.985406
v -0.001887 -0.041481 6.985788
v -0.001076 -0.041481 6.986036
v -0.000235 -0.041481 6.986144
v 0.000612 -0.041481 6.986108
v 0.001441 -0.041481 6.985929
v 0.002228 -0.041481 6.985613
v 0.002950 -0.041481 6.985168
v 0.003587 -0.041481 6.984608
v 0.004120 -0.041481 6.983948
v 0.004533 -0.041481 6.983208
v 0.004816 -0.041481 6.982409
v 0.004959 -0.041481 6.981573
v 0.004959 -0.041481 6.980724
v 0.004816 -0.041481 6.979888
v 0.004533 -0.041481 6.979089
v 0.004120 -0.041481 6.978349
v 0.003587 -0.041481 6.977689
v 0.002950 -0.041481 6.977129
v 0.002228 -0.041481 6.976684
v 0.001441 -0.041481 6.976367
v 0.000612 -0.041481 6.976189
v -0.000235 -0.041481 6.976153
v -0.001076 -0.041481 6.976261
v -0.001887 -0.041481 6.976509
v -0.002644 -0.041481 6.976891
v -0.003326 -0.041481 6.977395
v -0.003913 -0.041481 6.978007
v -0.004388 -0.041481 6.978710
v -0.004737 -0.041481 6.979483
v -0.004951 -0.041481 6.980303
v -0.005023 -0.041481 6.981148
v -0.004951 -0.041481 6.969994
v -0.004737 -0.041481 6.970814
v -0.004388 -0.041481 6.971587
v -0.003913 -0.041481 6.972290
v -0.003326 -0.041481 6.972902
v -0.002644 -0.041481 6.973406
v -0.001887 -0.041481 6.973788
v -0.001076 -0.041481 6.974036
v -0.000235 -0.041481 6.974144
v 0.000612 -0.041481 6.974108
v 0.001441 -0.041481 6.973929
v 0.002228 -0.041481 6.973613
v 0.002950 -0.041481 6.973168
v 0.003587 -0.041481 6.972608
v 0.004120 -0.041481 6.971948
v 0.004533 -0.041481 6.971208
v 0.004816 -0.041481 6.970408
v 0.004959 -0.041481 6.969573
v 0.004959 -0.041481 6.968724
v 0.004816 -0.041481 6.967888
v 0.004533 -0.041481 6.967089
v 0.004120 -0.041481 6.966349
v 0.003587 -0.041481 6.965689
v 0.002950 -0.041481 6.965128
v 0.002228 -0.041481 6.964684
v 0.001441 -0.041481 6.964367
v 0.000612 -0.041481 6.964189
v -0.000235 -0.041481 6.964153
v -0.001076 -0.041481 6.964261
v -0.001887 -0.041481 6.964509
v -0.002644 -0.041481 6.964891
v -0.003326 -0.041481 6.965395
v -0.003913 -0.041481 6.966007
v -0.004388 -0.041481 6.966710
v -0.004737 -0.041481 6.967483
v -0.004951 -0.041481 6.968303
v -0.005023 -0.041481 6.969149
v -0.008023 -0.041481 6.903799
v -0.008023 -0.041981 6.903298
v -0.008649 -0.041981 6.903347
v -0.008570 -0.041481 6.903841
v -0.009259 -0.041981 6.903494
v -0.009104 -0.041481 6.903970
v -0.009839 -0.041981 6.903734
v -0.009612 -0.041481 6.904180
v -0.010374 -0.041981 6.904062
v -0.010080 -0.041481 6.904467
v -0.010851 -0.041981 6.904470
v -0.010498 -0.041481 6.904823
v -0.011259 -0.041981 6.904947
v -0.010854 -0.041481 6.905241
v -0.011587 -0.041981 6.905482
v -0.011141 -0.041481 6.905709
v -0.011827 -0.041981 6.906062
v -0.011352 -0.041481 6.906217
v -0.011974 -0.041981 6.906672
v -0.011480 -0.041481 6.906751
v -0.012023 -0.041981 6.907299
v -0.011523 -0.041481 6.907299
v -0.012023 -0.041981 6.984298
v -0.011523 -0.041481 6.984298
v -0.011523 -0.041481 6.980248
v -0.011523 -0.041481 6.974373
v -0.011523 -0.041481 6.972023
v -0.011523 -0.041481 6.963023
v -0.011523 -0.041481 6.956248
v -0.011523 -0.041481 6.948248
v -0.011523 -0.041481 6.940248
v -0.011523 -0.041481 6.932249
v -0.011523 -0.041481 6.924248
v -0.011523 -0.041481 6.916248
v -0.012023 -0.042931 6.907299
v -0.012023 -0.042931 6.984298
v -0.011023 -0.042931 6.904653
v -0.011023 -0.042931 6.986944
v -0.011974 -0.042931 6.906672
v -0.011827 -0.042931 6.906062
v -0.011587 -0.042931 6.905482
v -0.011259 -0.042931 6.904947
v -0.011259 -0.042931 6.986650
v -0.011587 -0.042931 6.986115
v -0.011974 -0.042931 6.984924
v -0.011827 -0.042931 6.985535
v -0.011974 -0.041981 6.984924
v -0.011480 -0.041481 6.984846
v -0.011827 -0.041981 6.985535
v -0.011352 -0.041481 6.985380
v -0.011587 -0.041981 6.986115
v -0.011141 -0.041481 6.985888
v -0.011259 -0.041981 6.986650
v -0.010854 -0.041481 6.986356
v -0.010851 -0.041981 6.987127
v -0.010498 -0.041481 6.986773
v -0.010374 -0.041981 6.987535
v -0.010080 -0.041481 6.987130
v -0.009839 -0.041981 6.987863
v -0.009612 -0.041481 6.987417
v -0.009259 -0.041981 6.988102
v -0.009104 -0.041481 6.987627
v -0.008649 -0.041981 6.988249
v -0.008570 -0.041481 6.987755
v -0.008023 -0.041981 6.988298
v -0.008023 -0.041481 6.987798
v -0.011023 -0.046031 6.904653
v -0.011023 -0.046031 6.986944
v -0.011259 -0.046031 6.904947
v -0.011587 -0.046031 6.905482
v -0.012023 -0.046031 6.907299
v -0.011827 -0.046031 6.906062
v -0.011974 -0.046031 6.906672
v -0.011827 -0.046031 6.985535
v -0.011587 -0.046031 6.986115
v -0.011974 -0.046031 6.984924
v -0.011259 -0.046031 6.986650
v -0.012023 -0.046031 6.984298
v -0.012023 -0.046981 6.907299
v -0.012023 -0.046981 6.984298
v -0.005660 -0.041481 6.903799
v 0.005615 -0.041481 6.903799
v 0.007977 -0.041981 6.903298
v 0.007977 -0.041481 6.903799
v -0.010851 -0.046981 6.904470
v -0.011259 -0.046981 6.904947
v -0.011587 -0.046981 6.905482
v -0.011827 -0.046981 6.906062
v -0.011974 -0.046981 6.906672
v -0.010374 -0.046981 6.904062
v -0.009839 -0.046981 6.903734
v -0.009259 -0.046981 6.903494
v -0.008649 -0.046981 6.903347
v -0.008023 -0.046981 6.903298
v -0.009598 -0.041481 6.984249
v -0.009598 -0.047481 6.984249
v -0.009574 -0.041481 6.983970
v -0.009574 -0.047481 6.983970
v -0.009504 -0.041481 6.983699
v -0.009504 -0.047481 6.983699
v -0.009388 -0.041481 6.983444
v -0.009388 -0.047481 6.983444
v -0.009232 -0.041481 6.983212
v -0.009232 -0.047481 6.983212
v -0.009038 -0.041481 6.983010
v -0.009038 -0.047481 6.983010
v -0.008813 -0.041481 6.982843
v -0.008813 -0.047481 6.982843
v -0.008563 -0.041481 6.982718
v -0.008563 -0.047481 6.982718
v -0.008295 -0.041481 6.982635
v -0.008295 -0.047481 6.982635
v -0.008018 -0.041481 6.982600
v -0.008018 -0.047481 6.982600
v -0.007738 -0.041481 6.982612
v -0.007738 -0.047481 6.982612
v -0.007465 -0.041481 6.982671
v -0.007465 -0.047481 6.982671
v -0.007205 -0.041481 6.982775
v -0.007205 -0.047481 6.982775
v -0.006967 -0.041481 6.982922
v -0.006967 -0.047481 6.982922
v -0.006757 -0.041481 6.983107
v -0.006757 -0.047481 6.983107
v -0.006581 -0.041481 6.983325
v -0.006581 -0.047481 6.983325
v -0.006444 -0.041481 6.983569
v -0.006444 -0.047481 6.983569
v -0.006351 -0.041481 6.983833
v -0.006351 -0.047481 6.983833
v -0.006304 -0.041481 6.984108
v -0.006304 -0.047481 6.984108
v -0.006304 -0.041481 6.984388
v -0.006304 -0.047481 6.984388
v -0.006351 -0.041481 6.984664
v -0.006351 -0.047481 6.984664
v -0.006444 -0.041481 6.984928
v -0.006444 -0.047481 6.984928
v -0.006581 -0.041481 6.985172
v -0.006581 -0.047481 6.985172
v -0.006757 -0.041481 6.985390
v -0.006757 -0.047481 6.985390
v -0.006967 -0.041481 6.985575
v -0.006967 -0.047481 6.985575
v -0.007205 -0.041481 6.985722
v -0.007205 -0.047481 6.985722
v -0.007465 -0.041481 6.985826
v -0.007465 -0.047481 6.985826
v -0.007738 -0.041481 6.985885
v -0.007738 -0.047481 6.985885
v -0.008018 -0.041481 6.985897
v -0.008018 -0.047481 6.985897
v -0.008295 -0.041481 6.985861
v -0.008295 -0.047481 6.985861
v -0.008563 -0.041481 6.985779
v -0.008563 -0.047481 6.985779
v -0.008813 -0.041481 6.985653
v -0.008813 -0.047481 6.985653
v -0.009038 -0.041481 6.985487
v -0.009038 -0.047481 6.985487
v -0.009232 -0.041481 6.985285
v -0.009232 -0.047481 6.985285
v -0.009388 -0.041481 6.985053
v -0.009388 -0.047481 6.985053
v -0.009504 -0.041481 6.984798
v -0.009504 -0.047481 6.984798
v -0.009574 -0.041481 6.984527
v -0.009574 -0.047481 6.984527
v -0.009598 -0.041481 6.976248
v -0.009598 -0.047481 6.976248
v -0.009574 -0.041481 6.975970
v -0.009574 -0.047481 6.975970
v -0.009504 -0.041481 6.975699
v -0.009504 -0.047481 6.975699
v -0.009388 -0.041481 6.975444
v -0.009388 -0.047481 6.975444
v -0.009232 -0.041481 6.975212
v -0.009232 -0.047481 6.975212
v -0.009038 -0.041481 6.975010
v -0.009038 -0.047481 6.975010
v -0.008813 -0.041481 6.974844
v -0.008813 -0.047481 6.974844
v -0.008563 -0.041481 6.974718
v -0.008563 -0.047481 6.974718
v -0.008295 -0.041481 6.974636
v -0.008295 -0.047481 6.974636
v -0.008018 -0.041481 6.974600
v -0.008018 -0.047481 6.974600
v -0.007738 -0.041481 6.974612
v -0.007738 -0.047481 6.974612
v -0.007465 -0.041481 6.974671
v -0.007465 -0.047481 6.974671
v -0.007205 -0.041481 6.974775
v -0.007205 -0.047481 6.974775
v -0.006967 -0.041481 6.974922
v -0.006967 -0.047481 6.974922
v -0.006757 -0.041481 6.975107
v -0.006757 -0.047481 6.975107
v -0.006581 -0.041481 6.975325
v -0.006581 -0.047481 6.975325
v -0.006444 -0.041481 6.975569
v -0.006444 -0.047481 6.975569
v -0.006351 -0.041481 6.975832
v -0.006351 -0.047481 6.975832
v -0.006304 -0.041481 6.976109
v -0.006304 -0.047481 6.976109
v -0.006304 -0.041481 6.976388
v -0.006304 -0.047481 6.976388
v -0.006351 -0.041481 6.976664
v -0.006351 -0.047481 6.976664
v -0.006444 -0.041481 6.976928
v -0.006444 -0.047481 6.976928
v -0.006581 -0.041481 6.977172
v -0.006581 -0.047481 6.977172
v -0.006757 -0.041481 6.977390
v -0.006757 -0.047481 6.977390
v -0.006967 -0.041481 6.977575
v -0.006967 -0.047481 6.977575
v -0.007205 -0.041481 6.977722
v -0.007205 -0.047481 6.977722
v -0.007465 -0.041481 6.977826
v -0.007465 -0.047481 6.977826
v -0.007738 -0.041481 6.977885
v -0.007738 -0.047481 6.977885
v -0.008018 -0.041481 6.977897
v -0.008018 -0.047481 6.977897
v -0.008295 -0.041481 6.977861
v -0.008295 -0.047481 6.977861
v -0.008563 -0.041481 6.977779
v -0.008563 -0.047481 6.977779
v -0.008813 -0.041481 6.977654
v -0.008813 -0.047481 6.977654
v -0.009038 -0.041481 6.977487
v -0.009038 -0.047481 6.977487
v -0.009232 -0.041481 6.977285
v -0.009232 -0.047481 6.977285
v -0.009388 -0.041481 6.977053
v -0.009388 -0.047481 6.977053
v -0.009504 -0.041481 6.976798
v -0.009504 -0.047481 6.976798
v -0.009574 -0.041481 6.976527
v -0.009574 -0.047481 6.976527
v -0.009598 -0.041481 6.968248
v -0.009598 -0.047481 6.968248
v -0.009574 -0.041481 6.967969
v -0.009574 -0.047481 6.967969
v -0.009504 -0.041481 6.967699
v -0.009504 -0.047481 6.967699
v -0.009388 -0.041481 6.967444
v -0.009388 -0.047481 6.967444
v -0.009232 -0.041481 6.967212
v -0.009232 -0.047481 6.967212
v -0.009038 -0.041481 6.967010
v -0.009038 -0.047481 6.967010
v -0.008813 -0.041481 6.966844
v -0.008813 -0.047481 6.966844
v -0.008563 -0.041481 6.966717
v -0.008563 -0.047481 6.966717
v -0.008295 -0.041481 6.966635
v -0.008295 -0.047481 6.966635
v -0.008018 -0.041481 6.966600
v -0.008018 -0.047481 6.966600
v -0.007738 -0.041481 6.966612
v -0.007738 -0.047481 6.966612
v -0.007465 -0.041481 6.966671
v -0.007465 -0.047481 6.966671
v -0.007205 -0.041481 6.966775
v -0.007205 -0.047481 6.966775
v -0.006967 -0.041481 6.966922
v -0.006967 -0.047481 6.966922
v -0.006757 -0.041481 6.967107
v -0.006757 -0.047481 6.967107
v -0.006581 -0.041481 6.967324
v -0.006581 -0.047481 6.967324
v -0.006444 -0.041481 6.967569
v -0.006444 -0.047481 6.967569
v -0.006351 -0.041481 6.967833
v -0.006351 -0.047481 6.967833
v -0.006304 -0.041481 6.968109
v -0.006304 -0.047481 6.968109
v -0.006304 -0.041481 6.968389
v -0.006304 -0.047481 6.968389
v -0.006351 -0.041481 6.968664
v -0.006351 -0.047481 6.968664
v -0.006444 -0.041481 6.968928
v -0.006444 -0.047481 6.968928
v -0.006581 -0.041481 6.969172
v -0.006581 -0.047481 6.969172
v -0.006757 -0.041481 6.969390
v -0.006757 -0.047481 6.969390
v -0.006967 -0.041481 6.969575
v -0.006967 -0.047481 6.969575
v -0.007205 -0.041481 6.969722
v -0.007205 -0.047481 6.969722
v -0.007465 -0.041481 6.969826
v -0.007465 -0.047481 6.969826
v -0.007738 -0.041481 6.969885
v -0.007738 -0.047481 6.969885
v -0.008018 -0.041481 6.969897
v -0.008018 -0.047481 6.969897
v -0.008295 -0.041481 6.969862
v -0.008295 -0.047481 6.969862
v -0.008563 -0.041481 6.969779
v -0.008563 -0.047481 6.969779
v -0.008813 -0.041481 6.969654
v -0.008813 -0.047481 6.969654
v -0.009038 -0.041481 6.969487
v -0.009038 -0.047481 6.969487
v -0.009232 -0.041481 6.969285
v -0.009232 -0.047481 6.969285
v -0.009388 -0.041481 6.969053
v -0.009388 -0.047481 6.969053
v -0.009504 -0.041481 6.968798
v -0.009504 -0.047481 6.968798
v -0.009574 -0.041481 6.968527
v -0.009574 -0.047481 6.968527
v -0.003523 -0.047481 6.981148
v -0.003473 -0.047481 6.980557
v -0.003323 -0.047481 6.979982
v -0.003078 -0.047481 6.979442
v -0.002746 -0.047481 6.978950
v -0.002335 -0.047481 6.978521
v -0.001858 -0.047481 6.978168
v -0.001328 -0.047481 6.977901
v -0.000760 -0.047481 6.977727
v -0.000171 -0.047481 6.977652
v 0.000422 -0.047481 6.977677
v 0.001002 -0.047481 6.977802
v 0.001553 -0.047481 6.978023
v 0.002058 -0.047481 6.978334
v 0.002504 -0.047481 6.978726
v 0.002877 -0.047481 6.979188
v 0.003166 -0.047481 6.979707
v 0.003364 -0.047481 6.980267
v 0.003465 -0.047481 6.980852
v 0.003465 -0.047481 6.981445
v 0.003364 -0.047481 6.982030
v 0.003166 -0.047481 6.982590
v 0.002877 -0.047481 6.983109
v 0.002504 -0.047481 6.983570
v 0.002058 -0.047481 6.983963
v 0.001553 -0.047481 6.984273
v 0.001002 -0.047481 6.984495
v 0.000422 -0.047481 6.984620
v -0.000171 -0.047481 6.984645
v -0.000760 -0.047481 6.984570
v -0.001328 -0.047481 6.984396
v -0.001858 -0.047481 6.984129
v -0.002335 -0.047481 6.983776
v -0.002746 -0.047481 6.983347
v -0.003078 -0.047481 6.982855
v -0.003323 -0.047481 6.982315
v -0.003473 -0.047481 6.981740
v -0.003523 -0.047481 6.969149
v -0.003473 -0.047481 6.968557
v -0.003323 -0.047481 6.967982
v -0.003078 -0.047481 6.967442
v -0.002746 -0.047481 6.966949
v -0.002335 -0.047481 6.966521
v -0.001858 -0.047481 6.966168
v -0.001328 -0.047481 6.965901
v -0.000760 -0.047481 6.965727
v -0.000171 -0.047481 6.965652
v 0.000422 -0.047481 6.965677
v 0.001002 -0.047481 6.965802
v 0.001553 -0.047481 6.966023
v 0.002058 -0.047481 6.966334
v 0.002504 -0.047481 6.966727
v 0.002877 -0.047481 6.967188
v 0.003166 -0.047481 6.967707
v 0.003364 -0.047481 6.968266
v 0.003465 -0.047481 6.968852
v 0.003465 -0.047481 6.969445
v 0.003364 -0.047481 6.970030
v 0.003166 -0.047481 6.970590
v 0.002877 -0.047481 6.971108
v 0.002504 -0.047481 6.971570
v 0.002058 -0.047481 6.971962
v 0.001553 -0.047481 6.972274
v 0.001002 -0.047481 6.972495
v 0.000422 -0.047481 6.972620
v -0.000171 -0.047481 6.972645
v -0.000760 -0.047481 6.972570
v -0.001328 -0.047481 6.972396
v -0.001858 -0.047481 6.972129
v -0.002335 -0.047481 6.971776
v -0.002746 -0.047481 6.971347
v -0.003078 -0.047481 6.970855
v -0.003323 -0.047481 6.970315
v -0.003473 -0.047481 6.969740
v -0.009598 -0.041481 6.960248
v -0.009598 -0.047481 6.960248
v -0.009574 -0.041481 6.959970
v -0.009574 -0.047481 6.959970
v -0.009504 -0.041481 6.959699
v -0.009504 -0.047481 6.959699
v -0.009388 -0.041481 6.959444
v -0.009388 -0.047481 6.959444
v -0.009232 -0.041481 6.959212
v -0.009232 -0.047481 6.959212
v -0.009038 -0.041481 6.959010
v -0.009038 -0.047481 6.959010
v -0.008813 -0.041481 6.958843
v -0.008813 -0.047481 6.958843
v -0.008563 -0.041481 6.958717
v -0.008563 -0.047481 6.958717
v -0.008295 -0.041481 6.958635
v -0.008295 -0.047481 6.958635
v -0.008018 -0.041481 6.958600
v -0.008018 -0.047481 6.958600
v -0.007738 -0.041481 6.958612
v -0.007738 -0.047481 6.958612
v -0.007465 -0.041481 6.958671
v -0.007465 -0.047481 6.958671
v -0.007205 -0.041481 6.958775
v -0.007205 -0.047481 6.958775
v -0.006967 -0.041481 6.958922
v -0.006967 -0.047481 6.958922
v -0.006757 -0.041481 6.959107
v -0.006757 -0.047481 6.959107
v -0.006581 -0.041481 6.959324
v -0.006581 -0.047481 6.959324
v -0.006444 -0.041481 6.959569
v -0.006444 -0.047481 6.959569
v -0.006351 -0.041481 6.959833
v -0.006351 -0.047481 6.959833
v -0.006304 -0.041481 6.960108
v -0.006304 -0.047481 6.960108
v -0.006304 -0.041481 6.960388
v -0.006304 -0.047481 6.960388
v -0.006351 -0.041481 6.960664
v -0.006351 -0.047481 6.960664
v -0.006444 -0.041481 6.960928
v -0.006444 -0.047481 6.960928
v -0.006581 -0.041481 6.961173
v -0.006581 -0.047481 6.961173
v -0.006757 -0.041481 6.961390
v -0.006757 -0.047481 6.961390
v -0.006967 -0.041481 6.961575
v -0.006967 -0.047481 6.961575
v -0.007205 -0.041481 6.961722
v -0.007205 -0.047481 6.961722
v -0.007465 -0.041481 6.961826
v -0.007465 -0.047481 6.961826
v -0.007738 -0.041481 6.961885
v -0.007738 -0.047481 6.961885
v -0.008018 -0.041481 6.961897
v -0.008018 -0.047481 6.961897
v -0.008295 -0.041481 6.961862
v -0.008295 -0.047481 6.961862
v -0.008563 -0.041481 6.961780
v -0.008563 -0.047481 6.961780
v -0.008813 -0.041481 6.961653
v -0.008813 -0.047481 6.961653
v -0.009038 -0.041481 6.961487
v -0.009038 -0.047481 6.961487
v -0.009232 -0.041481 6.961285
v -0.009232 -0.047481 6.961285
v -0.009388 -0.041481 6.961053
v -0.009388 -0.047481 6.961053
v -0.009504 -0.041481 6.960798
v -0.009504 -0.047481 6.960798
v -0.009574 -0.041481 6.960527
v -0.009574 -0.047481 6.960527
v -0.009598 -0.041481 6.952249
v -0.009598 -0.047481 6.952249
v -0.009574 -0.041481 6.951970
v -0.009574 -0.047481 6.951970
v -0.009504 -0.041481 6.951699
v -0.009504 -0.047481 6.951699
v -0.009388 -0.041481 6.951444
v -0.009388 -0.047481 6.951444
v -0.009232 -0.041481 6.951212
v -0.009232 -0.047481 6.951212
v -0.009038 -0.041481 6.951010
v -0.009038 -0.047481 6.951010
v -0.008813 -0.041481 6.950843
v -0.008813 -0.047481 6.950843
v -0.008563 -0.041481 6.950717
v -0.008563 -0.047481 6.950717
v -0.008295 -0.041481 6.950635
v -0.008295 -0.047481 6.950635
v -0.008018 -0.041481 6.950600
v -0.008018 -0.047481 6.950600
v -0.007738 -0.041481 6.950612
v -0.007738 -0.047481 6.950612
v -0.007465 -0.041481 6.950671
v -0.007465 -0.047481 6.950671
v -0.007205 -0.041481 6.950775
v -0.007205 -0.047481 6.950775
v -0.006967 -0.041481 6.950922
v -0.006967 -0.047481 6.950922
v -0.006757 -0.041481 6.951107
v -0.006757 -0.047481 6.951107
v -0.006581 -0.041481 6.951324
v -0.006581 -0.047481 6.951324
v -0.006444 -0.041481 6.951569
v -0.006444 -0.047481 6.951569
v -0.006351 -0.041481 6.951833
v -0.006351 -0.047481 6.951833
v -0.006304 -0.041481 6.952108
v -0.006304 -0.047481 6.952108
v -0.006304 -0.041481 6.952388
v -0.006304 -0.047481 6.952388
v -0.006351 -0.041481 6.952664
v -0.006351 -0.047481 6.952664
v -0.006444 -0.041481 6.952928
v -0.006444 -0.047481 6.952928
v -0.006581 -0.041481 6.953172
v -0.006581 -0.047481 6.953172
v -0.006757 -0.041481 6.953390
v -0.006757 -0.047481 6.953390
v -0.006967 -0.041481 6.953575
v -0.006967 -0.047481 6.953575
v -0.007205 -0.041481 6.953722
v -0.007205 -0.047481 6.953722
v -0.007465 -0.041481 6.953826
v -0.007465 -0.047481 6.953826
v -0.007738 -0.041481 6.953885
v -0.007738 -0.047481 6.953885
v -0.008018 -0.041481 6.953897
v -0.008018 -0.047481 6.953897
v -0.008295 -0.041481 6.953861
v -0.008295 -0.047481 6.953861
v -0.008563 -0.041481 6.953779
v -0.008563 -0.047481 6.953779
v -0.008813 -0.041481 6.953653
v -0.008813 -0.047481 6.953653
v -0.009038 -0.041481 6.953487
v -0.009038 -0.047481 6.953487
v -0.009232 -0.041481 6.953285
v -0.009232 -0.047481 6.953285
v -0.009388 -0.041481 6.953053
v -0.009388 -0.047481 6.953053
v -0.009504 -0.041481 6.952798
v -0.009504 -0.047481 6.952798
v -0.009574 -0.041481 6.952527
v -0.009574 -0.047481 6.952527
v 0.006252 -0.041481 6.984249
v 0.006252 -0.047481 6.984249
v 0.006276 -0.041481 6.983970
v 0.006276 -0.047481 6.983970
v 0.006346 -0.041481 6.983699
v 0.006346 -0.047481 6.983699
v 0.006462 -0.041481 6.983444
v 0.006462 -0.047481 6.983444
v 0.006618 -0.041481 6.983212
v 0.006618 -0.047481 6.983212
v 0.006812 -0.041481 6.983010
v 0.006812 -0.047481 6.983010
v 0.007037 -0.041481 6.982843
v 0.007037 -0.047481 6.982843
v 0.007287 -0.041481 6.982718
v 0.007287 -0.047481 6.982718
v 0.007555 -0.041481 6.982635
v 0.007555 -0.047481 6.982635
v 0.007832 -0.041481 6.982600
v 0.007832 -0.047481 6.982600
v 0.008112 -0.041481 6.982612
v 0.008112 -0.047481 6.982612
v 0.008385 -0.041481 6.982671
v 0.008385 -0.047481 6.982671
v 0.008645 -0.041481 6.982775
v 0.008645 -0.047481 6.982775
v 0.008883 -0.041481 6.982922
v 0.008883 -0.047481 6.982922
v 0.009093 -0.041481 6.983107
v 0.009093 -0.047481 6.983107
v 0.009269 -0.041481 6.983325
v 0.009269 -0.047481 6.983325
v 0.009406 -0.041481 6.983569
v 0.009406 -0.047481 6.983569
v 0.009499 -0.041481 6.983833
v 0.009499 -0.047481 6.983833
v 0.009546 -0.041481 6.984108
v 0.009546 -0.047481 6.984108
v 0.009546 -0.041481 6.984388
v 0.009546 -0.047481 6.984388
v 0.009499 -0.041481 6.984664
v 0.009499 -0.047481 6.984664
v 0.009406 -0.041481 6.984928
v 0.009406 -0.047481 6.984928
v 0.009269 -0.041481 6.985172
v 0.009269 -0.047481 6.985172
v 0.009093 -0.041481 6.985390
v 0.009093 -0.047481 6.985390
v 0.008883 -0.041481 6.985575
v 0.008883 -0.047481 6.985575
v 0.008645 -0.041481 6.985722
v 0.008645 -0.047481 6.985722
v 0.008385 -0.041481 6.985826
v 0.008385 -0.047481 6.985826
v 0.008112 -0.041481 6.985885
v 0.008112 -0.047481 6.985885
v 0.007832 -0.041481 6.985897
v 0.007832 -0.047481 6.985897
v 0.007555 -0.041481 6.985861
v 0.007555 -0.047481 6.985861
v 0.007287 -0.041481 6.985779
v 0.007287 -0.047481 6.985779
v 0.007037 -0.041481 6.985653
v 0.007037 -0.047481 6.985653
v 0.006812 -0.041481 6.985487
v 0.006812 -0.047481 6.985487
v 0.006618 -0.041481 6.985285
v 0.006618 -0.047481 6.985285
v 0.006462 -0.041481 6.985053
v 0.006462 -0.047481 6.985053
v 0.006346 -0.041481 6.984798
v 0.006346 -0.047481 6.984798
v 0.006276 -0.041481 6.984527
v 0.006276 -0.047481 6.984527
v 0.006252 -0.041481 6.976248
v 0.006252 -0.047481 6.976248
v 0.006276 -0.041481 6.975970
v 0.006276 -0.047481 6.975970
v 0.006346 -0.041481 6.975699
v 0.006346 -0.047481 6.975699
v 0.006462 -0.041481 6.975444
v 0.006462 -0.047481 6.975444
v 0.006618 -0.041481 6.975212
v 0.006618 -0.047481 6.975212
v 0.006812 -0.041481 6.975010
v 0.006812 -0.047481 6.975010
v 0.007037 -0.041481 6.974844
v 0.007037 -0.047481 6.974844
v 0.007287 -0.041481 6.974718
v 0.007287 -0.047481 6.974718
v 0.007555 -0.041481 6.974636
v 0.007555 -0.047481 6.974636
v 0.007832 -0.041481 6.974600
v 0.007832 -0.047481 6.974600
v 0.008112 -0.041481 6.974612
v 0.008112 -0.047481 6.974612
v 0.008385 -0.041481 6.974671
v 0.008385 -0.047481 6.974671
v 0.008645 -0.041481 6.974775
v 0.008645 -0.047481 6.974775
v 0.008883 -0.041481 6.974922
v 0.008883 -0.047481 6.974922
v 0.009093 -0.041481 6.975107
v 0.009093 -0.047481 6.975107
v 0.009269 -0.041481 6.975325
v 0.009269 -0.047481 6.975325
v 0.009406 -0.041481 6.975569
v 0.009406 -0.047481 6.975569
v 0.009499 -0.041481 6.975832
v 0.009499 -0.047481 6.975832
v 0.009546 -0.041481 6.976109
v 0.009546 -0.047481 6.976109
v 0.009546 -0.041481 6.976388
v 0.009546 -0.047481 6.976388
v 0.009499 -0.041481 6.976664
v 0.009499 -0.047481 6.976664
v 0.009406 -0.041481 6.976928
v 0.009406 -0.047481 6.976928
v 0.009269 -0.041481 6.977172
v 0.009269 -0.047481 6.977172
v 0.009093 -0.041481 6.977390
v 0.009093 -0.047481 6.977390
v 0.008883 -0.041481 6.977575
v 0.008883 -0.047481 6.977575
v 0.008645 -0.041481 6.977722
v 0.008645 -0.047481 6.977722
v 0.008385 -0.041481 6.977826
v 0.008385 -0.047481 6.977826
v 0.008112 -0.041481 6.977885
v 0.008112 -0.047481 6.977885
v 0.007832 -0.041481 6.977897
v 0.007832 -0.047481 6.977897
v 0.007555 -0.041481 6.977861
v 0.007555 -0.047481 6.977861
v 0.007287 -0.041481 6.977779
v 0.007287 -0.047481 6.977779
v 0.007037 -0.041481 6.977654
v 0.007037 -0.047481 6.977654
v 0.006812 -0.041481 6.977487
v 0.006812 -0.047481 6.977487
v 0.006618 -0.041481 6.977285
v 0.006618 -0.047481 6.977285
v 0.006462 -0.041481 6.977053
v 0.006462 -0.047481 6.977053
v 0.006346 -0.041481 6.976798
v 0.006346 -0.047481 6.976798
v 0.006276 -0.041481 6.976527
v 0.006276 -0.047481 6.976527
v 0.006252 -0.041481 6.968248
v 0.006252 -0.047481 6.968248
v 0.006276 -0.041481 6.967969
v 0.006276 -0.047481 6.967969
v 0.006346 -0.041481 6.967699
v 0.006346 -0.047481 6.967699
v 0.006462 -0.041481 6.967444
v 0.006462 -0.047481 6.967444
v 0.006618 -0.041481 6.967212
v 0.006618 -0.047481 6.967212
v 0.006812 -0.041481 6.967010
v 0.006812 -0.047481 6.967010
v 0.007037 -0.041481 6.966844
v 0.007037 -0.047481 6.966844
v 0.007287 -0.041481 6.966717
v 0.007287 -0.047481 6.966717
v 0.007555 -0.041481 6.966635
v 0.007555 -0.047481 6.966635
v 0.007832 -0.041481 6.966600
v 0.007832 -0.047481 6.966600
v 0.008112 -0.041481 6.966612
v 0.008112 -0.047481 6.966612
v 0.008385 -0.041481 6.966671
v 0.008385 -0.047481 6.966671
v 0.008645 -0.041481 6.966775
v 0.008645 -0.047481 6.966775
v 0.008883 -0.041481 6.966922
v 0.008883 -0.047481 6.966922
v 0.009093 -0.041481 6.967107
v 0.009093 -0.047481 6.967107
v 0.009269 -0.041481 6.967324
v 0.009269 -0.047481 6.967324
v 0.009406 -0.041481 6.967569
v 0.009406 -0.047481 6.967569
v 0.009499 -0.041481 6.967833
v 0.009499 -0.047481 6.967833
v 0.009546 -0.041481 6.968109
v 0.009546 -0.047481 6.968109
v 0.009546 -0.041481 6.968389
v 0.009546 -0.047481 6.968389
v 0.009499 -0.041481 6.968664
v 0.009499 -0.047481 6.968664
v 0.009406 -0.041481 6.968928
v 0.009406 -0.047481 6.968928
v 0.009269 -0.041481 6.969172
v 0.009269 -0.047481 6.969172
v 0.009093 -0.041481 6.969390
v 0.009093 -0.047481 6.969390
v 0.008883 -0.041481 6.969575
v 0.008883 -0.047481 6.969575
v 0.008645 -0.041481 6.969722
v 0.008645 -0.047481 6.969722
v 0.008385 -0.041481 6.969826
v 0.008385 -0.047481 6.969826
v 0.008112 -0.041481 6.969885
v 0.008112 -0.047481 6.969885
v 0.007832 -0.041481 6.969897
v 0.007832 -0.047481 6.969897
v 0.007555 -0.041481 6.969862
v 0.007555 -0.047481 6.969862
v 0.007287 -0.041481 6.969779
v 0.007287 -0.047481 6.969779
v 0.007037 -0.041481 6.969654
v 0.007037 -0.047481 6.969654
v 0.006812 -0.041481 6.969487
v 0.006812 -0.047481 6.969487
v 0.006618 -0.041481 6.969285
v 0.006618 -0.047481 6.969285
v 0.006462 -0.041481 6.969053
v 0.006462 -0.047481 6.969053
v 0.006346 -0.041481 6.968798
v 0.006346 -0.047481 6.968798
v 0.006276 -0.041481 6.968527
v 0.006276 -0.047481 6.968527
v 0.006252 -0.041481 6.960248
v 0.006252 -0.047481 6.960248
v 0.006276 -0.041481 6.959970
v 0.006276 -0.047481 6.959970
v 0.006346 -0.041481 6.959699
v 0.006346 -0.047481 6.959699
v 0.006462 -0.041481 6.959444
v 0.006462 -0.047481 6.959444
v 0.006618 -0.041481 6.959212
v 0.006618 -0.047481 6.959212
v 0.006812 -0.041481 6.959010
v 0.006812 -0.047481 6.959010
v 0.007037 -0.041481 6.958843
v 0.007037 -0.047481 6.958843
v 0.007287 -0.041481 6.958717
v 0.007287 -0.047481 6.958717
v 0.007555 -0.041481 6.958635
v 0.007555 -0.047481 6.958635
v 0.007832 -0.041481 6.958600
v 0.007832 -0.047481 6.958600
v 0.008112 -0.041481 6.958612
v 0.008112 -0.047481 6.958612
v 0.008385 -0.041481 6.958671
v 0.008385 -0.047481 6.958671
v 0.008645 -0.041481 6.958775
v 0.008645 -0.047481 6.958775
v 0.008883 -0.041481 6.958922
v 0.008883 -0.047481 6.958922
v 0.009093 -0.041481 6.959107
v 0.009093 -0.047481 6.959107
v 0.009269 -0.041481 6.959324
v 0.009269 -0.047481 6.959324
v 0.009406 -0.041481 6.959569
v 0.009406 -0.047481 6.959569
v 0.009499 -0.041481 6.959833
v 0.009499 -0.047481 6.959833
v 0.009546 -0.041481 6.960108
v 0.009546 -0.047481 6.960108
v 0.009546 -0.041481 6.960388
v 0.009546 -0.047481 6.960388
v 0.009499 -0.041481 6.960664
v 0.009499 -0.047481 6.960664
v 0.009406 -0.041481 6.960928
v 0.009406 -0.047481 6.960928
v 0.009269 -0.041481 6.961173
v 0.009269 -0.047481 6.961173
v 0.009093 -0.041481 6.961390
v 0.009093 -0.047481 6.961390
v 0.008883 -0.041481 6.961575
v 0.008883 -0.047481 6.961575
v 0.008645 -0.041481 6.961722
v 0.008645 -0.047481 6.961722
v 0.008385 -0.041481 6.961826
v 0.008385 -0.047481 6.961826
v 0.008112 -0.041481 6.961885
v 0.008112 -0.047481 6.961885
v 0.007832 -0.041481 6.961897
v 0.007832 -0.047481 6.961897
v 0.007555 -0.041481 6.961862
v 0.007555 -0.047481 6.961862
v 0.007287 -0.041481 6.961780
v 0.007287 -0.047481 6.961780
v 0.007037 -0.041481 6.961653
v 0.007037 -0.047481 6.961653
v 0.006812 -0.041481 6.961487
v 0.006812 -0.047481 6.961487
v 0.006618 -0.041481 6.961285
v 0.006618 -0.047481 6.961285
v 0.006462 -0.041481 6.961053
v 0.006462 -0.047481 6.961053
v 0.006346 -0.041481 6.960798
v 0.006346 -0.047481 6.960798
v 0.006276 -0.041481 6.960527
v 0.006276 -0.047481 6.960527
v 0.006252 -0.041481 6.952249
v 0.006252 -0.047481 6.952249
v 0.006276 -0.041481 6.951970
v 0.006276 -0.047481 6.951970
v 0.006346 -0.041481 6.951699
v 0.006346 -0.047481 6.951699
v 0.006462 -0.041481 6.951444
v 0.006462 -0.047481 6.951444
v 0.006618 -0.041481 6.951212
v 0.006618 -0.047481 6.951212
v 0.006812 -0.041481 6.951010
v 0.006812 -0.047481 6.951010
v 0.007037 -0.041481 6.950843
v 0.007037 -0.047481 6.950843
v 0.007287 -0.041481 6.950717
v 0.007287 -0.047481 6.950717
v 0.007555 -0.041481 6.950635
v 0.007555 -0.047481 6.950635
v 0.007832 -0.041481 6.950600
v 0.007832 -0.047481 6.950600
v 0.008112 -0.041481 6.950612
v 0.008112 -0.047481 6.950612
v 0.008385 -0.041481 6.950671
v 0.008385 -0.047481 6.950671
v 0.008645 -0.041481 6.950775
v 0.008645 -0.047481 6.950775
v 0.008883 -0.041481 6.950922
v 0.008883 -0.047481 6.950922
v 0.009093 -0.041481 6.951107
v 0.009093 -0.047481 6.951107
v 0.009269 -0.041481 6.951324
v 0.009269 -0.047481 6.951324
v 0.009406 -0.041481 6.951569
v 0.009406 -0.047481 6.951569
v 0.009499 -0.041481 6.951833
v 0.009499 -0.047481 6.951833
v 0.009546 -0.041481 6.952108
v 0.009546 -0.047481 6.952108
v 0.009546 -0.041481 6.952388
v 0.009546 -0.047481 6.952388
v 0.009499 -0.041481 6.952664
v 0.009499 -0.047481 6.952664
v 0.009406 -0.041481 6.952928
v 0.009406 -0.047481 6.952928
v 0.009269 -0.041481 6.953172
v 0.009269 -0.047481 6.953172
v 0.009093 -0.041481 6.953390
v 0.009093 -0.047481 6.953390
v 0.008883 -0.041481 6.953575
v 0.008883 -0.047481 6.953575
v 0.008645 -0.041481 6.953722
v 0.008645 -0.047481 6.953722
v 0.008385 -0.041481 6.953826
v 0.008385 -0.047481 6.953826
v 0.008112 -0.041481 6.953885
v 0.008112 -0.047481 6.953885
v 0.007832 -0.041481 6.953897
v 0.007832 -0.047481 6.953897
v 0.007555 -0.041481 6.953861
v 0.007555 -0.047481 6.953861
v 0.007287 -0.041481 6.953779
v 0.007287 -0.047481 6.953779
v 0.007037 -0.041481 6.953653
v 0.007037 -0.047481 6.953653
v 0.006812 -0.041481 6.953487
v 0.006812 -0.047481 6.953487
v 0.006618 -0.041481 6.953285
v 0.006618 -0.047481 6.953285
v 0.006462 -0.041481 6.953053
v 0.006462 -0.047481 6.953053
v 0.006346 -0.041481 6.952798
v 0.006346 -0.047481 6.952798
v 0.006276 -0.041481 6.952527
v 0.006276 -0.047481 6.952527
v -0.009598 -0.041481 6.944248
v -0.009598 -0.047481 6.944248
v -0.009574 -0.041481 6.943970
v -0.009574 -0.047481 6.943970
v -0.009504 -0.041481 6.943699
v -0.009504 -0.047481 6.943699
v -0.009388 -0.041481 6.943444
v -0.009388 -0.047481 6.943444
v -0.009232 -0.041481 6.943212
v -0.009232 -0.047481 6.943212
v -0.009038 -0.041481 6.943010
v -0.009038 -0.047481 6.943010
v -0.008813 -0.041481 6.942843
v -0.008813 -0.047481 6.942843
v -0.008563 -0.041481 6.942718
v -0.008563 -0.047481 6.942718
v -0.008295 -0.041481 6.942636
v -0.008295 -0.047481 6.942636
v -0.008018 -0.041481 6.942600
v -0.008018 -0.047481 6.942600
v -0.007738 -0.041481 6.942612
v -0.007738 -0.047481 6.942612
v -0.007465 -0.041481 6.942671
v -0.007465 -0.047481 6.942671
v -0.007205 -0.041481 6.942775
v -0.007205 -0.047481 6.942775
v -0.006967 -0.041481 6.942922
v -0.006967 -0.047481 6.942922
v -0.006757 -0.041481 6.943107
v -0.006757 -0.047481 6.943107
v -0.006581 -0.041481 6.943325
v -0.006581 -0.047481 6.943325
v -0.006444 -0.041481 6.943569
v -0.006444 -0.047481 6.943569
v -0.006351 -0.041481 6.943833
v -0.006351 -0.047481 6.943833
v -0.006304 -0.041481 6.944108
v -0.006304 -0.047481 6.944108
v -0.006304 -0.041481 6.944388
v -0.006304 -0.047481 6.944388
v -0.006351 -0.041481 6.944664
v -0.006351 -0.047481 6.944664
v -0.006444 -0.041481 6.944928
v -0.006444 -0.047481 6.944928
v -0.006581 -0.041481 6.945172
v -0.006581 -0.047481 6.945172
v -0.006757 -0.041481 6.945390
v -0.006757 -0.047481 6.945390
v -0.006967 -0.041481 6.945575
v -0.006967 -0.047481 6.945575
v -0.007205 -0.041481 6.945722
v -0.007205 -0.047481 6.945722
v -0.007465 -0.041481 6.945826
v -0.007465 -0.047481 6.945826
v -0.007738 -0.041481 6.945885
v -0.007738 -0.047481 6.945885
v -0.008018 -0.041481 6.945897
v -0.008018 -0.047481 6.945897
v -0.008295 -0.041481 6.945861
v -0.008295 -0.047481 6.945861
v -0.008563 -0.041481 6.945779
v -0.008563 -0.047481 6.945779
v -0.008813 -0.041481 6.945653
v -0.008813 -0.047481 6.945653
v -0.009038 -0.041481 6.945487
v -0.009038 -0.047481 6.945487
v -0.009232 -0.041481 6.945285
v -0.009232 -0.047481 6.945285
v -0.009388 -0.041481 6.945053
v -0.009388 -0.047481 6.945053
v -0.009504 -0.041481 6.944798
v -0.009504 -0.047481 6.944798
v -0.009574 -0.041481 6.944527
v -0.009574 -0.047481 6.944527
v -0.009598 -0.041481 6.936248
v -0.009598 -0.047481 6.936248
v -0.009574 -0.041481 6.935969
v -0.009574 -0.047481 6.935969
v -0.009504 -0.041481 6.935699
v -0.009504 -0.047481 6.935699
v -0.009388 -0.041481 6.935444
v -0.009388 -0.047481 6.935444
v -0.009232 -0.041481 6.935212
v -0.009232 -0.047481 6.935212
v -0.009038 -0.041481 6.935010
v -0.009038 -0.047481 6.935010
v -0.008813 -0.041481 6.934844
v -0.008813 -0.047481 6.934844
v -0.008563 -0.041481 6.934717
v -0.008563 -0.047481 6.934717
v -0.008295 -0.041481 6.934636
v -0.008295 -0.047481 6.934636
v -0.008018 -0.041481 6.934600
v -0.008018 -0.047481 6.934600
v -0.007738 -0.041481 6.934612
v -0.007738 -0.047481 6.934612
v -0.007465 -0.041481 6.934671
v -0.007465 -0.047481 6.934671
v -0.007205 -0.041481 6.934775
v -0.007205 -0.047481 6.934775
v -0.006967 -0.041481 6.934922
v -0.006967 -0.047481 6.934922
v -0.006757 -0.041481 6.935107
v -0.006757 -0.047481 6.935107
v -0.006581 -0.041481 6.935325
v -0.006581 -0.047481 6.935325
v -0.006444 -0.041481 6.935569
v -0.006444 -0.047481 6.935569
v -0.006351 -0.041481 6.935833
v -0.006351 -0.047481 6.935833
v -0.006304 -0.041481 6.936109
v -0.006304 -0.047481 6.936109
v -0.006304 -0.041481 6.936388
v -0.006304 -0.047481 6.936388
v -0.006351 -0.041481 6.936664
v -0.006351 -0.047481 6.936664
v -0.006444 -0.041481 6.936928
v -0.006444 -0.047481 6.936928
v -0.006581 -0.041481 6.937172
v -0.006581 -0.047481 6.937172
v -0.006757 -0.041481 6.937390
v -0.006757 -0.047481 6.937390
v -0.006967 -0.041481 6.937575
v -0.006967 -0.047481 6.937575
v -0.007205 -0.041481 6.937722
v -0.007205 -0.047481 6.937722
v -0.007465 -0.041481 6.937826
v -0.007465 -0.047481 6.937826
v -0.007738 -0.041481 6.937885
v -0.007738 -0.047481 6.937885
v -0.008018 -0.041481 6.937897
v -0.008018 -0.047481 6.937897
v -0.008295 -0.041481 6.937861
v -0.008295 -0.047481 6.937861
v -0.008563 -0.041481 6.937779
v -0.008563 -0.047481 6.937779
v -0.008813 -0.041481 6.937654
v -0.008813 -0.047481 6.937654
v -0.009038 -0.041481 6.937487
v -0.009038 -0.047481 6.937487
v -0.009232 -0.041481 6.937285
v -0.009232 -0.047481 6.937285
v -0.009388 -0.041481 6.937053
v -0.009388 -0.047481 6.937053
v -0.009504 -0.041481 6.936798
v -0.009504 -0.047481 6.936798
v -0.009574 -0.041481 6.936527
v -0.009574 -0.047481 6.936527
v -0.009598 -0.041481 6.928248
v -0.009598 -0.047481 6.928248
v -0.009574 -0.041481 6.927969
v -0.009574 -0.047481 6.927969
v -0.009504 -0.041481 6.927699
v -0.009504 -0.047481 6.927699
v -0.009388 -0.041481 6.927444
v -0.009388 -0.047481 6.927444
v -0.009232 -0.041481 6.927212
v -0.009232 -0.047481 6.927212
v -0.009038 -0.041481 6.927010
v -0.009038 -0.047481 6.927010
v -0.008813 -0.041481 6.926843
v -0.008813 -0.047481 6.926843
v -0.008563 -0.041481 6.926717
v -0.008563 -0.047481 6.926717
v -0.008295 -0.041481 6.926635
v -0.008295 -0.047481 6.926635
v -0.008018 -0.041481 6.926600
v -0.008018 -0.047481 6.926600
v -0.007738 -0.041481 6.926612
v -0.007738 -0.047481 6.926612
v -0.007465 -0.041481 6.926671
v -0.007465 -0.047481 6.926671
v -0.007205 -0.041481 6.926775
v -0.007205 -0.047481 6.926775
v -0.006967 -0.041481 6.926922
v -0.006967 -0.047481 6.926922
v -0.006757 -0.041481 6.927107
v -0.006757 -0.047481 6.927107
v -0.006581 -0.041481 6.927324
v -0.006581 -0.047481 6.927324
v -0.006444 -0.041481 6.927569
v -0.006444 -0.047481 6.927569
v -0.006351 -0.041481 6.927833
v -0.006351 -0.047481 6.927833
v -0.006304 -0.041481 6.928109
v -0.006304 -0.047481 6.928109
v -0.006304 -0.041481 6.928388
v -0.006304 -0.047481 6.928388
v -0.006351 -0.041481 6.928664
v -0.006351 -0.047481 6.928664
v -0.006444 -0.041481 6.928928
v -0.006444 -0.047481 6.928928
v -0.006581 -0.041481 6.929173
v -0.006581 -0.047481 6.929173
v -0.006757 -0.041481 6.929390
v -0.006757 -0.047481 6.929390
v -0.006967 -0.041481 6.929575
v -0.006967 -0.047481 6.929575
v -0.007205 -0.041481 6.929722
v -0.007205 -0.047481 6.929722
v -0.007465 -0.041481 6.929826
v -0.007465 -0.047481 6.929826
v -0.007738 -0.041481 6.929885
v -0.007738 -0.047481 6.929885
v -0.008018 -0.041481 6.929897
v -0.008018 -0.047481 6.929897
v -0.008295 -0.041481 6.929862
v -0.008295 -0.047481 6.929862
v -0.008563 -0.041481 6.929780
v -0.008563 -0.047481 6.929780
v -0.008813 -0.041481 6.929654
v -0.008813 -0.047481 6.929654
v -0.009038 -0.041481 6.929487
v -0.009038 -0.047481 6.929487
v -0.009232 -0.041481 6.929285
v -0.009232 -0.047481 6.929285
v -0.009388 -0.041481 6.929053
v -0.009388 -0.047481 6.929053
v -0.009504 -0.041481 6.928798
v -0.009504 -0.047481 6.928798
v -0.009574 -0.041481 6.928527
v -0.009574 -0.047481 6.928527
v -0.009598 -0.041481 6.920249
v -0.009598 -0.047481 6.920249
v -0.009574 -0.041481 6.919970
v -0.009574 -0.047481 6.919970
v -0.009504 -0.041481 6.919699
v -0.009504 -0.047481 6.919699
v -0.009388 -0.041481 6.919444
v -0.009388 -0.047481 6.919444
v -0.009232 -0.041481 6.919212
v -0.009232 -0.047481 6.919212
v -0.009038 -0.041481 6.919010
v -0.009038 -0.047481 6.919010
v -0.008813 -0.041481 6.918843
v -0.008813 -0.047481 6.918843
v -0.008563 -0.041481 6.918717
v -0.008563 -0.047481 6.918717
v -0.008295 -0.041481 6.918635
v -0.008295 -0.047481 6.918635
v -0.008018 -0.041481 6.918600
v -0.008018 -0.047481 6.918600
v -0.007738 -0.041481 6.918612
v -0.007738 -0.047481 6.918612
v -0.007465 -0.041481 6.918671
v -0.007465 -0.047481 6.918671
v -0.007205 -0.041481 6.918775
v -0.007205 -0.047481 6.918775
v -0.006967 -0.041481 6.918922
v -0.006967 -0.047481 6.918922
v -0.006757 -0.041481 6.919106
v -0.006757 -0.047481 6.919106
v -0.006581 -0.041481 6.919324
v -0.006581 -0.047481 6.919324
v -0.006444 -0.041481 6.919569
v -0.006444 -0.047481 6.919569
v -0.006351 -0.041481 6.919833
v -0.006351 -0.047481 6.919833
v -0.006304 -0.041481 6.920108
v -0.006304 -0.047481 6.920108
v -0.006304 -0.041481 6.920388
v -0.006304 -0.047481 6.920388
v -0.006351 -0.041481 6.920664
v -0.006351 -0.047481 6.920664
v -0.006444 -0.041481 6.920928
v -0.006444 -0.047481 6.920928
v -0.006581 -0.041481 6.921172
v -0.006581 -0.047481 6.921172
v -0.006757 -0.041481 6.921390
v -0.006757 -0.047481 6.921390
v -0.006967 -0.041481 6.921575
v -0.006967 -0.047481 6.921575
v -0.007205 -0.041481 6.921722
v -0.007205 -0.047481 6.921722
v -0.007465 -0.041481 6.921826
v -0.007465 -0.047481 6.921826
v -0.007738 -0.041481 6.921885
v -0.007738 -0.047481 6.921885
v -0.008018 -0.041481 6.921897
v -0.008018 -0.047481 6.921897
v -0.008295 -0.041481 6.921861
v -0.008295 -0.047481 6.921861
v -0.008563 -0.041481 6.921780
v -0.008563 -0.047481 6.921780
v -0.008813 -0.041481 6.921653
v -0.008813 -0.047481 6.921653
v -0.009038 -0.041481 6.921487
v -0.009038 -0.047481 6.921487
v -0.009232 -0.041481 6.921285
v -0.009232 -0.047481 6.921285
v -0.009388 -0.041481 6.921053
v -0.009388 -0.047481 6.921053
v -0.009504 -0.041481 6.920798
v -0.009504 -0.047481 6.920798
v -0.009574 -0.041481 6.920527
v -0.009574 -0.047481 6.920527
v -0.009598 -0.041481 6.912249
v -0.009598 -0.047481 6.912249
v -0.009574 -0.041481 6.911970
v -0.009574 -0.047481 6.911970
v -0.009504 -0.041481 6.911699
v -0.009504 -0.047481 6.911699
v -0.009388 -0.041481 6.911444
v -0.009388 -0.047481 6.911444
v -0.009232 -0.041481 6.911212
v -0.009232 -0.047481 6.911212
v -0.009038 -0.041481 6.911010
v -0.009038 -0.047481 6.911010
v -0.008813 -0.041481 6.910843
v -0.008813 -0.047481 6.910843
v -0.008563 -0.041481 6.910717
v -0.008563 -0.047481 6.910717
v -0.008295 -0.041481 6.910635
v -0.008295 -0.047481 6.910635
v -0.008018 -0.041481 6.910600
v -0.008018 -0.047481 6.910600
v -0.007738 -0.041481 6.910612
v -0.007738 -0.047481 6.910612
v -0.007465 -0.041481 6.910671
v -0.007465 -0.047481 6.910671
v -0.007205 -0.041481 6.910775
v -0.007205 -0.047481 6.910775
v -0.006967 -0.041481 6.910922
v -0.006967 -0.047481 6.910922
v -0.006757 -0.041481 6.911107
v -0.006757 -0.047481 6.911107
v -0.006581 -0.041481 6.911325
v -0.006581 -0.047481 6.911325
v -0.006444 -0.041481 6.911569
v -0.006444 -0.047481 6.911569
v -0.006351 -0.041481 6.911833
v -0.006351 -0.047481 6.911833
v -0.006304 -0.041481 6.912108
v -0.006304 -0.047481 6.912108
v -0.006304 -0.041481 6.912388
v -0.006304 -0.047481 6.912388
v -0.006351 -0.041481 6.912664
v -0.006351 -0.047481 6.912664
v -0.006444 -0.041481 6.912928
v -0.006444 -0.047481 6.912928
v -0.006581 -0.041481 6.913172
v -0.006581 -0.047481 6.913172
v -0.006757 -0.041481 6.913390
v -0.006757 -0.047481 6.913390
v -0.006967 -0.041481 6.913575
v -0.006967 -0.047481 6.913575
v -0.007205 -0.041481 6.913722
v -0.007205 -0.047481 6.913722
v -0.007465 -0.041481 6.913826
v -0.007465 -0.047481 6.913826
v -0.007738 -0.041481 6.913885
v -0.007738 -0.047481 6.913885
v -0.008018 -0.041481 6.913897
v -0.008018 -0.047481 6.913897
v -0.008295 -0.041481 6.913861
v -0.008295 -0.047481 6.913861
v -0.008563 -0.041481 6.913779
v -0.008563 -0.047481 6.913779
v -0.008813 -0.041481 6.913653
v -0.008813 -0.047481 6.913653
v -0.009038 -0.041481 6.913487
v -0.009038 -0.047481 6.913487
v -0.009232 -0.041481 6.913285
v -0.009232 -0.047481 6.913285
v -0.009388 -0.041481 6.913053
v -0.009388 -0.047481 6.913053
v -0.009504 -0.041481 6.912798
v -0.009504 -0.047481 6.912798
v -0.009574 -0.041481 6.912527
v -0.009574 -0.047481 6.912527
v 0.006252 -0.041481 6.944248
v 0.006252 -0.047481 6.944248
v 0.006276 -0.041481 6.943970
v 0.006276 -0.047481 6.943970
v 0.006346 -0.041481 6.943699
v 0.006346 -0.047481 6.943699
v 0.006462 -0.041481 6.943444
v 0.006462 -0.047481 6.943444
v 0.006618 -0.041481 6.943212
v 0.006618 -0.047481 6.943212
v 0.006812 -0.041481 6.943010
v 0.006812 -0.047481 6.943010
v 0.007037 -0.041481 6.942843
v 0.007037 -0.047481 6.942843
v 0.007287 -0.041481 6.942718
v 0.007287 -0.047481 6.942718
v 0.007555 -0.041481 6.942636
v 0.007555 -0.047481 6.942636
v 0.007832 -0.041481 6.942600
v 0.007832 -0.047481 6.942600
v 0.008112 -0.041481 6.942612
v 0.008112 -0.047481 6.942612
v 0.008385 -0.041481 6.942671
v 0.008385 -0.047481 6.942671
v 0.008645 -0.041481 6.942775
v 0.008645 -0.047481 6.942775
v 0.008883 -0.041481 6.942922
v 0.008883 -0.047481 6.942922
v 0.009093 -0.041481 6.943107
v 0.009093 -0.047481 6.943107
v 0.009269 -0.041481 6.943325
v 0.009269 -0.047481 6.943325
v 0.009406 -0.041481 6.943569
v 0.009406 -0.047481 6.943569
v 0.009499 -0.041481 6.943833
v 0.009499 -0.047481 6.943833
v 0.009546 -0.041481 6.944108
v 0.009546 -0.047481 6.944108
v 0.009546 -0.041481 6.944388
v 0.009546 -0.047481 6.944388
v 0.009499 -0.041481 6.944664
v 0.009499 -0.047481 6.944664
v 0.009406 -0.041481 6.944928
v 0.009406 -0.047481 6.944928
v 0.009269 -0.041481 6.945172
v 0.009269 -0.047481 6.945172
v 0.009093 -0.041481 6.945390
v 0.009093 -0.047481 6.945390
v 0.008883 -0.041481 6.945575
v 0.008883 -0.047481 6.945575
v 0.008645 -0.041481 6.945722
v 0.008645 -0.047481 6.945722
v 0.008385 -0.041481 6.945826
v 0.008385 -0.047481 6.945826
v 0.008112 -0.041481 6.945885
v 0.008112 -0.047481 6.945885
v 0.007832 -0.041481 6.945897
v 0.007832 -0.047481 6.945897
v 0.007555 -0.041481 6.945861
v 0.007555 -0.047481 6.945861
v 0.007287 -0.041481 6.945779
v 0.007287 -0.047481 6.945779
v 0.007037 -0.041481 6.945653
v 0.007037 -0.047481 6.945653
v 0.006812 -0.041481 6.945487
v 0.006812 -0.047481 6.945487
v 0.006618 -0.041481 6.945285
v 0.006618 -0.047481 6.945285
v 0.006462 -0.041481 6.945053
v 0.006462 -0.047481 6.945053
v 0.006346 -0.041481 6.944798
v 0.006346 -0.047481 6.944798
v 0.006276 -0.041481 6.944527
v 0.006276 -0.047481 6.944527
v 0.006252 -0.041481 6.936248
v 0.006252 -0.047481 6.936248
v 0.006276 -0.041481 6.935969
v 0.006276 -0.047481 6.935969
v 0.006346 -0.041481 6.935699
v 0.006346 -0.047481 6.935699
v 0.006462 -0.041481 6.935444
v 0.006462 -0.047481 6.935444
v 0.006618 -0.041481 6.935212
v 0.006618 -0.047481 6.935212
v 0.006812 -0.041481 6.935010
v 0.006812 -0.047481 6.935010
v 0.007037 -0.041481 6.934844
v 0.007037 -0.047481 6.934844
v 0.007287 -0.041481 6.934717
v 0.007287 -0.047481 6.934717
v 0.007555 -0.041481 6.934636
v 0.007555 -0.047481 6.934636
v 0.007832 -0.041481 6.934600
v 0.007832 -0.047481 6.934600
v 0.008112 -0.041481 6.934612
v 0.008112 -0.047481 6.934612
v 0.008385 -0.041481 6.934671
v 0.008385 -0.047481 6.934671
v 0.008645 -0.041481 6.934775
v 0.008645 -0.047481 6.934775
v 0.008883 -0.041481 6.934922
v 0.008883 -0.047481 6.934922
v 0.009093 -0.041481 6.935107
v 0.009093 -0.047481 6.935107
v 0.009269 -0.041481 6.935325
v 0.009269 -0.047481 6.935325
v 0.009406 -0.041481 6.935569
v 0.009406 -0.047481 6.935569
v 0.009499 -0.041481 6.935833
v 0.009499 -0.047481 6.935833
v 0.009546 -0.041481 6.936109
v 0.009546 -0.047481 6.936109
v 0.009546 -0.041481 6.936388
v 0.009546 -0.047481 6.936388
v 0.009499 -0.041481 6.936664
v 0.009499 -0.047481 6.936664
v 0.009406 -0.041481 6.936928
v 0.009406 -0.047481 6.936928
v 0.009269 -0.041481 6.937172
v 0.009269 -0.047481 6.937172
v 0.009093 -0.041481 6.937390
v 0.009093 -0.047481 6.937390
v 0.008883 -0.041481 6.937575
v 0.008883 -0.047481 6.937575
v 0.008645 -0.041481 6.937722
v 0.008645 -0.047481 6.937722
v 0.008385 -0.041481 6.937826
v 0.008385 -0.047481 6.937826
v 0.008112 -0.041481 6.937885
v 0.008112 -0.047481 6.937885
v 0.007832 -0.041481 6.937897
v 0.007832 -0.047481 6.937897
v 0.007555 -0.041481 6.937861
v 0.007555 -0.047481 6.937861
v 0.007287 -0.041481 6.937779
v 0.007287 -0.047481 6.937779
v 0.007037 -0.041481 6.937654
v 0.007037 -0.047481 6.937654
v 0.006812 -0.041481 6.937487
v 0.006812 -0.047481 6.937487
v 0.006618 -0.041481 6.937285
v 0.006618 -0.047481 6.937285
v 0.006462 -0.041481 6.937053
v 0.006462 -0.047481 6.937053
v 0.006346 -0.041481 6.936798
v 0.006346 -0.047481 6.936798
v 0.006276 -0.041481 6.936527
v 0.006276 -0.047481 6.936527
v 0.006252 -0.041481 6.928248
v 0.006252 -0.047481 6.928248
v 0.006276 -0.041481 6.927969
v 0.006276 -0.047481 6.927969
v 0.006346 -0.041481 6.927699
v 0.006346 -0.047481 6.927699
v 0.006462 -0.041481 6.927444
v 0.006462 -0.047481 6.927444
v 0.006618 -0.041481 6.927212
v 0.006618 -0.047481 6.927212
v 0.006812 -0.041481 6.927010
v 0.006812 -0.047481 6.927010
v 0.007037 -0.041481 6.926843
v 0.007037 -0.047481 6.926843
v 0.007287 -0.041481 6.926717
v 0.007287 -0.047481 6.926717
v 0.007555 -0.041481 6.926635
v 0.007555 -0.047481 6.926635
v 0.007832 -0.041481 6.926600
v 0.007832 -0.047481 6.926600
v 0.008112 -0.041481 6.926612
v 0.008112 -0.047481 6.926612
v 0.008385 -0.041481 6.926671
v 0.008385 -0.047481 6.926671
v 0.008645 -0.041481 6.926775
v 0.008645 -0.047481 6.926775
v 0.008883 -0.041481 6.926922
v 0.008883 -0.047481 6.926922
v 0.009093 -0.041481 6.927107
v 0.009093 -0.047481 6.927107
v 0.009269 -0.041481 6.927324
v 0.009269 -0.047481 6.927324
v 0.009406 -0.041481 6.927569
v 0.009406 -0.047481 6.927569
v 0.009499 -0.041481 6.927833
v 0.009499 -0.047481 6.927833
v 0.009546 -0.041481 6.928109
v 0.009546 -0.047481 6.928109
v 0.009546 -0.041481 6.928388
v 0.009546 -0.047481 6.928388
v 0.009499 -0.041481 6.928664
v 0.009499 -0.047481 6.928664
v 0.009406 -0.041481 6.928928
v 0.009406 -0.047481 6.928928
v 0.009269 -0.041481 6.929173
v 0.009269 -0.047481 6.929173
v 0.009093 -0.041481 6.929390
v 0.009093 -0.047481 6.929390
v 0.008883 -0.041481 6.929575
v 0.008883 -0.047481 6.929575
v 0.008645 -0.041481 6.929722
v 0.008645 -0.047481 6.929722
v 0.008385 -0.041481 6.929826
v 0.008385 -0.047481 6.929826
v 0.008112 -0.041481 6.929885
v 0.008112 -0.047481 6.929885
v 0.007832 -0.041481 6.929897
v 0.007832 -0.047481 6.929897
v 0.007555 -0.041481 6.929862
v 0.007555 -0.047481 6.929862
v 0.007287 -0.041481 6.929780
v 0.007287 -0.047481 6.929780
v 0.007037 -0.041481 6.929654
v 0.007037 -0.047481 6.929654
v 0.006812 -0.041481 6.929487
v 0.006812 -0.047481 6.929487
v 0.006618 -0.041481 6.929285
v 0.006618 -0.047481 6.929285
v 0.006462 -0.041481 6.929053
v 0.006462 -0.047481 6.929053
v 0.006346 -0.041481 6.928798
v 0.006346 -0.047481 6.928798
v 0.006276 -0.041481 6.928527
v 0.006276 -0.047481 6.928527
v 0.006252 -0.041481 6.920249
v 0.006252 -0.047481 6.920249
v 0.006276 -0.041481 6.919970
v 0.006276 -0.047481 6.919970
v 0.006346 -0.041481 6.919699
v 0.006346 -0.047481 6.919699
v 0.006462 -0.041481 6.919444
v 0.006462 -0.047481 6.919444
v 0.006618 -0.041481 6.919212
v 0.006618 -0.047481 6.919212
v 0.006812 -0.041481 6.919010
v 0.006812 -0.047481 6.919010
v 0.007037 -0.041481 6.918843
v 0.007037 -0.047481 6.918843
v 0.007287 -0.041481 6.918717
v 0.007287 -0.047481 6.918717
v 0.007555 -0.041481 6.918635
v 0.007555 -0.047481 6.918635
v 0.007832 -0.041481 6.918600
v 0.007832 -0.047481 6.918600
v 0.008112 -0.041481 6.918612
v 0.008112 -0.047481 6.918612
v 0.008385 -0.041481 6.918671
v 0.008385 -0.047481 6.918671
v 0.008645 -0.041481 6.918775
v 0.008645 -0.047481 6.918775
v 0.008883 -0.041481 6.918922
v 0.008883 -0.047481 6.918922
v 0.009093 -0.041481 6.919106
v 0.009093 -0.047481 6.919106
v 0.009269 -0.041481 6.919324
v 0.009269 -0.047481 6.919324
v 0.009406 -0.041481 6.919569
v 0.009406 -0.047481 6.919569
v 0.009499 -0.041481 6.919833
v 0.009499 -0.047481 6.919833
v 0.009546 -0.041481 6.920108
v 0.009546 -0.047481 6.920108
v 0.009546 -0.041481 6.920388
v 0.009546 -0.047481 6.920388
v 0.009499 -0.041481 6.920664
v 0.009499 -0.047481 6.920664
v 0.009406 -0.041481 6.920928
v 0.009406 -0.047481 6.920928
v 0.009269 -0.041481 6.921172
v 0.009269 -0.047481 6.921172
v 0.009093 -0.041481 6.921390
v 0.009093 -0.047481 6.921390
v 0.008883 -0.041481 6.921575
v 0.008883 -0.047481 6.921575
v 0.008645 -0.041481 6.921722
v 0.008645 -0.047481 6.921722
v 0.008385 -0.041481 6.921826
v 0.008385 -0.047481 6.921826
v 0.008112 -0.041481 6.921885
v 0.008112 -0.047481 6.921885
v 0.007832 -0.041481 6.921897
v 0.007832 -0.047481 6.921897
v 0.007555 -0.041481 6.921861
v 0.007555 -0.047481 6.921861
v 0.007287 -0.041481 6.921780
v 0.007287 -0.047481 6.921780
v 0.007037 -0.041481 6.921653
v 0.007037 -0.047481 6.921653
v 0.006812 -0.041481 6.921487
v 0.006812 -0.047481 6.921487
v 0.006618 -0.041481 6.921285
v 0.006618 -0.047481 6.921285
v 0.006462 -0.041481 6.921053
v 0.006462 -0.047481 6.921053
v 0.006346 -0.041481 6.920798
v 0.006346 -0.047481 6.920798
v 0.006276 -0.041481 6.920527
v 0.006276 -0.047481 6.920527
v 0.006252 -0.041481 6.912249
v 0.006252 -0.047481 6.912249
v 0.006276 -0.041481 6.911970
v 0.006276 -0.047481 6.911970
v 0.006346 -0.041481 6.911699
v 0.006346 -0.047481 6.911699
v 0.006462 -0.041481 6.911444
v 0.006462 -0.047481 6.911444
v 0.006618 -0.041481 6.911212
v 0.006618 -0.047481 6.911212
v 0.006812 -0.041481 6.911010
v 0.006812 -0.047481 6.911010
v 0.007037 -0.041481 6.910843
v 0.007037 -0.047481 6.910843
v 0.007287 -0.041481 6.910717
v 0.007287 -0.047481 6.910717
v 0.007555 -0.041481 6.910635
v 0.007555 -0.047481 6.910635
v 0.007832 -0.041481 6.910600
v 0.007832 -0.047481 6.910600
v 0.008112 -0.041481 6.910612
v 0.008112 -0.047481 6.910612
v 0.008385 -0.041481 6.910671
v 0.008385 -0.047481 6.910671
v 0.008645 -0.041481 6.910775
v 0.008645 -0.047481 6.910775
v 0.008883 -0.041481 6.910922
v 0.008883 -0.047481 6.910922
v 0.009093 -0.041481 6.911107
v 0.009093 -0.047481 6.911107
v 0.009269 -0.041481 6.911325
v 0.009269 -0.047481 6.911325
v 0.009406 -0.041481 6.911569
v 0.009406 -0.047481 6.911569
v 0.009499 -0.041481 6.911833
v 0.009499 -0.047481 6.911833
v 0.009546 -0.041481 6.912108
v 0.009546 -0.047481 6.912108
v 0.009546 -0.041481 6.912388
v 0.009546 -0.047481 6.912388
v 0.009499 -0.041481 6.912664
v 0.009499 -0.047481 6.912664
v 0.009406 -0.041481 6.912928
v 0.009406 -0.047481 6.912928
v 0.009269 -0.041481 6.913172
v 0.009269 -0.047481 6.913172
v 0.009093 -0.041481 6.913390
v 0.009093 -0.047481 6.913390
v 0.008883 -0.041481 6.913575
v 0.008883 -0.047481 6.913575
v 0.008645 -0.041481 6.913722
v 0.008645 -0.047481 6.913722
v 0.008385 -0.041481 6.913826
v 0.008385 -0.047481 6.913826
v 0.008112 -0.041481 6.913885
v 0.008112 -0.047481 6.913885
v 0.007832 -0.041481 6.913897
v 0.007832 -0.047481 6.913897
v 0.007555 -0.041481 6.913861
v 0.007555 -0.047481 6.913861
v 0.007287 -0.041481 6.913779
v 0.007287 -0.047481 6.913779
v 0.007037 -0.041481 6.913653
v 0.007037 -0.047481 6.913653
v 0.006812 -0.041481 6.913487
v 0.006812 -0.047481 6.913487
v 0.006618 -0.041481 6.913285
v 0.006618 -0.047481 6.913285
v 0.006462 -0.041481 6.913053
v 0.006462 -0.047481 6.913053
v 0.006346 -0.041481 6.912798
v 0.006346 -0.047481 6.912798
v 0.006276 -0.041481 6.912527
v 0.006276 -0.047481 6.912527
v -0.011523 -0.047481 6.907299
v -0.011480 -0.047481 6.906751
v -0.011352 -0.047481 6.906217
v -0.011141 -0.047481 6.905709
v -0.010854 -0.047481 6.905241
v -0.010498 -0.047481 6.904823
v -0.010080 -0.047481 6.904467
v -0.009612 -0.047481 6.904180
v -0.009104 -0.047481 6.903970
v -0.008570 -0.047481 6.903841
v -0.008023 -0.047481 6.903799
v -0.011523 -0.047481 6.963773
v -0.011523 -0.047481 6.971273
v -0.011523 -0.047481 6.973623
v -0.011523 -0.047481 6.980248
v -0.011523 -0.047481 6.984298
v -0.011523 -0.047481 6.916248
v -0.011523 -0.047481 6.924248
v -0.011523 -0.047481 6.932249
v -0.011523 -0.047481 6.940248
v -0.011523 -0.047481 6.948248
v -0.011523 -0.047481 6.956248
v -0.008023 -0.047481 6.987798
v -0.008023 -0.046981 6.988298
v -0.008649 -0.046981 6.988249
v -0.008570 -0.047481 6.987755
v -0.009259 -0.046981 6.988102
v -0.009104 -0.047481 6.987627
v -0.009839 -0.046981 6.987863
v -0.009612 -0.047481 6.987417
v -0.010374 -0.046981 6.987535
v -0.010080 -0.047481 6.987130
v -0.010851 -0.046981 6.987127
v -0.010498 -0.047481 6.986773
v -0.011259 -0.046981 6.986650
v -0.010854 -0.047481 6.986356
v -0.011587 -0.046981 6.986115
v -0.011141 -0.047481 6.985888
v -0.011827 -0.046981 6.985535
v -0.011352 -0.047481 6.985380
v -0.011974 -0.046981 6.984924
v -0.011480 -0.047481 6.984846
v -0.004910 -0.047481 6.903799
v 0.004865 -0.047481 6.903799
v 0.007977 -0.046981 6.903298
v 0.007977 -0.047481 6.903799
v -0.005660 -0.041481 6.948248
v -0.005660 -0.041481 6.956248
v 0.005615 -0.041481 6.956248
v 0.005615 -0.041481 6.980248
v -0.010560 -0.041481 6.986023
v -0.005660 -0.041481 6.987798
v -0.005660 -0.041481 6.986023
v -0.005660 -0.041481 6.916248
v -0.010560 -0.041481 6.916248
v 0.005615 -0.041481 6.916248
v 0.011477 -0.041481 6.916248
v 0.011306 -0.041481 6.906217
v 0.011096 -0.041481 6.905709
v 0.011477 -0.041481 6.907299
v 0.008525 -0.041481 6.903841
v 0.010452 -0.041481 6.904823
v 0.010034 -0.041481 6.904467
v 0.009566 -0.041481 6.904180
v 0.009059 -0.041481 6.903970
v 0.010809 -0.041481 6.905241
v 0.011434 -0.041481 6.906751
v 0.005615 -0.041481 6.986023
v 0.011477 -0.041481 6.980248
v 0.010809 -0.041481 6.986356
v 0.011477 -0.041481 6.984298
v 0.011434 -0.041481 6.984846
v 0.011096 -0.041481 6.985888
v 0.011306 -0.041481 6.985380
v 0.005615 -0.041481 6.987798
v 0.007977 -0.041481 6.987798
v 0.008525 -0.041481 6.987755
v 0.010452 -0.041481 6.986773
v 0.010034 -0.041481 6.987130
v 0.009059 -0.041481 6.987627
v 0.009566 -0.041481 6.987417
v -0.005660 -0.041481 6.972023
v 0.005615 -0.041481 6.963023
v -0.005660 -0.041481 6.963023
v 0.005615 -0.041481 6.972023
v 0.005615 -0.041481 6.974373
v -0.005660 -0.041481 6.974373
v -0.005660 -0.041481 6.980248
v -0.010560 -0.041481 6.972023
v -0.010560 -0.041481 6.963023
v -0.010560 -0.041481 6.956248
v -0.010560 -0.041481 6.948248
v -0.010560 -0.041481 6.940248
v -0.010560 -0.041481 6.932249
v -0.010560 -0.041481 6.924248
v -0.010560 -0.041481 6.974373
v -0.010560 -0.041481 6.980248
v -0.005660 -0.041481 6.924248
v -0.005660 -0.041481 6.932249
v -0.005660 -0.041481 6.940248
v 0.005615 -0.041481 6.924248
v 0.011477 -0.041481 6.924248
v 0.005615 -0.041481 6.932249
v 0.011477 -0.041481 6.932249
v 0.005615 -0.041481 6.940248
v 0.011477 -0.041481 6.940248
v 0.005615 -0.041481 6.948248
v 0.011477 -0.041481 6.948248
v 0.011477 -0.041481 6.956248
v 0.011477 -0.041481 6.963023
v 0.011477 -0.041481 6.972023
v 0.011477 -0.041481 6.974373
v 0.011977 -0.041981 6.907299
v 0.011977 -0.041981 6.984298
v 0.007977 -0.041981 6.988298
v 0.004865 -0.047481 6.987798
v 0.007977 -0.047481 6.987798
v 0.007977 -0.046981 6.988298
v -0.004910 -0.047481 6.987798
v 0.011928 -0.041981 6.906672
v 0.011781 -0.041981 6.906062
v 0.011541 -0.041981 6.905482
v 0.011213 -0.041981 6.904947
v 0.010806 -0.041981 6.904470
v 0.010328 -0.041981 6.904062
v 0.009793 -0.041981 6.903734
v 0.009213 -0.041981 6.903494
v 0.008603 -0.041981 6.903347
v 0.004865 -0.047481 6.973623
v 0.010515 -0.047481 6.973623
v 0.011434 -0.047481 6.984846
v 0.011306 -0.047481 6.985380
v 0.010515 -0.047481 6.985273
v 0.011096 -0.047481 6.985888
v 0.010809 -0.047481 6.986356
v 0.010452 -0.047481 6.986773
v 0.011306 -0.047481 6.906217
v 0.011434 -0.047481 6.906751
v 0.011477 -0.047481 6.907299
v 0.011096 -0.047481 6.905709
v 0.004865 -0.047481 6.916248
v 0.010515 -0.047481 6.916248
v 0.010452 -0.047481 6.904823
v 0.010809 -0.047481 6.905241
v 0.009566 -0.047481 6.904180
v 0.010034 -0.047481 6.904467
v 0.008525 -0.047481 6.903841
v 0.009059 -0.047481 6.903970
v -0.004910 -0.047481 6.916248
v -0.004910 -0.047481 6.985273
v -0.004910 -0.047481 6.980248
v 0.008525 -0.047481 6.987755
v 0.009059 -0.047481 6.987627
v 0.009566 -0.047481 6.987417
v 0.010034 -0.047481 6.987130
v 0.010515 -0.047481 6.980248
v 0.004865 -0.047481 6.985273
v 0.004865 -0.047481 6.980248
v -0.004910 -0.047481 6.971273
v -0.004910 -0.047481 6.963773
v 0.004865 -0.047481 6.963773
v 0.004865 -0.047481 6.971273
v -0.004910 -0.047481 6.973623
v 0.011477 -0.047481 6.971273
v 0.010515 -0.047481 6.971273
v 0.011477 -0.047481 6.963773
v 0.010515 -0.047481 6.963773
v 0.011477 -0.047481 6.956248
v 0.010515 -0.047481 6.956248
v 0.011477 -0.047481 6.948248
v 0.010515 -0.047481 6.948248
v 0.011477 -0.047481 6.940248
v 0.010515 -0.047481 6.940248
v 0.011477 -0.047481 6.932249
v 0.010515 -0.047481 6.932249
v 0.011477 -0.047481 6.924248
v 0.010515 -0.047481 6.924248
v 0.011477 -0.047481 6.916248
v 0.011477 -0.047481 6.973623
v 0.011477 -0.047481 6.980248
v 0.011477 -0.047481 6.984298
v 0.004865 -0.047481 6.924248
v 0.004865 -0.047481 6.932249
v 0.004865 -0.047481 6.940248
v 0.004865 -0.047481 6.948248
v 0.004865 -0.047481 6.956248
v -0.004910 -0.047481 6.924248
v -0.004910 -0.047481 6.932249
v -0.004910 -0.047481 6.940248
v -0.004910 -0.047481 6.948248
v -0.004910 -0.047481 6.956248
v 0.008603 -0.046981 6.903347
v 0.009213 -0.046981 6.903494
v 0.009793 -0.046981 6.903734
v 0.010328 -0.046981 6.904062
v 0.010806 -0.046981 6.904470
v 0.011213 -0.046981 6.904947
v 0.011541 -0.046981 6.905482
v 0.011781 -0.046981 6.906062
v 0.011928 -0.046981 6.906672
v 0.011977 -0.046981 6.907299
v 0.010977 -0.046031 6.904653
v 0.010977 -0.042931 6.904653
v 0.010977 -0.046031 6.986944
v 0.010977 -0.042931 6.986944
v 0.011213 -0.042931 6.904947
v 0.011541 -0.042931 6.905482
v 0.011977 -0.042931 6.907299
v 0.011781 -0.042931 6.906062
v 0.011928 -0.042931 6.906672
v 0.011781 -0.042931 6.985535
v 0.011541 -0.042931 6.986115
v 0.011928 -0.042931 6.984924
v 0.011213 -0.042931 6.986650
v 0.011977 -0.042931 6.984298
v 0.008603 -0.041981 6.988249
v 0.009213 -0.041981 6.988102
v 0.009793 -0.041981 6.987863
v 0.010328 -0.041981 6.987535
v 0.010806 -0.041981 6.987127
v 0.011213 -0.041981 6.986650
v 0.011541 -0.041981 6.986115
v 0.011781 -0.041981 6.985535
v 0.011928 -0.041981 6.984924
v 0.011977 -0.046981 6.984298
v 0.011928 -0.046981 6.984924
v 0.011781 -0.046981 6.985535
v 0.011541 -0.046981 6.986115
v 0.011213 -0.046981 6.986650
v 0.010806 -0.046981 6.987127
v 0.010328 -0.046981 6.987535
v 0.009793 -0.046981 6.987863
v 0.009213 -0.046981 6.988102
v 0.008603 -0.046981 6.988249
v 0.011977 -0.046031 6.907299
v 0.011928 -0.046031 6.906672
v 0.011781 -0.046031 6.906062
v 0.011541 -0.046031 6.905482
v 0.011213 -0.046031 6.904947
v 0.011977 -0.046031 6.984298
v 0.011213 -0.046031 6.986650
v 0.011928 -0.046031 6.984924
v 0.011541 -0.046031 6.986115
v 0.011781 -0.046031 6.985535
vn 0.9964 -0.0000 0.0849
vn 0.9964 -0.0000 0.0848
vn 0.9677 -0.0000 0.2523
vn 0.9679 -0.0000 0.2514
vn 0.9112 -0.0000 0.4120
vn 0.8284 -0.0000 0.5601
vn 0.7220 -0.0000 0.6919
vn 0.7212 -0.0000 0.6928
vn 0.5952 -0.0000 0.8036
vn 0.4504 -0.0000 0.8928
vn 0.4490 -0.0000 0.8935
vn 0.2935 -0.0000 0.9560
vn 0.1249 -0.0000 0.9922
vn 0.1282 -0.0000 0.9918
vn -0.0405 -0.0000 0.9992
vn -0.0439 -0.0000 0.9990
vn -0.2125 -0.0000 0.9772
vn -0.2092 -0.0000 0.9779
vn -0.3728 -0.0000 0.9279
vn -0.5245 -0.0000 0.8514
vn -0.5233 -0.0000 0.8521
vn -0.6610 -0.0000 0.7504
vn -0.7779 -0.0000 0.6284
vn -0.8728 -0.0000 0.4881
vn -0.8732 -0.0000 0.4873
vn -0.9429 -0.0000 0.3331
vn -0.9856 -0.0000 0.1691
vn -0.9857 -0.0000 0.1688
vn -1.0000 -0.0000 -0.0000
vn -0.9857 -0.0000 -0.1688
vn -0.9856 -0.0000 -0.1691
vn -0.9429 -0.0000 -0.3331
vn -0.8724 -0.0000 -0.4888
vn -0.8732 -0.0000 -0.4873
vn -0.7786 -0.0000 -0.6276
vn -0.7779 -0.0000 -0.6284
vn -0.6620 -0.0000 -0.7495
vn -0.6601 -0.0000 -0.7512
vn -0.5245 -0.0000 -0.8514
vn -0.5233 -0.0000 -0.8521
vn -0.3728 -0.0000 -0.9279
vn -0.2109 -0.0000 -0.9775
vn -0.0405 -0.0000 -0.9992
vn -0.0439 -0.0000 -0.9990
vn 0.1265 -0.0000 -0.9920
vn 0.2919 -0.0000 -0.9564
vn 0.2950 -0.0000 -0.9555
vn 0.4490 -0.0000 -0.8935
vn 0.4504 -0.0000 -0.8928
vn 0.5941 -0.0000 -0.8044
vn 0.5963 -0.0000 -0.8028
vn 0.7212 -0.0000 -0.6928
vn 0.7220 -0.0000 -0.6919
vn 0.8284 -0.0000 -0.5601
vn 0.9112 -0.0000 -0.4120
vn 0.9115 -0.0000 -0.4114
vn 0.9678 -0.0000 -0.2518
vn 0.9677 -0.0000 -0.2523
vn 0.9964 -0.0000 -0.0848
vn 0.9115 -0.0000 0.4114
vn 0.5941 -0.0000 0.8044
vn 0.5963 -0.0000 0.8028
vn 0.2919 -0.0000 0.9564
vn 0.2950 -0.0000 0.9555
vn -0.0422 -0.0000 0.9991
vn -0.3743 -0.0000 0.9273
vn -0.6601 -0.0000 0.7512
vn -0.9427 -0.0000 0.3336
vn -0.6610 -0.0000 -0.7504
vn -0.2125 -0.0000 -0.9772
vn -0.2092 -0.0000 -0.9779
vn -0.0422 -0.0000 -0.9991
vn 0.1249 -0.0000 -0.9922
vn 0.1282 -0.0000 -0.9918
vn 0.2935 -0.0000 -0.9560
vn 0.5952 -0.0000 -0.8036
vn 0.9964 -0.0000 -0.0850
vn 0.9964 -0.0000 -0.0846
vn -0.0000 -1.0000 -0.0000
vn 0.6859 0.7054 -0.1785
vn 0.6853 0.7061 -0.1785
vn 0.6454 0.7060 -0.2917
vn 0.6453 0.7060 -0.2919
vn 0.5872 0.7056 -0.3966
vn 0.5876 0.7054 -0.3963
vn 0.5101 0.7064 -0.4907
vn 0.5112 0.7060 -0.4902
vn 0.4223 0.7055 -0.5691
vn 0.4210 0.7058 -0.5697
vn 0.3178 0.7060 -0.6329
vn 0.3196 0.7057 -0.6323
vn 0.2087 0.7057 -0.6771
vn 0.2070 0.7059 -0.6774
vn 0.0908 0.7057 -0.7026
vn 0.0887 0.7060 -0.7027
vn -0.0285 0.7059 -0.7077
vn -0.0303 0.7058 -0.7078
vn -0.1491 0.7058 -0.6925
vn -0.1494 0.7058 -0.6925
vn -0.2645 0.7057 -0.6573
vn -0.2638 0.7059 -0.6574
vn -0.3721 0.7056 -0.6031
vn -0.3712 0.7058 -0.6033
vn -0.4670 0.7062 -0.5321
vn -0.4689 0.7055 -0.5315
vn -0.5518 0.7055 -0.4446
vn -0.5508 0.7060 -0.4451
vn -0.6178 0.7062 -0.3458
vn -0.6189 0.7055 -0.3453
vn -0.6672 0.7065 -0.2362
vn -0.6678 0.7059 -0.2361
vn -0.6984 0.7056 -0.1197
vn -0.6984 0.7057 -0.1197
vn -0.7082 0.7060 -0.0000
vn -0.7084 0.7058 -0.0000
vn -0.6984 0.7056 0.1196
vn -0.6980 0.7060 0.1197
vn -0.6686 0.7053 0.2358
vn -0.6676 0.7061 0.2361
vn -0.6183 0.7060 0.3454
vn -0.6186 0.7057 0.3455
vn -0.5511 0.7058 0.4451
vn -0.5509 0.7060 0.4451
vn -0.4691 0.7054 0.5314
vn -0.4677 0.7060 0.5319
vn -0.3698 0.7062 0.6037
vn -0.3724 0.7056 0.6028
vn -0.2632 0.7061 0.6574
vn -0.2645 0.7058 0.6572
vn -0.1491 0.7059 0.6924
vn -0.1494 0.7058 0.6925
vn -0.0298 0.7058 0.7078
vn -0.0303 0.7059 0.7077
vn 0.0907 0.7058 0.7026
vn 0.0895 0.7059 0.7027
vn 0.2087 0.7057 0.6771
vn 0.2069 0.7059 0.6774
vn 0.3190 0.7058 0.6326
vn 0.4213 0.7059 0.5694
vn 0.4209 0.7060 0.5696
vn 0.5120 0.7055 0.4900
vn 0.5118 0.7057 0.4900
vn 0.5864 0.7062 0.3969
vn 0.5866 0.7060 0.3967
vn 0.6457 0.7056 0.2918
vn 0.6453 0.7060 0.2919
vn 0.6856 0.7058 0.1784
vn 0.6859 0.7055 0.1784
vn 0.7057 0.7060 0.0601
vn 0.7057 0.7059 0.0601
vn 0.7060 0.7057 -0.0600
vn 0.7057 0.7059 -0.0601
vn 0.6850 0.7063 -0.1786
vn -0.2632 0.7061 -0.6574
vn -0.2645 0.7058 -0.6572
vn -0.3720 0.7056 -0.6031
vn -0.3711 0.7060 -0.6032
vn -0.5502 0.7063 -0.4454
vn -0.5514 0.7057 -0.4449
vn -0.6184 0.7059 -0.3454
vn -0.6185 0.7057 -0.3455
vn -0.6678 0.7059 -0.2360
vn -0.6676 0.7061 -0.2361
vn -0.3718 0.7057 0.6032
vn -0.2644 0.7059 0.6571
vn 0.3190 0.7058 0.6325
vn 0.4213 0.7058 0.5695
vn 0.4210 0.7059 0.5697
vn 0.6462 0.7053 0.2914
vn 0.6452 0.7060 0.2919
vn 0.6852 0.7061 0.1787
vn 0.7060 0.7057 0.0600
vn 0.7055 0.7061 0.0601
vn 0.7063 0.7053 -0.0601
vn -0.0557 0.7062 -0.7059
vn -0.0552 0.7061 -0.7059
vn -0.1660 0.7061 -0.6884
vn -0.1657 0.7059 -0.6887
vn -0.2702 0.7061 -0.6546
vn -0.2724 0.7060 -0.6538
vn -0.3698 0.7063 -0.6037
vn -0.3690 0.7061 -0.6043
vn -0.4602 0.7058 -0.5385
vn -0.4600 0.7059 -0.5386
vn -0.5382 0.7061 -0.4601
vn -0.5390 0.7057 -0.4598
vn -0.6035 0.7062 -0.3703
vn -0.6040 0.7059 -0.3700
vn -0.6545 0.7058 -0.2710
vn -0.6538 0.7064 -0.2712
vn -0.6890 0.7057 -0.1652
vn -0.6884 0.7063 -0.1654
vn -0.7059 0.7061 -0.0555
vn -0.7064 0.7056 -0.0555
vn -0.7072 0.7071 -0.0000
vn -0.7071 0.7071 -0.0000
vn -0.7059 0.7061 0.0555
vn -0.7058 0.7062 0.0555
vn -0.6890 0.7057 0.1652
vn -0.6884 0.7063 0.1654
vn -0.6545 0.7058 0.2710
vn -0.6538 0.7064 0.2712
vn -0.6042 0.7058 0.3700
vn -0.6040 0.7058 0.3700
vn -0.5382 0.7061 0.4601
vn -0.4602 0.7058 0.5385
vn -0.4600 0.7059 0.5386
vn -0.3708 0.7057 0.6037
vn -0.3688 0.7065 0.6041
vn -0.2711 0.7061 0.6541
vn -0.2703 0.7061 0.6545
vn -0.1660 0.7059 0.6886
vn -0.1657 0.7061 0.6885
vn -0.0546 0.7062 0.7060
vn -0.0564 0.7061 0.7058
vn -0.0000 1.0000 -0.0000
vn -0.0000 1.0000 -0.0001
vn -0.0000 0.7072 -0.7070
vn -0.0000 0.7073 -0.7070
vn -0.9969 -0.0000 -0.0784
vn -0.9969 -0.0000 -0.0785
vn -0.9724 -0.0000 -0.2333
vn -0.9238 -0.0000 -0.3830
vn -0.8527 -0.0000 -0.5224
vn -0.7807 -0.0207 -0.6246
vn -0.7809 -0.0000 -0.6247
vn -0.7604 0.0125 -0.6493
vn -0.7289 -0.0000 -0.6846
vn -0.7605 -0.0000 -0.6493
vn -0.8522 -0.0000 -0.5231
vn -0.9240 -0.0000 -0.3824
vn -0.9723 -0.0000 -0.2336
vn -0.7273 -0.0000 -0.6864
vn -0.6500 -0.0000 -0.7599
vn -0.5223 -0.0000 -0.8527
vn -0.3823 -0.0000 -0.9240
vn -0.2327 -0.0000 -0.9725
vn -0.2349 -0.0000 -0.9720
vn -0.0783 -0.0000 -0.9969
vn 0.9964 -0.0000 0.0846
vn 0.9677 -0.0000 0.2521
vn 0.9117 -0.0000 0.4109
vn 0.9109 -0.0000 0.4125
vn 0.8275 -0.0000 0.5615
vn 0.8289 -0.0000 0.5594
vn 0.7226 -0.0000 0.6913
vn 0.5946 -0.0000 0.8040
vn 0.4486 -0.0000 0.8938
vn 0.2928 -0.0000 0.9562
vn 0.1330 -0.0000 0.9911
vn 0.1243 -0.0000 0.9922
vn -0.0444 -0.0000 0.9990
vn -0.0399 -0.0000 0.9992
vn -0.2129 -0.0000 0.9771
vn -0.2086 -0.0000 0.9780
vn -0.3765 -0.0000 0.9264
vn -0.3727 -0.0000 0.9279
vn -0.5205 -0.0000 0.8538
vn -0.5238 -0.0000 0.8519
vn -0.6609 -0.0000 0.7504
vn -0.7774 -0.0000 0.6290
vn -0.7792 -0.0000 0.6268
vn -0.8733 -0.0000 0.4872
vn -0.8722 -0.0000 0.4891
vn -0.9431 -0.0000 0.3325
vn -0.9426 -0.0000 -0.3338
vn -0.9431 -0.0000 -0.3325
vn -0.8733 -0.0000 -0.4872
vn -0.8722 -0.0000 -0.4891
vn -0.7774 -0.0000 -0.6290
vn -0.7792 -0.0000 -0.6268
vn -0.6609 -0.0000 -0.7504
vn -0.5238 -0.0000 -0.8519
vn -0.3727 -0.0000 -0.9279
vn -0.2129 -0.0000 -0.9771
vn -0.2086 -0.0000 -0.9780
vn -0.0444 -0.0000 -0.9990
vn 0.1330 -0.0000 -0.9911
vn 0.1243 -0.0000 -0.9922
vn 0.2928 -0.0000 -0.9562
vn 0.4486 -0.0000 -0.8938
vn 0.4521 -0.0000 -0.8920
vn 0.5946 -0.0000 -0.8040
vn 0.7226 -0.0000 -0.6913
vn 0.7204 -0.0000 -0.6935
vn 0.8289 -0.0000 -0.5594
vn 0.9117 -0.0000 -0.4109
vn 0.9109 -0.0000 -0.4125
vn 0.9677 -0.0000 -0.2521
vn 0.9964 -0.0000 0.0850
vn 0.9680 -0.0000 0.2510
vn 0.8303 -0.0000 0.5574
vn 0.7204 -0.0000 0.6935
vn 0.4521 -0.0000 0.8920
vn 0.1286 -0.0000 0.9917
vn -0.3689 -0.0000 0.9295
vn -0.9426 -0.0000 0.3338
vn -0.9857 -0.0000 0.1684
vn -0.6584 -0.0000 -0.7527
vn -0.0399 -0.0000 -0.9992
vn 0.1286 -0.0000 -0.9917
vn 0.5917 -0.0000 -0.8061
vn 0.5974 -0.0000 -0.8019
vn 0.8275 -0.0000 -0.5615
vn 0.9680 -0.0000 -0.2510
vn 0.4556 -0.0000 0.8902
vn -0.5270 -0.0000 0.8499
vn -0.5270 -0.0000 -0.8499
vn 0.2969 -0.0000 -0.9549
vn 0.9678 -0.0000 0.2517
vn 0.9114 -0.0000 0.4116
vn 0.9111 -0.0000 0.4122
vn 0.7227 -0.0000 0.6911
vn 0.7211 -0.0000 0.6929
vn 0.5948 -0.0000 0.8038
vn 0.4494 -0.0000 0.8933
vn 0.2947 -0.0000 0.9556
vn 0.2916 -0.0000 0.9565
vn 0.1269 -0.0000 0.9919
vn -0.0412 -0.0000 0.9992
vn -0.0429 -0.0000 0.9991
vn -0.2109 -0.0000 0.9775
vn -0.3722 -0.0000 0.9282
vn -0.3736 -0.0000 0.9276
vn -0.5246 -0.0000 0.8514
vn -0.6613 -0.0000 0.7501
vn -0.6604 -0.0000 0.7510
vn -0.7775 -0.0000 0.6289
vn -0.7789 -0.0000 0.6272
vn -0.8725 -0.0000 0.4886
vn -0.8734 -0.0000 0.4871
vn -0.9856 -0.0000 0.1690
vn -0.9856 -0.0000 -0.1690
vn -0.8729 -0.0000 -0.4878
vn -0.7782 -0.0000 -0.6280
vn -0.7775 -0.0000 -0.6289
vn -0.6613 -0.0000 -0.7501
vn -0.6604 -0.0000 -0.7510
vn -0.5246 -0.0000 -0.8514
vn -0.3751 -0.0000 -0.9270
vn -0.3722 -0.0000 -0.9282
vn -0.0429 -0.0000 -0.9991
vn 0.1269 -0.0000 -0.9919
vn 0.2932 -0.0000 -0.9561
vn 0.4494 -0.0000 -0.8933
vn 0.4508 -0.0000 -0.8926
vn 0.5937 -0.0000 -0.8047
vn 0.5959 -0.0000 -0.8030
vn 0.7219 -0.0000 -0.6920
vn 0.7211 -0.0000 -0.6929
vn 0.9114 -0.0000 -0.4116
vn 0.9111 -0.0000 -0.4122
vn 0.9678 -0.0000 -0.2517
vn 0.9964 -0.0000 -0.0847
vn 0.9964 -0.0000 0.0847
vn 0.7219 -0.0000 0.6920
vn 0.5937 -0.0000 0.8047
vn 0.5959 -0.0000 0.8030
vn 0.4508 -0.0000 0.8926
vn 0.2932 -0.0000 0.9561
vn -0.5258 -0.0000 0.8506
vn -0.7782 -0.0000 0.6280
vn -0.8729 -0.0000 0.4878
vn -0.9856 -0.0000 0.1692
vn -0.9856 -0.0000 -0.1692
vn -0.8734 -0.0000 -0.4871
vn -0.0412 -0.0000 -0.9992
vn -0.0446 -0.0000 -0.9990
vn 0.2947 -0.0000 -0.9556
vn 0.2916 -0.0000 -0.9565
vn 0.5948 -0.0000 -0.8038
vn -0.8743 -0.0000 0.4853
vn -0.3689 -0.0000 -0.9295
vn 0.8303 -0.0000 -0.5574
vn -0.9857 -0.0000 -0.1684
vn -0.5205 -0.0000 -0.8538
vn -0.9431 -0.0000 0.3324
vn -0.9431 -0.0000 -0.3324
vn 0.8303 -0.0000 0.5573
vn 0.5975 -0.0000 -0.8019
vn -0.8743 -0.0000 0.4854
vn 0.8303 -0.0000 -0.5573
vn 0.5917 -0.0000 0.8061
vn 0.5974 -0.0000 0.8019
vn -0.8743 -0.0000 -0.4853
vn -0.3765 -0.0000 -0.9264
vn -0.6584 -0.0000 0.7527
vn -0.9855 -0.0000 0.1698
vn 0.5975 -0.0000 0.8019
vn -0.8743 -0.0000 -0.4854
vn -0.7064 -0.7056 -0.0555
vn -0.7052 -0.7068 -0.0556
vn -0.6890 -0.7057 -0.1653
vn -0.6884 -0.7063 -0.1654
vn -0.6545 -0.7058 -0.2710
vn -0.6538 -0.7064 -0.2712
vn -0.6042 -0.7058 -0.3700
vn -0.6040 -0.7058 -0.3700
vn -0.5382 -0.7061 -0.4601
vn -0.4602 -0.7058 -0.5385
vn -0.4600 -0.7059 -0.5386
vn -0.3708 -0.7057 -0.6037
vn -0.3688 -0.7065 -0.6041
vn -0.2711 -0.7061 -0.6541
vn -0.2703 -0.7061 -0.6545
vn -0.1660 -0.7059 -0.6886
vn -0.1657 -0.7061 -0.6885
vn -0.0546 -0.7062 -0.7060
vn -0.0564 -0.7061 -0.7058
vn -0.7071 -0.7071 -0.0000
vn -0.7072 -0.7071 -0.0000
vn -0.0567 -0.7061 0.7058
vn -0.0552 -0.7061 0.7059
vn -0.1650 -0.7062 0.6885
vn -0.1669 -0.7058 0.6885
vn -0.2702 -0.7061 0.6546
vn -0.2713 -0.7062 0.6540
vn -0.3698 -0.7063 0.6037
vn -0.3690 -0.7061 0.6043
vn -0.4611 -0.7055 0.5382
vn -0.4600 -0.7059 0.5386
vn -0.5382 -0.7061 0.4601
vn -0.5382 -0.7062 0.4601
vn -0.6042 -0.7057 0.3700
vn -0.6032 -0.7064 0.3703
vn -0.6545 -0.7058 0.2710
vn -0.6544 -0.7059 0.2710
vn -0.6884 -0.7062 0.1654
vn -0.6890 -0.7057 0.1653
vn -0.7054 -0.7067 0.0556
vn -0.7064 -0.7056 0.0555
vn -0.0000 -0.7073 -0.7070
vn -0.0000 -0.7072 -0.7070
vn -0.0000 1.0000 0.0003
vn 0.7071 0.7071 -0.0000
vn 0.7072 0.7071 -0.0000
vn -0.0000 0.7072 0.7070
vn -0.0000 -0.7073 0.7070
vn -0.0000 -0.7072 0.7070
vn -0.9969 -0.0000 0.0784
vn -0.9969 -0.0000 0.0785
vn -0.9724 -0.0000 0.2333
vn -0.9723 -0.0000 0.2336
vn -0.9240 -0.0000 0.3824
vn -0.9238 -0.0000 0.3830
vn -0.8527 -0.0000 0.5224
vn -0.7807 0.0207 0.6246
vn -0.7799 -0.0000 0.6260
vn -0.7611 -0.0125 0.6485
vn -0.7289 -0.0000 0.6846
vn -0.7605 -0.0000 0.6493
vn -0.8522 -0.0000 0.5231
vn -0.9723 -0.0000 0.2337
vn -0.7300 -0.0000 0.6834
vn -0.6487 -0.0000 0.7611
vn -0.6500 -0.0000 0.7599
vn -0.5223 -0.0000 0.8527
vn -0.3843 -0.0000 0.9232
vn -0.3803 -0.0000 0.9249
vn -0.2349 -0.0000 0.9720
vn -0.2327 -0.0000 0.9725
vn -0.0783 -0.0000 0.9969
vn 0.7064 0.7056 -0.0555
vn 0.7058 0.7062 -0.0555
vn 0.6884 0.7062 -0.1654
vn 0.6890 0.7057 -0.1652
vn 0.6539 0.7063 -0.2712
vn 0.6544 0.7059 -0.2710
vn 0.6035 0.7062 -0.3702
vn 0.6040 0.7058 -0.3700
vn 0.5382 0.7061 -0.4601
vn 0.5391 0.7057 -0.4598
vn 0.4602 0.7058 -0.5385
vn 0.4600 0.7059 -0.5386
vn 0.3699 0.7060 -0.6039
vn 0.3688 0.7065 -0.6041
vn 0.2710 0.7061 -0.6541
vn 0.2714 0.7059 -0.6543
vn 0.1650 0.7060 -0.6887
vn 0.1669 0.7059 -0.6883
vn 0.0546 0.7062 -0.7059
vn 0.0564 0.7061 -0.7058
vn -0.0000 -0.0000 -1.0000
vn 0.0557 -0.7062 -0.7059
vn 0.0552 -0.7061 -0.7059
vn 0.1660 -0.7061 -0.6884
vn 0.1657 -0.7059 -0.6886
vn 0.2702 -0.7061 -0.6546
vn 0.2713 -0.7062 -0.6540
vn 0.3698 -0.7063 -0.6037
vn 0.3700 -0.7058 -0.6041
vn 0.4602 -0.7058 -0.5385
vn 0.4600 -0.7059 -0.5386
vn 0.5382 -0.7061 -0.4601
vn 0.5382 -0.7062 -0.4601
vn 0.6042 -0.7057 -0.3700
vn 0.6040 -0.7059 -0.3700
vn 0.6539 -0.7063 -0.2712
vn 0.6544 -0.7059 -0.2710
vn 0.6884 -0.7062 -0.1654
vn 0.6890 -0.7057 -0.1652
vn 0.7054 -0.7067 -0.0556
vn 0.7064 -0.7056 -0.0555
vn 1.0000 -0.0000 -0.0000
vn 0.0557 0.7062 0.7059
vn 0.0552 0.7061 0.7059
vn 0.1660 0.7061 0.6884
vn 0.1657 0.7059 0.6887
vn 0.2702 0.7061 0.6546
vn 0.2713 0.7062 0.6540
vn 0.3698 0.7063 0.6037
vn 0.3700 0.7058 0.6041
vn 0.4602 0.7059 0.5385
vn 0.4600 0.7059 0.5386
vn 0.5382 0.7061 0.4601
vn 0.5382 0.7062 0.4601
vn 0.6042 0.7057 0.3700
vn 0.6040 0.7059 0.3700
vn 0.6539 0.7063 0.2712
vn 0.6544 0.7059 0.2710
vn 0.6884 0.7062 0.1654
vn 0.6890 0.7057 0.1653
vn 0.7059 0.7061 0.0555
vn 0.7058 0.7062 0.0555
vn 0.7064 -0.7056 0.0555
vn 0.7052 -0.7068 0.0556
vn 0.6890 -0.7057 0.1652
vn 0.6884 -0.7063 0.1654
vn 0.6545 -0.7058 0.2710
vn 0.6544 -0.7059 0.2710
vn 0.6035 -0.7062 0.3702
vn 0.6040 -0.7058 0.3700
vn 0.5382 -0.7061 0.4601
vn 0.4611 -0.7055 0.5383
vn 0.4600 -0.7059 0.5386
vn 0.3699 -0.7060 0.6039
vn 0.3688 -0.7065 0.6041
vn 0.2710 -0.7061 0.6542
vn 0.2703 -0.7061 0.6545
vn 0.1660 -0.7059 0.6886
vn 0.1657 -0.7061 0.6885
vn 0.0546 -0.7062 0.7059
vn 0.0576 -0.7061 0.7058
vn -0.0000 -0.0000 1.0000
vn 0.9969 -0.0000 -0.0784
vn 0.9969 -0.0000 -0.0785
vn 0.9723 -0.0000 -0.2336
vn 0.9724 -0.0000 -0.2333
vn 0.9238 -0.0000 -0.3830
vn 0.9240 -0.0000 -0.3824
vn 0.8527 -0.0000 -0.5224
vn 0.8523 -0.0000 -0.5231
vn 0.7817 0.0207 -0.6233
vn 0.7809 -0.0000 -0.6247
vn 0.7604 -0.0125 -0.6493
vn 0.7289 -0.0000 -0.6846
vn 0.7598 -0.0000 -0.6501
vn 0.7273 -0.0000 -0.6864
vn 0.6500 -0.0000 -0.7599
vn 0.5223 -0.0000 -0.8527
vn 0.3823 -0.0000 -0.9240
vn 0.2327 -0.0000 -0.9725
vn 0.2349 -0.0000 -0.9720
vn 0.0783 -0.0000 -0.9969
vn 0.7072 -0.7071 -0.0000
vn 0.7071 -0.7071 -0.0000
vn 0.9969 -0.0000 0.0784
vn 0.9969 -0.0000 0.0785
vn 0.9723 -0.0000 0.2336
vn 0.9724 -0.0000 0.2333
vn 0.9238 -0.0000 0.3830
vn 0.9240 -0.0000 0.3824
vn 0.8527 -0.0000 0.5224
vn 0.8522 -0.0000 0.5231
vn 0.7817 -0.0207 0.6233
vn 0.7809 -0.0000 0.6247
vn 0.7604 0.0125 0.6493
vn 0.7289 -0.0000 0.6846
vn 0.7598 -0.0000 0.6501
vn 0.7273 -0.0000 0.6864
vn 0.6487 -0.0000 0.7611
vn 0.6500 -0.0000 0.7599
vn 0.5223 -0.0000 0.8527
vn 0.3843 -0.0000 0.9232
vn 0.3803 -0.0000 0.9249
vn 0.2349 -0.0000 0.9720
vn 0.2327 -0.0000 0.9725
vn 0.0783 -0.0000 0.9969
s 0
f 1//1 2//1 3//1
f 3//2 2//2 4//2
f 3//3 4//3 5//3
f 5//4 4//4 6//4
f 5//5 6//5 7//5
f 7//5 6//5 8//5
f 7//6 8//6 9//6
f 9//6 8//6 10//6
f 9//7 10//7 11//7
f 11//8 10//8 12//8
f 11//9 12//9 13//9
f 13//9 12//9 14//9
f 13//10 14//10 15//10
f 15//11 14//11 16//11
f 15//12 16//12 17//12
f 17//12 16//12 18//12
f 17//13 18//13 19//13
f 19//14 18//14 20//14
f 19//15 20//15 21//15
f 21//16 20//16 22//16
f 21//17 22//17 23//17
f 23//18 22//18 24//18
f 23//19 24//19 25//19
f 25//19 24//19 26//19
f 25//20 26//20 27//20
f 27//21 26//21 28//21
f 27//22 28//22 29//22
f 29//22 28//22 30//22
f 29//23 30//23 31//23
f 31//23 30//23 32//23
f 31//24 32//24 33//24
f 33//25 32//25 34//25
f 33//26 34//26 35//26
f 35//26 34//26 36//26
f 35//27 36//27 37//27
f 37//28 36//28 38//28
f 37//29 38//29 39//29
f 39//29 38//29 40//29
f 39//30 40//30 41//30
f 41//31 40//31 42//31
f 41//32 42//32 43//32
f 43//32 42//32 44//32
f 43//33 44//33 45//33
f 45//34 44//34 46//34
f 45//35 46//35 47//35
f 47//36 46//36 48//36
f 47//37 48//37 49//37
f 49//38 48//38 50//38
f 49//39 50//39 51//39
f 51//40 50//40 52//40
f 51//41 52//41 53//41
f 53//41 52//41 54//41
f 53//42 54//42 55//42
f 55//42 54//42 56//42
f 55//43 56//43 57//43
f 57//44 56//44 58//44
f 57//45 58//45 59//45
f 59//45 58//45 60//45
f 59//46 60//46 61//46
f 61//47 60//47 62//47
f 61//48 62//48 63//48
f 63//49 62//49 64//49
f 63//50 64//50 65//50
f 65//51 64//51 66//51
f 65//52 66//52 67//52
f 67//53 66//53 68//53
f 67//54 68//54 69//54
f 69//54 68//54 70//54
f 69//55 70//55 71//55
f 71//56 70//56 72//56
f 71//57 72//57 73//57
f 73//58 72//58 74//58
f 73//59 74//59 1//59
f 1//59 74//59 2//59
f 75//2 76//2 77//2
f 77//2 76//2 78//2
f 77//3 78//3 79//3
f 79//3 78//3 80//3
f 79//5 80//5 81//5
f 81//60 80//60 82//60
f 81//6 82//6 83//6
f 83//6 82//6 84//6
f 83//7 84//7 85//7
f 85//7 84//7 86//7
f 85//61 86//61 87//61
f 87//62 86//62 88//62
f 87//11 88//11 89//11
f 89//10 88//10 90//10
f 89//63 90//63 91//63
f 91//64 90//64 92//64
f 91//13 92//13 93//13
f 93//14 92//14 94//14
f 93//65 94//65 95//65
f 95//65 94//65 96//65
f 95//17 96//17 97//17
f 97//18 96//18 98//18
f 97//66 98//66 99//66
f 99//19 98//19 100//19
f 99//20 100//20 101//20
f 101//21 100//21 102//21
f 101//22 102//22 103//22
f 103//67 102//67 104//67
f 103//23 104//23 105//23
f 105//23 104//23 106//23
f 105//25 106//25 107//25
f 107//25 106//25 108//25
f 107//68 108//68 109//68
f 109//26 108//26 110//26
f 109//28 110//28 111//28
f 111//27 110//27 112//27
f 111//29 112//29 113//29
f 113//29 112//29 114//29
f 113//31 114//31 115//31
f 115//31 114//31 116//31
f 115//32 116//32 117//32
f 117//32 116//32 118//32
f 117//34 118//34 119//34
f 119//34 118//34 120//34
f 119//36 120//36 121//36
f 121//36 120//36 122//36
f 121//69 122//69 123//69
f 123//38 122//38 124//38
f 123//39 124//39 125//39
f 125//40 124//40 126//40
f 125//41 126//41 127//41
f 127//41 126//41 128//41
f 127//70 128//70 129//70
f 129//71 128//71 130//71
f 129//72 130//72 131//72
f 131//72 130//72 132//72
f 131//73 132//73 133//73
f 133//74 132//74 134//74
f 133//46 134//46 135//46
f 135//75 134//75 136//75
f 135//49 136//49 137//49
f 137//49 136//49 138//49
f 137//50 138//50 139//50
f 139//76 138//76 140//76
f 139//53 140//53 141//53
f 141//53 140//53 142//53
f 141//54 142//54 143//54
f 143//54 142//54 144//54
f 143//55 144//55 145//55
f 145//56 144//56 146//56
f 145//58 146//58 147//58
f 147//57 146//57 148//57
f 147//77 148//77 75//77
f 75//78 148//78 76//78
f 72//79 149//79 74//79
f 74//79 149//79 150//79
f 74//79 150//79 2//79
f 2//79 150//79 151//79
f 2//79 151//79 4//79
f 4//79 151//79 152//79
f 4//79 152//79 6//79
f 6//79 152//79 153//79
f 6//79 153//79 8//79
f 8//79 153//79 154//79
f 8//79 154//79 10//79
f 10//79 154//79 155//79
f 10//79 155//79 12//79
f 12//79 155//79 156//79
f 12//79 156//79 14//79
f 14//79 156//79 157//79
f 14//79 157//79 16//79
f 16//79 157//79 158//79
f 16//79 158//79 18//79
f 18//79 158//79 159//79
f 18//79 159//79 20//79
f 20//79 159//79 160//79
f 20//79 160//79 22//79
f 22//79 160//79 161//79
f 22//79 161//79 24//79
f 24//79 161//79 162//79
f 24//79 162//79 26//79
f 26//79 162//79 163//79
f 26//79 163//79 28//79
f 28//79 163//79 164//79
f 28//79 164//79 30//79
f 30//79 164//79 165//79
f 30//79 165//79 32//79
f 32//79 165//79 166//79
f 32//79 166//79 34//79
f 34//79 166//79 167//79
f 34//79 167//79 36//79
f 36//79 167//79 168//79
f 36//79 168//79 38//79
f 38//79 168//79 169//79
f 38//79 169//79 40//79
f 40//79 169//79 170//79
f 40//79 170//79 42//79
f 42//79 170//79 171//79
f 42//79 171//79 44//79
f 44//79 171//79 172//79
f 44//79 172//79 46//79
f 46//79 172//79 173//79
f 46//79 173//79 48//79
f 48//79 173//79 174//79
f 48//79 174//79 50//79
f 50//79 174//79 175//79
f 50//79 175//79 52//79
f 52//79 175//79 176//79
f 52//79 176//79 54//79
f 54//79 176//79 177//79
f 54//79 177//79 56//79
f 56//79 177//79 178//79
f 56//79 178//79 58//79
f 58//79 178//79 179//79
f 58//79 179//79 60//79
f 60//79 179//79 180//79
f 60//79 180//79 62//79
f 62//79 180//79 181//79
f 62//79 181//79 64//79
f 64//79 181//79 182//79
f 64//79 182//79 66//79
f 66//79 182//79 183//79
f 66//79 183//79 68//79
f 68//79 183//79 184//79
f 68//79 184//79 70//79
f 70//79 184//79 185//79
f 70//79 185//79 72//79
f 72//79 185//79 149//79
f 110//79 186//79 112//79
f 112//79 186//79 187//79
f 112//79 187//79 114//79
f 114//79 187//79 188//79
f 114//79 188//79 116//79
f 116//79 188//79 189//79
f 116//79 189//79 118//79
f 118//79 189//79 190//79
f 118//79 190//79 120//79
f 120//79 190//79 191//79
f 120//79 191//79 122//79
f 122//79 191//79 192//79
f 122//79 192//79 124//79
f 124//79 192//79 193//79
f 124//79 193//79 126//79
f 126//79 193//79 194//79
f 126//79 194//79 128//79
f 128//79 194//79 195//79
f 128//79 195//79 130//79
f 130//79 195//79 196//79
f 130//79 196//79 132//79
f 132//79 196//79 197//79
f 132//79 197//79 134//79
f 134//79 197//79 198//79
f 134//79 198//79 136//79
f 136//79 198//79 199//79
f 136//79 199//79 138//79
f 138//79 199//79 200//79
f 138//79 200//79 140//79
f 140//79 200//79 201//79
f 140//79 201//79 142//79
f 142//79 201//79 202//79
f 142//79 202//79 144//79
f 144//79 202//79 203//79
f 144//79 203//79 146//79
f 146//79 203//79 204//79
f 146//79 204//79 148//79
f 148//79 204//79 205//79
f 148//79 205//79 76//79
f 76//79 205//79 206//79
f 76//79 206//79 78//79
f 78//79 206//79 207//79
f 78//79 207//79 80//79
f 80//79 207//79 208//79
f 80//79 208//79 82//79
f 82//79 208//79 209//79
f 82//79 209//79 84//79
f 84//79 209//79 210//79
f 84//79 210//79 86//79
f 86//79 210//79 211//79
f 86//79 211//79 88//79
f 88//79 211//79 212//79
f 88//79 212//79 90//79
f 90//79 212//79 213//79
f 90//79 213//79 92//79
f 92//79 213//79 214//79
f 92//79 214//79 94//79
f 94//79 214//79 215//79
f 94//79 215//79 96//79
f 96//79 215//79 216//79
f 96//79 216//79 98//79
f 98//79 216//79 217//79
f 98//79 217//79 100//79
f 100//79 217//79 218//79
f 100//79 218//79 102//79
f 102//79 218//79 219//79
f 102//79 219//79 104//79
f 104//79 219//79 220//79
f 104//79 220//79 106//79
f 106//79 220//79 221//79
f 106//79 221//79 108//79
f 108//79 221//79 222//79
f 108//79 222//79 110//79
f 110//79 222//79 186//79
f 73//80 223//80 71//80
f 71//81 223//81 224//81
f 71//82 224//82 69//82
f 69//83 224//83 225//83
f 69//84 225//84 67//84
f 67//85 225//85 226//85
f 67//86 226//86 65//86
f 65//87 226//87 227//87
f 65//88 227//88 63//88
f 63//89 227//89 228//89
f 63//90 228//90 61//90
f 61//91 228//91 229//91
f 61//92 229//92 59//92
f 59//93 229//93 230//93
f 59//94 230//94 57//94
f 57//95 230//95 231//95
f 57//96 231//96 55//96
f 55//97 231//97 232//97
f 55//98 232//98 53//98
f 53//99 232//99 233//99
f 53//100 233//100 51//100
f 51//101 233//101 234//101
f 51//102 234//102 49//102
f 49//103 234//103 235//103
f 49//104 235//104 47//104
f 47//105 235//105 236//105
f 47//106 236//106 45//106
f 45//107 236//107 237//107
f 45//108 237//108 43//108
f 43//109 237//109 238//109
f 43//110 238//110 41//110
f 41//111 238//111 239//111
f 41//112 239//112 39//112
f 39//113 239//113 240//113
f 39//114 240//114 37//114
f 37//115 240//115 241//115
f 37//116 241//116 35//116
f 35//117 241//117 242//117
f 35//118 242//118 33//118
f 33//119 242//119 243//119
f 33//120 243//120 31//120
f 31//121 243//121 244//121
f 31//122 244//122 29//122
f 29//123 244//123 245//123
f 29//124 245//124 27//124
f 27//125 245//125 246//125
f 27//126 246//126 25//126
f 25//127 246//127 247//127
f 25//128 247//128 23//128
f 23//129 247//129 248//129
f 23//130 248//130 21//130
f 21//131 248//131 249//131
f 21//132 249//132 19//132
f 19//133 249//133 250//133
f 19//134 250//134 17//134
f 17//135 250//135 251//135
f 17//136 251//136 15//136
f 15//137 251//137 252//137
f 15//138 252//138 13//138
f 13//138 252//138 253//138
f 13//139 253//139 11//139
f 11//140 253//140 254//140
f 11//141 254//141 9//141
f 9//142 254//142 255//142
f 9//143 255//143 7//143
f 7//144 255//144 256//144
f 7//145 256//145 5//145
f 5//146 256//146 257//146
f 5//147 257//147 3//147
f 3//148 257//148 258//148
f 3//149 258//149 1//149
f 1//150 258//150 259//150
f 1//151 259//151 73//151
f 73//152 259//152 223//152
f 147//80 260//80 145//80
f 145//153 260//153 261//153
f 145//82 261//82 143//82
f 143//83 261//83 262//83
f 143//84 262//84 141//84
f 141//85 262//85 263//85
f 141//86 263//86 139//86
f 139//87 263//87 264//87
f 139//88 264//88 137//88
f 137//89 264//89 265//89
f 137//90 265//90 135//90
f 135//91 265//91 266//91
f 135//92 266//92 133//92
f 133//93 266//93 267//93
f 133//94 267//94 131//94
f 131//95 267//95 268//95
f 131//96 268//96 129//96
f 129//97 268//97 269//97
f 129//98 269//98 127//98
f 127//99 269//99 270//99
f 127//154 270//154 125//154
f 125//155 270//155 271//155
f 125//156 271//156 123//156
f 123//157 271//157 272//157
f 123//104 272//104 121//104
f 121//105 272//105 273//105
f 121//158 273//158 119//158
f 119//159 273//159 274//159
f 119//160 274//160 117//160
f 117//161 274//161 275//161
f 117//162 275//162 115//162
f 115//163 275//163 276//163
f 115//112 276//112 113//112
f 113//113 276//113 277//113
f 113//114 277//114 111//114
f 111//115 277//115 278//115
f 111//116 278//116 109//116
f 109//117 278//117 279//117
f 109//118 279//118 107//118
f 107//119 279//119 280//119
f 107//120 280//120 105//120
f 105//121 280//121 281//121
f 105//122 281//122 103//122
f 103//123 281//123 282//123
f 103//124 282//124 101//124
f 101//125 282//125 283//125
f 101//126 283//126 99//126
f 99//164 283//164 284//164
f 99//129 284//129 97//129
f 97//165 284//165 285//165
f 97//130 285//130 95//130
f 95//131 285//131 286//131
f 95//132 286//132 93//132
f 93//133 286//133 287//133
f 93//134 287//134 91//134
f 91//135 287//135 288//135
f 91//136 288//136 89//136
f 89//137 288//137 289//137
f 89//138 289//138 87//138
f 87//166 289//166 290//166
f 87//167 290//167 85//167
f 85//168 290//168 291//168
f 85//141 291//141 83//141
f 83//142 291//142 292//142
f 83//143 292//143 81//143
f 81//144 292//144 293//144
f 81//169 293//169 79//169
f 79//170 293//170 294//170
f 79//171 294//171 77//171
f 77//148 294//148 295//148
f 77//172 295//172 75//172
f 75//173 295//173 296//173
f 75//174 296//174 147//174
f 147//152 296//152 260//152
f 297//175 298//175 299//175
f 297//176 299//176 300//176
f 300//177 299//177 301//177
f 300//178 301//178 302//178
f 302//179 301//179 303//179
f 302//180 303//180 304//180
f 304//181 303//181 305//181
f 304//182 305//182 306//182
f 306//183 305//183 307//183
f 306//184 307//184 308//184
f 308//185 307//185 309//185
f 308//186 309//186 310//186
f 310//187 309//187 311//187
f 310//188 311//188 312//188
f 312//189 311//189 313//189
f 312//190 313//190 314//190
f 314//191 313//191 315//191
f 314//192 315//192 316//192
f 316//193 315//193 317//193
f 316//194 317//194 318//194
f 319//195 320//195 321//195
f 321//196 322//196 319//196
f 319//196 322//196 323//196
f 319//196 323//196 324//196
f 324//196 325//196 319//196
f 319//196 325//196 326//196
f 319//196 326//196 317//196
f 317//196 326//196 327//196
f 317//196 327//196 328//196
f 328//196 329//196 317//196
f 317//196 329//196 330//196
f 317//196 330//196 318//196
f 331//29 332//29 317//29
f 317//29 332//29 319//29
f 331//79 333//79 332//79
f 332//79 333//79 334//79
f 331//79 335//79 336//79
f 336//79 337//79 331//79
f 331//79 337//79 338//79
f 331//79 338//79 333//79
f 334//79 339//79 332//79
f 332//79 339//79 340//79
f 332//79 340//79 341//79
f 341//79 340//79 342//79
f 320//197 319//197 343//197
f 320//198 343//198 344//198
f 344//199 343//199 345//199
f 344//200 345//200 346//200
f 346//201 345//201 347//201
f 346//202 347//202 348//202
f 348//203 347//203 349//203
f 348//204 349//204 350//204
f 350//205 349//205 351//205
f 350//205 351//205 352//205
f 352//206 351//206 353//206
f 352//207 353//207 354//207
f 354//208 353//208 355//208
f 354//209 355//209 356//209
f 356//210 355//210 357//210
f 356//211 357//211 358//211
f 358//212 357//212 359//212
f 358//213 359//213 360//213
f 360//214 359//214 361//214
f 360//215 361//215 362//215
f 333//29 363//29 334//29
f 334//29 363//29 364//29
f 365//216 366//216 367//216
f 367//216 366//216 368//216
f 367//216 368//216 369//216
f 370//217 371//217 372//217
f 372//216 371//216 373//216
f 372//216 373//216 374//216
f 374//216 373//216 364//216
f 374//216 364//216 367//216
f 367//216 364//216 363//216
f 367//216 363//216 365//216
f 375//29 376//29 367//29
f 367//29 376//29 374//29
f 297//218 377//218 298//218
f 298//219 377//219 378//219
f 298//218 378//218 379//218
f 379//218 378//218 380//218
f 331//220 317//220 315//220
f 331//221 315//221 335//221
f 335//222 315//222 313//222
f 335//222 313//222 336//222
f 336//223 313//223 311//223
f 336//223 311//223 337//223
f 337//224 311//224 309//224
f 337//224 309//224 338//224
f 365//225 363//225 381//225
f 338//226 309//226 333//226
f 333//227 309//227 307//227
f 333//228 307//228 363//228
f 381//229 382//229 365//229
f 365//230 382//230 383//230
f 365//224 383//224 366//224
f 366//231 383//231 384//231
f 366//223 384//223 368//223
f 368//222 384//222 385//222
f 368//232 385//232 369//232
f 369//221 385//221 375//221
f 369//220 375//220 367//220
f 363//233 307//233 381//233
f 381//234 307//234 305//234
f 381//234 305//234 386//234
f 386//235 305//235 303//235
f 386//235 303//235 387//235
f 387//236 303//236 301//236
f 387//236 301//236 388//236
f 388//237 301//237 299//237
f 388//238 299//238 389//238
f 389//239 299//239 298//239
f 389//239 298//239 390//239
f 391//240 392//240 393//240
f 393//240 392//240 394//240
f 393//241 394//241 395//241
f 395//241 394//241 396//241
f 395//242 396//242 397//242
f 397//243 396//243 398//243
f 397//244 398//244 399//244
f 399//245 398//245 400//245
f 399//246 400//246 401//246
f 401//246 400//246 402//246
f 401//247 402//247 403//247
f 403//247 402//247 404//247
f 403//248 404//248 405//248
f 405//248 404//248 406//248
f 405//249 406//249 407//249
f 407//249 406//249 408//249
f 407//250 408//250 409//250
f 409//251 408//251 410//251
f 409//252 410//252 411//252
f 411//253 410//253 412//253
f 411//254 412//254 413//254
f 413//255 412//255 414//255
f 413//256 414//256 415//256
f 415//257 414//257 416//257
f 415//258 416//258 417//258
f 417//259 416//259 418//259
f 417//260 418//260 419//260
f 419//260 418//260 420//260
f 419//261 420//261 421//261
f 421//262 420//262 422//262
f 421//263 422//263 423//263
f 423//264 422//264 424//264
f 423//265 424//265 425//265
f 425//265 424//265 426//265
f 425//27 426//27 427//27
f 427//27 426//27 428//27
f 427//29 428//29 429//29
f 429//29 428//29 430//29
f 429//31 430//31 431//31
f 431//31 430//31 432//31
f 431//266 432//266 433//266
f 433//267 432//267 434//267
f 433//268 434//268 435//268
f 435//269 434//269 436//269
f 435//270 436//270 437//270
f 437//271 436//271 438//271
f 437//272 438//272 439//272
f 439//272 438//272 440//272
f 439//273 440//273 441//273
f 441//273 440//273 442//273
f 441//274 442//274 443//274
f 443//274 442//274 444//274
f 443//275 444//275 445//275
f 445//276 444//276 446//276
f 445//277 446//277 447//277
f 447//277 446//277 448//277
f 447//278 448//278 449//278
f 449//279 448//279 450//279
f 449//280 450//280 451//280
f 451//280 450//280 452//280
f 451//281 452//281 453//281
f 453//282 452//282 454//282
f 453//283 454//283 455//283
f 455//283 454//283 456//283
f 455//284 456//284 457//284
f 457//285 456//285 458//285
f 457//286 458//286 459//286
f 459//286 458//286 460//286
f 459//287 460//287 461//287
f 461//288 460//288 462//288
f 461//289 462//289 463//289
f 463//289 462//289 464//289
f 463//77 464//77 391//77
f 391//77 464//77 392//77
f 465//290 466//290 467//290
f 467//290 466//290 468//290
f 467//241 468//241 469//241
f 469//291 468//291 470//291
f 469//243 470//243 471//243
f 471//243 470//243 472//243
f 471//292 472//292 473//292
f 473//244 472//244 474//244
f 473//246 474//246 475//246
f 475//293 474//293 476//293
f 475//247 476//247 477//247
f 477//247 476//247 478//247
f 477//294 478//294 479//294
f 479//248 478//248 480//248
f 479//249 480//249 481//249
f 481//249 480//249 482//249
f 481//295 482//295 483//295
f 483//295 482//295 484//295
f 483//253 484//253 485//253
f 485//252 484//252 486//252
f 485//254 486//254 487//254
f 487//254 486//254 488//254
f 487//296 488//296 489//296
f 489//256 488//256 490//256
f 489//259 490//259 491//259
f 491//259 490//259 492//259
f 491//260 492//260 493//260
f 493//260 492//260 494//260
f 493//261 494//261 495//261
f 495//262 494//262 496//262
f 495//264 496//264 497//264
f 497//263 496//263 498//263
f 497//297 498//297 499//297
f 499//297 498//297 500//297
f 499//27 500//27 501//27
f 501//298 500//298 502//298
f 501//29 502//29 503//29
f 503//29 502//29 504//29
f 503//31 504//31 505//31
f 505//31 504//31 506//31
f 505//267 506//267 507//267
f 507//266 506//266 508//266
f 507//268 508//268 509//268
f 509//268 508//268 510//268
f 509//270 510//270 511//270
f 511//271 510//271 512//271
f 511//299 512//299 513//299
f 513//272 512//272 514//272
f 513//273 514//273 515//273
f 515//273 514//273 516//273
f 515//274 516//274 517//274
f 517//274 516//274 518//274
f 517//275 518//275 519//275
f 519//275 518//275 520//275
f 519//300 520//300 521//300
f 521//300 520//300 522//300
f 521//279 522//279 523//279
f 523//301 522//301 524//301
f 523//280 524//280 525//280
f 525//280 524//280 526//280
f 525//281 526//281 527//281
f 527//282 526//282 528//282
f 527//302 528//302 529//302
f 529//303 528//303 530//303
f 529//285 530//285 531//285
f 531//284 530//284 532//284
f 531//286 532//286 533//286
f 533//304 532//304 534//304
f 533//287 534//287 535//287
f 535//288 534//288 536//288
f 535//289 536//289 537//289
f 537//305 536//305 538//305
f 537//77 538//77 465//77
f 465//78 538//78 466//78
f 539//290 540//290 541//290
f 541//240 540//240 542//240
f 541//241 542//241 543//241
f 543//241 542//241 544//241
f 543//243 544//243 545//243
f 545//243 544//243 546//243
f 545//245 546//245 547//245
f 547//245 546//245 548//245
f 547//246 548//246 549//246
f 549//293 548//293 550//293
f 549//247 550//247 551//247
f 551//247 550//247 552//247
f 551//248 552//248 553//248
f 553//306 552//306 554//306
f 553//249 554//249 555//249
f 555//249 554//249 556//249
f 555//251 556//251 557//251
f 557//295 556//295 558//295
f 557//252 558//252 559//252
f 559//252 558//252 560//252
f 559//255 560//255 561//255
f 561//255 560//255 562//255
f 561//257 562//257 563//257
f 563//257 562//257 564//257
f 563//307 564//307 565//307
f 565//259 564//259 566//259
f 565//260 566//260 567//260
f 567//260 566//260 568//260
f 567//261 568//261 569//261
f 569//261 568//261 570//261
f 569//263 570//263 571//263
f 571//263 570//263 572//263
f 571//265 572//265 573//265
f 573//297 572//297 574//297
f 573//27 574//27 575//27
f 575//27 574//27 576//27
f 575//29 576//29 577//29
f 577//29 576//29 578//29
f 577//31 578//31 579//31
f 579//31 578//31 580//31
f 579//266 580//266 581//266
f 581//267 580//267 582//267
f 581//268 582//268 583//268
f 583//268 582//268 584//268
f 583//270 584//270 585//270
f 585//270 584//270 586//270
f 585//272 586//272 587//272
f 587//272 586//272 588//272
f 587//273 588//273 589//273
f 589//308 588//308 590//308
f 589//274 590//274 591//274
f 591//274 590//274 592//274
f 591//276 592//276 593//276
f 593//276 592//276 594//276
f 593//300 594//300 595//300
f 595//277 594//277 596//277
f 595//279 596//279 597//279
f 597//279 596//279 598//279
f 597//280 598//280 599//280
f 599//309 598//309 600//309
f 599//281 600//281 601//281
f 601//281 600//281 602//281
f 601//303 602//303 603//303
f 603//302 602//302 604//302
f 603//284 604//284 605//284
f 605//284 604//284 606//284
f 605//286 606//286 607//286
f 607//304 606//304 608//304
f 607//287 608//287 609//287
f 609//288 608//288 610//288
f 609//289 610//289 611//289
f 611//289 610//289 612//289
f 611//78 612//78 539//78
f 539//78 612//78 540//78
f 151//290 613//290 152//290
f 152//2 613//2 614//2
f 152//310 614//310 153//310
f 153//241 614//241 615//241
f 153//311 615//311 154//311
f 154//312 615//312 616//312
f 154//6 616//6 155//6
f 155//245 616//245 617//245
f 155//313 617//313 156//313
f 156//314 617//314 618//314
f 156//315 618//315 157//315
f 157//315 618//315 619//315
f 157//316 619//316 158//316
f 158//316 619//316 620//316
f 158//317 620//317 159//317
f 159//318 620//318 621//318
f 159//319 621//319 160//319
f 160//319 621//319 622//319
f 160//320 622//320 161//320
f 161//321 622//321 623//321
f 161//322 623//322 162//322
f 162//322 623//322 624//322
f 162//323 624//323 163//323
f 163//324 624//324 625//324
f 163//325 625//325 164//325
f 164//21 625//21 626//21
f 164//326 626//326 165//326
f 165//327 626//327 627//327
f 165//328 627//328 166//328
f 166//329 627//329 628//329
f 166//330 628//330 167//330
f 167//331 628//331 629//331
f 167//26 629//26 168//26
f 168//26 629//26 630//26
f 168//332 630//332 169//332
f 169//332 630//332 631//332
f 169//29 631//29 170//29
f 170//29 631//29 632//29
f 170//333 632//333 171//333
f 171//333 632//333 633//333
f 171//32 633//32 172//32
f 172//32 633//32 634//32
f 172//334 634//334 173//334
f 173//334 634//334 635//334
f 173//335 635//335 174//335
f 174//336 635//336 636//336
f 174//337 636//337 175//337
f 175//338 636//338 637//338
f 175//339 637//339 176//339
f 176//40 637//40 638//40
f 176//340 638//340 177//340
f 177//341 638//341 639//341
f 177//42 639//42 178//42
f 178//71 639//71 640//71
f 178//342 640//342 179//342
f 179//342 640//342 641//342
f 179//343 641//343 180//343
f 180//343 641//343 642//343
f 180//344 642//344 181//344
f 181//344 642//344 643//344
f 181//345 643//345 182//345
f 182//346 643//346 644//346
f 182//347 644//347 183//347
f 183//348 644//348 645//348
f 183//349 645//349 184//349
f 184//350 645//350 646//350
f 184//286 646//286 185//286
f 185//54 646//54 647//54
f 185//351 647//351 149//351
f 149//352 647//352 648//352
f 149//353 648//353 150//353
f 150//289 648//289 649//289
f 150//59 649//59 151//59
f 151//354 649//354 613//354
f 206//2 650//2 207//2
f 207//355 650//355 651//355
f 207//310 651//310 208//310
f 208//241 651//241 652//241
f 208//312 652//312 209//312
f 209//312 652//312 653//312
f 209//245 653//245 210//245
f 210//6 653//6 654//6
f 210//356 654//356 211//356
f 211//356 654//356 655//356
f 211//357 655//357 212//357
f 212//358 655//358 656//358
f 212//316 656//316 213//316
f 213//359 656//359 657//359
f 213//360 657//360 214//360
f 214//360 657//360 658//360
f 214//319 658//319 215//319
f 215//319 658//319 659//319
f 215//321 659//321 216//321
f 216//321 659//321 660//321
f 216//322 660//322 217//322
f 217//18 660//18 661//18
f 217//324 661//324 218//324
f 218//323 661//323 662//323
f 218//361 662//361 219//361
f 219//21 662//21 663//21
f 219//326 663//326 220//326
f 220//327 663//327 664//327
f 220//362 664//362 221//362
f 221//328 664//328 665//328
f 221//363 665//363 222//363
f 222//331 665//331 666//331
f 222//26 666//26 186//26
f 186//26 666//26 667//26
f 186//332 667//332 187//332
f 187//364 667//364 668//364
f 187//29 668//29 188//29
f 188//29 668//29 669//29
f 188//333 669//333 189//333
f 189//365 669//365 670//365
f 189//32 670//32 190//32
f 190//32 670//32 671//32
f 190//334 671//334 191//334
f 191//366 671//366 672//366
f 191//336 672//336 192//336
f 192//335 672//335 673//335
f 192//337 673//337 193//337
f 193//338 673//338 674//338
f 193//339 674//339 194//339
f 194//339 674//339 675//339
f 194//341 675//341 195//341
f 195//341 675//341 676//341
f 195//42 676//42 196//42
f 196//42 676//42 677//42
f 196//367 677//367 197//367
f 197//368 677//368 678//368
f 197//343 678//343 198//343
f 198//343 678//343 679//343
f 198//369 679//369 199//369
f 199//370 679//370 680//370
f 199//346 680//346 200//346
f 200//345 680//345 681//345
f 200//371 681//371 201//371
f 201//371 681//371 682//371
f 201//349 682//349 202//349
f 202//349 682//349 683//349
f 202//54 683//54 203//54
f 203//286 683//286 684//286
f 203//352 684//352 204//352
f 204//352 684//352 685//352
f 204//353 685//353 205//353
f 205//289 685//289 686//289
f 205//59 686//59 206//59
f 206//59 686//59 650//59
f 687//240 688//240 689//240
f 689//240 688//240 690//240
f 689//241 690//241 691//241
f 691//241 690//241 692//241
f 691//242 692//242 693//242
f 693//243 692//243 694//243
f 693//244 694//244 695//244
f 695//245 694//245 696//245
f 695//246 696//246 697//246
f 697//246 696//246 698//246
f 697//247 698//247 699//247
f 699//247 698//247 700//247
f 699//248 700//248 701//248
f 701//248 700//248 702//248
f 701//249 702//249 703//249
f 703//249 702//249 704//249
f 703//295 704//295 705//295
f 705//251 704//251 706//251
f 705//253 706//253 707//253
f 707//252 706//252 708//252
f 707//255 708//255 709//255
f 709//255 708//255 710//255
f 709//256 710//256 711//256
f 711//257 710//257 712//257
f 711//259 712//259 713//259
f 713//259 712//259 714//259
f 713//260 714//260 715//260
f 715//260 714//260 716//260
f 715//261 716//261 717//261
f 717//261 716//261 718//261
f 717//372 718//372 719//372
f 719//264 718//264 720//264
f 719//297 720//297 721//297
f 721//265 720//265 722//265
f 721//27 722//27 723//27
f 723//27 722//27 724//27
f 723//29 724//29 725//29
f 725//29 724//29 726//29
f 725//31 726//31 727//31
f 727//31 726//31 728//31
f 727//267 728//267 729//267
f 729//266 728//266 730//266
f 729//268 730//268 731//268
f 731//268 730//268 732//268
f 731//270 732//270 733//270
f 733//270 732//270 734//270
f 733//272 734//272 735//272
f 735//272 734//272 736//272
f 735//308 736//308 737//308
f 737//273 736//273 738//273
f 737//274 738//274 739//274
f 739//373 738//373 740//373
f 739//275 740//275 741//275
f 741//276 740//276 742//276
f 741//277 742//277 743//277
f 743//277 742//277 744//277
f 743//301 744//301 745//301
f 745//279 744//279 746//279
f 745//280 746//280 747//280
f 747//280 746//280 748//280
f 747//282 748//282 749//282
f 749//282 748//282 750//282
f 749//283 750//283 751//283
f 751//283 750//283 752//283
f 751//284 752//284 753//284
f 753//285 752//285 754//285
f 753//304 754//304 755//304
f 755//374 754//374 756//374
f 755//288 756//288 757//288
f 757//288 756//288 758//288
f 757//289 758//289 759//289
f 759//289 758//289 760//289
f 759//77 760//77 687//77
f 687//78 760//78 688//78
f 761//290 762//290 763//290
f 763//240 762//240 764//240
f 763//241 764//241 765//241
f 765//291 764//291 766//291
f 765//243 766//243 767//243
f 767//243 766//243 768//243
f 767//245 768//245 769//245
f 769//245 768//245 770//245
f 769//246 770//246 771//246
f 771//293 770//293 772//293
f 771//247 772//247 773//247
f 773//247 772//247 774//247
f 773//294 774//294 775//294
f 775//248 774//248 776//248
f 775//249 776//249 777//249
f 777//249 776//249 778//249
f 777//295 778//295 779//295
f 779//295 778//295 780//295
f 779//253 780//253 781//253
f 781//252 780//252 782//252
f 781//254 782//254 783//254
f 783//254 782//254 784//254
f 783//296 784//296 785//296
f 785//256 784//256 786//256
f 785//259 786//259 787//259
f 787//259 786//259 788//259
f 787//260 788//260 789//260
f 789//260 788//260 790//260
f 789//261 790//261 791//261
f 791//262 790//262 792//262
f 791//264 792//264 793//264
f 793//263 792//263 794//263
f 793//297 794//297 795//297
f 795//265 794//265 796//265
f 795//27 796//27 797//27
f 797//27 796//27 798//27
f 797//29 798//29 799//29
f 799//29 798//29 800//29
f 799//31 800//31 801//31
f 801//375 800//375 802//375
f 801//266 802//266 803//266
f 803//266 802//266 804//266
f 803//268 804//268 805//268
f 805//268 804//268 806//268
f 805//270 806//270 807//270
f 807//271 806//271 808//271
f 807//272 808//272 809//272
f 809//272 808//272 810//272
f 809//273 810//273 811//273
f 811//376 810//376 812//376
f 811//274 812//274 813//274
f 813//274 812//274 814//274
f 813//275 814//275 815//275
f 815//275 814//275 816//275
f 815//300 816//300 817//300
f 817//277 816//277 818//277
f 817//301 818//301 819//301
f 819//301 818//301 820//301
f 819//280 820//280 821//280
f 821//280 820//280 822//280
f 821//281 822//281 823//281
f 823//282 822//282 824//282
f 823//302 824//302 825//302
f 825//303 824//303 826//303
f 825//285 826//285 827//285
f 827//284 826//284 828//284
f 827//286 828//286 829//286
f 829//304 828//304 830//304
f 829//287 830//287 831//287
f 831//288 830//288 832//288
f 831//289 832//289 833//289
f 833//305 832//305 834//305
f 833//77 834//77 761//77
f 761//77 834//77 762//77
f 835//240 836//240 837//240
f 837//240 836//240 838//240
f 837//241 838//241 839//241
f 839//241 838//241 840//241
f 839//242 840//242 841//242
f 841//243 840//243 842//243
f 841//244 842//244 843//244
f 843//245 842//245 844//245
f 843//246 844//246 845//246
f 845//246 844//246 846//246
f 845//247 846//247 847//247
f 847//247 846//247 848//247
f 847//248 848//248 849//248
f 849//248 848//248 850//248
f 849//249 850//249 851//249
f 851//249 850//249 852//249
f 851//250 852//250 853//250
f 853//251 852//251 854//251
f 853//252 854//252 855//252
f 855//253 854//253 856//253
f 855//254 856//254 857//254
f 857//255 856//255 858//255
f 857//256 858//256 859//256
f 859//257 858//257 860//257
f 859//258 860//258 861//258
f 861//259 860//259 862//259
f 861//260 862//260 863//260
f 863//260 862//260 864//260
f 863//261 864//261 865//261
f 865//262 864//262 866//262
f 865//263 866//263 867//263
f 867//264 866//264 868//264
f 867//377 868//377 869//377
f 869//377 868//377 870//377
f 869//27 870//27 871//27
f 871//27 870//27 872//27
f 871//29 872//29 873//29
f 873//29 872//29 874//29
f 873//31 874//31 875//31
f 875//31 874//31 876//31
f 875//266 876//266 877//266
f 877//378 876//378 878//378
f 877//268 878//268 879//268
f 879//269 878//269 880//269
f 879//270 880//270 881//270
f 881//271 880//271 882//271
f 881//272 882//272 883//272
f 883//272 882//272 884//272
f 883//273 884//273 885//273
f 885//273 884//273 886//273
f 885//274 886//274 887//274
f 887//274 886//274 888//274
f 887//275 888//275 889//275
f 889//276 888//276 890//276
f 889//277 890//277 891//277
f 891//277 890//277 892//277
f 891//278 892//278 893//278
f 893//279 892//279 894//279
f 893//280 894//280 895//280
f 895//280 894//280 896//280
f 895//281 896//281 897//281
f 897//282 896//282 898//282
f 897//283 898//283 899//283
f 899//283 898//283 900//283
f 899//284 900//284 901//284
f 901//285 900//285 902//285
f 901//286 902//286 903//286
f 903//286 902//286 904//286
f 903//287 904//287 905//287
f 905//288 904//288 906//288
f 905//289 906//289 907//289
f 907//289 906//289 908//289
f 907//77 908//77 835//77
f 835//77 908//77 836//77
f 909//290 910//290 911//290
f 911//290 910//290 912//290
f 911//241 912//241 913//241
f 913//291 912//291 914//291
f 913//243 914//243 915//243
f 915//243 914//243 916//243
f 915//379 916//379 917//379
f 917//244 916//244 918//244
f 917//246 918//246 919//246
f 919//293 918//293 920//293
f 919//247 920//247 921//247
f 921//247 920//247 922//247
f 921//294 922//294 923//294
f 923//248 922//248 924//248
f 923//249 924//249 925//249
f 925//249 924//249 926//249
f 925//295 926//295 927//295
f 927//295 926//295 928//295
f 927//253 928//253 929//253
f 929//252 928//252 930//252
f 929//254 930//254 931//254
f 931//254 930//254 932//254
f 931//296 932//296 933//296
f 933//256 932//256 934//256
f 933//259 934//259 935//259
f 935//259 934//259 936//259
f 935//260 936//260 937//260
f 937//260 936//260 938//260
f 937//261 938//261 939//261
f 939//262 938//262 940//262
f 939//264 940//264 941//264
f 941//263 940//263 942//263
f 941//297 942//297 943//297
f 943//297 942//297 944//297
f 943//27 944//27 945//27
f 945//298 944//298 946//298
f 945//29 946//29 947//29
f 947//29 946//29 948//29
f 947//31 948//31 949//31
f 949//31 948//31 950//31
f 949//378 950//378 951//378
f 951//266 950//266 952//266
f 951//268 952//268 953//268
f 953//268 952//268 954//268
f 953//270 954//270 955//270
f 955//271 954//271 956//271
f 955//299 956//299 957//299
f 957//272 956//272 958//272
f 957//273 958//273 959//273
f 959//273 958//273 960//273
f 959//274 960//274 961//274
f 961//274 960//274 962//274
f 961//275 962//275 963//275
f 963//275 962//275 964//275
f 963//300 964//300 965//300
f 965//300 964//300 966//300
f 965//279 966//279 967//279
f 967//301 966//301 968//301
f 967//280 968//280 969//280
f 969//280 968//280 970//280
f 969//281 970//281 971//281
f 971//282 970//282 972//282
f 971//302 972//302 973//302
f 973//380 972//380 974//380
f 973//285 974//285 975//285
f 975//284 974//284 976//284
f 975//286 976//286 977//286
f 977//304 976//304 978//304
f 977//287 978//287 979//287
f 979//288 978//288 980//288
f 979//289 980//289 981//289
f 981//305 980//305 982//305
f 981//77 982//77 909//77
f 909//78 982//78 910//78
f 983//290 984//290 985//290
f 985//240 984//240 986//240
f 985//241 986//241 987//241
f 987//241 986//241 988//241
f 987//243 988//243 989//243
f 989//243 988//243 990//243
f 989//245 990//245 991//245
f 991//245 990//245 992//245
f 991//246 992//246 993//246
f 993//293 992//293 994//293
f 993//247 994//247 995//247
f 995//247 994//247 996//247
f 995//248 996//248 997//248
f 997//306 996//306 998//306
f 997//249 998//249 999//249
f 999//249 998//249 1000//249
f 999//251 1000//251 1001//251
f 1001//295 1000//295 1002//295
f 1001//252 1002//252 1003//252
f 1003//252 1002//252 1004//252
f 1003//255 1004//255 1005//255
f 1005//255 1004//255 1006//255
f 1005//257 1006//257 1007//257
f 1007//257 1006//257 1008//257
f 1007//307 1008//307 1009//307
f 1009//259 1008//259 1010//259
f 1009//260 1010//260 1011//260
f 1011//260 1010//260 1012//260
f 1011//261 1012//261 1013//261
f 1013//261 1012//261 1014//261
f 1013//263 1014//263 1015//263
f 1015//263 1014//263 1016//263
f 1015//377 1016//377 1017//377
f 1017//297 1016//297 1018//297
f 1017//27 1018//27 1019//27
f 1019//27 1018//27 1020//27
f 1019//29 1020//29 1021//29
f 1021//29 1020//29 1022//29
f 1021//31 1022//31 1023//31
f 1023//31 1022//31 1024//31
f 1023//266 1024//266 1025//266
f 1025//378 1024//378 1026//378
f 1025//268 1026//268 1027//268
f 1027//268 1026//268 1028//268
f 1027//270 1028//270 1029//270
f 1029//270 1028//270 1030//270
f 1029//272 1030//272 1031//272
f 1031//272 1030//272 1032//272
f 1031//273 1032//273 1033//273
f 1033//308 1032//308 1034//308
f 1033//274 1034//274 1035//274
f 1035//274 1034//274 1036//274
f 1035//276 1036//276 1037//276
f 1037//276 1036//276 1038//276
f 1037//300 1038//300 1039//300
f 1039//277 1038//277 1040//277
f 1039//279 1040//279 1041//279
f 1041//279 1040//279 1042//279
f 1041//280 1042//280 1043//280
f 1043//309 1042//309 1044//309
f 1043//281 1044//281 1045//281
f 1045//281 1044//281 1046//281
f 1045//380 1046//380 1047//380
f 1047//302 1046//302 1048//302
f 1047//284 1048//284 1049//284
f 1049//284 1048//284 1050//284
f 1049//286 1050//286 1051//286
f 1051//304 1050//304 1052//304
f 1051//287 1052//287 1053//287
f 1053//288 1052//288 1054//288
f 1053//289 1054//289 1055//289
f 1055//289 1054//289 1056//289
f 1055//78 1056//78 983//78
f 983//78 1056//78 984//78
f 1057//240 1058//240 1059//240
f 1059//240 1058//240 1060//240
f 1059//241 1060//241 1061//241
f 1061//241 1060//241 1062//241
f 1061//242 1062//242 1063//242
f 1063//243 1062//243 1064//243
f 1063//244 1064//244 1065//244
f 1065//245 1064//245 1066//245
f 1065//246 1066//246 1067//246
f 1067//246 1066//246 1068//246
f 1067//247 1068//247 1069//247
f 1069//247 1068//247 1070//247
f 1069//248 1070//248 1071//248
f 1071//248 1070//248 1072//248
f 1071//249 1072//249 1073//249
f 1073//249 1072//249 1074//249
f 1073//295 1074//295 1075//295
f 1075//251 1074//251 1076//251
f 1075//253 1076//253 1077//253
f 1077//252 1076//252 1078//252
f 1077//255 1078//255 1079//255
f 1079//255 1078//255 1080//255
f 1079//256 1080//256 1081//256
f 1081//257 1080//257 1082//257
f 1081//259 1082//259 1083//259
f 1083//259 1082//259 1084//259
f 1083//260 1084//260 1085//260
f 1085//260 1084//260 1086//260
f 1085//261 1086//261 1087//261
f 1087//261 1086//261 1088//261
f 1087//381 1088//381 1089//381
f 1089//264 1088//264 1090//264
f 1089//297 1090//297 1091//297
f 1091//377 1090//377 1092//377
f 1091//27 1092//27 1093//27
f 1093//27 1092//27 1094//27
f 1093//29 1094//29 1095//29
f 1095//29 1094//29 1096//29
f 1095//31 1096//31 1097//31
f 1097//31 1096//31 1098//31
f 1097//378 1098//378 1099//378
f 1099//266 1098//266 1100//266
f 1099//268 1100//268 1101//268
f 1101//268 1100//268 1102//268
f 1101//270 1102//270 1103//270
f 1103//270 1102//270 1104//270
f 1103//272 1104//272 1105//272
f 1105//272 1104//272 1106//272
f 1105//308 1106//308 1107//308
f 1107//273 1106//273 1108//273
f 1107//274 1108//274 1109//274
f 1109//373 1108//373 1110//373
f 1109//275 1110//275 1111//275
f 1111//276 1110//276 1112//276
f 1111//277 1112//277 1113//277
f 1113//277 1112//277 1114//277
f 1113//301 1114//301 1115//301
f 1115//279 1114//279 1116//279
f 1115//280 1116//280 1117//280
f 1117//280 1116//280 1118//280
f 1117//282 1118//282 1119//282
f 1119//282 1118//282 1120//282
f 1119//283 1120//283 1121//283
f 1121//283 1120//283 1122//283
f 1121//284 1122//284 1123//284
f 1123//285 1122//285 1124//285
f 1123//304 1124//304 1125//304
f 1125//382 1124//382 1126//382
f 1125//288 1126//288 1127//288
f 1127//288 1126//288 1128//288
f 1127//289 1128//289 1129//289
f 1129//289 1128//289 1130//289
f 1129//77 1130//77 1057//77
f 1057//78 1130//78 1058//78
f 1131//290 1132//290 1133//290
f 1133//240 1132//240 1134//240
f 1133//241 1134//241 1135//241
f 1135//291 1134//291 1136//291
f 1135//243 1136//243 1137//243
f 1137//243 1136//243 1138//243
f 1137//245 1138//245 1139//245
f 1139//245 1138//245 1140//245
f 1139//246 1140//246 1141//246
f 1141//293 1140//293 1142//293
f 1141//247 1142//247 1143//247
f 1143//247 1142//247 1144//247
f 1143//294 1144//294 1145//294
f 1145//248 1144//248 1146//248
f 1145//249 1146//249 1147//249
f 1147//249 1146//249 1148//249
f 1147//295 1148//295 1149//295
f 1149//295 1148//295 1150//295
f 1149//253 1150//253 1151//253
f 1151//252 1150//252 1152//252
f 1151//254 1152//254 1153//254
f 1153//254 1152//254 1154//254
f 1153//296 1154//296 1155//296
f 1155//256 1154//256 1156//256
f 1155//259 1156//259 1157//259
f 1157//259 1156//259 1158//259
f 1157//260 1158//260 1159//260
f 1159//260 1158//260 1160//260
f 1159//261 1160//261 1161//261
f 1161//262 1160//262 1162//262
f 1161//264 1162//264 1163//264
f 1163//263 1162//263 1164//263
f 1163//297 1164//297 1165//297
f 1165//377 1164//377 1166//377
f 1165//27 1166//27 1167//27
f 1167//27 1166//27 1168//27
f 1167//29 1168//29 1169//29
f 1169//29 1168//29 1170//29
f 1169//31 1170//31 1171//31
f 1171//375 1170//375 1172//375
f 1171//266 1172//266 1173//266
f 1173//266 1172//266 1174//266
f 1173//268 1174//268 1175//268
f 1175//268 1174//268 1176//268
f 1175//270 1176//270 1177//270
f 1177//271 1176//271 1178//271
f 1177//272 1178//272 1179//272
f 1179//272 1178//272 1180//272
f 1179//273 1180//273 1181//273
f 1181//376 1180//376 1182//376
f 1181//274 1182//274 1183//274
f 1183//274 1182//274 1184//274
f 1183//275 1184//275 1185//275
f 1185//275 1184//275 1186//275
f 1185//300 1186//300 1187//300
f 1187//277 1186//277 1188//277
f 1187//301 1188//301 1189//301
f 1189//301 1188//301 1190//301
f 1189//280 1190//280 1191//280
f 1191//280 1190//280 1192//280
f 1191//281 1192//281 1193//281
f 1193//282 1192//282 1194//282
f 1193//302 1194//302 1195//302
f 1195//380 1194//380 1196//380
f 1195//285 1196//285 1197//285
f 1197//284 1196//284 1198//284
f 1197//286 1198//286 1199//286
f 1199//304 1198//304 1200//304
f 1199//287 1200//287 1201//287
f 1201//288 1200//288 1202//288
f 1201//289 1202//289 1203//289
f 1203//305 1202//305 1204//305
f 1203//77 1204//77 1131//77
f 1131//77 1204//77 1132//77
f 1205//290 1206//290 1207//290
f 1207//290 1206//290 1208//290
f 1207//241 1208//241 1209//241
f 1209//241 1208//241 1210//241
f 1209//242 1210//242 1211//242
f 1211//243 1210//243 1212//243
f 1211//245 1212//245 1213//245
f 1213//244 1212//244 1214//244
f 1213//246 1214//246 1215//246
f 1215//246 1214//246 1216//246
f 1215//247 1216//247 1217//247
f 1217//247 1216//247 1218//247
f 1217//248 1218//248 1219//248
f 1219//294 1218//294 1220//294
f 1219//249 1220//249 1221//249
f 1221//249 1220//249 1222//249
f 1221//295 1222//295 1223//295
f 1223//295 1222//295 1224//295
f 1223//252 1224//252 1225//252
f 1225//252 1224//252 1226//252
f 1225//255 1226//255 1227//255
f 1227//254 1226//254 1228//254
f 1227//257 1228//257 1229//257
f 1229//257 1228//257 1230//257
f 1229//259 1230//259 1231//259
f 1231//259 1230//259 1232//259
f 1231//260 1232//260 1233//260
f 1233//260 1232//260 1234//260
f 1233//261 1234//261 1235//261
f 1235//262 1234//262 1236//262
f 1235//264 1236//264 1237//264
f 1237//263 1236//263 1238//263
f 1237//265 1238//265 1239//265
f 1239//297 1238//297 1240//297
f 1239//27 1240//27 1241//27
f 1241//27 1240//27 1242//27
f 1241//29 1242//29 1243//29
f 1243//29 1242//29 1244//29
f 1243//31 1244//31 1245//31
f 1245//31 1244//31 1246//31
f 1245//267 1246//267 1247//267
f 1247//267 1246//267 1248//267
f 1247//269 1248//269 1249//269
f 1249//268 1248//268 1250//268
f 1249//270 1250//270 1251//270
f 1251//271 1250//271 1252//271
f 1251//272 1252//272 1253//272
f 1253//272 1252//272 1254//272
f 1253//376 1254//376 1255//376
f 1255//308 1254//308 1256//308
f 1255//274 1256//274 1257//274
f 1257//274 1256//274 1258//274
f 1257//276 1258//276 1259//276
f 1259//275 1258//275 1260//275
f 1259//277 1260//277 1261//277
f 1261//300 1260//300 1262//300
f 1261//301 1262//301 1263//301
f 1263//279 1262//279 1264//279
f 1263//280 1264//280 1265//280
f 1265//309 1264//309 1266//309
f 1265//281 1266//281 1267//281
f 1267//281 1266//281 1268//281
f 1267//303 1268//303 1269//303
f 1269//302 1268//302 1270//302
f 1269//284 1270//284 1271//284
f 1271//284 1270//284 1272//284
f 1271//286 1272//286 1273//286
f 1273//304 1272//304 1274//304
f 1273//287 1274//287 1275//287
f 1275//288 1274//288 1276//288
f 1275//289 1276//289 1277//289
f 1277//289 1276//289 1278//289
f 1277//78 1278//78 1205//78
f 1205//78 1278//78 1206//78
f 1279//240 1280//240 1281//240
f 1281//240 1280//240 1282//240
f 1281//241 1282//241 1283//241
f 1283//241 1282//241 1284//241
f 1283//243 1284//243 1285//243
f 1285//243 1284//243 1286//243
f 1285//245 1286//245 1287//245
f 1287//245 1286//245 1288//245
f 1287//293 1288//293 1289//293
f 1289//246 1288//246 1290//246
f 1289//383 1290//383 1291//383
f 1291//384 1290//384 1292//384
f 1291//294 1292//294 1293//294
f 1293//248 1292//248 1294//248
f 1293//249 1294//249 1295//249
f 1295//249 1294//249 1296//249
f 1295//251 1296//251 1297//251
f 1297//295 1296//295 1298//295
f 1297//253 1298//253 1299//253
f 1299//252 1298//252 1300//252
f 1299//254 1300//254 1301//254
f 1301//255 1300//255 1302//255
f 1301//257 1302//257 1303//257
f 1303//257 1302//257 1304//257
f 1303//259 1304//259 1305//259
f 1305//259 1304//259 1306//259
f 1305//260 1306//260 1307//260
f 1307//260 1306//260 1308//260
f 1307//262 1308//262 1309//262
f 1309//261 1308//261 1310//261
f 1309//263 1310//263 1311//263
f 1311//264 1310//264 1312//264
f 1311//297 1312//297 1313//297
f 1313//265 1312//265 1314//265
f 1313//27 1314//27 1315//27
f 1315//298 1314//298 1316//298
f 1315//29 1316//29 1317//29
f 1317//29 1316//29 1318//29
f 1317//31 1318//31 1319//31
f 1319//31 1318//31 1320//31
f 1319//267 1320//267 1321//267
f 1321//267 1320//267 1322//267
f 1321//269 1322//269 1323//269
f 1323//268 1322//268 1324//268
f 1323//271 1324//271 1325//271
f 1325//270 1324//270 1326//270
f 1325//272 1326//272 1327//272
f 1327//299 1326//299 1328//299
f 1327//308 1328//308 1329//308
f 1329//273 1328//273 1330//273
f 1329//274 1330//274 1331//274
f 1331//274 1330//274 1332//274
f 1331//275 1332//275 1333//275
f 1333//276 1332//276 1334//276
f 1333//300 1334//300 1335//300
f 1335//277 1334//277 1336//277
f 1335//301 1336//301 1337//301
f 1337//279 1336//279 1338//279
f 1337//280 1338//280 1339//280
f 1339//280 1338//280 1340//280
f 1339//282 1340//282 1341//282
f 1341//281 1340//281 1342//281
f 1341//283 1342//283 1343//283
f 1343//283 1342//283 1344//283
f 1343//284 1344//284 1345//284
f 1345//284 1344//284 1346//284
f 1345//304 1346//304 1347//304
f 1347//286 1346//286 1348//286
f 1347//288 1348//288 1349//288
f 1349//287 1348//287 1350//287
f 1349//289 1350//289 1351//289
f 1351//289 1350//289 1352//289
f 1351//77 1352//77 1279//77
f 1279//78 1352//78 1280//78
f 1353//290 1354//290 1355//290
f 1355//240 1354//240 1356//240
f 1355//241 1356//241 1357//241
f 1357//291 1356//291 1358//291
f 1357//243 1358//243 1359//243
f 1359//243 1358//243 1360//243
f 1359//245 1360//245 1361//245
f 1361//245 1360//245 1362//245
f 1361//293 1362//293 1363//293
f 1363//246 1362//246 1364//246
f 1363//247 1364//247 1365//247
f 1365//247 1364//247 1366//247
f 1365//294 1366//294 1367//294
f 1367//248 1366//248 1368//248
f 1367//249 1368//249 1369//249
f 1369//249 1368//249 1370//249
f 1369//295 1370//295 1371//295
f 1371//251 1370//251 1372//251
f 1371//252 1372//252 1373//252
f 1373//253 1372//253 1374//253
f 1373//254 1374//254 1375//254
f 1375//255 1374//255 1376//255
f 1375//296 1376//296 1377//296
f 1377//256 1376//256 1378//256
f 1377//259 1378//259 1379//259
f 1379//259 1378//259 1380//259
f 1379//260 1380//260 1381//260
f 1381//260 1380//260 1382//260
f 1381//261 1382//261 1383//261
f 1383//262 1382//262 1384//262
f 1383//264 1384//264 1385//264
f 1385//372 1384//372 1386//372
f 1385//297 1386//297 1387//297
f 1387//297 1386//297 1388//297
f 1387//298 1388//298 1389//298
f 1389//27 1388//27 1390//27
f 1389//29 1390//29 1391//29
f 1391//29 1390//29 1392//29
f 1391//31 1392//31 1393//31
f 1393//375 1392//375 1394//375
f 1393//266 1394//266 1395//266
f 1395//266 1394//266 1396//266
f 1395//385 1396//385 1397//385
f 1397//269 1396//269 1398//269
f 1397//270 1398//270 1399//270
f 1399//271 1398//271 1400//271
f 1399//272 1400//272 1401//272
f 1401//272 1400//272 1402//272
f 1401//273 1402//273 1403//273
f 1403//273 1402//273 1404//273
f 1403//386 1404//386 1405//386
f 1405//373 1404//373 1406//373
f 1405//276 1406//276 1407//276
f 1407//275 1406//275 1408//275
f 1407//300 1408//300 1409//300
f 1409//277 1408//277 1410//277
f 1409//279 1410//279 1411//279
f 1411//301 1410//301 1412//301
f 1411//280 1412//280 1413//280
f 1413//280 1412//280 1414//280
f 1413//281 1414//281 1415//281
f 1415//282 1414//282 1416//282
f 1415//283 1416//283 1417//283
f 1417//283 1416//283 1418//283
f 1417//284 1418//284 1419//284
f 1419//285 1418//285 1420//285
f 1419//286 1420//286 1421//286
f 1421//286 1420//286 1422//286
f 1421//288 1422//288 1423//288
f 1423//287 1422//287 1424//287
f 1423//289 1424//289 1425//289
f 1425//289 1424//289 1426//289
f 1425//78 1426//78 1353//78
f 1353//77 1426//77 1354//77
f 1427//240 1428//240 1429//240
f 1429//290 1428//290 1430//290
f 1429//241 1430//241 1431//241
f 1431//241 1430//241 1432//241
f 1431//242 1432//242 1433//242
f 1433//243 1432//243 1434//243
f 1433//245 1434//245 1435//245
f 1435//244 1434//244 1436//244
f 1435//246 1436//246 1437//246
f 1437//246 1436//246 1438//246
f 1437//247 1438//247 1439//247
f 1439//247 1438//247 1440//247
f 1439//248 1440//248 1441//248
f 1441//294 1440//294 1442//294
f 1441//249 1442//249 1443//249
f 1443//249 1442//249 1444//249
f 1443//251 1444//251 1445//251
f 1445//295 1444//295 1446//295
f 1445//253 1446//253 1447//253
f 1447//252 1446//252 1448//252
f 1447//255 1448//255 1449//255
f 1449//254 1448//254 1450//254
f 1449//257 1450//257 1451//257
f 1451//257 1450//257 1452//257
f 1451//259 1452//259 1453//259
f 1453//307 1452//307 1454//307
f 1453//387 1454//387 1455//387
f 1455//260 1454//260 1456//260
f 1455//261 1456//261 1457//261
f 1457//262 1456//262 1458//262
f 1457//264 1458//264 1459//264
f 1459//263 1458//263 1460//263
f 1459//265 1460//265 1461//265
f 1461//265 1460//265 1462//265
f 1461//388 1462//388 1463//388
f 1463//27 1462//27 1464//27
f 1463//29 1464//29 1465//29
f 1465//29 1464//29 1466//29
f 1465//375 1466//375 1467//375
f 1467//31 1466//31 1468//31
f 1467//267 1468//267 1469//267
f 1469//266 1468//266 1470//266
f 1469//269 1470//269 1471//269
f 1471//268 1470//268 1472//268
f 1471//270 1472//270 1473//270
f 1473//271 1472//271 1474//271
f 1473//272 1474//272 1475//272
f 1475//272 1474//272 1476//272
f 1475//273 1476//273 1477//273
f 1477//273 1476//273 1478//273
f 1477//274 1478//274 1479//274
f 1479//274 1478//274 1480//274
f 1479//276 1480//276 1481//276
f 1481//275 1480//275 1482//275
f 1481//277 1482//277 1483//277
f 1483//300 1482//300 1484//300
f 1483//301 1484//301 1485//301
f 1485//279 1484//279 1486//279
f 1485//280 1486//280 1487//280
f 1487//280 1486//280 1488//280
f 1487//281 1488//281 1489//281
f 1489//282 1488//282 1490//282
f 1489//303 1490//303 1491//303
f 1491//302 1490//302 1492//302
f 1491//284 1492//284 1493//284
f 1493//285 1492//285 1494//285
f 1493//286 1494//286 1495//286
f 1495//286 1494//286 1496//286
f 1495//288 1496//288 1497//288
f 1497//288 1496//288 1498//288
f 1497//289 1498//289 1499//289
f 1499//305 1498//305 1500//305
f 1499//77 1500//77 1427//77
f 1427//78 1500//78 1428//78
f 1501//290 1502//290 1503//290
f 1503//240 1502//240 1504//240
f 1503//241 1504//241 1505//241
f 1505//241 1504//241 1506//241
f 1505//243 1506//243 1507//243
f 1507//242 1506//242 1508//242
f 1507//245 1508//245 1509//245
f 1509//244 1508//244 1510//244
f 1509//246 1510//246 1511//246
f 1511//246 1510//246 1512//246
f 1511//383 1512//383 1513//383
f 1513//384 1512//384 1514//384
f 1513//248 1514//248 1515//248
f 1515//294 1514//294 1516//294
f 1515//249 1516//249 1517//249
f 1517//249 1516//249 1518//249
f 1517//251 1518//251 1519//251
f 1519//295 1518//295 1520//295
f 1519//253 1520//253 1521//253
f 1521//252 1520//252 1522//252
f 1521//254 1522//254 1523//254
f 1523//255 1522//255 1524//255
f 1523//257 1524//257 1525//257
f 1525//257 1524//257 1526//257
f 1525//307 1526//307 1527//307
f 1527//259 1526//259 1528//259
f 1527//260 1528//260 1529//260
f 1529//387 1528//387 1530//387
f 1529//262 1530//262 1531//262
f 1531//261 1530//261 1532//261
f 1531//263 1532//263 1533//263
f 1533//264 1532//264 1534//264
f 1533//265 1534//265 1535//265
f 1535//265 1534//265 1536//265
f 1535//27 1536//27 1537//27
f 1537//27 1536//27 1538//27
f 1537//29 1538//29 1539//29
f 1539//29 1538//29 1540//29
f 1539//31 1540//31 1541//31
f 1541//375 1540//375 1542//375
f 1541//266 1542//266 1543//266
f 1543//267 1542//267 1544//267
f 1543//269 1544//269 1545//269
f 1545//268 1544//268 1546//268
f 1545//271 1546//271 1547//271
f 1547//270 1546//270 1548//270
f 1547//272 1548//272 1549//272
f 1549//272 1548//272 1550//272
f 1549//273 1550//273 1551//273
f 1551//273 1550//273 1552//273
f 1551//274 1552//274 1553//274
f 1553//274 1552//274 1554//274
f 1553//275 1554//275 1555//275
f 1555//276 1554//276 1556//276
f 1555//300 1556//300 1557//300
f 1557//277 1556//277 1558//277
f 1557//279 1558//279 1559//279
f 1559//301 1558//301 1560//301
f 1559//280 1560//280 1561//280
f 1561//280 1560//280 1562//280
f 1561//282 1562//282 1563//282
f 1563//281 1562//281 1564//281
f 1563//283 1564//283 1565//283
f 1565//283 1564//283 1566//283
f 1565//284 1566//284 1567//284
f 1567//284 1566//284 1568//284
f 1567//304 1568//304 1569//304
f 1569//286 1568//286 1570//286
f 1569//288 1570//288 1571//288
f 1571//287 1570//287 1572//287
f 1571//289 1572//289 1573//289
f 1573//289 1572//289 1574//289
f 1573//77 1574//77 1501//77
f 1501//78 1574//78 1502//78
f 1575//290 1576//290 1577//290
f 1577//290 1576//290 1578//290
f 1577//241 1578//241 1579//241
f 1579//241 1578//241 1580//241
f 1579//242 1580//242 1581//242
f 1581//243 1580//243 1582//243
f 1581//245 1582//245 1583//245
f 1583//244 1582//244 1584//244
f 1583//246 1584//246 1585//246
f 1585//246 1584//246 1586//246
f 1585//247 1586//247 1587//247
f 1587//247 1586//247 1588//247
f 1587//248 1588//248 1589//248
f 1589//294 1588//294 1590//294
f 1589//249 1590//249 1591//249
f 1591//249 1590//249 1592//249
f 1591//295 1592//295 1593//295
f 1593//295 1592//295 1594//295
f 1593//252 1594//252 1595//252
f 1595//252 1594//252 1596//252
f 1595//255 1596//255 1597//255
f 1597//254 1596//254 1598//254
f 1597//257 1598//257 1599//257
f 1599//257 1598//257 1600//257
f 1599//259 1600//259 1601//259
f 1601//259 1600//259 1602//259
f 1601//260 1602//260 1603//260
f 1603//260 1602//260 1604//260
f 1603//261 1604//261 1605//261
f 1605//262 1604//262 1606//262
f 1605//264 1606//264 1607//264
f 1607//263 1606//263 1608//263
f 1607//377 1608//377 1609//377
f 1609//297 1608//297 1610//297
f 1609//27 1610//27 1611//27
f 1611//27 1610//27 1612//27
f 1611//29 1612//29 1613//29
f 1613//29 1612//29 1614//29
f 1613//31 1614//31 1615//31
f 1615//31 1614//31 1616//31
f 1615//378 1616//378 1617//378
f 1617//378 1616//378 1618//378
f 1617//269 1618//269 1619//269
f 1619//268 1618//268 1620//268
f 1619//270 1620//270 1621//270
f 1621//271 1620//271 1622//271
f 1621//272 1622//272 1623//272
f 1623//272 1622//272 1624//272
f 1623//376 1624//376 1625//376
f 1625//308 1624//308 1626//308
f 1625//274 1626//274 1627//274
f 1627//274 1626//274 1628//274
f 1627//276 1628//276 1629//276
f 1629//275 1628//275 1630//275
f 1629//277 1630//277 1631//277
f 1631//300 1630//300 1632//300
f 1631//301 1632//301 1633//301
f 1633//279 1632//279 1634//279
f 1633//280 1634//280 1635//280
f 1635//309 1634//309 1636//309
f 1635//281 1636//281 1637//281
f 1637//281 1636//281 1638//281
f 1637//380 1638//380 1639//380
f 1639//302 1638//302 1640//302
f 1639//284 1640//284 1641//284
f 1641//284 1640//284 1642//284
f 1641//286 1642//286 1643//286
f 1643//304 1642//304 1644//304
f 1643//287 1644//287 1645//287
f 1645//288 1644//288 1646//288
f 1645//289 1646//289 1647//289
f 1647//289 1646//289 1648//289
f 1647//78 1648//78 1575//78
f 1575//78 1648//78 1576//78
f 1649//240 1650//240 1651//240
f 1651//240 1650//240 1652//240
f 1651//241 1652//241 1653//241
f 1653//241 1652//241 1654//241
f 1653//243 1654//243 1655//243
f 1655//243 1654//243 1656//243
f 1655//245 1656//245 1657//245
f 1657//245 1656//245 1658//245
f 1657//293 1658//293 1659//293
f 1659//246 1658//246 1660//246
f 1659//383 1660//383 1661//383
f 1661//389 1660//389 1662//389
f 1661//294 1662//294 1663//294
f 1663//248 1662//248 1664//248
f 1663//249 1664//249 1665//249
f 1665//249 1664//249 1666//249
f 1665//251 1666//251 1667//251
f 1667//295 1666//295 1668//295
f 1667//253 1668//253 1669//253
f 1669//252 1668//252 1670//252
f 1669//254 1670//254 1671//254
f 1671//255 1670//255 1672//255
f 1671//257 1672//257 1673//257
f 1673//257 1672//257 1674//257
f 1673//259 1674//259 1675//259
f 1675//259 1674//259 1676//259
f 1675//260 1676//260 1677//260
f 1677//260 1676//260 1678//260
f 1677//262 1678//262 1679//262
f 1679//261 1678//261 1680//261
f 1679//263 1680//263 1681//263
f 1681//264 1680//264 1682//264
f 1681//297 1682//297 1683//297
f 1683//377 1682//377 1684//377
f 1683//27 1684//27 1685//27
f 1685//298 1684//298 1686//298
f 1685//29 1686//29 1687//29
f 1687//29 1686//29 1688//29
f 1687//31 1688//31 1689//31
f 1689//31 1688//31 1690//31
f 1689//378 1690//378 1691//378
f 1691//378 1690//378 1692//378
f 1691//269 1692//269 1693//269
f 1693//268 1692//268 1694//268
f 1693//271 1694//271 1695//271
f 1695//270 1694//270 1696//270
f 1695//272 1696//272 1697//272
f 1697//299 1696//299 1698//299
f 1697//308 1698//308 1699//308
f 1699//273 1698//273 1700//273
f 1699//274 1700//274 1701//274
f 1701//274 1700//274 1702//274
f 1701//275 1702//275 1703//275
f 1703//276 1702//276 1704//276
f 1703//300 1704//300 1705//300
f 1705//277 1704//277 1706//277
f 1705//301 1706//301 1707//301
f 1707//279 1706//279 1708//279
f 1707//280 1708//280 1709//280
f 1709//280 1708//280 1710//280
f 1709//282 1710//282 1711//282
f 1711//281 1710//281 1712//281
f 1711//283 1712//283 1713//283
f 1713//283 1712//283 1714//283
f 1713//284 1714//284 1715//284
f 1715//284 1714//284 1716//284
f 1715//304 1716//304 1717//304
f 1717//286 1716//286 1718//286
f 1717//288 1718//288 1719//288
f 1719//287 1718//287 1720//287
f 1719//289 1720//289 1721//289
f 1721//289 1720//289 1722//289
f 1721//77 1722//77 1649//77
f 1649//78 1722//78 1650//78
f 1723//290 1724//290 1725//290
f 1725//240 1724//240 1726//240
f 1725//241 1726//241 1727//241
f 1727//291 1726//291 1728//291
f 1727//243 1728//243 1729//243
f 1729//243 1728//243 1730//243
f 1729//245 1730//245 1731//245
f 1731//245 1730//245 1732//245
f 1731//293 1732//293 1733//293
f 1733//246 1732//246 1734//246
f 1733//247 1734//247 1735//247
f 1735//247 1734//247 1736//247
f 1735//294 1736//294 1737//294
f 1737//248 1736//248 1738//248
f 1737//249 1738//249 1739//249
f 1739//249 1738//249 1740//249
f 1739//295 1740//295 1741//295
f 1741//251 1740//251 1742//251
f 1741//252 1742//252 1743//252
f 1743//253 1742//253 1744//253
f 1743//254 1744//254 1745//254
f 1745//255 1744//255 1746//255
f 1745//296 1746//296 1747//296
f 1747//256 1746//256 1748//256
f 1747//259 1748//259 1749//259
f 1749//259 1748//259 1750//259
f 1749//260 1750//260 1751//260
f 1751//260 1750//260 1752//260
f 1751//261 1752//261 1753//261
f 1753//262 1752//262 1754//262
f 1753//264 1754//264 1755//264
f 1755//381 1754//381 1756//381
f 1755//297 1756//297 1757//297
f 1757//297 1756//297 1758//297
f 1757//298 1758//298 1759//298
f 1759//27 1758//27 1760//27
f 1759//29 1760//29 1761//29
f 1761//29 1760//29 1762//29
f 1761//31 1762//31 1763//31
f 1763//375 1762//375 1764//375
f 1763//266 1764//266 1765//266
f 1765//266 1764//266 1766//266
f 1765//390 1766//390 1767//390
f 1767//269 1766//269 1768//269
f 1767//270 1768//270 1769//270
f 1769//271 1768//271 1770//271
f 1769//272 1770//272 1771//272
f 1771//272 1770//272 1772//272
f 1771//273 1772//273 1773//273
f 1773//273 1772//273 1774//273
f 1773//386 1774//386 1775//386
f 1775//373 1774//373 1776//373
f 1775//276 1776//276 1777//276
f 1777//275 1776//275 1778//275
f 1777//300 1778//300 1779//300
f 1779//277 1778//277 1780//277
f 1779//279 1780//279 1781//279
f 1781//301 1780//301 1782//301
f 1781//280 1782//280 1783//280
f 1783//280 1782//280 1784//280
f 1783//281 1784//281 1785//281
f 1785//282 1784//282 1786//282
f 1785//283 1786//283 1787//283
f 1787//283 1786//283 1788//283
f 1787//284 1788//284 1789//284
f 1789//285 1788//285 1790//285
f 1789//286 1790//286 1791//286
f 1791//286 1790//286 1792//286
f 1791//288 1792//288 1793//288
f 1793//287 1792//287 1794//287
f 1793//289 1794//289 1795//289
f 1795//289 1794//289 1796//289
f 1795//78 1796//78 1723//78
f 1723//77 1796//77 1724//77
f 1797//240 1798//240 1799//240
f 1799//290 1798//290 1800//290
f 1799//241 1800//241 1801//241
f 1801//241 1800//241 1802//241
f 1801//242 1802//242 1803//242
f 1803//243 1802//243 1804//243
f 1803//245 1804//245 1805//245
f 1805//244 1804//244 1806//244
f 1805//246 1806//246 1807//246
f 1807//246 1806//246 1808//246
f 1807//247 1808//247 1809//247
f 1809//247 1808//247 1810//247
f 1809//248 1810//248 1811//248
f 1811//294 1810//294 1812//294
f 1811//249 1812//249 1813//249
f 1813//249 1812//249 1814//249
f 1813//251 1814//251 1815//251
f 1815//295 1814//295 1816//295
f 1815//253 1816//253 1817//253
f 1817//252 1816//252 1818//252
f 1817//255 1818//255 1819//255
f 1819//254 1818//254 1820//254
f 1819//257 1820//257 1821//257
f 1821//257 1820//257 1822//257
f 1821//259 1822//259 1823//259
f 1823//307 1822//307 1824//307
f 1823//387 1824//387 1825//387
f 1825//260 1824//260 1826//260
f 1825//261 1826//261 1827//261
f 1827//262 1826//262 1828//262
f 1827//264 1828//264 1829//264
f 1829//263 1828//263 1830//263
f 1829//377 1830//377 1831//377
f 1831//377 1830//377 1832//377
f 1831//388 1832//388 1833//388
f 1833//27 1832//27 1834//27
f 1833//29 1834//29 1835//29
f 1835//29 1834//29 1836//29
f 1835//375 1836//375 1837//375
f 1837//31 1836//31 1838//31
f 1837//378 1838//378 1839//378
f 1839//266 1838//266 1840//266
f 1839//269 1840//269 1841//269
f 1841//268 1840//268 1842//268
f 1841//270 1842//270 1843//270
f 1843//271 1842//271 1844//271
f 1843//272 1844//272 1845//272
f 1845//272 1844//272 1846//272
f 1845//273 1846//273 1847//273
f 1847//273 1846//273 1848//273
f 1847//274 1848//274 1849//274
f 1849//274 1848//274 1850//274
f 1849//276 1850//276 1851//276
f 1851//275 1850//275 1852//275
f 1851//277 1852//277 1853//277
f 1853//300 1852//300 1854//300
f 1853//301 1854//301 1855//301
f 1855//279 1854//279 1856//279
f 1855//280 1856//280 1857//280
f 1857//280 1856//280 1858//280
f 1857//281 1858//281 1859//281
f 1859//282 1858//282 1860//282
f 1859//380 1860//380 1861//380
f 1861//302 1860//302 1862//302
f 1861//284 1862//284 1863//284
f 1863//285 1862//285 1864//285
f 1863//286 1864//286 1865//286
f 1865//286 1864//286 1866//286
f 1865//288 1866//288 1867//288
f 1867//288 1866//288 1868//288
f 1867//289 1868//289 1869//289
f 1869//305 1868//305 1870//305
f 1869//77 1870//77 1797//77
f 1797//78 1870//78 1798//78
f 1871//290 1872//290 1873//290
f 1873//240 1872//240 1874//240
f 1873//241 1874//241 1875//241
f 1875//241 1874//241 1876//241
f 1875//243 1876//243 1877//243
f 1877//242 1876//242 1878//242
f 1877//245 1878//245 1879//245
f 1879//244 1878//244 1880//244
f 1879//246 1880//246 1881//246
f 1881//246 1880//246 1882//246
f 1881//383 1882//383 1883//383
f 1883//389 1882//389 1884//389
f 1883//248 1884//248 1885//248
f 1885//294 1884//294 1886//294
f 1885//249 1886//249 1887//249
f 1887//249 1886//249 1888//249
f 1887//251 1888//251 1889//251
f 1889//295 1888//295 1890//295
f 1889//253 1890//253 1891//253
f 1891//252 1890//252 1892//252
f 1891//254 1892//254 1893//254
f 1893//255 1892//255 1894//255
f 1893//257 1894//257 1895//257
f 1895//257 1894//257 1896//257
f 1895//307 1896//307 1897//307
f 1897//259 1896//259 1898//259
f 1897//260 1898//260 1899//260
f 1899//387 1898//387 1900//387
f 1899//262 1900//262 1901//262
f 1901//261 1900//261 1902//261
f 1901//263 1902//263 1903//263
f 1903//264 1902//264 1904//264
f 1903//377 1904//377 1905//377
f 1905//377 1904//377 1906//377
f 1905//27 1906//27 1907//27
f 1907//27 1906//27 1908//27
f 1907//29 1908//29 1909//29
f 1909//29 1908//29 1910//29
f 1909//31 1910//31 1911//31
f 1911//375 1910//375 1912//375
f 1911//266 1912//266 1913//266
f 1913//378 1912//378 1914//378
f 1913//269 1914//269 1915//269
f 1915//268 1914//268 1916//268
f 1915//271 1916//271 1917//271
f 1917//270 1916//270 1918//270
f 1917//272 1918//272 1919//272
f 1919//272 1918//272 1920//272
f 1919//273 1920//273 1921//273
f 1921//273 1920//273 1922//273
f 1921//274 1922//274 1923//274
f 1923//274 1922//274 1924//274
f 1923//275 1924//275 1925//275
f 1925//276 1924//276 1926//276
f 1925//300 1926//300 1927//300
f 1927//277 1926//277 1928//277
f 1927//279 1928//279 1929//279
f 1929//301 1928//301 1930//301
f 1929//280 1930//280 1931//280
f 1931//280 1930//280 1932//280
f 1931//282 1932//282 1933//282
f 1933//281 1932//281 1934//281
f 1933//283 1934//283 1935//283
f 1935//283 1934//283 1936//283
f 1935//284 1936//284 1937//284
f 1937//284 1936//284 1938//284
f 1937//304 1938//304 1939//304
f 1939//286 1938//286 1940//286
f 1939//288 1940//288 1941//288
f 1941//287 1940//287 1942//287
f 1941//289 1942//289 1943//289
f 1943//289 1942//289 1944//289
f 1943//77 1944//77 1871//77
f 1871//78 1944//78 1872//78
f 1945//391 375//391 385//391
f 1945//392 385//392 1946//392
f 1946//393 385//393 384//393
f 1946//394 384//394 1947//394
f 1947//395 384//395 383//395
f 1947//396 383//396 1948//396
f 1948//397 383//397 382//397
f 1948//398 382//398 1949//398
f 1949//399 382//399 381//399
f 1949//399 381//399 1950//399
f 1950//400 381//400 386//400
f 1950//401 386//401 1951//401
f 1951//402 386//402 387//402
f 1951//403 387//403 1952//403
f 1952//404 387//404 388//404
f 1952//405 388//405 1953//405
f 1953//406 388//406 389//406
f 1953//407 389//407 1954//407
f 1954//408 389//408 390//408
f 1954//409 390//409 1955//409
f 1956//410 1957//410 376//410
f 1957//410 1958//410 376//410
f 376//410 1958//410 1959//410
f 376//411 1959//411 1960//411
f 1945//410 1961//410 375//410
f 375//410 1961//410 1962//410
f 375//410 1962//410 1963//410
f 1963//410 1964//410 375//410
f 375//410 1964//410 1965//410
f 375//410 1965//410 376//410
f 376//410 1965//410 1966//410
f 376//410 1966//410 1956//410
f 1967//412 1968//412 1969//412
f 1967//413 1969//413 1970//413
f 1970//414 1969//414 1971//414
f 1970//415 1971//415 1972//415
f 1972//416 1971//416 1973//416
f 1972//417 1973//417 1974//417
f 1974//418 1973//418 1975//418
f 1974//419 1975//419 1976//419
f 1976//420 1975//420 1977//420
f 1976//421 1977//421 1978//421
f 1978//422 1977//422 1979//422
f 1978//423 1979//423 1980//423
f 1980//424 1979//424 1981//424
f 1980//425 1981//425 1982//425
f 1982//426 1981//426 1983//426
f 1982//427 1983//427 1984//427
f 1984//428 1983//428 1985//428
f 1984//429 1985//429 1986//429
f 1986//430 1985//430 376//430
f 1986//431 376//431 1960//431
f 1987//432 1955//432 390//432
f 1987//432 390//432 1988//432
f 1988//433 390//433 1989//433
f 1988//432 1989//432 1990//432
f 1991//216 1992//216 1993//216
f 243//216 242//216 1994//216
f 350//216 352//216 1995//216
f 362//216 1996//216 1997//216
f 356//216 358//216 1997//216
f 1997//216 358//216 360//216
f 1997//216 360//216 362//216
f 1995//216 352//216 1997//216
f 1997//216 352//216 354//216
f 1997//216 354//216 356//216
f 344//216 346//216 1995//216
f 1995//216 346//216 348//216
f 1995//216 348//216 350//216
f 314//216 316//216 318//216
f 314//216 318//216 312//216
f 1998//216 1555//216 1999//216
f 1999//216 1555//216 1557//216
f 1999//216 1557//216 1559//216
f 1559//216 1561//216 1999//216
f 1999//216 1561//216 1563//216
f 1999//216 1563//216 1565//216
f 1565//216 1567//216 1999//216
f 1999//216 1567//216 1569//216
f 1999//216 1569//216 1571//216
f 1571//216 1573//216 1999//216
f 1999//216 1573//216 1501//216
f 1999//216 1501//216 310//216
f 310//216 1501//216 1503//216
f 310//216 1503//216 1505//216
f 1505//216 1507//216 310//216
f 310//216 1507//216 1509//216
f 310//216 1509//216 1511//216
f 1529//216 377//216 1527//216
f 1527//216 377//216 1525//216
f 1549//216 1551//216 1998//216
f 1998//216 1551//216 1553//216
f 1998//216 1553//216 1555//216
f 304//216 1517//216 302//216
f 302//216 1517//216 1519//216
f 302//216 1519//216 300//216
f 1511//216 1513//216 310//216
f 310//216 1513//216 1515//216
f 310//216 1515//216 308//216
f 308//216 1515//216 1517//216
f 308//216 1517//216 306//216
f 306//216 1517//216 304//216
f 300//216 1519//216 297//216
f 297//216 1519//216 1521//216
f 297//216 1521//216 377//216
f 377//216 1521//216 1523//216
f 377//216 1523//216 1525//216
f 1529//216 1531//216 377//216
f 377//216 1531//216 1533//216
f 377//216 1533//216 1535//216
f 1537//216 1539//216 1998//216
f 1998//216 1539//216 1541//216
f 1998//216 1541//216 1543//216
f 1543//216 1545//216 1998//216
f 1998//216 1545//216 1547//216
f 1998//216 1547//216 1549//216
f 1927//216 2000//216 1925//216
f 1925//216 2000//216 2001//216
f 1927//216 1929//216 2000//216
f 2000//216 1929//216 1931//216
f 2000//216 1931//216 1933//216
f 1933//216 1935//216 2000//216
f 2000//216 1935//216 1937//216
f 2000//216 1937//216 1939//216
f 1919//216 1921//216 2001//216
f 2001//216 1921//216 1923//216
f 2001//216 1923//216 1925//216
f 1939//216 1941//216 2000//216
f 2000//216 1941//216 1943//216
f 2000//216 1943//216 1871//216
f 1873//216 1875//216 378//216
f 378//216 1875//216 1877//216
f 1877//216 1879//216 378//216
f 378//216 1879//216 1881//216
f 378//216 1881//216 1883//216
f 1911//216 1913//216 2001//216
f 2002//216 2003//216 1895//216
f 1897//216 1899//216 2004//216
f 2004//216 1899//216 1901//216
f 2004//216 1901//216 1903//216
f 1913//216 1915//216 2001//216
f 2001//216 1915//216 1917//216
f 2001//216 1917//216 1919//216
f 1883//216 1885//216 378//216
f 378//216 1885//216 1887//216
f 378//216 1887//216 380//216
f 380//216 1887//216 1889//216
f 380//216 1889//216 2005//216
f 2005//216 1889//216 1891//216
f 2006//216 2007//216 1893//216
f 1893//216 2007//216 2008//216
f 1893//216 2008//216 1891//216
f 1891//216 2008//216 2009//216
f 1891//216 2009//216 2005//216
f 1895//216 2003//216 1893//216
f 1893//216 2003//216 2010//216
f 1893//216 2010//216 2006//216
f 1903//216 1905//216 2004//216
f 2004//216 1905//216 1907//216
f 2004//216 1907//216 2001//216
f 2001//216 1907//216 1909//216
f 2001//216 1909//216 1911//216
f 1897//216 2004//216 1895//216
f 1895//216 2004//216 2011//216
f 1895//216 2011//216 2002//216
f 837//216 839//216 1994//216
f 891//216 893//216 2012//216
f 2012//216 893//216 895//216
f 839//216 841//216 1994//216
f 1994//216 841//216 843//216
f 1994//216 843//216 845//216
f 837//216 1994//216 835//216
f 835//216 1994//216 2012//216
f 835//216 2012//216 907//216
f 853//216 855//216 2013//216
f 2014//216 887//216 889//216
f 2013//216 861//216 863//216
f 895//216 897//216 2012//216
f 2012//216 897//216 899//216
f 2012//216 899//216 901//216
f 855//216 857//216 2013//216
f 2013//216 857//216 859//216
f 2013//216 859//216 861//216
f 901//216 903//216 2012//216
f 2012//216 903//216 905//216
f 2012//216 905//216 907//216
f 845//216 847//216 1994//216
f 1994//216 847//216 849//216
f 1994//216 849//216 851//216
f 869//216 2015//216 867//216
f 867//216 2015//216 2013//216
f 867//216 2013//216 865//216
f 865//216 2013//216 863//216
f 2014//216 879//216 881//216
f 881//216 883//216 2014//216
f 2014//216 883//216 885//216
f 2014//216 885//216 887//216
f 869//216 871//216 2015//216
f 2015//216 871//216 873//216
f 2015//216 873//216 2016//216
f 2016//216 873//216 875//216
f 879//216 2014//216 877//216
f 877//216 2014//216 2017//216
f 877//216 2017//216 875//216
f 875//216 2017//216 2018//216
f 875//216 2018//216 2016//216
f 2019//216 2020//216 2012//216
f 2012//216 2020//216 2021//216
f 889//216 891//216 2014//216
f 2014//216 891//216 2012//216
f 2014//216 2012//216 2022//216
f 2022//216 2012//216 2023//216
f 2021//216 2024//216 2012//216
f 2012//216 2024//216 2025//216
f 2012//216 2025//216 2023//216
f 264//216 263//216 2026//216
f 2026//216 263//216 262//216
f 2026//216 262//216 261//216
f 283//216 2027//216 284//216
f 284//216 2027//216 285//216
f 292//216 2028//216 293//216
f 293//216 2028//216 294//216
f 292//216 291//216 2028//216
f 2028//216 291//216 290//216
f 2028//216 290//216 289//216
f 283//216 282//216 2027//216
f 2027//216 282//216 281//216
f 2027//216 281//216 280//216
f 289//216 288//216 2028//216
f 2028//216 288//216 287//216
f 2028//216 287//216 2027//216
f 2027//216 287//216 286//216
f 2027//216 286//216 285//216
f 280//216 279//216 2027//216
f 2027//216 279//216 278//216
f 2027//216 278//216 2029//216
f 2029//216 278//216 277//216
f 2029//216 277//216 276//216
f 261//216 260//216 2026//216
f 2026//216 260//216 296//216
f 2026//216 296//216 2028//216
f 2028//216 296//216 295//216
f 2028//216 295//216 294//216
f 276//216 275//216 2029//216
f 2029//216 275//216 274//216
f 2029//216 274//216 2030//216
f 2030//216 274//216 273//216
f 2030//216 273//216 272//216
f 272//216 271//216 2030//216
f 2030//216 271//216 270//216
f 2030//216 270//216 269//216
f 2031//216 265//216 264//216
f 268//216 267//216 2031//216
f 2031//216 267//216 266//216
f 2031//216 266//216 265//216
f 228//216 227//216 1997//216
f 1997//216 227//216 226//216
f 259//216 2032//216 223//216
f 223//216 2032//216 1997//216
f 226//216 225//216 1997//216
f 1997//216 225//216 224//216
f 1997//216 224//216 223//216
f 2012//216 232//216 2019//216
f 2019//216 232//216 231//216
f 2019//216 231//216 1996//216
f 1996//216 231//216 230//216
f 1996//216 230//216 1997//216
f 1997//216 230//216 229//216
f 1997//216 229//216 228//216
f 238//216 237//216 2012//216
f 2012//216 237//216 236//216
f 2012//216 236//216 235//216
f 242//216 241//216 1994//216
f 1994//216 241//216 240//216
f 1994//216 240//216 2012//216
f 2012//216 240//216 239//216
f 2012//216 239//216 238//216
f 235//216 234//216 2012//216
f 2012//216 234//216 233//216
f 2012//216 233//216 232//216
f 252//216 251//216 2031//216
f 255//216 254//216 2031//216
f 2031//216 254//216 253//216
f 2031//216 253//216 252//216
f 251//216 250//216 2031//216
f 2031//216 250//216 2030//216
f 2031//216 2030//216 268//216
f 268//217 2030//217 269//217
f 250//216 249//216 2030//216
f 2030//216 249//216 248//216
f 2030//216 248//216 247//216
f 259//216 258//216 2032//216
f 2032//216 258//216 257//216
f 2032//216 257//216 2031//216
f 2031//216 257//216 256//216
f 2031//216 256//216 255//216
f 247//216 246//216 2030//216
f 2030//216 246//216 245//216
f 2030//216 245//216 244//216
f 323//216 2033//216 324//216
f 324//216 2033//216 2034//216
f 324//216 2034//216 325//216
f 325//216 2034//216 2035//216
f 325//216 2035//216 326//216
f 326//216 2035//216 2036//216
f 326//216 2036//216 327//216
f 327//216 2036//216 2037//216
f 327//216 2037//216 328//216
f 328//216 2037//216 2038//216
f 328//216 2038//216 329//216
f 329//216 2038//216 2039//216
f 329//216 2039//216 330//216
f 330//216 2039//216 1999//216
f 330//216 1999//216 318//216
f 318//216 1999//216 310//216
f 318//216 310//216 312//216
f 2040//216 322//216 2041//216
f 2041//216 322//216 321//216
f 2041//216 321//216 1995//216
f 1995//216 321//216 320//216
f 1995//216 320//216 344//216
f 2042//216 1481//216 2039//216
f 2039//216 1481//216 1483//216
f 2039//216 1483//216 1485//216
f 1485//216 1487//216 2039//216
f 2039//216 1487//216 1489//216
f 2039//216 1489//216 1491//216
f 1491//216 1493//216 2039//216
f 2039//216 1493//216 1495//216
f 2039//216 1495//216 1497//216
f 1429//216 1999//216 1427//216
f 1427//216 1999//216 2039//216
f 1427//216 2039//216 1499//216
f 1499//216 2039//216 1497//216
f 1429//216 1431//216 1999//216
f 1999//216 1431//216 1433//216
f 1999//216 1433//216 1435//216
f 1435//216 1437//216 1999//216
f 1999//216 1437//216 1439//216
f 1999//216 1439//216 1441//216
f 1449//216 1451//216 1998//216
f 1998//216 1451//216 1453//216
f 1998//216 1453//216 1455//216
f 1475//216 1477//216 2042//216
f 2042//216 1477//216 1479//216
f 2042//216 1479//216 1481//216
f 1441//216 1443//216 1999//216
f 1999//216 1443//216 1445//216
f 1999//216 1445//216 1998//216
f 1998//216 1445//216 1447//216
f 1998//216 1447//216 1449//216
f 1455//216 1457//216 1998//216
f 1998//216 1457//216 1459//216
f 1998//216 1459//216 1461//216
f 1463//216 1465//216 2042//216
f 2042//216 1465//216 1467//216
f 2042//216 1467//216 1469//216
f 1469//216 1471//216 2042//216
f 2042//216 1471//216 1473//216
f 2042//216 1473//216 1475//216
f 1407//216 1409//216 2038//216
f 2038//216 1409//216 1411//216
f 1411//216 1413//216 2038//216
f 2038//216 1413//216 1415//216
f 2038//216 1415//216 1417//216
f 1365//216 1367//216 2039//216
f 1367//216 1369//216 2039//216
f 2039//216 1369//216 1371//216
f 2039//216 1371//216 2042//216
f 2042//216 1371//216 1373//216
f 2042//216 1373//216 1375//216
f 1357//216 1359//216 2039//216
f 1417//216 1419//216 2038//216
f 2038//216 1419//216 1421//216
f 2038//216 1421//216 1423//216
f 1359//216 1361//216 2039//216
f 2039//216 1361//216 1363//216
f 2039//216 1363//216 1365//216
f 1375//216 1377//216 2042//216
f 2042//216 1377//216 1379//216
f 2042//216 1379//216 1381//216
f 1381//216 1383//216 2042//216
f 2042//216 1383//216 1385//216
f 2042//216 1385//216 1387//216
f 1391//216 1393//216 2043//216
f 1423//216 1425//216 2038//216
f 2038//216 1425//216 1353//216
f 2038//216 1353//216 2039//216
f 2039//216 1353//216 1355//216
f 2039//216 1355//216 1357//216
f 1391//216 2043//216 1389//216
f 1393//216 1395//216 2043//216
f 2043//216 1395//216 1397//216
f 2043//216 1397//216 1399//216
f 1399//216 1401//216 2043//216
f 2043//216 1401//216 1403//216
f 2043//216 1403//216 1405//216
f 1293//216 1295//216 2038//216
f 2037//216 1335//216 1337//216
f 1335//216 2037//216 1333//216
f 1333//216 2037//216 2044//216
f 1333//216 2044//216 1331//216
f 1337//216 1339//216 2037//216
f 2037//216 1339//216 1341//216
f 2037//216 1341//216 1343//216
f 1293//216 2038//216 1291//216
f 1295//216 1297//216 2038//216
f 2038//216 1297//216 2043//216
f 2038//216 2043//216 1407//216
f 1407//216 2043//216 1405//216
f 1283//216 1285//216 2038//216
f 1343//216 1345//216 2037//216
f 2037//216 1345//216 1347//216
f 2037//216 1347//216 1349//216
f 1285//216 1287//216 2038//216
f 2038//216 1287//216 1289//216
f 2038//216 1289//216 1291//216
f 1297//216 1299//216 2043//216
f 2043//216 1299//216 1301//216
f 2043//216 1301//216 1303//216
f 1303//216 1305//216 2043//216
f 2043//216 1305//216 1307//216
f 2043//216 1307//216 1309//216
f 1309//216 1311//216 2043//216
f 2043//216 1311//216 1313//216
f 2043//216 1313//216 1315//216
f 1317//216 1319//216 2044//216
f 1349//216 1351//216 2037//216
f 2037//216 1351//216 1279//216
f 2037//216 1279//216 2038//216
f 2038//216 1279//216 1281//216
f 2038//216 1281//216 1283//216
f 1319//216 1321//216 2044//216
f 2044//216 1321//216 1323//216
f 2044//216 1323//216 1325//216
f 1325//216 1327//216 2044//216
f 2044//216 1327//216 1329//216
f 2044//216 1329//216 1331//216
f 2036//216 1261//216 1263//216
f 1261//216 2036//216 1259//216
f 1259//216 2036//216 1991//216
f 1259//216 1991//216 1257//216
f 1263//216 1265//216 2036//216
f 2036//216 1265//216 1267//216
f 2036//216 1267//216 1269//216
f 1217//216 1219//216 2037//216
f 1219//216 1221//216 2037//216
f 2037//216 1221//216 1223//216
f 2037//216 1223//216 2044//216
f 2044//216 1223//216 1225//216
f 2044//216 1225//216 1227//216
f 1209//216 1211//216 2037//216
f 1269//216 1271//216 2036//216
f 2036//216 1271//216 1273//216
f 2036//216 1273//216 1275//216
f 1211//216 1213//216 2037//216
f 2037//216 1213//216 1215//216
f 2037//216 1215//216 1217//216
f 1227//216 1229//216 2044//216
f 2044//216 1229//216 1231//216
f 2044//216 1231//216 1233//216
f 1233//216 1235//216 2044//216
f 2044//216 1235//216 1237//216
f 2044//216 1237//216 1239//216
f 1243//216 1245//216 1991//216
f 1275//216 1277//216 2036//216
f 2036//216 1277//216 1205//216
f 2036//216 1205//216 2037//216
f 2037//216 1205//216 1207//216
f 2037//216 1207//216 1209//216
f 1243//216 1991//216 1241//216
f 1245//216 1247//216 1991//216
f 1991//216 1247//216 1249//216
f 1991//216 1249//216 1251//216
f 1251//216 1253//216 1991//216
f 1991//216 1253//216 1255//216
f 1991//216 1255//216 1257//216
f 2035//216 817//216 819//216
f 817//216 2035//216 815//216
f 815//216 2035//216 1992//216
f 815//216 1992//216 813//216
f 819//216 821//216 2035//216
f 2035//216 821//216 823//216
f 2035//216 823//216 825//216
f 773//216 775//216 2036//216
f 775//216 777//216 2036//216
f 2036//216 777//216 779//216
f 2036//216 779//216 1991//216
f 1991//216 779//216 781//216
f 1991//216 781//216 783//216
f 765//216 767//216 2036//216
f 825//216 827//216 2035//216
f 2035//216 827//216 829//216
f 2035//216 829//216 831//216
f 767//216 769//216 2036//216
f 2036//216 769//216 771//216
f 2036//216 771//216 773//216
f 783//216 785//216 1991//216
f 1991//216 785//216 787//216
f 1991//216 787//216 789//216
f 789//216 791//216 1991//216
f 1991//216 791//216 793//216
f 1991//216 793//216 795//216
f 831//216 833//216 2035//216
f 2035//216 833//216 761//216
f 2035//216 761//216 2036//216
f 2036//216 761//216 763//216
f 2036//216 763//216 765//216
f 803//216 805//216 1992//216
f 1992//216 805//216 807//216
f 795//216 797//216 1991//216
f 1991//216 797//216 799//216
f 1991//216 799//216 1992//216
f 1992//216 799//216 801//216
f 1992//216 801//216 803//216
f 807//216 809//216 1992//216
f 1992//216 809//216 811//216
f 1992//216 811//216 813//216
f 2028//216 739//216 741//216
f 1992//216 709//216 711//216
f 711//216 713//216 1992//216
f 1992//216 713//216 715//216
f 1992//216 715//216 717//216
f 745//216 747//216 2034//216
f 2034//216 747//216 749//216
f 2034//216 749//216 751//216
f 2028//216 741//216 2034//216
f 2034//216 741//216 743//216
f 2034//216 743//216 745//216
f 2035//216 699//216 701//216
f 717//216 719//216 1992//216
f 1992//216 719//216 721//216
f 1992//216 721//216 723//216
f 723//216 725//216 2028//216
f 2028//216 725//216 727//216
f 733//216 735//216 2028//216
f 2028//216 735//216 737//216
f 2028//216 737//216 739//216
f 691//216 693//216 2035//216
f 701//216 703//216 2035//216
f 2035//216 703//216 705//216
f 2035//216 705//216 1992//216
f 1992//216 705//216 707//216
f 1992//216 707//216 709//216
f 727//216 729//216 2028//216
f 2028//216 729//216 731//216
f 2028//216 731//216 733//216
f 751//216 753//216 2034//216
f 2034//216 753//216 755//216
f 2034//216 755//216 757//216
f 757//216 759//216 2034//216
f 2034//216 759//216 687//216
f 2034//216 687//216 2035//216
f 2035//216 687//216 689//216
f 2035//216 689//216 691//216
f 693//216 695//216 2035//216
f 2035//216 695//216 697//216
f 2035//216 697//216 699//216
f 2026//216 591//216 593//216
f 565//216 2028//216 563//216
f 563//216 2028//216 561//216
f 597//216 599//216 2033//216
f 2033//216 599//216 601//216
f 2033//216 601//216 603//216
f 2026//216 593//216 2033//216
f 2033//216 593//216 595//216
f 2033//216 595//216 597//216
f 2034//216 551//216 553//216
f 565//216 567//216 2028//216
f 2028//216 567//216 569//216
f 2028//216 569//216 571//216
f 571//216 573//216 2028//216
f 2028//216 573//216 575//216
f 2028//216 575//216 2026//216
f 2026//216 575//216 577//216
f 2026//216 577//216 579//216
f 585//216 587//216 2026//216
f 2026//216 587//216 589//216
f 2026//216 589//216 591//216
f 543//216 545//216 2034//216
f 553//216 555//216 2034//216
f 2034//216 555//216 557//216
f 2034//216 557//216 2028//216
f 2028//216 557//216 559//216
f 2028//216 559//216 561//216
f 579//216 581//216 2026//216
f 2026//216 581//216 583//216
f 2026//216 583//216 585//216
f 603//216 605//216 2033//216
f 2033//216 605//216 607//216
f 2033//216 607//216 609//216
f 609//216 611//216 2033//216
f 2033//216 611//216 539//216
f 2033//216 539//216 2034//216
f 2034//216 539//216 541//216
f 2034//216 541//216 543//216
f 545//216 547//216 2034//216
f 2034//216 547//216 549//216
f 2034//216 549//216 551//216
f 264//216 2026//216 2031//216
f 2031//216 2026//216 2033//216
f 2031//216 2033//216 2040//216
f 2040//216 2033//216 323//216
f 2040//216 323//216 322//216
f 521//216 2041//216 519//216
f 519//216 2041//216 2032//216
f 519//216 2032//216 517//216
f 473//216 475//216 2040//216
f 2040//216 475//216 477//216
f 2040//216 477//216 479//216
f 507//216 509//216 2032//216
f 2032//216 509//216 511//216
f 511//216 513//216 2032//216
f 2032//216 513//216 515//216
f 2032//216 515//216 517//216
f 521//216 523//216 2041//216
f 2041//216 523//216 525//216
f 2041//216 525//216 527//216
f 467//216 469//216 2040//216
f 2040//216 469//216 471//216
f 2040//216 471//216 473//216
f 479//216 481//216 2040//216
f 2040//216 481//216 483//216
f 2040//216 483//216 2031//216
f 2031//216 483//216 485//216
f 2031//216 485//216 487//216
f 499//216 501//216 2031//216
f 2031//216 501//216 503//216
f 2031//216 503//216 2032//216
f 2032//216 503//216 505//216
f 2032//216 505//216 507//216
f 527//216 529//216 2041//216
f 2041//216 529//216 531//216
f 2041//216 531//216 533//216
f 533//216 535//216 2041//216
f 2041//216 535//216 537//216
f 2041//216 537//216 2040//216
f 2040//216 537//216 465//216
f 2040//216 465//216 467//216
f 487//216 489//216 2031//216
f 2031//216 489//216 491//216
f 2031//216 491//216 493//216
f 493//216 495//216 2031//216
f 2031//216 495//216 497//216
f 2031//216 497//216 499//216
f 463//216 391//216 1995//216
f 395//216 397//216 2041//216
f 2041//216 397//216 399//216
f 451//216 453//216 1995//216
f 1995//216 453//216 455//216
f 1995//216 455//216 457//216
f 1995//216 391//216 2041//216
f 2041//216 391//216 393//216
f 2041//216 393//216 395//216
f 399//216 401//216 2041//216
f 2041//216 401//216 403//216
f 2041//216 403//216 405//216
f 457//216 459//216 1995//216
f 1995//216 459//216 461//216
f 1995//216 461//216 463//216
f 415//216 417//216 2032//216
f 431//216 433//216 1997//216
f 1997//216 433//216 435//216
f 1997//216 435//216 437//216
f 443//216 445//216 1997//216
f 1997//216 445//216 447//216
f 1997//216 447//216 1995//216
f 1995//216 447//216 449//216
f 1995//216 449//216 451//216
f 415//216 2032//216 413//216
f 437//216 439//216 1997//216
f 1997//216 439//216 441//216
f 1997//216 441//216 443//216
f 405//216 407//216 2041//216
f 2041//216 407//216 409//216
f 2041//216 409//216 2032//216
f 2032//216 409//216 411//216
f 2032//216 411//216 413//216
f 417//216 419//216 2032//216
f 2032//216 419//216 421//216
f 2032//216 421//216 423//216
f 423//216 425//216 2032//216
f 2032//216 425//216 427//216
f 2032//216 427//216 1997//216
f 1997//216 427//216 429//216
f 1997//216 429//216 431//216
f 377//216 2000//216 378//216
f 378//216 2000//216 1871//216
f 378//216 1871//216 1873//216
f 1851//216 1853//216 2045//216
f 2045//216 1853//216 1855//216
f 2045//216 1855//216 1857//216
f 1857//216 1859//216 2045//216
f 2045//216 1859//216 1861//216
f 2045//216 1861//216 1863//216
f 1849//216 2046//216 1847//216
f 1847//216 2046//216 1845//216
f 1863//216 1865//216 2045//216
f 2045//216 1865//216 1867//216
f 2045//216 1867//216 1869//216
f 2000//216 1797//216 1799//216
f 1799//216 1801//216 2000//216
f 2000//216 1801//216 1803//216
f 2000//216 1803//216 1805//216
f 1837//216 1839//216 2046//216
f 1535//216 1537//216 377//216
f 377//216 1537//216 1998//216
f 377//216 1998//216 2000//216
f 2000//216 1998//216 2045//216
f 2000//216 2045//216 1797//216
f 1797//216 2045//216 1869//216
f 1805//216 1807//216 2000//216
f 2000//216 1807//216 1809//216
f 2000//216 1809//216 1811//216
f 1819//216 1821//216 2001//216
f 2001//216 1821//216 1823//216
f 1823//216 1825//216 2001//216
f 2001//216 1825//216 1827//216
f 2001//216 1827//216 1829//216
f 1839//216 1841//216 2046//216
f 2046//216 1841//216 1843//216
f 2046//216 1843//216 1845//216
f 1811//216 1813//216 2000//216
f 2000//216 1813//216 1815//216
f 2000//216 1815//216 2001//216
f 2001//216 1815//216 1817//216
f 2001//216 1817//216 1819//216
f 1829//216 1831//216 2001//216
f 2001//216 1831//216 1833//216
f 2001//216 1833//216 2046//216
f 2046//216 1833//216 1835//216
f 2046//216 1835//216 1837//216
f 1777//216 1779//216 2047//216
f 2047//216 1779//216 1781//216
f 2047//216 1781//216 1783//216
f 2046//216 1759//216 2048//216
f 2048//216 1759//216 1761//216
f 2048//216 1761//216 1763//216
f 1763//216 1765//216 2048//216
f 2048//216 1765//216 1767//216
f 2048//216 1767//216 1769//216
f 1769//216 1771//216 2048//216
f 2048//216 1771//216 1773//216
f 2048//216 1773//216 1775//216
f 1783//216 1785//216 2047//216
f 2047//216 1785//216 1787//216
f 2047//216 1787//216 1789//216
f 1789//216 1791//216 2047//216
f 2047//216 1791//216 1793//216
f 2047//216 1793//216 1795//216
f 1727//216 2045//216 1725//216
f 1725//216 2045//216 1723//216
f 1739//216 1741//216 2045//216
f 2045//216 1741//216 2046//216
f 2045//216 2046//216 1851//216
f 1851//216 2046//216 1849//216
f 1461//216 1463//216 1998//216
f 1998//216 1463//216 2042//216
f 1998//216 2042//216 2045//216
f 2045//216 2042//216 2047//216
f 2045//216 2047//216 1723//216
f 1723//216 2047//216 1795//216
f 1727//216 1729//216 2045//216
f 2045//216 1729//216 1731//216
f 2045//216 1731//216 1733//216
f 1733//216 1735//216 2045//216
f 2045//216 1735//216 1737//216
f 2045//216 1737//216 1739//216
f 1741//216 1743//216 2046//216
f 2046//216 1743//216 1745//216
f 2046//216 1745//216 1747//216
f 1747//216 1749//216 2046//216
f 2046//216 1749//216 1751//216
f 2046//216 1751//216 1753//216
f 1753//216 1755//216 2046//216
f 2046//216 1755//216 1757//216
f 2046//216 1757//216 1759//216
f 1703//216 1705//216 2049//216
f 2049//216 1705//216 1707//216
f 2049//216 1707//216 1709//216
f 2048//216 1685//216 2050//216
f 2050//216 1685//216 1687//216
f 2050//216 1687//216 1689//216
f 1689//216 1691//216 2050//216
f 2050//216 1691//216 1693//216
f 2050//216 1693//216 1695//216
f 1695//216 1697//216 2050//216
f 2050//216 1697//216 1699//216
f 2050//216 1699//216 1701//216
f 1709//216 1711//216 2049//216
f 2049//216 1711//216 1713//216
f 2049//216 1713//216 1715//216
f 1715//216 1717//216 2049//216
f 2049//216 1717//216 1719//216
f 2049//216 1719//216 1721//216
f 1653//216 2047//216 1651//216
f 1651//216 2047//216 1649//216
f 1665//216 1667//216 2047//216
f 2047//216 1667//216 2048//216
f 2047//216 2048//216 1777//216
f 1777//216 2048//216 1775//216
f 1387//216 1389//216 2042//216
f 2042//216 1389//216 2043//216
f 2042//216 2043//216 2047//216
f 2047//216 2043//216 2049//216
f 2047//216 2049//216 1649//216
f 1649//216 2049//216 1721//216
f 1653//216 1655//216 2047//216
f 2047//216 1655//216 1657//216
f 2047//216 1657//216 1659//216
f 1659//216 1661//216 2047//216
f 2047//216 1661//216 1663//216
f 2047//216 1663//216 1665//216
f 1667//216 1669//216 2048//216
f 2048//216 1669//216 1671//216
f 2048//216 1671//216 1673//216
f 1673//216 1675//216 2048//216
f 2048//216 1675//216 1677//216
f 2048//216 1677//216 1679//216
f 1679//216 1681//216 2048//216
f 2048//216 1681//216 1683//216
f 2048//216 1683//216 1685//216
f 1629//216 1631//216 2051//216
f 2051//216 1631//216 1633//216
f 2051//216 1633//216 1635//216
f 2050//216 1611//216 2052//216
f 2052//216 1611//216 1613//216
f 2052//216 1613//216 1615//216
f 1615//216 1617//216 2052//216
f 2052//216 1617//216 1619//216
f 2052//216 1619//216 1621//216
f 1621//216 1623//216 2052//216
f 2052//216 1623//216 1625//216
f 2052//216 1625//216 1627//216
f 1635//216 1637//216 2051//216
f 2051//216 1637//216 1639//216
f 2051//216 1639//216 1641//216
f 1641//216 1643//216 2051//216
f 2051//216 1643//216 1645//216
f 2051//216 1645//216 1647//216
f 1579//216 2049//216 1577//216
f 1577//216 2049//216 1575//216
f 1591//216 1593//216 2049//216
f 2049//216 1593//216 2050//216
f 2049//216 2050//216 1703//216
f 1703//216 2050//216 1701//216
f 1315//216 1317//216 2043//216
f 2043//216 1317//216 2044//216
f 2043//216 2044//216 2049//216
f 2049//216 2044//216 2051//216
f 2049//216 2051//216 1575//216
f 1575//216 2051//216 1647//216
f 1579//216 1581//216 2049//216
f 2049//216 1581//216 1583//216
f 2049//216 1583//216 1585//216
f 1585//216 1587//216 2049//216
f 2049//216 1587//216 1589//216
f 2049//216 1589//216 1591//216
f 1593//216 1595//216 2050//216
f 2050//216 1595//216 1597//216
f 2050//216 1597//216 1599//216
f 1599//216 1601//216 2050//216
f 2050//216 1601//216 1603//216
f 2050//216 1603//216 1605//216
f 1605//216 1607//216 2050//216
f 2050//216 1607//216 1609//216
f 2050//216 1609//216 1611//216
f 1993//216 1189//216 1191//216
f 2052//216 1167//216 2053//216
f 2053//216 1167//216 1169//216
f 1169//216 1171//216 2053//216
f 2053//216 1171//216 1173//216
f 2053//216 1173//216 1175//216
f 1175//216 1177//216 2053//216
f 2053//216 1177//216 1179//216
f 2053//216 1179//216 1181//216
f 1181//216 1183//216 2053//216
f 2053//216 1183//216 1185//216
f 2053//216 1185//216 1993//216
f 1993//216 1185//216 1187//216
f 1993//216 1187//216 1189//216
f 1191//216 1193//216 1993//216
f 1993//216 1193//216 1195//216
f 1993//216 1195//216 1197//216
f 1197//216 1199//216 1993//216
f 1993//216 1199//216 1201//216
f 1993//216 1201//216 1203//216
f 1135//216 2051//216 1133//216
f 1133//216 2051//216 1131//216
f 1147//216 1149//216 2051//216
f 2051//216 1149//216 2052//216
f 2051//216 2052//216 1629//216
f 1629//216 2052//216 1627//216
f 1239//216 1241//216 2044//216
f 2044//216 1241//216 1991//216
f 2044//216 1991//216 2051//216
f 2051//216 1991//216 1993//216
f 2051//216 1993//216 1131//216
f 1131//216 1993//216 1203//216
f 1135//216 1137//216 2051//216
f 2051//216 1137//216 1139//216
f 2051//216 1139//216 1141//216
f 1141//216 1143//216 2051//216
f 2051//216 1143//216 1145//216
f 2051//216 1145//216 1147//216
f 1149//216 1151//216 2052//216
f 2052//216 1151//216 1153//216
f 2052//216 1153//216 1155//216
f 1155//216 1157//216 2052//216
f 2052//216 1157//216 1159//216
f 2052//216 1159//216 1161//216
f 1161//216 1163//216 2052//216
f 2052//216 1163//216 1165//216
f 2052//216 1165//216 1167//216
f 1113//216 2027//216 1111//216
f 1111//216 2027//216 2054//216
f 1111//216 2054//216 1109//216
f 1113//216 1115//216 2027//216
f 2027//216 1115//216 1117//216
f 2027//216 1117//216 1119//216
f 1119//216 1121//216 2027//216
f 2027//216 1121//216 1123//216
f 2027//216 1123//216 1125//216
f 1061//216 1063//216 1993//216
f 1083//216 2053//216 1081//216
f 1081//216 2053//216 1079//216
f 1061//216 1993//216 1059//216
f 1993//216 1069//216 1071//216
f 1083//216 1085//216 2053//216
f 2053//216 1085//216 1087//216
f 2053//216 1087//216 1089//216
f 1089//216 1091//216 2053//216
f 2053//216 1091//216 1093//216
f 2053//216 1093//216 2054//216
f 2054//216 1093//216 1095//216
f 2054//216 1095//216 1097//216
f 1103//216 1105//216 2054//216
f 2054//216 1105//216 1107//216
f 2054//216 1107//216 1109//216
f 1063//216 1065//216 1993//216
f 1993//216 1065//216 1067//216
f 1993//216 1067//216 1069//216
f 1071//216 1073//216 1993//216
f 1993//216 1073//216 1075//216
f 1993//216 1075//216 2053//216
f 2053//216 1075//216 1077//216
f 2053//216 1077//216 1079//216
f 1097//216 1099//216 2054//216
f 2054//216 1099//216 1101//216
f 2054//216 1101//216 1103//216
f 1125//216 1127//216 2027//216
f 2027//216 1127//216 1129//216
f 2027//216 1129//216 1057//216
f 723//216 2028//216 1992//216
f 1992//216 2028//216 2027//216
f 1992//216 2027//216 1993//216
f 1993//216 2027//216 1057//216
f 1993//216 1057//216 1059//216
f 1037//216 1039//216 2029//216
f 2029//216 1039//216 1041//216
f 1041//216 1043//216 2029//216
f 2029//216 1043//216 1045//216
f 2029//216 1045//216 1047//216
f 987//216 989//216 2027//216
f 1047//216 1049//216 2029//216
f 2029//216 1049//216 1051//216
f 2029//216 1051//216 1053//216
f 1009//216 2054//216 1007//216
f 1007//216 2054//216 1005//216
f 2027//216 995//216 997//216
f 1009//216 1011//216 2054//216
f 2054//216 1011//216 1013//216
f 2054//216 1013//216 1015//216
f 1015//216 1017//216 2054//216
f 2054//216 1017//216 1019//216
f 2054//216 1019//216 2055//216
f 2055//216 1019//216 1021//216
f 2055//216 1021//216 1023//216
f 1029//216 1031//216 2055//216
f 2055//216 1031//216 1033//216
f 2055//216 1033//216 1035//216
f 989//216 991//216 2027//216
f 2027//216 991//216 993//216
f 2027//216 993//216 995//216
f 997//216 999//216 2027//216
f 2027//216 999//216 1001//216
f 2027//216 1001//216 2054//216
f 2054//216 1001//216 1003//216
f 2054//216 1003//216 1005//216
f 1023//216 1025//216 2055//216
f 2055//216 1025//216 1027//216
f 2055//216 1027//216 1029//216
f 1053//216 1055//216 2029//216
f 2029//216 1055//216 983//216
f 2029//216 983//216 2027//216
f 2027//216 983//216 985//216
f 2027//216 985//216 987//216
f 913//216 2030//216 911//216
f 911//216 2030//216 909//216
f 957//216 959//216 2013//216
f 2013//216 959//216 961//216
f 961//216 963//216 2013//216
f 2013//216 963//216 1994//216
f 2013//216 1994//216 853//216
f 853//216 1994//216 851//216
f 963//216 965//216 1994//216
f 1994//216 965//216 967//216
f 1994//216 967//216 969//216
f 244//216 243//216 2030//216
f 2030//216 243//216 1994//216
f 2030//216 1994//216 909//216
f 909//216 1994//216 981//216
f 913//216 915//216 2030//216
f 2030//216 915//216 917//216
f 2030//216 917//216 919//216
f 969//216 971//216 1994//216
f 1994//216 971//216 973//216
f 1994//216 973//216 975//216
f 975//216 977//216 1994//216
f 1994//216 977//216 979//216
f 1994//216 979//216 981//216
f 927//434 929//434 2056//434
f 919//216 921//216 2030//216
f 2030//216 921//216 923//216
f 2030//216 923//216 925//216
f 925//216 927//216 2030//216
f 2030//216 927//216 2056//216
f 2030//216 2056//216 2029//216
f 2029//216 2056//216 2055//216
f 2029//216 2055//216 1037//216
f 1037//216 2055//216 1035//216
f 929//216 931//216 2056//216
f 2056//216 931//216 933//216
f 2056//216 933//216 935//216
f 2056//216 941//216 943//216
f 951//216 953//216 2013//216
f 2013//216 953//216 955//216
f 2013//216 955//216 957//216
f 935//216 937//216 2056//216
f 2056//216 937//216 939//216
f 2056//216 939//216 941//216
f 943//216 945//216 2056//216
f 2056//216 945//216 947//216
f 2056//216 947//216 2013//216
f 2013//216 947//216 949//216
f 2013//216 949//216 951//216
f 2004//435 2001//435 2057//435
f 2057//435 2001//435 2046//435
f 2057//435 2046//435 2048//435
f 2048//435 2050//435 2057//435
f 2057//435 2050//435 2052//435
f 2057//435 2052//435 2058//435
f 2052//435 2053//435 2058//435
f 2058//435 2053//435 2054//435
f 2058//435 2054//435 2055//435
f 2055//435 2056//435 2058//435
f 2058//435 2056//435 2013//435
f 2058//436 2013//436 2015//436
f 1996//437 362//437 361//437
f 1996//437 361//437 2019//437
f 2019//437 361//437 2059//437
f 2019//437 2059//437 2020//437
f 2060//438 2061//438 2062//438
f 2060//438 2062//438 2063//438
f 2063//439 2062//439 1968//439
f 2063//438 1968//438 1967//438
f 374//440 376//440 1985//440
f 374//441 1985//441 372//441
f 372//442 1985//442 1983//442
f 372//443 1983//443 370//443
f 370//444 1983//444 1981//444
f 370//445 1981//445 371//445
f 371//446 1981//446 1979//446
f 371//446 1979//446 373//446
f 339//447 334//447 351//447
f 373//448 1979//448 364//448
f 364//449 1979//449 1977//449
f 364//450 1977//450 334//450
f 351//451 349//451 339//451
f 339//452 349//452 347//452
f 339//446 347//446 340//446
f 340//444 347//444 345//444
f 340//445 345//445 342//445
f 342//442 345//442 343//442
f 342//453 343//453 341//453
f 341//441 343//441 319//441
f 341//440 319//440 332//440
f 334//454 1977//454 351//454
f 351//455 1977//455 1975//455
f 351//456 1975//456 353//456
f 353//457 1975//457 1973//457
f 353//457 1973//457 355//457
f 355//458 1973//458 1971//458
f 355//459 1971//459 357//459
f 357//460 1971//460 1969//460
f 357//461 1969//461 359//461
f 359//462 1969//462 1968//462
f 359//462 1968//462 361//462
f 2004//463 2057//463 2064//463
f 2004//464 2064//464 2011//464
f 2011//465 2064//465 2065//465
f 2011//466 2065//466 2002//466
f 2002//467 2065//467 2066//467
f 2002//468 2066//468 2003//468
f 2003//469 2066//469 2067//469
f 2003//470 2067//470 2010//470
f 2010//471 2067//471 2068//471
f 2010//472 2068//472 2006//472
f 2006//473 2068//473 2069//473
f 2006//474 2069//474 2007//474
f 2007//475 2069//475 2070//475
f 2007//476 2070//476 2008//476
f 2008//477 2070//477 2071//477
f 2008//478 2071//478 2009//478
f 2009//479 2071//479 2072//479
f 2009//480 2072//480 2005//480
f 2005//481 2072//481 379//481
f 2005//482 379//482 380//482
f 1989//483 390//483 379//483
f 379//483 390//483 298//483
f 928//79 2073//79 2074//79
f 2075//79 2076//79 2077//79
f 900//79 898//79 2060//79
f 2060//79 898//79 896//79
f 2060//79 896//79 2061//79
f 2076//79 2078//79 2077//79
f 2077//79 2078//79 2079//79
f 2077//79 2079//79 2080//79
f 2081//79 2082//79 2083//79
f 2081//79 2083//79 2084//79
f 1890//79 1888//79 1988//79
f 1988//79 1888//79 1886//79
f 1988//79 1886//79 1884//79
f 1932//79 1930//79 2085//79
f 2085//79 1930//79 1928//79
f 2085//79 1928//79 2086//79
f 2086//79 1928//79 1926//79
f 2086//79 1926//79 1924//79
f 1924//79 1922//79 2086//79
f 2086//79 1922//79 1920//79
f 2086//79 1920//79 1918//79
f 1894//79 2087//79 1896//79
f 1896//79 2087//79 2088//79
f 1896//79 2088//79 1898//79
f 1892//79 2089//79 1894//79
f 1894//79 2089//79 2090//79
f 1894//79 2090//79 2087//79
f 1988//79 1990//79 1890//79
f 1890//79 1990//79 2091//79
f 1890//79 2091//79 1892//79
f 1892//79 2091//79 2092//79
f 1892//79 2092//79 2089//79
f 1884//79 1882//79 1988//79
f 1988//79 1882//79 1880//79
f 1988//79 1880//79 1878//79
f 1878//79 1876//79 1988//79
f 1988//79 1876//79 1874//79
f 1988//79 1874//79 1872//79
f 1944//79 1942//79 2085//79
f 2085//79 1942//79 1940//79
f 2085//79 1940//79 1938//79
f 1938//79 1936//79 2085//79
f 2085//79 1936//79 1934//79
f 2085//79 1934//79 1932//79
f 1918//79 1916//79 2086//79
f 2086//79 1916//79 1914//79
f 2086//79 1914//79 1912//79
f 1904//79 1902//79 2088//79
f 2088//79 1902//79 1900//79
f 2088//79 1900//79 1898//79
f 1912//79 1910//79 2086//79
f 2086//79 1910//79 1908//79
f 2086//79 1908//79 2088//79
f 2088//79 1908//79 1906//79
f 2088//79 1906//79 1904//79
f 1510//79 1508//79 1945//79
f 1562//79 1560//79 1961//79
f 1961//79 1560//79 1558//79
f 1961//79 1558//79 2093//79
f 2093//79 1558//79 1556//79
f 1556//79 1554//79 2093//79
f 2093//79 1554//79 1552//79
f 2093//79 1552//79 1550//79
f 1528//79 1526//79 1987//79
f 1987//79 1526//79 1524//79
f 1987//79 1524//79 1955//79
f 1955//79 1524//79 1522//79
f 1955//79 1522//79 1954//79
f 1954//79 1522//79 1520//79
f 1954//79 1520//79 1953//79
f 1953//79 1520//79 1518//79
f 1953//79 1518//79 1952//79
f 1516//79 1950//79 1518//79
f 1518//79 1950//79 1951//79
f 1518//79 1951//79 1952//79
f 1947//79 1948//79 1516//79
f 1516//79 1948//79 1949//79
f 1516//79 1949//79 1950//79
f 1947//79 1516//79 1946//79
f 1946//79 1516//79 1514//79
f 1946//79 1514//79 1945//79
f 1945//79 1514//79 1512//79
f 1945//79 1512//79 1510//79
f 1508//79 1506//79 1945//79
f 1945//79 1506//79 1504//79
f 1945//79 1504//79 1961//79
f 1961//79 1504//79 1502//79
f 1961//79 1502//79 1574//79
f 1550//79 1548//79 2093//79
f 2093//79 1548//79 1546//79
f 2093//79 1546//79 1544//79
f 1538//79 1536//79 1987//79
f 1987//79 1536//79 1534//79
f 1574//79 1572//79 1961//79
f 1961//79 1572//79 1570//79
f 1961//79 1570//79 1568//79
f 1568//79 1566//79 1961//79
f 1961//79 1566//79 1564//79
f 1961//79 1564//79 1562//79
f 1534//79 1532//79 1987//79
f 1987//79 1532//79 1530//79
f 1987//79 1530//79 1528//79
f 1544//79 1542//79 2093//79
f 2093//79 1542//79 1540//79
f 2093//79 1540//79 1538//79
f 438//79 436//79 2094//79
f 2094//79 436//79 434//79
f 2094//79 434//79 432//79
f 424//79 422//79 2095//79
f 432//79 430//79 2094//79
f 2094//79 430//79 428//79
f 2094//79 428//79 2095//79
f 2095//79 428//79 426//79
f 2095//79 426//79 424//79
f 422//79 420//79 2095//79
f 2095//79 420//79 418//79
f 2095//79 418//79 416//79
f 462//79 1984//79 464//79
f 464//79 1984//79 1986//79
f 464//79 1986//79 392//79
f 392//79 1986//79 1960//79
f 392//79 1960//79 394//79
f 408//79 406//79 1959//79
f 1959//79 406//79 404//79
f 1959//79 404//79 402//79
f 416//79 414//79 2095//79
f 2095//79 414//79 412//79
f 2095//79 412//79 1959//79
f 1959//79 412//79 410//79
f 1959//79 410//79 408//79
f 402//79 400//79 1959//79
f 1959//79 400//79 398//79
f 1959//79 398//79 1960//79
f 1960//79 398//79 396//79
f 1960//79 396//79 394//79
f 462//79 460//79 1984//79
f 1984//79 460//79 458//79
f 1984//79 458//79 1982//79
f 2063//79 440//79 438//79
f 448//79 446//79 1967//79
f 1967//79 446//79 444//79
f 1967//79 444//79 2063//79
f 2063//79 444//79 442//79
f 2063//79 442//79 440//79
f 454//79 1976//79 456//79
f 456//79 1976//79 1978//79
f 456//79 1978//79 458//79
f 458//79 1978//79 1980//79
f 458//79 1980//79 1982//79
f 448//79 1967//79 450//79
f 450//79 1967//79 1970//79
f 450//79 1970//79 452//79
f 452//79 1970//79 1972//79
f 452//79 1972//79 454//79
f 454//79 1972//79 1974//79
f 454//79 1974//79 1976//79
f 878//79 876//79 2077//79
f 896//79 894//79 2061//79
f 2061//79 894//79 892//79
f 2061//79 892//79 2096//79
f 2096//79 892//79 890//79
f 2096//79 890//79 2097//79
f 2097//79 890//79 888//79
f 2097//79 888//79 2098//79
f 2098//79 888//79 886//79
f 2098//79 886//79 2099//79
f 2099//79 886//79 884//79
f 2099//79 884//79 2080//79
f 2080//79 884//79 882//79
f 2080//79 882//79 2077//79
f 2077//79 882//79 880//79
f 2077//79 880//79 878//79
f 868//79 866//79 2100//79
f 2100//79 866//79 864//79
f 2100//79 864//79 862//79
f 862//79 860//79 2100//79
f 2100//79 860//79 858//79
f 2100//79 858//79 856//79
f 876//79 874//79 2077//79
f 2077//79 874//79 872//79
f 2077//79 872//79 2100//79
f 2100//79 872//79 870//79
f 2100//79 870//79 868//79
f 2101//79 836//79 908//79
f 908//79 906//79 2101//79
f 2101//79 906//79 904//79
f 2101//79 904//79 902//79
f 856//79 854//79 2102//79
f 2102//79 854//79 852//79
f 2102//79 852//79 850//79
f 850//79 848//79 2102//79
f 2102//79 848//79 846//79
f 2102//79 846//79 844//79
f 844//79 842//79 2102//79
f 2102//79 842//79 840//79
f 2102//79 840//79 2101//79
f 2101//79 840//79 838//79
f 2101//79 838//79 836//79
f 686//79 685//79 2103//79
f 659//79 2104//79 660//79
f 660//79 2104//79 2105//79
f 659//79 658//79 2104//79
f 2104//79 658//79 657//79
f 2104//79 657//79 656//79
f 666//79 665//79 2105//79
f 2105//79 665//79 664//79
f 2105//79 664//79 663//79
f 663//79 662//79 2105//79
f 2105//79 662//79 661//79
f 2105//79 661//79 660//79
f 656//79 655//79 2104//79
f 2104//79 655//79 654//79
f 2104//79 654//79 653//79
f 673//79 672//79 2106//79
f 2106//79 672//79 671//79
f 2106//79 671//79 670//79
f 670//79 669//79 2106//79
f 2106//79 669//79 668//79
f 2106//79 668//79 2105//79
f 2105//79 668//79 667//79
f 2105//79 667//79 666//79
f 653//79 652//79 2104//79
f 2104//79 652//79 651//79
f 2104//79 651//79 2103//79
f 2103//79 651//79 650//79
f 2103//79 650//79 686//79
f 677//79 676//79 2073//79
f 677//79 2073//79 678//79
f 676//79 675//79 2073//79
f 2073//79 675//79 674//79
f 2073//79 674//79 673//79
f 685//79 684//79 2103//79
f 2103//79 684//79 683//79
f 2103//79 683//79 2107//79
f 2107//79 683//79 682//79
f 2107//79 682//79 681//79
f 681//79 680//79 2107//79
f 2107//79 680//79 679//79
f 2107//79 679//79 678//79
f 2094//79 647//79 646//79
f 639//79 638//79 2101//79
f 614//79 613//79 2095//79
f 2095//79 613//79 649//79
f 2095//79 649//79 2094//79
f 2094//79 649//79 648//79
f 2094//79 648//79 647//79
f 646//79 645//79 2094//79
f 2094//79 645//79 644//79
f 2094//79 644//79 643//79
f 638//79 637//79 2101//79
f 2101//79 637//79 636//79
f 2101//79 636//79 635//79
f 635//79 634//79 2101//79
f 2101//79 634//79 633//79
f 2101//79 633//79 2102//79
f 2102//79 633//79 632//79
f 2102//79 632//79 631//79
f 643//79 642//79 2094//79
f 2094//79 642//79 641//79
f 2094//79 641//79 2101//79
f 2101//79 641//79 640//79
f 2101//79 640//79 639//79
f 627//79 626//79 2073//79
f 631//79 630//79 2102//79
f 2102//79 630//79 629//79
f 2102//79 629//79 2073//79
f 2073//79 629//79 628//79
f 2073//79 628//79 627//79
f 2107//79 622//79 621//79
f 621//79 620//79 2107//79
f 2107//79 620//79 619//79
f 2107//79 619//79 618//79
f 678//79 2073//79 2107//79
f 2107//79 2073//79 623//79
f 2107//79 623//79 622//79
f 626//79 625//79 2073//79
f 2073//79 625//79 624//79
f 2073//79 624//79 623//79
f 618//79 617//79 2107//79
f 2107//79 617//79 616//79
f 2107//79 616//79 2095//79
f 2095//79 616//79 615//79
f 2095//79 615//79 614//79
f 2108//79 2109//79 2110//79
f 2110//79 2109//79 2111//79
f 2110//79 2111//79 2112//79
f 2112//79 2111//79 2113//79
f 2112//79 2113//79 2114//79
f 2114//79 2113//79 2115//79
f 2114//79 2115//79 2116//79
f 2116//79 2115//79 2117//79
f 2116//79 2117//79 2118//79
f 2118//79 2117//79 2119//79
f 2118//79 2119//79 2120//79
f 2120//79 2119//79 2121//79
f 2120//79 2121//79 2122//79
f 2122//79 2121//79 2086//79
f 2122//79 2086//79 2083//79
f 2083//79 2086//79 2088//79
f 2083//79 2088//79 2084//79
f 2074//79 2123//79 2100//79
f 2100//79 2123//79 2124//79
f 2100//79 2124//79 2077//79
f 2077//79 2124//79 2125//79
f 2077//79 2125//79 2075//79
f 1824//79 1822//79 2086//79
f 1856//79 1854//79 2126//79
f 1856//79 2126//79 1858//79
f 1810//79 2085//79 1812//79
f 1812//79 2085//79 1814//79
f 1854//79 1852//79 2121//79
f 1852//79 1850//79 2121//79
f 2121//79 1850//79 1848//79
f 2121//79 1848//79 1846//79
f 1822//79 1820//79 2086//79
f 2086//79 1820//79 1818//79
f 2086//79 1818//79 2085//79
f 2085//79 1818//79 1816//79
f 2085//79 1816//79 1814//79
f 2126//79 1798//79 1870//79
f 1810//79 1808//79 2085//79
f 2085//79 1808//79 1806//79
f 2085//79 1806//79 1804//79
f 1804//79 1802//79 2085//79
f 2085//79 1802//79 1800//79
f 2085//79 1800//79 1798//79
f 1870//79 1868//79 2126//79
f 2126//79 1868//79 1866//79
f 2126//79 1866//79 1864//79
f 1864//79 1862//79 2126//79
f 2126//79 1862//79 1860//79
f 2126//79 1860//79 1858//79
f 1846//79 1844//79 2121//79
f 2121//79 1844//79 1842//79
f 2121//79 1842//79 1840//79
f 2086//79 1832//79 1830//79
f 1830//79 1828//79 2086//79
f 2086//79 1828//79 1826//79
f 2086//79 1826//79 1824//79
f 1840//79 1838//79 2121//79
f 2121//79 1838//79 1836//79
f 2121//79 1836//79 2086//79
f 2086//79 1836//79 1834//79
f 2086//79 1834//79 1832//79
f 1780//79 1778//79 2119//79
f 1854//79 2121//79 2126//79
f 2126//79 2121//79 1744//79
f 2126//79 1744//79 1742//79
f 1742//79 1740//79 2126//79
f 2126//79 1740//79 1738//79
f 2126//79 1738//79 1736//79
f 1786//79 1784//79 2127//79
f 2127//79 1784//79 1782//79
f 2127//79 1782//79 1780//79
f 1752//79 1750//79 2121//79
f 1736//79 1734//79 2126//79
f 2126//79 1734//79 1732//79
f 2126//79 1732//79 1730//79
f 1792//79 1790//79 2127//79
f 2127//79 1790//79 1788//79
f 2127//79 1788//79 1786//79
f 1750//79 1748//79 2121//79
f 2121//79 1748//79 1746//79
f 2121//79 1746//79 1744//79
f 1724//79 1796//79 2127//79
f 2127//79 1796//79 1794//79
f 2127//79 1794//79 1792//79
f 1778//79 1776//79 2119//79
f 2119//79 1776//79 1774//79
f 2119//79 1774//79 1772//79
f 1772//79 1770//79 2119//79
f 2119//79 1770//79 1768//79
f 2119//79 1768//79 1766//79
f 1758//79 1756//79 2121//79
f 2121//79 1756//79 1754//79
f 2121//79 1754//79 1752//79
f 1730//79 1728//79 2126//79
f 2126//79 1728//79 1726//79
f 2126//79 1726//79 1724//79
f 1766//79 1764//79 2119//79
f 2119//79 1764//79 1762//79
f 2119//79 1762//79 2121//79
f 2121//79 1762//79 1760//79
f 2121//79 1760//79 1758//79
f 1706//79 1704//79 2117//79
f 1780//79 2119//79 2127//79
f 2127//79 2119//79 1670//79
f 2127//79 1670//79 1668//79
f 1668//79 1666//79 2127//79
f 2127//79 1666//79 1664//79
f 2127//79 1664//79 1662//79
f 1712//79 1710//79 2128//79
f 2128//79 1710//79 1708//79
f 2128//79 1708//79 1706//79
f 1678//79 1676//79 2119//79
f 1662//79 1660//79 2127//79
f 2127//79 1660//79 1658//79
f 2127//79 1658//79 1656//79
f 1718//79 1716//79 2128//79
f 2128//79 1716//79 1714//79
f 2128//79 1714//79 1712//79
f 1676//79 1674//79 2119//79
f 2119//79 1674//79 1672//79
f 2119//79 1672//79 1670//79
f 1650//79 1722//79 2128//79
f 2128//79 1722//79 1720//79
f 2128//79 1720//79 1718//79
f 1704//79 1702//79 2117//79
f 2117//79 1702//79 1700//79
f 2117//79 1700//79 1698//79
f 1698//79 1696//79 2117//79
f 2117//79 1696//79 1694//79
f 2117//79 1694//79 1692//79
f 1684//79 1682//79 2119//79
f 2119//79 1682//79 1680//79
f 2119//79 1680//79 1678//79
f 1656//79 1654//79 2127//79
f 2127//79 1654//79 1652//79
f 2127//79 1652//79 1650//79
f 1692//79 1690//79 2117//79
f 2117//79 1690//79 1688//79
f 2117//79 1688//79 2119//79
f 2119//79 1688//79 1686//79
f 2119//79 1686//79 1684//79
f 1632//79 1630//79 2115//79
f 1706//79 2117//79 2128//79
f 2128//79 2117//79 1596//79
f 2128//79 1596//79 1594//79
f 1594//79 1592//79 2128//79
f 2128//79 1592//79 1590//79
f 2128//79 1590//79 1588//79
f 1638//79 1636//79 2129//79
f 2129//79 1636//79 1634//79
f 2129//79 1634//79 1632//79
f 1604//79 1602//79 2117//79
f 1588//79 1586//79 2128//79
f 2128//79 1586//79 1584//79
f 2128//79 1584//79 1582//79
f 1644//79 1642//79 2129//79
f 2129//79 1642//79 1640//79
f 2129//79 1640//79 1638//79
f 1602//79 1600//79 2117//79
f 2117//79 1600//79 1598//79
f 2117//79 1598//79 1596//79
f 1576//79 1648//79 2129//79
f 2129//79 1648//79 1646//79
f 2129//79 1646//79 1644//79
f 1630//79 1628//79 2115//79
f 2115//79 1628//79 1626//79
f 2115//79 1626//79 1624//79
f 1624//79 1622//79 2115//79
f 2115//79 1622//79 1620//79
f 2115//79 1620//79 1618//79
f 1610//79 1608//79 2117//79
f 2117//79 1608//79 1606//79
f 2117//79 1606//79 1604//79
f 1582//79 1580//79 2128//79
f 2128//79 1580//79 1578//79
f 2128//79 1578//79 1576//79
f 1618//79 1616//79 2115//79
f 2115//79 1616//79 1614//79
f 2115//79 1614//79 2117//79
f 2117//79 1614//79 1612//79
f 2117//79 1612//79 1610//79
f 1632//79 2115//79 2129//79
f 2129//79 2115//79 1152//79
f 2129//79 1152//79 1150//79
f 1150//79 1148//79 2129//79
f 2129//79 1148//79 1146//79
f 2129//79 1146//79 1144//79
f 1194//79 1192//79 2130//79
f 1186//79 2113//79 1188//79
f 1188//79 2113//79 2130//79
f 1188//79 2130//79 1190//79
f 1190//79 2130//79 1192//79
f 1160//79 1158//79 2115//79
f 1144//79 1142//79 2129//79
f 2129//79 1142//79 1140//79
f 2129//79 1140//79 1138//79
f 1200//79 1198//79 2130//79
f 2130//79 1198//79 1196//79
f 2130//79 1196//79 1194//79
f 1158//79 1156//79 2115//79
f 2115//79 1156//79 1154//79
f 2115//79 1154//79 1152//79
f 1132//79 1204//79 2130//79
f 2130//79 1204//79 1202//79
f 2130//79 1202//79 1200//79
f 1186//79 1184//79 2113//79
f 2113//79 1184//79 1182//79
f 2113//79 1182//79 1180//79
f 1180//79 1178//79 2113//79
f 2113//79 1178//79 1176//79
f 2113//79 1176//79 1174//79
f 1166//79 1164//79 2115//79
f 2115//79 1164//79 1162//79
f 2115//79 1162//79 1160//79
f 1138//79 1136//79 2129//79
f 2129//79 1136//79 1134//79
f 2129//79 1134//79 1132//79
f 1174//79 1172//79 2113//79
f 2113//79 1172//79 1170//79
f 2113//79 1170//79 2115//79
f 2115//79 1170//79 1168//79
f 2115//79 1168//79 1166//79
f 1120//79 1118//79 2105//79
f 1076//79 2130//79 1078//79
f 1078//79 2130//79 2113//79
f 1078//79 2113//79 1080//79
f 1080//79 2113//79 1082//79
f 1118//79 1116//79 2105//79
f 2105//79 1116//79 1114//79
f 2105//79 1114//79 2111//79
f 2111//79 1114//79 1112//79
f 2111//79 1112//79 1110//79
f 1076//79 1074//79 2130//79
f 2130//79 1074//79 1072//79
f 2130//79 1072//79 1070//79
f 1110//79 1108//79 2111//79
f 2111//79 1108//79 1106//79
f 2111//79 1106//79 1104//79
f 1104//79 1102//79 2111//79
f 2111//79 1102//79 1100//79
f 2111//79 1100//79 1098//79
f 1090//79 1088//79 2113//79
f 1070//79 1068//79 2130//79
f 2130//79 1068//79 1066//79
f 2130//79 1066//79 1064//79
f 1098//79 1096//79 2111//79
f 2111//79 1096//79 1094//79
f 2111//79 1094//79 2113//79
f 2113//79 1094//79 1092//79
f 2113//79 1092//79 1090//79
f 1088//79 1086//79 2113//79
f 2113//79 1086//79 1084//79
f 2113//79 1084//79 1082//79
f 1064//79 1062//79 2130//79
f 2130//79 1062//79 1060//79
f 2130//79 1060//79 1058//79
f 1058//79 1130//79 2105//79
f 2105//79 1130//79 1128//79
f 2105//79 1128//79 1126//79
f 1126//79 1124//79 2105//79
f 2105//79 1124//79 1122//79
f 2105//79 1122//79 1120//79
f 1046//79 1044//79 2106//79
f 1002//79 2105//79 1004//79
f 1004//79 2105//79 2111//79
f 1004//79 2111//79 1006//79
f 1006//79 2111//79 1008//79
f 1044//79 1042//79 2106//79
f 2106//79 1042//79 1040//79
f 2106//79 1040//79 2109//79
f 2109//79 1040//79 1038//79
f 2109//79 1038//79 1036//79
f 1002//79 1000//79 2105//79
f 2105//79 1000//79 998//79
f 2105//79 998//79 996//79
f 1036//79 1034//79 2109//79
f 2109//79 1034//79 1032//79
f 2109//79 1032//79 1030//79
f 1030//79 1028//79 2109//79
f 2109//79 1028//79 1026//79
f 2109//79 1026//79 1024//79
f 1016//79 1014//79 2111//79
f 996//79 994//79 2105//79
f 2105//79 994//79 992//79
f 2105//79 992//79 990//79
f 1024//79 1022//79 2109//79
f 2109//79 1022//79 1020//79
f 2109//79 1020//79 2111//79
f 2111//79 1020//79 1018//79
f 2111//79 1018//79 1016//79
f 1014//79 1012//79 2111//79
f 2111//79 1012//79 1010//79
f 2111//79 1010//79 1008//79
f 984//79 2106//79 986//79
f 986//79 2106//79 2105//79
f 986//79 2105//79 988//79
f 988//79 2105//79 990//79
f 984//79 1056//79 2106//79
f 2106//79 1056//79 1054//79
f 2106//79 1054//79 1052//79
f 1052//79 1050//79 2106//79
f 2106//79 1050//79 1048//79
f 2106//79 1048//79 1046//79
f 673//79 2106//79 2073//79
f 2073//79 2106//79 2109//79
f 2073//79 2109//79 2074//79
f 2074//79 2109//79 2108//79
f 2074//79 2108//79 2123//79
f 960//79 2100//79 962//79
f 962//79 2100//79 964//79
f 2100//79 954//79 952//79
f 928//79 926//79 2073//79
f 2073//79 926//79 924//79
f 2073//79 924//79 922//79
f 856//79 2102//79 2100//79
f 2100//79 2102//79 966//79
f 2100//79 966//79 964//79
f 960//79 958//79 2100//79
f 2100//79 958//79 956//79
f 2100//79 956//79 954//79
f 2073//79 916//79 914//79
f 980//79 978//79 2102//79
f 944//79 942//79 2074//79
f 2074//79 942//79 940//79
f 934//79 932//79 2074//79
f 2074//79 932//79 930//79
f 2074//79 930//79 928//79
f 922//79 920//79 2073//79
f 2073//79 920//79 918//79
f 2073//79 918//79 916//79
f 978//79 976//79 2102//79
f 2102//79 976//79 974//79
f 2102//79 974//79 972//79
f 972//79 970//79 2102//79
f 2102//79 970//79 968//79
f 2102//79 968//79 966//79
f 952//79 950//79 2100//79
f 2100//79 950//79 948//79
f 2100//79 948//79 2074//79
f 2074//79 948//79 946//79
f 2074//79 946//79 944//79
f 940//79 938//79 2074//79
f 2074//79 938//79 936//79
f 2074//79 936//79 934//79
f 914//79 912//79 2073//79
f 2073//79 912//79 910//79
f 2073//79 910//79 2102//79
f 2102//79 910//79 982//79
f 2102//79 982//79 980//79
f 1538//79 1987//79 2093//79
f 2093//79 1987//79 1988//79
f 2093//79 1988//79 2085//79
f 2085//79 1988//79 1872//79
f 2085//79 1872//79 1944//79
f 438//79 2094//79 2063//79
f 2063//79 2094//79 2101//79
f 2063//79 2101//79 2060//79
f 2060//79 2101//79 902//79
f 2060//79 902//79 900//79
f 1454//79 1452//79 2093//79
f 1486//79 1484//79 1962//79
f 1486//79 1962//79 1488//79
f 1440//79 1961//79 1442//79
f 1442//79 1961//79 1444//79
f 1484//79 1482//79 2131//79
f 2131//79 1482//79 1480//79
f 2131//79 1480//79 1478//79
f 1452//79 1450//79 2093//79
f 2093//79 1450//79 1448//79
f 2093//79 1448//79 1961//79
f 1961//79 1448//79 1446//79
f 1961//79 1446//79 1444//79
f 1440//79 1438//79 1961//79
f 1961//79 1438//79 1436//79
f 1961//79 1436//79 1434//79
f 1434//79 1432//79 1961//79
f 1961//79 1432//79 1430//79
f 1961//79 1430//79 1962//79
f 1962//79 1430//79 1428//79
f 1962//79 1428//79 1500//79
f 1478//79 1476//79 2131//79
f 2131//79 1476//79 1474//79
f 2131//79 1474//79 1472//79
f 1472//79 1470//79 2131//79
f 2131//79 1470//79 1468//79
f 2131//79 1468//79 1466//79
f 1464//79 1462//79 2093//79
f 2093//79 1462//79 1460//79
f 1500//79 1498//79 1962//79
f 1962//79 1498//79 1496//79
f 1962//79 1496//79 1494//79
f 1494//79 1492//79 1962//79
f 1962//79 1492//79 1490//79
f 1962//79 1490//79 1488//79
f 1460//79 1458//79 2093//79
f 2093//79 1458//79 1456//79
f 2093//79 1456//79 1454//79
f 1798//79 2126//79 2085//79
f 2085//79 2126//79 2131//79
f 2085//79 2131//79 2093//79
f 2093//79 2131//79 1466//79
f 2093//79 1466//79 1464//79
f 1420//79 1418//79 1963//79
f 1484//79 2131//79 1962//79
f 1962//79 2131//79 1374//79
f 1962//79 1374//79 1372//79
f 1372//79 1370//79 1962//79
f 1962//79 1370//79 1368//79
f 1962//79 1368//79 1366//79
f 1963//79 1412//79 1410//79
f 1380//79 2131//79 1382//79
f 1382//79 2131//79 1384//79
f 1380//79 1378//79 2131//79
f 2131//79 1378//79 1376//79
f 2131//79 1376//79 1374//79
f 1366//79 1364//79 1962//79
f 1962//79 1364//79 1362//79
f 1962//79 1362//79 1360//79
f 1418//79 1416//79 1963//79
f 1963//79 1416//79 1414//79
f 1963//79 1414//79 1412//79
f 1410//79 1408//79 2132//79
f 2132//79 1408//79 1406//79
f 2132//79 1406//79 1404//79
f 1360//79 1358//79 1962//79
f 1962//79 1358//79 1356//79
f 1962//79 1356//79 1963//79
f 1963//79 1356//79 1354//79
f 1963//79 1354//79 1426//79
f 1426//79 1424//79 1963//79
f 1963//79 1424//79 1422//79
f 1963//79 1422//79 1420//79
f 1404//79 1402//79 2132//79
f 2132//79 1402//79 1400//79
f 2132//79 1400//79 1398//79
f 1390//79 1388//79 2131//79
f 2131//79 1388//79 1386//79
f 2131//79 1386//79 1384//79
f 1398//79 1396//79 2132//79
f 2132//79 1396//79 1394//79
f 2132//79 1394//79 1392//79
f 1724//79 2127//79 2126//79
f 2126//79 2127//79 2132//79
f 2126//79 2132//79 2131//79
f 2131//79 2132//79 1392//79
f 2131//79 1392//79 1390//79
f 1346//79 1344//79 1964//79
f 1410//79 2132//79 1963//79
f 1963//79 2132//79 1300//79
f 1963//79 1300//79 1298//79
f 1298//79 1296//79 1963//79
f 1963//79 1296//79 1294//79
f 1963//79 1294//79 1292//79
f 1964//79 1338//79 1336//79
f 1306//79 2132//79 1308//79
f 1308//79 2132//79 1310//79
f 1306//79 1304//79 2132//79
f 2132//79 1304//79 1302//79
f 2132//79 1302//79 1300//79
f 1292//79 1290//79 1963//79
f 1963//79 1290//79 1288//79
f 1963//79 1288//79 1286//79
f 1344//79 1342//79 1964//79
f 1964//79 1342//79 1340//79
f 1964//79 1340//79 1338//79
f 1336//79 1334//79 2133//79
f 2133//79 1334//79 1332//79
f 2133//79 1332//79 1330//79
f 1286//79 1284//79 1963//79
f 1963//79 1284//79 1282//79
f 1963//79 1282//79 1964//79
f 1964//79 1282//79 1280//79
f 1964//79 1280//79 1352//79
f 1352//79 1350//79 1964//79
f 1964//79 1350//79 1348//79
f 1964//79 1348//79 1346//79
f 1330//79 1328//79 2133//79
f 2133//79 1328//79 1326//79
f 2133//79 1326//79 1324//79
f 1316//79 1314//79 2132//79
f 2132//79 1314//79 1312//79
f 2132//79 1312//79 1310//79
f 1324//79 1322//79 2133//79
f 2133//79 1322//79 1320//79
f 2133//79 1320//79 1318//79
f 1650//79 2128//79 2127//79
f 2127//79 2128//79 2133//79
f 2127//79 2133//79 2132//79
f 2132//79 2133//79 1318//79
f 2132//79 1318//79 1316//79
f 1272//79 1270//79 1965//79
f 1336//79 2133//79 1964//79
f 1964//79 2133//79 1226//79
f 1964//79 1226//79 1224//79
f 1224//79 1222//79 1964//79
f 1964//79 1222//79 1220//79
f 1964//79 1220//79 1218//79
f 1965//79 1264//79 1262//79
f 1232//79 2133//79 1234//79
f 1234//79 2133//79 1236//79
f 1232//79 1230//79 2133//79
f 2133//79 1230//79 1228//79
f 2133//79 1228//79 1226//79
f 1218//79 1216//79 1964//79
f 1964//79 1216//79 1214//79
f 1964//79 1214//79 1212//79
f 1270//79 1268//79 1965//79
f 1965//79 1268//79 1266//79
f 1965//79 1266//79 1264//79
f 1262//79 1260//79 2134//79
f 2134//79 1260//79 1258//79
f 2134//79 1258//79 1256//79
f 1212//79 1210//79 1964//79
f 1964//79 1210//79 1208//79
f 1964//79 1208//79 1965//79
f 1965//79 1208//79 1206//79
f 1965//79 1206//79 1278//79
f 1278//79 1276//79 1965//79
f 1965//79 1276//79 1274//79
f 1965//79 1274//79 1272//79
f 1256//79 1254//79 2134//79
f 2134//79 1254//79 1252//79
f 2134//79 1252//79 1250//79
f 1242//79 1240//79 2133//79
f 2133//79 1240//79 1238//79
f 2133//79 1238//79 1236//79
f 1250//79 1248//79 2134//79
f 2134//79 1248//79 1246//79
f 2134//79 1246//79 1244//79
f 1576//79 2129//79 2128//79
f 2128//79 2129//79 2134//79
f 2128//79 2134//79 2133//79
f 2133//79 2134//79 1244//79
f 2133//79 1244//79 1242//79
f 1262//79 2134//79 1965//79
f 1965//79 2134//79 782//79
f 1965//79 782//79 780//79
f 780//79 778//79 1965//79
f 1965//79 778//79 776//79
f 1965//79 776//79 774//79
f 788//79 2134//79 790//79
f 790//79 2134//79 792//79
f 788//79 786//79 2134//79
f 2134//79 786//79 784//79
f 2134//79 784//79 782//79
f 774//79 772//79 1965//79
f 1965//79 772//79 770//79
f 1965//79 770//79 768//79
f 828//79 826//79 1966//79
f 1966//79 826//79 824//79
f 1966//79 824//79 822//79
f 822//79 820//79 1966//79
f 1966//79 820//79 818//79
f 1966//79 818//79 2135//79
f 818//79 816//79 2135//79
f 2135//79 816//79 814//79
f 2135//79 814//79 812//79
f 768//79 766//79 1965//79
f 1965//79 766//79 764//79
f 1965//79 764//79 1966//79
f 1966//79 764//79 762//79
f 1966//79 762//79 834//79
f 834//79 832//79 1966//79
f 1966//79 832//79 830//79
f 1966//79 830//79 828//79
f 812//79 810//79 2135//79
f 2135//79 810//79 808//79
f 2135//79 808//79 806//79
f 798//79 796//79 2134//79
f 2134//79 796//79 794//79
f 2134//79 794//79 792//79
f 806//79 804//79 2135//79
f 2135//79 804//79 802//79
f 2135//79 802//79 800//79
f 1132//79 2130//79 2129//79
f 2129//79 2130//79 2135//79
f 2129//79 2135//79 2134//79
f 2134//79 2135//79 800//79
f 2134//79 800//79 798//79
f 706//79 1966//79 708//79
f 708//79 1966//79 2135//79
f 708//79 2135//79 710//79
f 710//79 2135//79 712//79
f 2104//79 740//79 738//79
f 732//79 730//79 2104//79
f 2104//79 730//79 728//79
f 2104//79 728//79 726//79
f 1058//79 2105//79 2130//79
f 2130//79 2105//79 2104//79
f 2130//79 2104//79 2135//79
f 2135//79 2104//79 726//79
f 2135//79 726//79 724//79
f 724//79 722//79 2135//79
f 2135//79 722//79 720//79
f 2135//79 720//79 718//79
f 718//79 716//79 2135//79
f 2135//79 716//79 714//79
f 2135//79 714//79 712//79
f 706//79 704//79 1966//79
f 1966//79 704//79 702//79
f 1966//79 702//79 700//79
f 700//79 698//79 1966//79
f 1966//79 698//79 696//79
f 1966//79 696//79 694//79
f 738//79 736//79 2104//79
f 2104//79 736//79 734//79
f 2104//79 734//79 732//79
f 694//79 692//79 1966//79
f 1966//79 692//79 690//79
f 1966//79 690//79 1956//79
f 1956//79 690//79 688//79
f 1956//79 688//79 760//79
f 754//79 752//79 1956//79
f 1956//79 752//79 750//79
f 1956//79 750//79 748//79
f 748//79 746//79 1956//79
f 1956//79 746//79 744//79
f 1956//79 744//79 2104//79
f 2104//79 744//79 742//79
f 2104//79 742//79 740//79
f 760//79 758//79 1956//79
f 1956//79 758//79 756//79
f 1956//79 756//79 754//79
f 558//79 1956//79 560//79
f 560//79 1956//79 2104//79
f 560//79 2104//79 562//79
f 562//79 2104//79 564//79
f 572//79 570//79 2104//79
f 606//79 604//79 1957//79
f 580//79 2103//79 582//79
f 582//79 2103//79 584//79
f 580//79 578//79 2103//79
f 2103//79 578//79 576//79
f 2103//79 576//79 2104//79
f 2104//79 576//79 574//79
f 2104//79 574//79 572//79
f 570//79 568//79 2104//79
f 2104//79 568//79 566//79
f 2104//79 566//79 564//79
f 558//79 556//79 1956//79
f 1956//79 556//79 554//79
f 1956//79 554//79 552//79
f 552//79 550//79 1956//79
f 1956//79 550//79 548//79
f 1956//79 548//79 546//79
f 596//79 594//79 2103//79
f 2103//79 594//79 592//79
f 2103//79 592//79 590//79
f 590//79 588//79 2103//79
f 2103//79 588//79 586//79
f 2103//79 586//79 584//79
f 546//79 544//79 1956//79
f 1956//79 544//79 542//79
f 1956//79 542//79 1957//79
f 1957//79 542//79 540//79
f 1957//79 540//79 612//79
f 604//79 602//79 1957//79
f 1957//79 602//79 600//79
f 1957//79 600//79 598//79
f 612//79 610//79 1957//79
f 1957//79 610//79 608//79
f 1957//79 608//79 606//79
f 2107//79 1958//79 2103//79
f 2103//79 1958//79 1957//79
f 2103//79 1957//79 596//79
f 596//79 1957//79 598//79
f 490//79 488//79 2107//79
f 480//79 478//79 1958//79
f 538//79 1959//79 466//79
f 466//79 1959//79 1958//79
f 538//79 536//79 1959//79
f 1959//79 536//79 534//79
f 1959//79 534//79 532//79
f 508//79 506//79 2095//79
f 2095//79 506//79 504//79
f 2095//79 504//79 2107//79
f 2107//79 504//79 502//79
f 502//79 500//79 2107//79
f 2107//79 500//79 498//79
f 2107//79 498//79 496//79
f 478//79 476//79 1958//79
f 1958//79 476//79 474//79
f 1958//79 474//79 472//79
f 472//79 470//79 1958//79
f 1958//79 470//79 468//79
f 1958//79 468//79 466//79
f 532//79 530//79 1959//79
f 1959//79 530//79 528//79
f 1959//79 528//79 526//79
f 496//79 494//79 2107//79
f 2107//79 494//79 492//79
f 2107//79 492//79 490//79
f 488//79 486//79 2107//79
f 2107//79 486//79 484//79
f 2107//79 484//79 1958//79
f 1958//79 484//79 482//79
f 1958//79 482//79 480//79
f 526//79 524//79 1959//79
f 1959//79 524//79 522//79
f 1959//79 522//79 2095//79
f 2095//79 522//79 520//79
f 520//79 518//79 2095//79
f 2095//79 518//79 516//79
f 2095//79 516//79 514//79
f 514//79 512//79 2095//79
f 2095//79 512//79 510//79
f 2095//79 510//79 508//79
f 1990//484 1989//484 2136//484
f 1990//485 2136//485 2091//485
f 2091//486 2136//486 2137//486
f 2091//487 2137//487 2092//487
f 2092//488 2137//488 2138//488
f 2092//489 2138//489 2089//489
f 2089//490 2138//490 2139//490
f 2089//491 2139//491 2090//491
f 2090//492 2139//492 2140//492
f 2090//493 2140//493 2087//493
f 2087//494 2140//494 2141//494
f 2087//495 2141//495 2088//495
f 2088//496 2141//496 2142//496
f 2088//497 2142//497 2084//497
f 2084//498 2142//498 2143//498
f 2084//499 2143//499 2081//499
f 2081//500 2143//500 2144//500
f 2081//501 2144//501 2082//501
f 2082//502 2144//502 2145//502
f 2082//503 2145//503 2083//503
f 2146//504 2147//504 2148//504
f 2148//504 2147//504 2149//504
f 2150//79 2151//79 2152//79
f 2152//79 2151//79 2153//79
f 2152//79 2153//79 2154//79
f 2155//79 2156//79 2157//79
f 2157//79 2156//79 2158//79
f 2157//79 2158//79 2159//79
f 2159//79 2158//79 2149//79
f 2159//79 2149//79 2152//79
f 2152//79 2149//79 2147//79
f 2152//79 2147//79 2150//79
f 2057//504 2058//504 2152//504
f 2152//504 2058//504 2159//504
f 2020//505 2059//505 2160//505
f 2020//506 2160//506 2021//506
f 2021//507 2160//507 2161//507
f 2021//508 2161//508 2024//508
f 2024//509 2161//509 2162//509
f 2024//510 2162//510 2025//510
f 2025//511 2162//511 2163//511
f 2025//512 2163//512 2023//512
f 2023//513 2163//513 2164//513
f 2023//514 2164//514 2022//514
f 2022//515 2164//515 2165//515
f 2022//516 2165//516 2014//516
f 2014//517 2165//517 2166//517
f 2014//518 2166//518 2017//518
f 2017//519 2166//519 2167//519
f 2017//520 2167//520 2018//520
f 2018//521 2167//521 2168//521
f 2018//522 2168//522 2016//522
f 2016//523 2168//523 2058//523
f 2016//524 2058//524 2015//524
f 2125//525 2169//525 2170//525
f 2125//526 2170//526 2075//526
f 2075//527 2170//527 2171//527
f 2075//528 2171//528 2076//528
f 2076//529 2171//529 2172//529
f 2076//530 2172//530 2078//530
f 2078//531 2172//531 2173//531
f 2078//532 2173//532 2079//532
f 2079//533 2173//533 2174//533
f 2079//533 2174//533 2080//533
f 2080//534 2174//534 2175//534
f 2080//535 2175//535 2099//535
f 2099//536 2175//536 2176//536
f 2099//537 2176//537 2098//537
f 2098//538 2176//538 2177//538
f 2098//539 2177//539 2097//539
f 2097//540 2177//540 2178//540
f 2097//541 2178//541 2096//541
f 2096//542 2178//542 2062//542
f 2096//543 2062//543 2061//543
f 2062//544 2059//544 1968//544
f 1968//544 2059//544 361//544
f 2179//545 2145//545 2144//545
f 2179//546 2144//546 2180//546
f 2180//547 2144//547 2143//547
f 2180//548 2143//548 2181//548
f 2181//549 2143//549 2142//549
f 2181//550 2142//550 2182//550
f 2182//551 2142//551 2141//551
f 2182//552 2141//552 2183//552
f 2150//553 2147//553 2068//553
f 2183//554 2141//554 2146//554
f 2146//555 2141//555 2140//555
f 2146//556 2140//556 2147//556
f 2068//557 2067//557 2150//557
f 2150//551 2067//551 2066//551
f 2150//551 2066//551 2151//551
f 2151//549 2066//549 2065//549
f 2151//549 2065//549 2153//549
f 2153//548 2065//548 2064//548
f 2153//548 2064//548 2154//548
f 2154//546 2064//546 2057//546
f 2154//545 2057//545 2152//545
f 2147//558 2140//558 2068//558
f 2068//559 2140//559 2139//559
f 2068//559 2139//559 2069//559
f 2069//560 2139//560 2138//560
f 2069//560 2138//560 2070//560
f 2070//561 2138//561 2137//561
f 2070//561 2137//561 2071//561
f 2071//562 2137//562 2136//562
f 2071//563 2136//563 2072//563
f 2072//564 2136//564 1989//564
f 2072//564 1989//564 379//564
f 2183//216 2146//216 2179//216
f 2179//216 2146//216 2184//216
f 2180//216 2181//216 2179//216
f 2179//216 2181//216 2182//216
f 2179//216 2182//216 2183//216
f 2146//216 2148//216 2184//216
f 2184//216 2148//216 2185//216
f 2184//216 2185//216 2186//216
f 2186//216 2185//216 2187//216
f 2186//216 2187//216 2188//216
f 2169//565 2125//565 2124//565
f 2124//566 2123//566 2169//566
f 2169//566 2123//566 2108//566
f 2169//566 2108//566 2110//566
f 2110//566 2112//566 2169//566
f 2169//566 2112//566 2114//566
f 2169//566 2114//566 2145//566
f 2145//566 2114//566 2116//566
f 2145//566 2116//566 2118//566
f 2118//566 2120//566 2145//566
f 2145//566 2120//566 2122//566
f 2145//566 2122//566 2083//566
f 2159//567 2058//567 2168//567
f 2159//568 2168//568 2157//568
f 2157//569 2168//569 2167//569
f 2157//570 2167//570 2155//570
f 2155//571 2167//571 2166//571
f 2155//572 2166//572 2156//572
f 2156//573 2166//573 2165//573
f 2156//574 2165//574 2158//574
f 2185//575 2148//575 2174//575
f 2158//576 2165//576 2149//576
f 2149//577 2165//577 2164//577
f 2149//578 2164//578 2148//578
f 2174//579 2173//579 2185//579
f 2185//573 2173//573 2172//573
f 2185//573 2172//573 2187//573
f 2187//571 2172//571 2171//571
f 2187//572 2171//572 2188//572
f 2188//569 2171//569 2170//569
f 2188//570 2170//570 2186//570
f 2186//568 2170//568 2169//568
f 2186//567 2169//567 2184//567
f 2148//580 2164//580 2174//580
f 2174//581 2164//581 2163//581
f 2174//582 2163//582 2175//582
f 2175//583 2163//583 2162//583
f 2175//583 2162//583 2176//583
f 2176//584 2162//584 2161//584
f 2176//585 2161//585 2177//585
f 2177//586 2161//586 2160//586
f 2177//587 2160//587 2178//587
f 2178//588 2160//588 2059//588
f 2178//588 2059//588 2062//588
f 2179//504 2184//504 2145//504
f 2145//504 2184//504 2169//504
