# Blender 5.0.1
# www.blender.org
mtllib r_finger_pad_visual.mtl
o goma_gripper_2_visual.001
v 0.063924 2.605393 0.905466
v 0.060507 2.605393 0.905466
v 0.063924 2.605393 0.897466
v 0.052841 2.605393 0.905466
v 0.037924 2.605393 0.897466
v 0.049007 2.605393 0.905466
v 0.045174 2.605393 0.905466
v 0.041341 2.605393 0.905466
v 0.037924 2.605393 0.905466
v 0.037611 2.605418 0.905466
v 0.037611 2.605418 0.897466
v 0.037306 2.605491 0.905466
v 0.037306 2.605491 0.897466
v 0.037016 2.605611 0.905466
v 0.037016 2.605611 0.897466
v 0.036748 2.605775 0.905466
v 0.036748 2.605775 0.897466
v 0.036510 2.605979 0.905466
v 0.036510 2.605979 0.897466
v 0.036306 2.606218 0.905466
v 0.036306 2.606218 0.897466
v 0.036142 2.606485 0.905466
v 0.036142 2.606485 0.897466
v 0.036022 2.606775 0.905466
v 0.036022 2.606775 0.897466
v 0.035948 2.607080 0.905466
v 0.035948 2.607080 0.897466
v 0.035924 2.607393 0.905466
v 0.035924 2.607393 0.897466
v 0.035924 2.610848 0.905466
v 0.035924 2.614757 0.905466
v 0.035924 2.618666 0.905466
v 0.035924 2.622575 0.905466
v 0.035924 2.626484 0.905466
v 0.035924 2.630393 0.905466
v 0.035924 2.653393 0.897466
v 0.035924 2.634575 0.905466
v 0.035924 2.638211 0.905466
v 0.035924 2.642120 0.905466
v 0.035924 2.646029 0.905466
v 0.035924 2.653393 0.905466
v 0.035948 2.653706 0.905466
v 0.035948 2.653706 0.897466
v 0.036022 2.654011 0.905466
v 0.036022 2.654011 0.897466
v 0.036142 2.654301 0.905466
v 0.036142 2.654301 0.897466
v 0.036306 2.654569 0.905466
v 0.036306 2.654569 0.897466
v 0.036510 2.654807 0.905466
v 0.036510 2.654807 0.897466
v 0.036748 2.655011 0.905466
v 0.036748 2.655011 0.897466
v 0.037016 2.655175 0.905466
v 0.037016 2.655175 0.897466
v 0.037306 2.655295 0.905466
v 0.037306 2.655295 0.897466
v 0.037611 2.655369 0.905466
v 0.037611 2.655369 0.897466
v 0.037924 2.655393 0.905466
v 0.037924 2.655393 0.897466
v 0.060507 2.655393 0.905466
v 0.063924 2.655393 0.905466
v 0.063924 2.655393 0.897466
v 0.041341 2.655393 0.905466
v 0.045174 2.655393 0.905466
v 0.049007 2.655393 0.905466
v 0.052841 2.655393 0.905466
v 0.064237 2.655369 0.905466
v 0.064237 2.655369 0.897466
v 0.064542 2.655295 0.905466
v 0.064542 2.655295 0.897466
v 0.064832 2.655175 0.905466
v 0.064832 2.655175 0.897466
v 0.065099 2.655011 0.905466
v 0.065099 2.655011 0.897466
v 0.065338 2.654807 0.905466
v 0.065338 2.654807 0.897466
v 0.065542 2.654569 0.905466
v 0.065542 2.654569 0.897466
v 0.065706 2.654301 0.905466
v 0.065706 2.654301 0.897466
v 0.065826 2.654011 0.905466
v 0.065826 2.654011 0.897466
v 0.065899 2.653706 0.905466
v 0.065899 2.653706 0.897466
v 0.065924 2.653393 0.905466
v 0.065924 2.653393 0.897466
v 0.046312 2.642470 0.897466
v 0.046747 2.642290 0.897466
v 0.053545 2.624772 0.897466
v 0.053851 2.625130 0.897466
v 0.065924 2.607393 0.897466
v 0.054097 2.625531 0.897466
v 0.054277 2.625966 0.897466
v 0.054387 2.626424 0.897466
v 0.056295 2.648264 0.897466
v 0.055937 2.648570 0.897466
v 0.055536 2.648816 0.897466
v 0.055101 2.648996 0.897466
v 0.046312 2.648816 0.897466
v 0.046747 2.648996 0.897466
v 0.047205 2.649106 0.897466
v 0.047751 2.634755 0.897466
v 0.047997 2.635156 0.897466
v 0.048303 2.635514 0.897466
v 0.047424 2.626893 0.897466
v 0.047461 2.626424 0.897466
v 0.047571 2.625966 0.897466
v 0.047751 2.625531 0.897466
v 0.045247 2.647907 0.897466
v 0.056295 2.643022 0.897466
v 0.056601 2.643380 0.897466
v 0.057137 2.646612 0.897466
v 0.057174 2.646143 0.897466
v 0.057174 2.645143 0.897466
v 0.056601 2.647907 0.897466
v 0.054643 2.649106 0.897466
v 0.054174 2.649143 0.897466
v 0.047674 2.649143 0.897466
v 0.045001 2.647505 0.897466
v 0.044821 2.647070 0.897466
v 0.044711 2.646612 0.897466
v 0.044674 2.646143 0.897466
v 0.045001 2.643781 0.897466
v 0.045247 2.643380 0.897466
v 0.049955 2.636356 0.897466
v 0.049497 2.636246 0.897466
v 0.047674 2.642143 0.897466
v 0.055937 2.642716 0.897466
v 0.047571 2.634320 0.897466
v 0.047461 2.633862 0.897466
v 0.047424 2.633393 0.897466
v 0.049497 2.624040 0.897466
v 0.049062 2.624220 0.897466
v 0.049955 2.623930 0.897466
v 0.050424 2.623893 0.897466
v 0.051424 2.623893 0.897466
v 0.051893 2.623930 0.897466
v 0.065338 2.605979 0.897466
v 0.065099 2.605775 0.897466
v 0.053187 2.624466 0.897466
v 0.064832 2.605611 0.897466
v 0.052351 2.624040 0.897466
v 0.052786 2.624220 0.897466
v 0.064237 2.605418 0.897466
v 0.064542 2.605491 0.897466
v 0.044674 2.645143 0.897466
v 0.044711 2.644674 0.897466
v 0.044821 2.644216 0.897466
v 0.045553 2.643022 0.897466
v 0.045911 2.642716 0.897466
v 0.054424 2.626893 0.897466
v 0.054424 2.633393 0.897466
v 0.054387 2.633862 0.897466
v 0.054277 2.634320 0.897466
v 0.055101 2.642290 0.897466
v 0.047997 2.625130 0.897466
v 0.048303 2.624772 0.897466
v 0.048661 2.624466 0.897466
v 0.065899 2.607080 0.897466
v 0.065826 2.606775 0.897466
v 0.057027 2.647070 0.897466
v 0.056847 2.647505 0.897466
v 0.045911 2.648570 0.897466
v 0.045553 2.648264 0.897466
v 0.054097 2.634755 0.897466
v 0.053851 2.635156 0.897466
v 0.053545 2.635514 0.897466
v 0.055536 2.642470 0.897466
v 0.056847 2.643781 0.897466
v 0.057027 2.644216 0.897466
v 0.057137 2.644674 0.897466
v 0.065706 2.606485 0.897466
v 0.065542 2.606218 0.897466
v 0.047205 2.642180 0.897466
v 0.049062 2.636066 0.897466
v 0.048661 2.635820 0.897466
v 0.052786 2.636066 0.897466
v 0.052351 2.636246 0.897466
v 0.054174 2.642143 0.897466
v 0.053187 2.635820 0.897466
v 0.054643 2.642180 0.897466
v 0.051893 2.636356 0.897466
v 0.051424 2.636393 0.897466
v 0.050424 2.636393 0.897466
v 0.065924 2.646029 0.905466
v 0.065924 2.642120 0.905466
v 0.065924 2.638211 0.905466
v 0.065924 2.634575 0.905466
v 0.065924 2.630393 0.905466
v 0.065924 2.626484 0.905466
v 0.065924 2.622575 0.905466
v 0.065924 2.618666 0.905466
v 0.065924 2.614757 0.905466
v 0.065924 2.610848 0.905466
v 0.065924 2.607393 0.905466
v 0.065899 2.607080 0.905466
v 0.065826 2.606775 0.905466
v 0.065706 2.606485 0.905466
v 0.065542 2.606218 0.905466
v 0.065338 2.605979 0.905466
v 0.065099 2.605775 0.905466
v 0.064832 2.605611 0.905466
v 0.064542 2.605491 0.905466
v 0.064237 2.605418 0.905466
v 0.052245 2.631644 0.900466
v 0.053732 2.633333 0.900466
v 0.051972 2.631846 0.900466
v 0.053152 2.633762 0.900466
v 0.051670 2.631999 0.900466
v 0.052509 2.634087 0.900466
v 0.051345 2.632098 0.900466
v 0.051819 2.634298 0.900466
v 0.051009 2.632141 0.900466
v 0.051104 2.634389 0.900466
v 0.050670 2.632127 0.900466
v 0.050384 2.634359 0.900466
v 0.050338 2.632056 0.900466
v 0.049679 2.634207 0.900466
v 0.050023 2.631929 0.900466
v 0.049011 2.633938 0.900466
v 0.049735 2.631751 0.900466
v 0.048397 2.633560 0.900466
v 0.049480 2.631527 0.900466
v 0.047856 2.633084 0.900466
v 0.049267 2.631263 0.900466
v 0.047403 2.632523 0.900466
v 0.049101 2.630967 0.900466
v 0.047051 2.631894 0.900466
v 0.048988 2.630647 0.900466
v 0.046811 2.631214 0.900466
v 0.048931 2.630313 0.900466
v 0.046689 2.630503 0.900466
v 0.048924 2.630143 0.900466
v 0.046674 2.630143 0.900466
v 0.048931 2.629973 0.900466
v 0.046689 2.629783 0.900466
v 0.048988 2.629639 0.900466
v 0.046811 2.629072 0.900466
v 0.049101 2.629319 0.900466
v 0.047051 2.628392 0.900466
v 0.049267 2.629023 0.900466
v 0.047403 2.627763 0.900466
v 0.049480 2.628759 0.900466
v 0.047856 2.627202 0.900466
v 0.049735 2.628535 0.900466
v 0.048397 2.626726 0.900466
v 0.050023 2.628357 0.900466
v 0.049011 2.626348 0.900466
v 0.050338 2.628231 0.900466
v 0.049679 2.626079 0.900466
v 0.050670 2.628159 0.900466
v 0.050384 2.625927 0.900466
v 0.051009 2.628145 0.900466
v 0.051104 2.625897 0.900466
v 0.051345 2.628188 0.900466
v 0.051819 2.625988 0.900466
v 0.051670 2.628287 0.900466
v 0.052509 2.626199 0.900466
v 0.051972 2.628440 0.900466
v 0.053152 2.626524 0.900466
v 0.052245 2.628642 0.900466
v 0.053732 2.626953 0.900466
v 0.052480 2.628887 0.900466
v 0.054231 2.627473 0.900466
v 0.052670 2.629168 0.900466
v 0.054634 2.628070 0.900466
v 0.052810 2.629477 0.900466
v 0.054931 2.628727 0.900466
v 0.052895 2.629805 0.900466
v 0.055113 2.629425 0.900466
v 0.052924 2.630143 0.900466
v 0.055174 2.630143 0.900466
v 0.052895 2.630481 0.900466
v 0.055113 2.630861 0.900466
v 0.052810 2.630809 0.900466
v 0.054931 2.631559 0.900466
v 0.052670 2.631119 0.900466
v 0.054634 2.632216 0.900466
v 0.052480 2.631400 0.900466
v 0.054231 2.632813 0.900466
v 0.049267 2.644523 0.900466
v 0.047403 2.643263 0.900466
v 0.049480 2.644259 0.900466
v 0.047856 2.642702 0.900466
v 0.049735 2.644035 0.900466
v 0.048397 2.642226 0.900466
v 0.050023 2.643857 0.900466
v 0.049011 2.641848 0.900466
v 0.050338 2.643731 0.900466
v 0.049679 2.641579 0.900466
v 0.050670 2.643659 0.900466
v 0.050384 2.641428 0.900466
v 0.051009 2.643645 0.900466
v 0.051104 2.641397 0.900466
v 0.051345 2.643688 0.900466
v 0.051819 2.641489 0.900466
v 0.051670 2.643787 0.900466
v 0.052509 2.641700 0.900466
v 0.051972 2.643940 0.900466
v 0.053152 2.642024 0.900466
v 0.052245 2.644142 0.900466
v 0.053732 2.642453 0.900466
v 0.052480 2.644387 0.900466
v 0.054231 2.642973 0.900466
v 0.052670 2.644668 0.900466
v 0.054634 2.643570 0.900466
v 0.052810 2.644977 0.900466
v 0.054931 2.644227 0.900466
v 0.052895 2.645305 0.900466
v 0.055113 2.644925 0.900466
v 0.052924 2.645643 0.900466
v 0.055174 2.645643 0.900466
v 0.052895 2.645981 0.900466
v 0.055113 2.646361 0.900466
v 0.052810 2.646309 0.900466
v 0.054931 2.647059 0.900466
v 0.052670 2.646618 0.900466
v 0.054634 2.647716 0.900466
v 0.052480 2.646899 0.900466
v 0.054231 2.648313 0.900466
v 0.052245 2.647145 0.900466
v 0.053732 2.648834 0.900466
v 0.051972 2.647346 0.900466
v 0.053152 2.649262 0.900466
v 0.051670 2.647499 0.900466
v 0.052509 2.649587 0.900466
v 0.051345 2.647598 0.900466
v 0.051819 2.649798 0.900466
v 0.051009 2.647641 0.900466
v 0.051104 2.649889 0.900466
v 0.050670 2.647627 0.900466
v 0.050384 2.649859 0.900466
v 0.050338 2.647555 0.900466
v 0.049679 2.649707 0.900466
v 0.050023 2.647429 0.900466
v 0.049011 2.649438 0.900466
v 0.049735 2.647251 0.900466
v 0.048397 2.649060 0.900466
v 0.049480 2.647027 0.900466
v 0.047856 2.648584 0.900466
v 0.049267 2.646763 0.900466
v 0.047403 2.648023 0.900466
v 0.049101 2.646467 0.900466
v 0.047051 2.647394 0.900466
v 0.048988 2.646147 0.900466
v 0.046811 2.646714 0.900466
v 0.048931 2.645813 0.900466
v 0.046689 2.646003 0.900466
v 0.048924 2.645643 0.900466
v 0.046674 2.645643 0.900466
v 0.048931 2.645473 0.900466
v 0.046689 2.645283 0.900466
v 0.048988 2.645139 0.900466
v 0.046811 2.644572 0.900466
v 0.049101 2.644819 0.900466
v 0.047051 2.643893 0.900466
v 0.052924 2.645643 0.898466
v 0.052895 2.645305 0.898466
v 0.052810 2.644977 0.898466
v 0.052670 2.644668 0.898466
v 0.052480 2.644387 0.898466
v 0.052245 2.644142 0.898466
v 0.051972 2.643940 0.898466
v 0.051670 2.643787 0.898466
v 0.051345 2.643688 0.898466
v 0.051009 2.643645 0.898466
v 0.050670 2.643659 0.898466
v 0.050338 2.643731 0.898466
v 0.050023 2.643857 0.898466
v 0.049735 2.644035 0.898466
v 0.049480 2.644259 0.898466
v 0.049267 2.644523 0.898466
v 0.049101 2.644819 0.898466
v 0.048988 2.645139 0.898466
v 0.048931 2.645473 0.898466
v 0.048924 2.645643 0.898466
v 0.048931 2.645813 0.898466
v 0.048988 2.646147 0.898466
v 0.049101 2.646467 0.898466
v 0.049267 2.646763 0.898466
v 0.049480 2.647027 0.898466
v 0.049735 2.647251 0.898466
v 0.050023 2.647429 0.898466
v 0.050338 2.647555 0.898466
v 0.050670 2.647627 0.898466
v 0.051009 2.647641 0.898466
v 0.051345 2.647598 0.898466
v 0.051670 2.647499 0.898466
v 0.051972 2.647346 0.898466
v 0.052245 2.647145 0.898466
v 0.052480 2.646899 0.898466
v 0.052670 2.646618 0.898466
v 0.052810 2.646309 0.898466
v 0.052895 2.645981 0.898466
v 0.052924 2.630143 0.898466
v 0.052895 2.629805 0.898466
v 0.052810 2.629477 0.898466
v 0.052670 2.629168 0.898466
v 0.052480 2.628887 0.898466
v 0.052245 2.628642 0.898466
v 0.051972 2.628440 0.898466
v 0.051670 2.628287 0.898466
v 0.051345 2.628188 0.898466
v 0.051009 2.628145 0.898466
v 0.050670 2.628159 0.898466
v 0.050338 2.628231 0.898466
v 0.050023 2.628357 0.898466
v 0.049735 2.628535 0.898466
v 0.049480 2.628759 0.898466
v 0.049267 2.629023 0.898466
v 0.049101 2.629319 0.898466
v 0.048988 2.629639 0.898466
v 0.048931 2.629973 0.898466
v 0.048924 2.630143 0.898466
v 0.048931 2.630313 0.898466
v 0.048988 2.630647 0.898466
v 0.049101 2.630967 0.898466
v 0.049267 2.631263 0.898466
v 0.049480 2.631527 0.898466
v 0.049735 2.631751 0.898466
v 0.050023 2.631929 0.898466
v 0.050338 2.632056 0.898466
v 0.050670 2.632127 0.898466
v 0.051009 2.632141 0.898466
v 0.051345 2.632098 0.898466
v 0.051670 2.631999 0.898466
v 0.051972 2.631846 0.898466
v 0.052245 2.631644 0.898466
v 0.052480 2.631400 0.898466
v 0.052670 2.631119 0.898466
v 0.052810 2.630809 0.898466
v 0.052895 2.630481 0.898466
v 0.047424 2.626893 0.898466
v 0.054424 2.626893 0.898466
v 0.054424 2.633393 0.898466
v 0.047424 2.633393 0.898466
v 0.050424 2.623893 0.898466
v 0.047571 2.634320 0.898466
v 0.047751 2.634755 0.898466
v 0.047997 2.635156 0.898466
v 0.052786 2.624220 0.898466
v 0.054097 2.625531 0.898466
v 0.053851 2.625130 0.898466
v 0.053545 2.624772 0.898466
v 0.053187 2.624466 0.898466
v 0.053851 2.635156 0.898466
v 0.053545 2.635514 0.898466
v 0.049497 2.636246 0.898466
v 0.048303 2.635514 0.898466
v 0.048661 2.635820 0.898466
v 0.049062 2.636066 0.898466
v 0.047461 2.633862 0.898466
v 0.047461 2.626424 0.898466
v 0.047571 2.625966 0.898466
v 0.047997 2.625130 0.898466
v 0.047751 2.625531 0.898466
v 0.048661 2.624466 0.898466
v 0.048303 2.624772 0.898466
v 0.049955 2.623930 0.898466
v 0.049497 2.624040 0.898466
v 0.049062 2.624220 0.898466
v 0.052351 2.624040 0.898466
v 0.051893 2.623930 0.898466
v 0.051424 2.623893 0.898466
v 0.051893 2.636356 0.898466
v 0.049955 2.636356 0.898466
v 0.050424 2.636393 0.898466
v 0.051424 2.636393 0.898466
v 0.054387 2.626424 0.898466
v 0.054277 2.625966 0.898466
v 0.054387 2.633862 0.898466
v 0.054277 2.634320 0.898466
v 0.054097 2.634755 0.898466
v 0.052351 2.636246 0.898466
v 0.052786 2.636066 0.898466
v 0.053187 2.635820 0.898466
v 0.057137 2.646612 0.898466
v 0.057027 2.647070 0.898466
v 0.056847 2.647505 0.898466
v 0.056295 2.648264 0.898466
v 0.056601 2.647907 0.898466
v 0.055536 2.648816 0.898466
v 0.055937 2.648570 0.898466
v 0.057174 2.646143 0.898466
v 0.057174 2.645143 0.898466
v 0.054174 2.649143 0.898466
v 0.054643 2.649106 0.898466
v 0.055101 2.648996 0.898466
v 0.056847 2.643781 0.898466
v 0.057027 2.644216 0.898466
v 0.057137 2.644674 0.898466
v 0.047674 2.649143 0.898466
v 0.047205 2.649106 0.898466
v 0.046747 2.648996 0.898466
v 0.046312 2.648816 0.898466
v 0.047674 2.642143 0.898466
v 0.045911 2.648570 0.898466
v 0.045553 2.648264 0.898466
v 0.045247 2.643380 0.898466
v 0.045001 2.643781 0.898466
v 0.054174 2.642143 0.898466
v 0.045247 2.647907 0.898466
v 0.045001 2.647505 0.898466
v 0.045553 2.643022 0.898466
v 0.045911 2.642716 0.898466
v 0.046312 2.642470 0.898466
v 0.044821 2.644216 0.898466
v 0.044711 2.644674 0.898466
v 0.044674 2.645143 0.898466
v 0.044674 2.646143 0.898466
v 0.044711 2.646612 0.898466
v 0.044821 2.647070 0.898466
v 0.047205 2.642180 0.898466
v 0.046747 2.642290 0.898466
v 0.054643 2.642180 0.898466
v 0.055536 2.642470 0.898466
v 0.055101 2.642290 0.898466
v 0.056601 2.643380 0.898466
v 0.056295 2.643022 0.898466
v 0.055937 2.642716 0.898466
v 0.060924 2.610393 0.902466
v 0.060924 2.607393 0.902466
v 0.063924 2.610393 0.902466
v 0.063924 2.607393 0.902466
v 0.063924 2.610393 0.905466
v 0.063924 2.607393 0.905466
v 0.060924 2.607393 0.905466
v 0.060924 2.610393 0.905466
v 0.057091 2.610393 0.902466
v 0.057091 2.607393 0.902466
v 0.060091 2.610393 0.902466
v 0.060091 2.607393 0.902466
v 0.060091 2.610393 0.905466
v 0.060091 2.607393 0.905466
v 0.057091 2.607393 0.905466
v 0.057091 2.610393 0.905466
v 0.053257 2.610393 0.902466
v 0.053257 2.607393 0.902466
v 0.056257 2.610393 0.902466
v 0.056257 2.607393 0.902466
v 0.056257 2.610393 0.905466
v 0.056257 2.607393 0.905466
v 0.053257 2.607393 0.905466
v 0.053257 2.610393 0.905466
v 0.049424 2.610393 0.902466
v 0.049424 2.607393 0.902466
v 0.052424 2.610393 0.902466
v 0.052424 2.607393 0.902466
v 0.052424 2.610393 0.905466
v 0.052424 2.607393 0.905466
v 0.049424 2.607393 0.905466
v 0.049424 2.610393 0.905466
v 0.045591 2.610393 0.902466
v 0.045591 2.607393 0.902466
v 0.048591 2.610393 0.902466
v 0.048591 2.607393 0.902466
v 0.048591 2.610393 0.905466
v 0.048591 2.607393 0.905466
v 0.045591 2.607393 0.905466
v 0.045591 2.610393 0.905466
v 0.041757 2.610393 0.902466
v 0.041757 2.607393 0.902466
v 0.044757 2.610393 0.902466
v 0.044757 2.607393 0.902466
v 0.044757 2.610393 0.905466
v 0.044757 2.607393 0.905466
v 0.041757 2.607393 0.905466
v 0.041757 2.610393 0.905466
v 0.037924 2.610393 0.902466
v 0.037924 2.607393 0.902466
v 0.040924 2.610393 0.902466
v 0.040924 2.607393 0.902466
v 0.040924 2.610393 0.905466
v 0.040924 2.607393 0.905466
v 0.037924 2.607393 0.905466
v 0.037924 2.610393 0.905466
v 0.060924 2.614302 0.902466
v 0.060924 2.611302 0.902466
v 0.063924 2.614302 0.902466
v 0.063924 2.611302 0.902466
v 0.063924 2.614302 0.905466
v 0.063924 2.611302 0.905466
v 0.060924 2.611302 0.905466
v 0.060924 2.614302 0.905466
v 0.060924 2.618211 0.902466
v 0.060924 2.615211 0.902466
v 0.063924 2.618211 0.902466
v 0.063924 2.615211 0.902466
v 0.063924 2.618211 0.905466
v 0.063924 2.615211 0.905466
v 0.060924 2.615211 0.905466
v 0.060924 2.618211 0.905466
v 0.060924 2.622120 0.902466
v 0.060924 2.619120 0.902466
v 0.063924 2.622120 0.902466
v 0.063924 2.619120 0.902466
v 0.063924 2.622120 0.905466
v 0.063924 2.619120 0.905466
v 0.060924 2.619120 0.905466
v 0.060924 2.622120 0.905466
v 0.060924 2.626029 0.902466
v 0.060924 2.623029 0.902466
v 0.063924 2.626029 0.902466
v 0.063924 2.623029 0.902466
v 0.063924 2.626029 0.905466
v 0.063924 2.623029 0.905466
v 0.060924 2.623029 0.905466
v 0.060924 2.626029 0.905466
v 0.060924 2.629939 0.902466
v 0.060924 2.626939 0.902466
v 0.063924 2.629939 0.902466
v 0.063924 2.626939 0.902466
v 0.063924 2.629939 0.905466
v 0.063924 2.626939 0.905466
v 0.060924 2.626939 0.905466
v 0.060924 2.629939 0.905466
v 0.060924 2.633848 0.902466
v 0.060924 2.630848 0.902466
v 0.063924 2.633848 0.902466
v 0.063924 2.630848 0.902466
v 0.063924 2.633848 0.905466
v 0.063924 2.630848 0.905466
v 0.060924 2.630848 0.905466
v 0.060924 2.633848 0.905466
v 0.060924 2.637757 0.902466
v 0.060924 2.634757 0.902466
v 0.063924 2.637757 0.902466
v 0.063924 2.634757 0.902466
v 0.063924 2.637757 0.905466
v 0.063924 2.634757 0.905466
v 0.060924 2.634757 0.905466
v 0.060924 2.637757 0.905466
v 0.060924 2.641666 0.902466
v 0.060924 2.638666 0.902466
v 0.063924 2.641666 0.902466
v 0.063924 2.638666 0.902466
v 0.063924 2.641666 0.905466
v 0.063924 2.638666 0.905466
v 0.060924 2.638666 0.905466
v 0.060924 2.641666 0.905466
v 0.060924 2.645575 0.902466
v 0.060924 2.642575 0.902466
v 0.063924 2.645575 0.902466
v 0.063924 2.642575 0.902466
v 0.063924 2.645575 0.905466
v 0.063924 2.642575 0.905466
v 0.060924 2.642575 0.905466
v 0.060924 2.645575 0.905466
v 0.060924 2.649484 0.902466
v 0.060924 2.646484 0.902466
v 0.063924 2.649484 0.902466
v 0.063924 2.646484 0.902466
v 0.063924 2.649484 0.905466
v 0.063924 2.646484 0.905466
v 0.060924 2.646484 0.905466
v 0.060924 2.649484 0.905466
v 0.060924 2.653393 0.902466
v 0.060924 2.650393 0.902466
v 0.063924 2.653393 0.902466
v 0.063924 2.650393 0.902466
v 0.063924 2.653393 0.905466
v 0.063924 2.650393 0.905466
v 0.060924 2.650393 0.905466
v 0.060924 2.653393 0.905466
v 0.057091 2.614302 0.902466
v 0.057091 2.611302 0.902466
v 0.060091 2.614302 0.902466
v 0.060091 2.611302 0.902466
v 0.060091 2.614302 0.905466
v 0.060091 2.611302 0.905466
v 0.057091 2.611302 0.905466
v 0.057091 2.614302 0.905466
v 0.053257 2.614302 0.902466
v 0.053257 2.611302 0.902466
v 0.056257 2.614302 0.902466
v 0.056257 2.611302 0.902466
v 0.056257 2.614302 0.905466
v 0.056257 2.611302 0.905466
v 0.053257 2.611302 0.905466
v 0.053257 2.614302 0.905466
v 0.049424 2.614302 0.902466
v 0.049424 2.611302 0.902466
v 0.052424 2.614302 0.902466
v 0.052424 2.611302 0.902466
v 0.052424 2.614302 0.905466
v 0.052424 2.611302 0.905466
v 0.049424 2.611302 0.905466
v 0.049424 2.614302 0.905466
v 0.045591 2.614302 0.902466
v 0.045591 2.611302 0.902466
v 0.048591 2.614302 0.902466
v 0.048591 2.611302 0.902466
v 0.048591 2.614302 0.905466
v 0.048591 2.611302 0.905466
v 0.045591 2.611302 0.905466
v 0.045591 2.614302 0.905466
v 0.041757 2.614302 0.902466
v 0.041757 2.611302 0.902466
v 0.044757 2.614302 0.902466
v 0.044757 2.611302 0.902466
v 0.044757 2.614302 0.905466
v 0.044757 2.611302 0.905466
v 0.041757 2.611302 0.905466
v 0.041757 2.614302 0.905466
v 0.037924 2.614302 0.902466
v 0.037924 2.611302 0.902466
v 0.040924 2.614302 0.902466
v 0.040924 2.611302 0.902466
v 0.040924 2.614302 0.905466
v 0.040924 2.611302 0.905466
v 0.037924 2.611302 0.905466
v 0.037924 2.614302 0.905466
v 0.057091 2.618211 0.902466
v 0.057091 2.615211 0.902466
v 0.060091 2.618211 0.902466
v 0.060091 2.615211 0.902466
v 0.060091 2.618211 0.905466
v 0.060091 2.615211 0.905466
v 0.057091 2.615211 0.905466
v 0.057091 2.618211 0.905466
v 0.053257 2.618211 0.902466
v 0.053257 2.615211 0.902466
v 0.056257 2.618211 0.902466
v 0.056257 2.615211 0.902466
v 0.056257 2.618211 0.905466
v 0.056257 2.615211 0.905466
v 0.053257 2.615211 0.905466
v 0.053257 2.618211 0.905466
v 0.049424 2.618211 0.902466
v 0.049424 2.615211 0.902466
v 0.052424 2.618211 0.902466
v 0.052424 2.615211 0.902466
v 0.052424 2.618211 0.905466
v 0.052424 2.615211 0.905466
v 0.049424 2.615211 0.905466
v 0.049424 2.618211 0.905466
v 0.045591 2.618211 0.902466
v 0.045591 2.615211 0.902466
v 0.048591 2.618211 0.902466
v 0.048591 2.615211 0.902466
v 0.048591 2.618211 0.905466
v 0.048591 2.615211 0.905466
v 0.045591 2.615211 0.905466
v 0.045591 2.618211 0.905466
v 0.041757 2.618211 0.902466
v 0.041757 2.615211 0.902466
v 0.044757 2.618211 0.902466
v 0.044757 2.615211 0.902466
v 0.044757 2.618211 0.905466
v 0.044757 2.615211 0.905466
v 0.041757 2.615211 0.905466
v 0.041757 2.618211 0.905466
v 0.037924 2.618211 0.902466
v 0.037924 2.615211 0.902466
v 0.040924 2.618211 0.902466
v 0.040924 2.615211 0.902466
v 0.040924 2.618211 0.905466
v 0.040924 2.615211 0.905466
v 0.037924 2.615211 0.905466
v 0.037924 2.618211 0.905466
v 0.057091 2.622120 0.902466
v 0.057091 2.619120 0.902466
v 0.060091 2.622120 0.902466
v 0.060091 2.619120 0.902466
v 0.060091 2.622120 0.905466
v 0.060091 2.619120 0.905466
v 0.057091 2.619120 0.905466
v 0.057091 2.622120 0.905466
v 0.053257 2.622120 0.902466
v 0.053257 2.619120 0.902466
v 0.056257 2.622120 0.902466
v 0.056257 2.619120 0.902466
v 0.056257 2.622120 0.905466
v 0.056257 2.619120 0.905466
v 0.053257 2.619120 0.905466
v 0.053257 2.622120 0.905466
v 0.049424 2.622120 0.902466
v 0.049424 2.619120 0.902466
v 0.052424 2.622120 0.902466
v 0.052424 2.619120 0.902466
v 0.052424 2.622120 0.905466
v 0.052424 2.619120 0.905466
v 0.049424 2.619120 0.905466
v 0.049424 2.622120 0.905466
v 0.045591 2.622120 0.902466
v 0.045591 2.619120 0.902466
v 0.048591 2.622120 0.902466
v 0.048591 2.619120 0.902466
v 0.048591 2.622120 0.905466
v 0.048591 2.619120 0.905466
v 0.045591 2.619120 0.905466
v 0.045591 2.622120 0.905466
v 0.041757 2.622120 0.902466
v 0.041757 2.619120 0.902466
v 0.044757 2.622120 0.902466
v 0.044757 2.619120 0.902466
v 0.044757 2.622120 0.905466
v 0.044757 2.619120 0.905466
v 0.041757 2.619120 0.905466
v 0.041757 2.622120 0.905466
v 0.037924 2.622120 0.902466
v 0.037924 2.619120 0.902466
v 0.040924 2.622120 0.902466
v 0.040924 2.619120 0.902466
v 0.040924 2.622120 0.905466
v 0.040924 2.619120 0.905466
v 0.037924 2.619120 0.905466
v 0.037924 2.622120 0.905466
v 0.057091 2.626029 0.902466
v 0.057091 2.623029 0.902466
v 0.060091 2.626029 0.902466
v 0.060091 2.623029 0.902466
v 0.060091 2.626029 0.905466
v 0.060091 2.623029 0.905466
v 0.057091 2.623029 0.905466
v 0.057091 2.626029 0.905466
v 0.053257 2.626029 0.902466
v 0.053257 2.623029 0.902466
v 0.056257 2.626029 0.902466
v 0.056257 2.623029 0.902466
v 0.056257 2.626029 0.905466
v 0.056257 2.623029 0.905466
v 0.053257 2.623029 0.905466
v 0.053257 2.626029 0.905466
v 0.052424 2.626029 0.902466
v 0.052424 2.623029 0.902466
v 0.052424 2.626029 0.905466
v 0.052424 2.623029 0.905466
v 0.049424 2.623029 0.902466
v 0.049424 2.623029 0.905466
v 0.049424 2.626029 0.902466
v 0.049424 2.626029 0.905466
v 0.049856 2.626029 0.905466
v 0.049856 2.626029 0.902466
v 0.051992 2.626029 0.902466
v 0.051992 2.626029 0.905466
v 0.051819 2.625988 0.902466
v 0.051104 2.625897 0.902466
v 0.050384 2.625927 0.902466
v 0.045591 2.626029 0.902466
v 0.045591 2.623029 0.902466
v 0.048591 2.626029 0.902466
v 0.048591 2.623029 0.902466
v 0.048591 2.626029 0.905466
v 0.048591 2.623029 0.905466
v 0.045591 2.623029 0.905466
v 0.045591 2.626029 0.905466
v 0.041757 2.626029 0.902466
v 0.041757 2.623029 0.902466
v 0.044757 2.626029 0.902466
v 0.044757 2.623029 0.902466
v 0.044757 2.626029 0.905466
v 0.044757 2.623029 0.905466
v 0.041757 2.623029 0.905466
v 0.041757 2.626029 0.905466
v 0.037924 2.626029 0.902466
v 0.037924 2.623029 0.902466
v 0.040924 2.626029 0.902466
v 0.040924 2.623029 0.902466
v 0.040924 2.626029 0.905466
v 0.040924 2.623029 0.905466
v 0.037924 2.623029 0.905466
v 0.037924 2.626029 0.905466
v 0.048132 2.626939 0.902466
v 0.048132 2.626939 0.905466
v 0.048397 2.626726 0.905466
v 0.053257 2.633695 0.902466
v 0.053257 2.633695 0.905466
v 0.053152 2.633762 0.905466
v 0.046733 2.630848 0.902466
v 0.046733 2.630848 0.905466
v 0.046689 2.630503 0.905466
v 0.048591 2.633695 0.902466
v 0.048397 2.633560 0.902466
v 0.047856 2.633084 0.902466
v 0.047403 2.632523 0.902466
v 0.047051 2.631894 0.902466
v 0.046811 2.631214 0.902466
v 0.055166 2.630394 0.905466
v 0.055115 2.630848 0.905466
v 0.055115 2.630848 0.902466
v 0.055174 2.630143 0.905466
v 0.055113 2.630861 0.902466
v 0.054931 2.631559 0.902466
v 0.054634 2.632216 0.902466
v 0.054231 2.632813 0.902466
v 0.053732 2.633333 0.902466
v 0.055169 2.629939 0.905466
v 0.055169 2.629939 0.902466
v 0.055113 2.629425 0.902466
v 0.054931 2.628727 0.902466
v 0.054634 2.628070 0.902466
v 0.054231 2.627473 0.902466
v 0.053732 2.626953 0.902466
v 0.053716 2.626939 0.902466
v 0.053716 2.626939 0.905466
v 0.053152 2.626524 0.905466
v 0.046679 2.629939 0.902466
v 0.046689 2.629783 0.902466
v 0.046811 2.629072 0.902466
v 0.047051 2.628392 0.902466
v 0.047403 2.627763 0.902466
v 0.047856 2.627202 0.902466
v 0.046679 2.629939 0.905466
v 0.046674 2.630143 0.905466
v 0.053076 2.626478 0.905466
v 0.052509 2.626199 0.905466
v 0.049679 2.626079 0.905466
v 0.049011 2.626348 0.905466
v 0.048591 2.633695 0.905466
v 0.049011 2.633938 0.905466
v 0.049679 2.634207 0.905466
v 0.050384 2.634359 0.905466
v 0.051104 2.634389 0.905466
v 0.051819 2.634298 0.905466
v 0.052509 2.634087 0.905466
v 0.057091 2.629939 0.902466
v 0.057091 2.626939 0.902466
v 0.060091 2.629939 0.902466
v 0.060091 2.626939 0.902466
v 0.060091 2.629939 0.905466
v 0.060091 2.626939 0.905466
v 0.057091 2.626939 0.905466
v 0.057091 2.629939 0.905466
v 0.056257 2.626939 0.902466
v 0.056257 2.629939 0.902466
v 0.056257 2.629939 0.905466
v 0.056257 2.626939 0.905466
v 0.045591 2.626939 0.902466
v 0.045591 2.626939 0.905466
v 0.045591 2.629939 0.902466
v 0.045591 2.629939 0.905466
v 0.041757 2.629939 0.902466
v 0.041757 2.626939 0.902466
v 0.044757 2.629939 0.902466
v 0.044757 2.626939 0.902466
v 0.044757 2.629939 0.905466
v 0.044757 2.626939 0.905466
v 0.041757 2.626939 0.905466
v 0.041757 2.629939 0.905466
v 0.037924 2.629939 0.902466
v 0.037924 2.626939 0.902466
v 0.040924 2.629939 0.902466
v 0.040924 2.626939 0.902466
v 0.040924 2.629939 0.905466
v 0.040924 2.626939 0.905466
v 0.037924 2.626939 0.905466
v 0.037924 2.629939 0.905466
v 0.057091 2.633848 0.902466
v 0.057091 2.630848 0.902466
v 0.060091 2.633848 0.902466
v 0.060091 2.630848 0.902466
v 0.060091 2.633848 0.905466
v 0.060091 2.630848 0.905466
v 0.057091 2.630848 0.905466
v 0.057091 2.633848 0.905466
v 0.053257 2.633848 0.902466
v 0.056257 2.633848 0.902466
v 0.056257 2.630848 0.902466
v 0.056257 2.633848 0.905466
v 0.056257 2.630848 0.905466
v 0.053257 2.633848 0.905466
v 0.045591 2.633848 0.902466
v 0.048591 2.633848 0.902466
v 0.045591 2.630848 0.902466
v 0.048591 2.633848 0.905466
v 0.045591 2.630848 0.905466
v 0.045591 2.633848 0.905466
v 0.041757 2.633848 0.902466
v 0.041757 2.630848 0.902466
v 0.044757 2.633848 0.902466
v 0.044757 2.630848 0.902466
v 0.044757 2.633848 0.905466
v 0.044757 2.630848 0.905466
v 0.041757 2.630848 0.905466
v 0.041757 2.633848 0.905466
v 0.037924 2.633848 0.902466
v 0.037924 2.630848 0.902466
v 0.040924 2.633848 0.902466
v 0.040924 2.630848 0.902466
v 0.040924 2.633848 0.905466
v 0.040924 2.630848 0.905466
v 0.037924 2.630848 0.905466
v 0.037924 2.633848 0.905466
v 0.057091 2.637757 0.902466
v 0.057091 2.634757 0.902466
v 0.060091 2.637757 0.902466
v 0.060091 2.634757 0.902466
v 0.060091 2.637757 0.905466
v 0.060091 2.634757 0.905466
v 0.057091 2.634757 0.905466
v 0.057091 2.637757 0.905466
v 0.053257 2.637757 0.902466
v 0.053257 2.634757 0.902466
v 0.056257 2.637757 0.902466
v 0.056257 2.634757 0.902466
v 0.056257 2.637757 0.905466
v 0.056257 2.634757 0.905466
v 0.053257 2.634757 0.905466
v 0.053257 2.637757 0.905466
v 0.049424 2.637757 0.902466
v 0.049424 2.634757 0.902466
v 0.052424 2.637757 0.902466
v 0.052424 2.634757 0.902466
v 0.052424 2.637757 0.905466
v 0.052424 2.634757 0.905466
v 0.049424 2.634757 0.905466
v 0.049424 2.637757 0.905466
v 0.045591 2.637757 0.902466
v 0.045591 2.634757 0.902466
v 0.048591 2.637757 0.902466
v 0.048591 2.634757 0.902466
v 0.048591 2.637757 0.905466
v 0.048591 2.634757 0.905466
v 0.045591 2.634757 0.905466
v 0.045591 2.637757 0.905466
v 0.041757 2.637757 0.902466
v 0.041757 2.634757 0.902466
v 0.044757 2.637757 0.902466
v 0.044757 2.634757 0.902466
v 0.044757 2.637757 0.905466
v 0.044757 2.634757 0.905466
v 0.041757 2.634757 0.905466
v 0.041757 2.637757 0.905466
v 0.037924 2.637757 0.902466
v 0.037924 2.634757 0.902466
v 0.040924 2.637757 0.902466
v 0.040924 2.634757 0.902466
v 0.040924 2.637757 0.905466
v 0.040924 2.634757 0.905466
v 0.037924 2.634757 0.905466
v 0.037924 2.637757 0.905466
v 0.057091 2.641666 0.902466
v 0.057091 2.638666 0.902466
v 0.060091 2.641666 0.902466
v 0.060091 2.638666 0.902466
v 0.060091 2.641666 0.905466
v 0.060091 2.638666 0.905466
v 0.057091 2.638666 0.905466
v 0.057091 2.641666 0.905466
v 0.053257 2.641666 0.902466
v 0.053257 2.638666 0.902466
v 0.056257 2.641666 0.902466
v 0.056257 2.638666 0.902466
v 0.056257 2.641666 0.905466
v 0.056257 2.638666 0.905466
v 0.053257 2.638666 0.905466
v 0.053257 2.641666 0.905466
v 0.052424 2.641666 0.902466
v 0.052424 2.638666 0.902466
v 0.052424 2.641666 0.905466
v 0.052424 2.638666 0.905466
v 0.049424 2.638666 0.902466
v 0.049424 2.638666 0.905466
v 0.049424 2.641666 0.902466
v 0.049424 2.641666 0.905466
v 0.049426 2.641666 0.905466
v 0.049426 2.641666 0.902466
v 0.052422 2.641666 0.902466
v 0.052422 2.641666 0.905466
v 0.051104 2.641397 0.902466
v 0.051819 2.641489 0.902466
v 0.049679 2.641579 0.902466
v 0.050384 2.641428 0.902466
v 0.045591 2.641666 0.902466
v 0.045591 2.638666 0.902466
v 0.048591 2.641666 0.902466
v 0.048591 2.638666 0.902466
v 0.048591 2.641666 0.905466
v 0.048591 2.638666 0.905466
v 0.045591 2.638666 0.905466
v 0.045591 2.641666 0.905466
v 0.041757 2.641666 0.902466
v 0.041757 2.638666 0.902466
v 0.044757 2.641666 0.902466
v 0.044757 2.638666 0.902466
v 0.044757 2.641666 0.905466
v 0.044757 2.638666 0.905466
v 0.041757 2.638666 0.905466
v 0.041757 2.641666 0.905466
v 0.037924 2.641666 0.902466
v 0.037924 2.638666 0.902466
v 0.040924 2.641666 0.902466
v 0.040924 2.638666 0.902466
v 0.040924 2.641666 0.905466
v 0.040924 2.638666 0.905466
v 0.037924 2.638666 0.905466
v 0.037924 2.641666 0.905466
v 0.047983 2.642575 0.902466
v 0.047983 2.642575 0.905466
v 0.048397 2.642226 0.905466
v 0.052509 2.641700 0.905466
v 0.046758 2.646484 0.902466
v 0.046758 2.646484 0.905466
v 0.046689 2.646003 0.905466
v 0.049007 2.649436 0.905466
v 0.048591 2.649195 0.905466
v 0.048591 2.649195 0.902466
v 0.048397 2.649060 0.902466
v 0.047856 2.648584 0.902466
v 0.047403 2.648023 0.902466
v 0.047051 2.647394 0.902466
v 0.046811 2.646714 0.902466
v 0.053257 2.649195 0.902466
v 0.053732 2.648834 0.902466
v 0.054231 2.648313 0.902466
v 0.054634 2.647716 0.902466
v 0.054931 2.647059 0.902466
v 0.055090 2.646484 0.902466
v 0.055173 2.645575 0.902466
v 0.055113 2.644925 0.902466
v 0.054931 2.644227 0.902466
v 0.054634 2.643570 0.902466
v 0.054231 2.642973 0.902466
v 0.053865 2.642575 0.902466
v 0.046674 2.645575 0.902466
v 0.046689 2.645283 0.902466
v 0.046811 2.644572 0.902466
v 0.047051 2.643893 0.902466
v 0.047403 2.643263 0.902466
v 0.047856 2.642702 0.902466
v 0.046674 2.645575 0.905466
v 0.046674 2.645643 0.905466
v 0.053865 2.642575 0.905466
v 0.053732 2.642453 0.905466
v 0.053289 2.642112 0.905466
v 0.053152 2.642024 0.905466
v 0.049011 2.641848 0.905466
v 0.049011 2.649438 0.905466
v 0.049679 2.649707 0.905466
v 0.050384 2.649859 0.905466
v 0.051104 2.649889 0.905466
v 0.051819 2.649798 0.905466
v 0.052509 2.649587 0.905466
v 0.052847 2.649433 0.905466
v 0.053152 2.649262 0.905466
v 0.053257 2.649195 0.905466
v 0.055090 2.646484 0.905466
v 0.055113 2.646361 0.905466
v 0.055156 2.646031 0.905466
v 0.055174 2.645643 0.905466
v 0.055173 2.645575 0.905466
v 0.057091 2.645575 0.902466
v 0.057091 2.642575 0.902466
v 0.060091 2.645575 0.902466
v 0.060091 2.642575 0.902466
v 0.060091 2.645575 0.905466
v 0.060091 2.642575 0.905466
v 0.057091 2.642575 0.905466
v 0.057091 2.645575 0.905466
v 0.056257 2.642575 0.902466
v 0.056257 2.645575 0.902466
v 0.056257 2.645575 0.905466
v 0.056257 2.642575 0.905466
v 0.045591 2.642575 0.902466
v 0.045591 2.642575 0.905466
v 0.045591 2.645575 0.902466
v 0.045591 2.645575 0.905466
v 0.041757 2.645575 0.902466
v 0.041757 2.642575 0.902466
v 0.044757 2.645575 0.902466
v 0.044757 2.642575 0.902466
v 0.044757 2.645575 0.905466
v 0.044757 2.642575 0.905466
v 0.041757 2.642575 0.905466
v 0.041757 2.645575 0.905466
v 0.037924 2.645575 0.902466
v 0.037924 2.642575 0.902466
v 0.040924 2.645575 0.902466
v 0.040924 2.642575 0.902466
v 0.040924 2.645575 0.905466
v 0.040924 2.642575 0.905466
v 0.037924 2.642575 0.905466
v 0.037924 2.645575 0.905466
v 0.045174 2.646029 0.905466
v 0.048591 2.649484 0.905466
v 0.041341 2.610848 0.905466
v 0.037924 2.653393 0.905466
v 0.040924 2.653393 0.905466
v 0.041341 2.654393 0.905466
v 0.040924 2.650393 0.905466
v 0.040924 2.649484 0.905466
v 0.040924 2.646484 0.905466
v 0.041341 2.646029 0.905466
v 0.037924 2.646484 0.905466
v 0.037924 2.649484 0.905466
v 0.037924 2.650393 0.905466
v 0.064924 2.654393 0.905466
v 0.060507 2.654393 0.905466
v 0.064924 2.610848 0.905466
v 0.060507 2.610848 0.905466
v 0.049007 2.634575 0.905466
v 0.045174 2.634575 0.905466
v 0.045174 2.630393 0.905466
v 0.045174 2.626484 0.905466
v 0.049007 2.622575 0.905466
v 0.045174 2.622575 0.905466
v 0.052841 2.622575 0.905466
v 0.060507 2.626484 0.905466
v 0.060507 2.622575 0.905466
v 0.060507 2.630393 0.905466
v 0.060507 2.634575 0.905466
v 0.052841 2.634575 0.905466
v 0.045591 2.650393 0.905466
v 0.045591 2.653393 0.905466
v 0.045174 2.654393 0.905466
v 0.049007 2.654393 0.905466
v 0.048591 2.653393 0.905466
v 0.048591 2.650393 0.905466
v 0.045591 2.646484 0.905466
v 0.045591 2.649484 0.905466
v 0.045174 2.642120 0.905466
v 0.052841 2.638211 0.905466
v 0.049007 2.638211 0.905466
v 0.045174 2.638211 0.905466
v 0.060507 2.642120 0.905466
v 0.060507 2.638211 0.905466
v 0.060507 2.646029 0.905466
v 0.056257 2.646484 0.905466
v 0.057091 2.653393 0.905466
v 0.060091 2.653393 0.905466
v 0.060091 2.650393 0.905466
v 0.052841 2.654393 0.905466
v 0.056257 2.653393 0.905466
v 0.057091 2.650393 0.905466
v 0.057091 2.649484 0.905466
v 0.060091 2.649484 0.905466
v 0.060091 2.646484 0.905466
v 0.057091 2.646484 0.905466
v 0.053257 2.649484 0.905466
v 0.053257 2.650393 0.905466
v 0.053257 2.653393 0.905466
v 0.056257 2.649484 0.905466
v 0.056257 2.650393 0.905466
v 0.052424 2.650393 0.905466
v 0.052424 2.653393 0.905466
v 0.049424 2.653393 0.905466
v 0.049424 2.650393 0.905466
v 0.045174 2.610848 0.905466
v 0.049007 2.610848 0.905466
v 0.052841 2.610848 0.905466
v 0.041341 2.614757 0.905466
v 0.045174 2.614757 0.905466
v 0.049007 2.614757 0.905466
v 0.052841 2.614757 0.905466
v 0.060507 2.614757 0.905466
v 0.064924 2.614757 0.905466
v 0.041341 2.618666 0.905466
v 0.045174 2.618666 0.905466
v 0.049007 2.618666 0.905466
v 0.052841 2.618666 0.905466
v 0.060507 2.618666 0.905466
v 0.064924 2.618666 0.905466
v 0.041341 2.622575 0.905466
v 0.064924 2.622575 0.905466
v 0.041341 2.626484 0.905466
v 0.064924 2.626484 0.905466
v 0.041341 2.630393 0.905466
v 0.064924 2.630393 0.905466
v 0.041341 2.634575 0.905466
v 0.064924 2.634575 0.905466
v 0.041341 2.638211 0.905466
v 0.064924 2.638211 0.905466
v 0.041341 2.642120 0.905466
v 0.064924 2.642120 0.905466
v 0.064924 2.646029 0.905466
v 0.044757 2.649484 0.905466
v 0.044757 2.646484 0.905466
v 0.041757 2.646484 0.905466
v 0.041757 2.650393 0.905466
v 0.041757 2.649484 0.905466
v 0.044757 2.650393 0.905466
v 0.041757 2.653393 0.905466
v 0.044757 2.653393 0.905466
v 0.057091 2.649484 0.902466
v 0.057091 2.646484 0.902466
v 0.060091 2.649484 0.902466
v 0.060091 2.646484 0.902466
v 0.053257 2.649484 0.902466
v 0.056257 2.649484 0.902466
v 0.056257 2.646484 0.902466
v 0.045591 2.646484 0.902466
v 0.045591 2.649484 0.902466
v 0.048591 2.649484 0.902466
v 0.041757 2.649484 0.902466
v 0.041757 2.646484 0.902466
v 0.044757 2.649484 0.902466
v 0.044757 2.646484 0.902466
v 0.037924 2.649484 0.902466
v 0.037924 2.646484 0.902466
v 0.040924 2.649484 0.902466
v 0.040924 2.646484 0.902466
v 0.057091 2.653393 0.902466
v 0.057091 2.650393 0.902466
v 0.060091 2.653393 0.902466
v 0.060091 2.650393 0.902466
v 0.053257 2.653393 0.902466
v 0.053257 2.650393 0.902466
v 0.056257 2.653393 0.902466
v 0.056257 2.650393 0.902466
v 0.049424 2.653393 0.902466
v 0.049424 2.650393 0.902466
v 0.052424 2.653393 0.902466
v 0.052424 2.650393 0.902466
v 0.045591 2.653393 0.902466
v 0.045591 2.650393 0.902466
v 0.048591 2.653393 0.902466
v 0.048591 2.650393 0.902466
v 0.041757 2.653393 0.902466
v 0.041757 2.650393 0.902466
v 0.044757 2.653393 0.902466
v 0.044757 2.650393 0.902466
v 0.037924 2.653393 0.902466
v 0.037924 2.650393 0.902466
v 0.040924 2.653393 0.902466
v 0.040924 2.650393 0.902466
vn -0.0000 -1.0000 -0.0000
vn -0.0000 -1.0000 -0.0001
vn -0.0782 -0.9969 -0.0000
vn -0.0783 -0.9969 -0.0000
vn -0.2332 -0.9724 -0.0000
vn -0.3829 -0.9238 -0.0000
vn -0.5226 -0.8526 -0.0000
vn -0.6495 -0.7604 -0.0000
vn -0.7604 -0.6494 -0.0000
vn -0.8526 -0.5226 -0.0000
vn -0.9239 -0.3827 -0.0000
vn -0.9724 -0.2334 -0.0000
vn -0.9969 -0.0784 -0.0000
vn -0.9969 -0.0785 -0.0000
vn -1.0000 -0.0000 -0.0000
vn -0.9969 0.0784 -0.0000
vn -0.9723 0.2336 -0.0000
vn -0.9240 0.3825 -0.0000
vn -0.8526 0.5226 -0.0000
vn -0.7604 0.6494 -0.0000
vn -0.6495 0.7604 -0.0000
vn -0.5226 0.8526 -0.0000
vn -0.3822 0.9241 -0.0000
vn -0.2340 0.9722 -0.0000
vn -0.0782 0.9969 -0.0000
vn -0.0000 1.0000 -0.0000
vn -0.0000 1.0000 -0.0001
vn 0.0782 0.9969 -0.0000
vn 0.0783 0.9969 -0.0000
vn 0.2340 0.9722 -0.0000
vn 0.2339 0.9723 -0.0000
vn 0.3822 0.9241 -0.0000
vn 0.5226 0.8526 -0.0000
vn 0.6495 0.7604 -0.0000
vn 0.7604 0.6494 -0.0000
vn 0.8526 0.5226 -0.0000
vn 0.9240 0.3824 -0.0000
vn 0.9240 0.3825 -0.0000
vn 0.9723 0.2336 -0.0000
vn 0.9969 0.0784 -0.0000
vn -0.0000 -0.0000 -1.0000
vn -0.0004 -0.0000 -1.0000
vn 0.0003 -0.0000 -1.0000
vn -0.0001 -0.0000 -1.0000
vn 0.0001 -0.0000 -1.0000
vn -0.0003 -0.0000 -1.0000
vn 0.0002 -0.0000 -1.0000
vn -0.0005 -0.0000 -1.0000
vn 0.0004 -0.0000 -1.0000
vn 0.0005 -0.0000 -1.0000
vn -0.0002 -0.0000 -1.0000
vn 0.0006 -0.0000 -1.0000
vn 1.0000 -0.0000 -0.0000
vn 0.9969 -0.0785 -0.0000
vn 0.9724 -0.2335 -0.0000
vn 0.9724 -0.2334 -0.0000
vn 0.9239 -0.3827 -0.0000
vn 0.8526 -0.5226 -0.0000
vn 0.7604 -0.6494 -0.0000
vn 0.6495 -0.7604 -0.0000
vn 0.5226 -0.8526 -0.0000
vn 0.3829 -0.9238 -0.0000
vn 0.2332 -0.9724 -0.0000
vn 0.0782 -0.9969 -0.0000
vn 0.0783 -0.9969 -0.0000
vn 0.0003 -0.0000 1.0000
vn -0.0000 -0.0000 1.0000
vn -0.0001 -0.0000 1.0000
vn 0.0001 -0.0000 1.0000
vn -0.0006 -0.0000 1.0000
vn 0.0006 -0.0000 1.0000
vn -0.0002 -0.0000 1.0000
vn -0.0003 -0.0000 1.0000
vn 0.0002 -0.0000 1.0000
vn -0.9964 0.0848 -0.0000
vn -0.9677 0.2520 -0.0000
vn -0.9113 0.4118 -0.0000
vn -0.8283 0.5603 -0.0000
vn -0.8283 0.5602 -0.0000
vn -0.7222 0.6916 -0.0000
vn -0.7222 0.6917 -0.0000
vn -0.5946 0.8040 -0.0000
vn -0.4499 0.8931 -0.0000
vn -0.2931 0.9561 -0.0000
vn -0.2930 0.9561 -0.0000
vn -0.1272 0.9919 -0.0000
vn 0.0429 0.9991 -0.0000
vn 0.2102 0.9777 -0.0000
vn 0.3732 0.9278 -0.0000
vn 0.3731 0.9278 -0.0000
vn 0.5243 0.8515 -0.0000
vn 0.6607 0.7507 -0.0000
vn 0.6606 0.7507 -0.0000
vn 0.7780 0.6282 -0.0000
vn 0.8730 0.4877 -0.0000
vn 0.8730 0.4878 -0.0000
vn 0.9429 0.3330 -0.0000
vn 0.9856 0.1690 -0.0000
vn 0.9991 0.0425 -0.0000
vn 0.9991 -0.0424 -0.0000
vn 0.9991 -0.0425 -0.0000
vn 0.9856 -0.1690 -0.0000
vn 0.9429 -0.3330 -0.0000
vn 0.8730 -0.4877 -0.0000
vn 0.8730 -0.4878 -0.0000
vn 0.7781 -0.6282 -0.0000
vn 0.7780 -0.6282 -0.0000
vn 0.6607 -0.7507 -0.0000
vn 0.6606 -0.7507 -0.0000
vn 0.5243 -0.8515 -0.0000
vn 0.3726 -0.9280 -0.0000
vn 0.3725 -0.9280 -0.0000
vn 0.2109 -0.9775 -0.0000
vn 0.2108 -0.9775 -0.0000
vn 0.0422 -0.9991 -0.0000
vn -0.1265 -0.9920 -0.0000
vn -0.2931 -0.9561 -0.0000
vn -0.4499 -0.8931 -0.0000
vn -0.5946 -0.8040 -0.0000
vn -0.7222 -0.6916 -0.0000
vn -0.7222 -0.6917 -0.0000
vn -0.8286 -0.5599 -0.0000
vn -0.8285 -0.5599 -0.0000
vn -0.9112 -0.4120 -0.0000
vn -0.9677 -0.2520 -0.0000
vn -0.9964 -0.0848 -0.0000
vn -0.9112 0.4120 -0.0000
vn -0.8286 0.5599 -0.0000
vn -0.8285 0.5599 -0.0000
vn -0.7219 0.6920 -0.0000
vn -0.4505 0.8928 -0.0000
vn -0.4504 0.8928 -0.0000
vn -0.1265 0.9920 -0.0000
vn 0.0422 0.9991 -0.0000
vn 0.2109 0.9775 -0.0000
vn 0.2108 0.9775 -0.0000
vn 0.3726 0.9280 -0.0000
vn 0.3725 0.9280 -0.0000
vn 0.9991 0.0424 -0.0000
vn 0.3732 -0.9278 -0.0000
vn 0.3731 -0.9278 -0.0000
vn 0.2102 -0.9777 -0.0000
vn 0.0429 -0.9991 -0.0000
vn -0.1272 -0.9919 -0.0000
vn -0.7219 -0.6920 -0.0000
vn -0.9113 -0.4118 -0.0000
vn 0.0785 -0.9969 -0.0000
vn 0.2335 -0.9724 -0.0000
vn 0.3824 -0.9240 -0.0000
vn 0.3825 -0.9240 -0.0000
vn 0.5227 -0.8525 -0.0000
vn 0.6493 -0.7605 -0.0000
vn 0.6494 -0.7605 -0.0000
vn 0.7605 -0.6494 -0.0000
vn 0.7606 -0.6492 -0.0000
vn 0.8525 -0.5227 -0.0000
vn 0.9969 -0.0784 -0.0000
vn 0.9969 0.0785 -0.0000
vn 0.9724 0.2334 -0.0000
vn 0.9239 0.3827 -0.0000
vn 0.8527 0.5224 -0.0000
vn 0.7603 0.6496 -0.0000
vn 0.7604 0.6495 -0.0000
vn 0.6496 0.7602 -0.0000
vn 0.5222 0.8528 -0.0000
vn 0.5223 0.8528 -0.0000
vn 0.3829 0.9238 -0.0000
vn 0.2335 0.9724 -0.0000
vn 0.0785 0.9969 -0.0000
vn -0.0785 0.9969 -0.0000
vn -0.2335 0.9724 -0.0000
vn -0.3829 0.9238 -0.0000
vn -0.5222 0.8528 -0.0000
vn -0.5223 0.8528 -0.0000
vn -0.6496 0.7602 -0.0000
vn -0.6496 0.7603 -0.0000
vn -0.7603 0.6495 -0.0000
vn -0.7604 0.6495 -0.0000
vn -0.8527 0.5224 -0.0000
vn -0.9239 0.3827 -0.0000
vn -0.9724 0.2334 -0.0000
vn -0.9969 0.0785 -0.0000
vn -0.7605 -0.6494 -0.0000
vn -0.7606 -0.6492 -0.0000
vn -0.6493 -0.7605 -0.0000
vn -0.6494 -0.7605 -0.0000
vn -0.5227 -0.8525 -0.0000
vn -0.3824 -0.9240 -0.0000
vn -0.3825 -0.9240 -0.0000
vn -0.2335 -0.9724 -0.0000
vn -0.0785 -0.9969 -0.0000
vn -0.8527 -0.5224 -0.0000
vn -0.7603 -0.6495 -0.0000
vn -0.7604 -0.6495 -0.0000
vn -0.0780 -0.9970 -0.0000
vn 0.0780 -0.9970 -0.0000
vn 0.3828 -0.9238 -0.0000
vn 0.7603 -0.6495 -0.0000
vn 0.7604 -0.6495 -0.0000
vn 0.8527 -0.5224 -0.0000
vn 0.3828 0.9238 -0.0000
vn 0.0009 -0.0000 1.0000
vn 0.6262 0.7796 -0.0000
vn -0.5365 -0.8439 -0.0000
vn 0.9921 -0.1253 -0.0000
vn 0.5242 -0.8515 0.0069
vn 0.5720 -0.8202 -0.0000
vn 0.6608 -0.7506 -0.0000
vn 0.7780 -0.6283 -0.0000
vn 0.8731 -0.4876 -0.0000
vn 0.8730 -0.4876 -0.0000
vn 0.9429 -0.3331 -0.0000
vn -0.9936 -0.1126 -0.0000
vn -0.9996 -0.0296 -0.0000
vn -0.9958 -0.0920 0.0031
vn -0.9964 -0.0848 0.0006
vn -0.9856 -0.1694 -0.0000
vn -0.9112 -0.4119 -0.0000
vn -0.8285 -0.5600 -0.0000
vn -0.7220 -0.6919 -0.0000
vn -0.5947 -0.8040 -0.0000
vn -0.9997 0.0240 -0.0000
vn -0.9997 0.0241 -0.0000
vn -0.9940 0.1088 0.0087
vn -0.9112 0.4119 -0.0000
vn -0.8285 0.5600 -0.0000
vn -0.7220 0.6919 -0.0000
vn -0.6556 0.7551 -0.0000
vn -0.5945 0.8041 0.0008
vn -0.5925 0.8056 -0.0000
vn -0.2312 0.9727 0.0223
vn -0.2927 0.9562 -0.0000
vn -0.1270 0.9919 -0.0000
vn 0.0423 0.9991 -0.0000
vn 0.1897 0.9818 -0.0000
vn 0.2107 0.9775 0.0057
vn 0.9991 0.0424 0.0019
vn 0.9978 0.0665 -0.0000
vn 0.9429 0.3331 -0.0000
vn 0.7781 0.6281 -0.0000
vn 0.9997 0.0241 -0.0000
vn 0.9778 -0.2091 0.0147
vn -0.5172 0.8558 -0.0000
vn -0.4504 0.8928 0.0014
vn -0.4407 0.8976 -0.0000
vn -0.3125 0.9499 -0.0000
vn 0.2716 0.9624 -0.0000
vn 0.3730 0.9278 -0.0000
vn 0.5243 0.8516 -0.0000
vn 0.6899 0.7238 0.0143
vn 0.5004 -0.8658 -0.0000
vn 0.3728 -0.9279 -0.0000
vn 0.2107 -0.9776 -0.0000
vn 0.0423 -0.9991 -0.0000
vn -0.1270 -0.9919 -0.0000
vn -0.2927 -0.9562 -0.0000
vn -0.4502 -0.8930 -0.0000
vn -0.4502 -0.8929 -0.0000
vn -0.5364 -0.8440 -0.0000
vn -0.6064 -0.7951 0.0055
vn 0.6444 0.7647 -0.0000
vn -0.3615 0.9324 -0.0000
vn 0.9899 -0.1416 -0.0000
vn 0.5009 -0.8655 -0.0000
vn 0.5245 -0.8514 0.0069
vn 0.6606 -0.7508 -0.0000
vn 0.7781 -0.6281 -0.0000
vn -0.6062 -0.7953 0.0051
vn -0.9639 -0.2661 -0.0000
vn -0.9677 -0.2520 0.0043
vn -0.9957 0.0928 0.0029
vn -0.7366 0.6763 -0.0000
vn -0.7220 0.6919 0.0058
vn 0.3727 0.9279 0.0070
vn 0.3231 0.9463 -0.0000
vn 0.2107 0.9776 -0.0000
vn 0.9991 0.0424 0.0012
vn 0.9987 0.0505 -0.0000
vn 0.8731 0.4876 -0.0000
vn 0.8730 0.4876 -0.0000
vn 0.7780 0.6283 -0.0000
vn 1.0000 0.0080 -0.0000
vn 1.0000 0.0081 -0.0000
vn 0.9742 -0.2249 0.0205
vn -0.6762 0.7368 -0.0000
vn -0.6762 0.7367 -0.0000
vn -0.6098 0.7925 -0.0000
vn -0.5947 0.8040 0.0022
vn -0.2824 0.9593 0.0038
vn -0.4502 0.8930 -0.0000
vn -0.4502 0.8929 -0.0000
vn -0.5406 0.8413 -0.0000
vn 0.4016 0.9158 -0.0000
vn 0.5245 0.8514 -0.0000
vn 0.6443 0.7647 -0.0000
vn 0.7072 0.7067 0.0226
vn 0.4865 -0.8737 -0.0000
vn 0.5007 -0.8656 -0.0000
vn -0.4132 -0.9106 -0.0000
vn -0.4501 -0.8929 0.0030
vn -0.4887 -0.8725 -0.0000
vn -0.5378 -0.8431 -0.0000
vn -0.5378 -0.8430 -0.0000
vn -0.9830 -0.1836 -0.0000
vn -0.9915 -0.1302 -0.0000
vn -0.9964 -0.0848 0.0030
vn -0.9990 -0.0457 -0.0000
vn -1.0000 0.0080 -0.0000
vn 0.0013 -0.0000 1.0000
vn -0.0026 -0.0000 1.0000
vn -0.0007 -0.0000 1.0000
vn 0.0005 -0.0000 1.0000
vn 0.0012 -0.0000 1.0000
vn 0.0004 -0.0000 1.0000
vn 0.0016 -0.0000 1.0000
vn -0.0012 -0.0000 1.0000
vn -0.0151 -0.0000 0.9999
vn -0.0009 -0.0000 1.0000
vn -0.0010 -0.0000 1.0000
s 0
f 1//1 2//1 3//1
f 3//1 2//1 4//1
f 3//1 4//1 5//1
f 5//2 4//2 6//2
f 6//1 7//1 5//1
f 5//1 7//1 8//1
f 5//1 8//1 9//1
f 5//3 9//3 10//3
f 5//4 10//4 11//4
f 11//5 10//5 12//5
f 11//5 12//5 13//5
f 13//6 12//6 14//6
f 13//6 14//6 15//6
f 15//7 14//7 16//7
f 15//7 16//7 17//7
f 17//8 16//8 18//8
f 17//8 18//8 19//8
f 19//9 18//9 20//9
f 19//9 20//9 21//9
f 21//10 20//10 22//10
f 21//10 22//10 23//10
f 23//11 22//11 24//11
f 23//11 24//11 25//11
f 25//12 24//12 26//12
f 25//12 26//12 27//12
f 27//13 26//13 28//13
f 27//14 28//14 29//14
f 29//15 28//15 30//15
f 30//15 31//15 29//15
f 29//15 31//15 32//15
f 29//15 32//15 33//15
f 33//15 34//15 29//15
f 29//15 34//15 35//15
f 29//15 35//15 36//15
f 36//15 35//15 37//15
f 36//15 37//15 38//15
f 38//15 39//15 36//15
f 36//15 39//15 40//15
f 36//15 40//15 41//15
f 36//16 41//16 42//16
f 36//16 42//16 43//16
f 43//17 42//17 44//17
f 43//17 44//17 45//17
f 45//18 44//18 46//18
f 45//18 46//18 47//18
f 47//19 46//19 48//19
f 47//19 48//19 49//19
f 49//20 48//20 50//20
f 49//20 50//20 51//20
f 51//21 50//21 52//21
f 51//21 52//21 53//21
f 53//22 52//22 54//22
f 53//22 54//22 55//22
f 55//23 54//23 56//23
f 55//23 56//23 57//23
f 57//24 56//24 58//24
f 57//24 58//24 59//24
f 59//25 58//25 60//25
f 59//25 60//25 61//25
f 62//26 63//26 64//26
f 61//26 60//26 65//26
f 65//26 66//26 61//26
f 61//27 66//27 67//27
f 61//26 67//26 64//26
f 64//27 67//27 68//27
f 64//26 68//26 62//26
f 64//28 63//28 69//28
f 64//29 69//29 70//29
f 70//30 69//30 71//30
f 70//31 71//31 72//31
f 72//32 71//32 73//32
f 72//32 73//32 74//32
f 74//33 73//33 75//33
f 74//33 75//33 76//33
f 76//34 75//34 77//34
f 76//34 77//34 78//34
f 78//35 77//35 79//35
f 78//35 79//35 80//35
f 80//36 79//36 81//36
f 80//36 81//36 82//36
f 82//37 81//37 83//37
f 82//38 83//38 84//38
f 84//39 83//39 85//39
f 84//39 85//39 86//39
f 86//40 85//40 87//40
f 86//40 87//40 88//40
f 89//41 90//41 29//41
f 91//41 92//41 93//41
f 92//42 94//42 93//42
f 93//43 94//43 95//43
f 93//44 95//44 96//44
f 97//41 98//41 64//41
f 64//41 98//41 99//41
f 64//41 99//41 100//41
f 101//41 61//41 102//41
f 102//41 61//41 103//41
f 104//41 90//41 105//41
f 105//41 90//41 106//41
f 107//41 108//41 29//41
f 29//45 108//45 109//45
f 29//46 109//46 110//46
f 47//41 49//41 111//41
f 112//41 113//41 93//41
f 114//47 88//47 115//47
f 115//44 88//44 116//44
f 117//41 80//41 82//41
f 100//41 118//41 64//41
f 64//44 118//44 119//44
f 64//41 119//41 61//41
f 61//41 119//41 120//41
f 61//45 120//45 103//45
f 121//41 122//41 36//41
f 36//41 122//41 123//41
f 36//44 123//44 124//44
f 29//42 125//42 126//42
f 127//41 128//41 129//41
f 112//48 93//48 130//48
f 104//41 131//41 90//41
f 90//45 131//45 132//45
f 90//41 132//41 29//41
f 29//47 132//47 133//47
f 29//41 133//41 107//41
f 134//41 5//41 135//41
f 135//44 5//44 11//44
f 134//49 136//49 5//49
f 5//44 136//44 137//44
f 5//41 137//41 3//41
f 3//41 137//41 138//41
f 3//45 138//45 139//45
f 140//50 141//50 142//50
f 142//46 141//46 143//46
f 139//42 144//42 3//42
f 3//41 144//41 145//41
f 3//41 145//41 146//41
f 146//45 145//45 142//45
f 146//41 142//41 147//41
f 147//41 142//41 143//41
f 47//41 111//41 45//41
f 124//45 148//45 36//45
f 36//45 148//45 149//45
f 36//41 149//41 29//41
f 29//46 149//46 150//46
f 29//49 150//49 125//49
f 126//41 151//41 29//41
f 29//49 151//49 152//49
f 29//46 152//46 89//46
f 96//41 153//41 93//41
f 93//41 153//41 154//41
f 93//51 154//51 155//51
f 155//41 156//41 157//41
f 110//49 158//49 29//49
f 29//41 158//41 159//41
f 29//41 159//41 27//41
f 27//47 159//47 160//47
f 27//41 160//41 25//41
f 25//44 160//44 135//44
f 25//41 135//41 23//41
f 91//41 93//41 142//41
f 142//44 93//44 161//44
f 142//44 161//44 162//44
f 114//41 163//41 88//41
f 88//41 163//41 164//41
f 88//41 164//41 86//41
f 86//44 164//44 117//44
f 86//41 117//41 84//41
f 84//41 117//41 82//41
f 49//41 51//41 111//41
f 111//45 51//45 53//45
f 111//51 53//51 55//51
f 101//41 165//41 61//41
f 61//45 165//45 166//45
f 61//42 166//42 59//42
f 59//45 166//45 111//45
f 59//41 111//41 57//41
f 57//41 111//41 55//41
f 121//41 36//41 111//41
f 111//41 36//41 43//41
f 111//41 43//41 45//41
f 156//41 167//41 157//41
f 157//41 167//41 168//41
f 157//41 168//41 169//41
f 155//41 157//41 93//41
f 93//41 157//41 170//41
f 93//43 170//43 130//43
f 113//52 171//52 93//52
f 93//42 171//42 172//42
f 93//41 172//41 88//41
f 88//43 172//43 173//43
f 88//44 173//44 116//44
f 11//41 13//41 135//41
f 135//51 13//51 15//51
f 135//43 15//43 17//43
f 162//41 174//41 142//41
f 142//43 174//43 175//43
f 142//46 175//46 140//46
f 117//41 72//41 74//41
f 129//41 128//41 176//41
f 176//47 128//47 177//47
f 176//41 177//41 90//41
f 90//44 177//44 178//44
f 90//45 178//45 106//45
f 97//41 64//41 117//41
f 117//44 64//44 70//44
f 117//44 70//44 72//44
f 74//43 76//43 117//43
f 117//44 76//44 78//44
f 117//45 78//45 80//45
f 179//46 180//46 181//46
f 17//48 19//48 135//48
f 135//43 19//43 21//43
f 135//46 21//46 23//46
f 169//41 182//41 157//41
f 157//45 182//45 179//45
f 157//41 179//41 183//41
f 183//41 179//41 181//41
f 180//41 184//41 181//41
f 181//41 184//41 185//41
f 181//41 185//41 129//41
f 129//41 185//41 186//41
f 129//41 186//41 127//41
f 87//53 187//53 88//53
f 88//53 187//53 188//53
f 188//53 189//53 88//53
f 88//53 189//53 190//53
f 88//53 190//53 93//53
f 93//53 190//53 191//53
f 191//53 192//53 93//53
f 93//53 192//53 193//53
f 93//53 193//53 194//53
f 194//53 195//53 93//53
f 93//53 195//53 196//53
f 93//53 196//53 197//53
f 93//54 197//54 198//54
f 93//54 198//54 161//54
f 161//55 198//55 199//55
f 161//56 199//56 162//56
f 162//57 199//57 200//57
f 162//57 200//57 174//57
f 174//58 200//58 201//58
f 174//58 201//58 175//58
f 175//59 201//59 202//59
f 175//59 202//59 140//59
f 140//60 202//60 203//60
f 140//60 203//60 141//60
f 141//61 203//61 204//61
f 141//61 204//61 143//61
f 143//62 204//62 205//62
f 143//62 205//62 147//62
f 147//63 205//63 206//63
f 147//63 206//63 146//63
f 146//64 206//64 1//64
f 146//65 1//65 3//65
f 207//66 208//66 209//66
f 209//67 208//67 210//67
f 209//67 210//67 211//67
f 211//68 210//68 212//68
f 211//66 212//66 213//66
f 213//67 212//67 214//67
f 213//67 214//67 215//67
f 215//69 214//69 216//69
f 215//70 216//70 217//70
f 217//67 216//67 218//67
f 217//71 218//71 219//71
f 219//68 218//68 220//68
f 219//70 220//70 221//70
f 221//69 220//69 222//69
f 221//67 222//67 223//67
f 223//67 222//67 224//67
f 223//67 224//67 225//67
f 225//67 224//67 226//67
f 225//67 226//67 227//67
f 227//67 226//67 228//67
f 227//67 228//67 229//67
f 229//67 228//67 230//67
f 229//67 230//67 231//67
f 231//69 230//69 232//69
f 231//67 232//67 233//67
f 233//69 232//69 234//69
f 233//67 234//67 235//67
f 235//67 234//67 236//67
f 235//67 236//67 237//67
f 237//67 236//67 238//67
f 237//67 238//67 239//67
f 239//69 238//69 240//69
f 239//67 240//67 241//67
f 241//69 240//69 242//69
f 241//72 242//72 243//72
f 243//67 242//67 244//67
f 243//67 244//67 245//67
f 245//68 244//68 246//68
f 245//66 246//66 247//66
f 247//67 246//67 248//67
f 247//73 248//73 249//73
f 249//67 248//67 250//67
f 249//67 250//67 251//67
f 251//68 250//68 252//68
f 251//66 252//66 253//66
f 253//69 252//69 254//69
f 253//70 254//70 255//70
f 255//67 254//67 256//67
f 255//67 256//67 257//67
f 257//69 256//69 258//69
f 257//67 258//67 259//67
f 259//67 258//67 260//67
f 259//67 260//67 261//67
f 261//68 260//68 262//68
f 261//67 262//67 263//67
f 263//67 262//67 264//67
f 263//67 264//67 265//67
f 265//67 264//67 266//67
f 265//67 266//67 267//67
f 267//69 266//69 268//69
f 267//73 268//73 269//73
f 269//67 268//67 270//67
f 269//67 270//67 271//67
f 271//67 270//67 272//67
f 271//67 272//67 273//67
f 273//67 272//67 274//67
f 273//67 274//67 275//67
f 275//67 274//67 276//67
f 275//67 276//67 277//67
f 277//67 276//67 278//67
f 277//69 278//69 279//69
f 279//68 278//68 280//68
f 279//74 280//74 281//74
f 281//69 280//69 282//69
f 281//67 282//67 207//67
f 207//68 282//68 208//68
f 283//67 284//67 285//67
f 285//68 284//68 286//68
f 285//66 286//66 287//66
f 287//67 286//67 288//67
f 287//73 288//73 289//73
f 289//69 288//69 290//69
f 289//67 290//67 291//67
f 291//68 290//68 292//68
f 291//66 292//66 293//66
f 293//69 292//69 294//69
f 293//70 294//70 295//70
f 295//67 294//67 296//67
f 295//67 296//67 297//67
f 297//69 296//69 298//69
f 297//67 298//67 299//67
f 299//67 298//67 300//67
f 299//67 300//67 301//67
f 301//68 300//68 302//68
f 301//67 302//67 303//67
f 303//69 302//69 304//69
f 303//73 304//73 305//73
f 305//67 304//67 306//67
f 305//67 306//67 307//67
f 307//69 306//69 308//69
f 307//67 308//67 309//67
f 309//67 308//67 310//67
f 309//67 310//67 311//67
f 311//67 310//67 312//67
f 311//67 312//67 313//67
f 313//67 312//67 314//67
f 313//67 314//67 315//67
f 315//67 314//67 316//67
f 315//67 316//67 317//67
f 317//67 316//67 318//67
f 317//67 318//67 319//67
f 319//68 318//68 320//68
f 319//74 320//74 321//74
f 321//69 320//69 322//69
f 321//67 322//67 323//67
f 323//68 322//68 324//68
f 323//66 324//66 325//66
f 325//67 324//67 326//67
f 325//67 326//67 327//67
f 327//68 326//68 328//68
f 327//66 328//66 329//66
f 329//67 328//67 330//67
f 329//67 330//67 331//67
f 331//69 330//69 332//69
f 331//70 332//70 333//70
f 333//67 332//67 334//67
f 333//71 334//71 335//71
f 335//68 334//68 336//68
f 335//70 336//70 337//70
f 337//69 336//69 338//69
f 337//67 338//67 339//67
f 339//68 338//68 340//68
f 339//67 340//67 341//67
f 341//67 340//67 342//67
f 341//67 342//67 343//67
f 343//67 342//67 344//67
f 343//67 344//67 345//67
f 345//67 344//67 346//67
f 345//67 346//67 347//67
f 347//69 346//69 348//69
f 347//67 348//67 349//67
f 349//69 348//69 350//69
f 349//67 350//67 351//67
f 351//67 350//67 352//67
f 351//67 352//67 353//67
f 353//67 352//67 354//67
f 353//67 354//67 355//67
f 355//69 354//69 356//69
f 355//67 356//67 357//67
f 357//69 356//69 358//69
f 357//72 358//72 283//72
f 283//67 358//67 284//67
f 313//75 359//75 311//75
f 311//75 359//75 360//75
f 311//76 360//76 309//76
f 309//76 360//76 361//76
f 309//77 361//77 307//77
f 307//77 361//77 362//77
f 307//78 362//78 305//78
f 305//79 362//79 363//79
f 305//80 363//80 303//80
f 303//81 363//81 364//81
f 303//82 364//82 301//82
f 301//82 364//82 365//82
f 301//83 365//83 299//83
f 299//83 365//83 366//83
f 299//84 366//84 297//84
f 297//85 366//85 367//85
f 297//86 367//86 295//86
f 295//86 367//86 368//86
f 295//87 368//87 293//87
f 293//87 368//87 369//87
f 293//88 369//88 291//88
f 291//88 369//88 370//88
f 291//89 370//89 289//89
f 289//90 370//90 371//90
f 289//91 371//91 287//91
f 287//91 371//91 372//91
f 287//92 372//92 285//92
f 285//93 372//93 373//93
f 285//94 373//94 283//94
f 283//94 373//94 374//94
f 283//95 374//95 357//95
f 357//96 374//96 375//96
f 357//97 375//97 355//97
f 355//97 375//97 376//97
f 355//98 376//98 353//98
f 353//98 376//98 377//98
f 353//99 377//99 351//99
f 351//99 377//99 378//99
f 351//100 378//100 349//100
f 349//101 378//101 379//101
f 349//102 379//102 347//102
f 347//102 379//102 380//102
f 347//103 380//103 345//103
f 345//103 380//103 381//103
f 345//104 381//104 343//104
f 343//105 381//105 382//105
f 343//106 382//106 341//106
f 341//107 382//107 383//107
f 341//108 383//108 339//108
f 339//109 383//109 384//109
f 339//110 384//110 337//110
f 337//110 384//110 385//110
f 337//111 385//111 335//111
f 335//112 385//112 386//112
f 335//113 386//113 333//113
f 333//114 386//114 387//114
f 333//115 387//115 331//115
f 331//115 387//115 388//115
f 331//116 388//116 329//116
f 329//116 388//116 389//116
f 329//117 389//117 327//117
f 327//117 389//117 390//117
f 327//118 390//118 325//118
f 325//118 390//118 391//118
f 325//119 391//119 323//119
f 323//119 391//119 392//119
f 323//120 392//120 321//120
f 321//121 392//121 393//121
f 321//122 393//122 319//122
f 319//123 393//123 394//123
f 319//124 394//124 317//124
f 317//124 394//124 395//124
f 317//125 395//125 315//125
f 315//125 395//125 396//125
f 315//126 396//126 313//126
f 313//126 396//126 359//126
f 273//75 397//75 271//75
f 271//75 397//75 398//75
f 271//76 398//76 269//76
f 269//76 398//76 399//76
f 269//127 399//127 267//127
f 267//127 399//127 400//127
f 267//128 400//128 265//128
f 265//129 400//129 401//129
f 265//130 401//130 263//130
f 263//130 401//130 402//130
f 263//82 402//82 261//82
f 261//82 402//82 403//82
f 261//131 403//131 259//131
f 259//132 403//132 404//132
f 259//84 404//84 257//84
f 257//85 404//85 405//85
f 257//133 405//133 255//133
f 255//133 405//133 406//133
f 255//134 406//134 253//134
f 253//134 406//134 407//134
f 253//135 407//135 251//135
f 251//136 407//136 408//136
f 251//137 408//137 249//137
f 249//138 408//138 409//138
f 249//91 409//91 247//91
f 247//91 409//91 410//91
f 247//92 410//92 245//92
f 245//93 410//93 411//93
f 245//94 411//94 243//94
f 243//94 411//94 412//94
f 243//95 412//95 241//95
f 241//96 412//96 413//96
f 241//97 413//97 239//97
f 239//97 413//97 414//97
f 239//98 414//98 237//98
f 237//98 414//98 415//98
f 237//99 415//99 235//99
f 235//139 415//139 416//139
f 235//101 416//101 233//101
f 233//101 416//101 417//101
f 233//102 417//102 231//102
f 231//102 417//102 418//102
f 231//103 418//103 229//103
f 229//103 418//103 419//103
f 229//104 419//104 227//104
f 227//105 419//105 420//105
f 227//106 420//106 225//106
f 225//107 420//107 421//107
f 225//108 421//108 223//108
f 223//109 421//109 422//109
f 223//110 422//110 221//110
f 221//110 422//110 423//110
f 221//140 423//140 219//140
f 219//141 423//141 424//141
f 219//142 424//142 217//142
f 217//142 424//142 425//142
f 217//143 425//143 215//143
f 215//143 425//143 426//143
f 215//144 426//144 213//144
f 213//144 426//144 427//144
f 213//117 427//117 211//117
f 211//117 427//117 428//117
f 211//118 428//118 209//118
f 209//118 428//118 429//118
f 209//119 429//119 207//119
f 207//119 429//119 430//119
f 207//145 430//145 281//145
f 281//145 430//145 431//145
f 281//122 431//122 279//122
f 279//123 431//123 432//123
f 279//146 432//146 277//146
f 277//146 432//146 433//146
f 277//125 433//125 275//125
f 275//125 433//125 434//125
f 275//126 434//126 273//126
f 273//126 434//126 397//126
f 414//41 413//41 435//41
f 436//44 401//44 400//44
f 400//41 399//41 436//41
f 436//49 399//49 398//49
f 436//41 398//41 437//41
f 398//41 397//41 437//41
f 437//48 397//48 434//48
f 437//49 434//49 433//49
f 421//41 420//41 438//41
f 438//41 420//41 419//41
f 438//47 419//47 418//47
f 439//47 407//47 406//47
f 440//41 441//41 422//41
f 422//44 441//44 442//44
f 422//41 442//41 423//41
f 443//44 405//44 404//44
f 444//41 445//41 403//41
f 403//41 445//41 446//41
f 403//41 446//41 404//41
f 404//44 446//44 447//44
f 404//45 447//45 443//45
f 448//41 429//41 449//41
f 449//45 429//45 428//45
f 450//44 425//44 424//44
f 442//43 451//43 423//43
f 423//51 451//51 452//51
f 423//43 452//43 424//43
f 424//44 452//44 453//44
f 424//41 453//41 450//41
f 421//51 438//51 422//51
f 422//45 438//45 454//45
f 422//44 454//44 440//44
f 418//41 417//41 438//41
f 438//51 417//51 416//51
f 438//41 416//41 435//41
f 435//51 416//51 415//51
f 435//45 415//45 414//45
f 413//41 412//41 435//41
f 435//41 412//41 411//41
f 435//41 411//41 455//41
f 455//51 411//51 410//51
f 455//41 410//41 456//41
f 409//41 457//41 410//41
f 410//51 457//51 458//51
f 410//47 458//47 456//47
f 408//43 459//43 409//43
f 409//45 459//45 460//45
f 409//41 460//41 457//41
f 439//51 461//51 407//51
f 407//45 461//45 462//45
f 407//41 462//41 408//41
f 408//41 462//41 463//41
f 408//44 463//44 459//44
f 443//41 464//41 405//41
f 405//45 464//45 465//45
f 405//41 465//41 406//41
f 406//44 465//44 466//44
f 406//41 466//41 439//41
f 467//44 427//44 426//44
f 450//41 468//41 425//41
f 425//44 468//44 469//44
f 425//43 469//43 426//43
f 426//41 469//41 470//41
f 426//44 470//44 467//44
f 401//41 436//41 402//41
f 402//45 436//45 471//45
f 402//51 471//51 403//51
f 403//41 471//41 472//41
f 403//47 472//47 444//47
f 433//41 432//41 437//41
f 437//44 432//44 431//44
f 437//41 431//41 473//41
f 473//44 431//44 430//44
f 473//41 430//41 474//41
f 474//46 430//46 429//46
f 474//41 429//41 475//41
f 475//46 429//46 448//46
f 467//47 476//47 427//47
f 427//41 476//41 477//41
f 427//41 477//41 428//41
f 428//45 477//45 478//45
f 428//44 478//44 449//44
f 470//1 469//1 185//1
f 185//1 469//1 186//1
f 186//147 469//147 127//147
f 127//147 469//147 468//147
f 127//148 468//148 128//148
f 128//148 468//148 450//148
f 128//149 450//149 177//149
f 177//150 450//150 453//150
f 177//61 453//61 178//61
f 178//151 453//151 452//151
f 178//152 452//152 106//152
f 106//153 452//153 451//153
f 106//154 451//154 105//154
f 105//155 451//155 442//155
f 105//156 442//156 104//156
f 104//58 442//58 441//58
f 104//57 441//57 131//57
f 131//57 441//57 440//57
f 131//55 440//55 132//55
f 132//56 440//56 454//56
f 132//157 454//157 133//157
f 133//157 454//157 438//157
f 438//53 435//53 133//53
f 133//53 435//53 107//53
f 107//158 435//158 108//158
f 108//158 435//158 455//158
f 108//159 455//159 109//159
f 109//159 455//159 456//159
f 109//160 456//160 110//160
f 110//160 456//160 458//160
f 110//161 458//161 158//161
f 158//161 458//161 457//161
f 158//162 457//162 159//162
f 159//163 457//163 460//163
f 159//164 460//164 160//164
f 160//164 460//164 459//164
f 160//165 459//165 135//165
f 135//166 459//166 463//166
f 135//167 463//167 134//167
f 134//167 463//167 462//167
f 134//168 462//168 136//168
f 136//168 462//168 461//168
f 136//169 461//169 137//169
f 137//169 461//169 439//169
f 439//26 466//26 137//26
f 137//26 466//26 138//26
f 138//170 466//170 139//170
f 139//170 466//170 465//170
f 139//171 465//171 144//171
f 144//171 465//171 464//171
f 144//172 464//172 145//172
f 145//172 464//172 443//172
f 145//173 443//173 142//173
f 142//174 443//174 447//174
f 142//175 447//175 91//175
f 91//176 447//176 446//176
f 91//177 446//177 92//177
f 92//178 446//178 445//178
f 92//179 445//179 94//179
f 94//179 445//179 444//179
f 94//180 444//180 95//180
f 95//180 444//180 472//180
f 95//181 472//181 96//181
f 96//181 472//181 471//181
f 96//182 471//182 153//182
f 153//182 471//182 436//182
f 436//15 437//15 153//15
f 153//15 437//15 154//15
f 154//13 437//13 155//13
f 155//13 437//13 473//13
f 155//12 473//12 156//12
f 156//12 473//12 474//12
f 156//11 474//11 167//11
f 167//11 474//11 475//11
f 167//10 475//10 168//10
f 168//10 475//10 448//10
f 168//183 448//183 169//183
f 169//184 448//184 449//184
f 169//185 449//185 182//185
f 182//186 449//186 478//186
f 182//7 478//7 179//7
f 179//187 478//187 477//187
f 179//188 477//188 180//188
f 180//189 477//189 476//189
f 180//190 476//190 184//190
f 184//190 476//190 467//190
f 184//191 467//191 185//191
f 185//191 467//191 470//191
f 359//44 396//44 479//44
f 479//41 396//41 480//41
f 480//41 396//41 395//41
f 480//41 395//41 481//41
f 394//41 482//41 395//41
f 395//41 482//41 483//41
f 395//41 483//41 481//41
f 393//41 484//41 394//41
f 394//44 484//44 485//44
f 394//44 485//44 482//44
f 479//41 486//41 359//41
f 359//41 486//41 487//41
f 359//41 487//41 360//41
f 488//49 489//49 393//49
f 393//51 489//51 490//51
f 393//45 490//45 484//45
f 491//45 361//45 492//45
f 492//41 361//41 360//41
f 492//45 360//45 493//45
f 493//41 360//41 487//41
f 393//41 392//41 488//41
f 488//45 392//45 391//45
f 488//51 391//51 390//51
f 390//41 389//41 488//41
f 488//51 389//51 388//51
f 488//41 388//41 494//41
f 494//47 388//47 387//47
f 494//44 387//44 386//44
f 386//41 385//41 494//41
f 494//44 385//44 384//44
f 494//41 384//41 495//41
f 495//45 384//45 383//45
f 495//41 383//41 496//41
f 496//41 383//41 382//41
f 496//41 382//41 497//41
f 498//44 372//44 371//44
f 497//41 382//41 499//41
f 499//41 382//41 381//41
f 499//41 381//41 500//41
f 376//41 501//41 502//41
f 367//43 366//43 503//43
f 500//41 381//41 504//41
f 504//45 381//45 380//45
f 504//41 380//41 505//41
f 501//41 376//41 506//41
f 506//45 376//45 375//45
f 506//41 375//41 507//41
f 507//41 375//41 374//41
f 507//41 374//41 508//41
f 371//41 370//41 498//41
f 498//44 370//44 369//44
f 498//41 369//41 503//41
f 503//43 369//43 368//43
f 503//51 368//51 367//51
f 502//44 509//44 376//44
f 376//41 509//41 510//41
f 376//41 510//41 377//41
f 377//41 510//41 511//41
f 377//41 511//41 378//41
f 378//41 511//41 512//41
f 378//41 512//41 379//41
f 379//41 512//41 513//41
f 379//41 513//41 380//41
f 380//41 513//41 514//41
f 380//44 514//44 505//44
f 372//41 498//41 373//41
f 373//41 498//41 515//41
f 373//42 515//42 374//42
f 374//47 515//47 516//47
f 374//44 516//44 508//44
f 366//41 365//41 503//41
f 503//51 365//51 364//51
f 503//41 364//41 517//41
f 517//45 364//45 363//45
f 362//47 518//47 363//47
f 363//45 518//45 519//45
f 363//51 519//51 517//51
f 491//41 520//41 361//41
f 361//41 520//41 521//41
f 361//41 521//41 362//41
f 362//44 521//44 522//44
f 362//44 522//44 518//44
f 487//15 486//15 116//15
f 116//15 486//15 115//15
f 115//14 486//14 114//14
f 114//14 486//14 479//14
f 114//12 479//12 163//12
f 163//12 479//12 480//12
f 163//11 480//11 164//11
f 164//11 480//11 481//11
f 164//192 481//192 117//192
f 117//192 481//192 483//192
f 117//193 483//193 97//193
f 97//194 483//194 482//194
f 97//185 482//185 98//185
f 98//186 482//186 485//186
f 98//7 485//7 99//7
f 99//187 485//187 484//187
f 99//6 484//6 100//6
f 100//6 484//6 490//6
f 100//190 490//190 118//190
f 118//190 490//190 489//190
f 118//195 489//195 119//195
f 119//195 489//195 488//195
f 488//1 494//1 119//1
f 119//1 494//1 120//1
f 120//196 494//196 103//196
f 103//196 494//196 495//196
f 103//148 495//148 102//148
f 102//148 495//148 496//148
f 102//197 496//197 101//197
f 101//62 496//62 497//62
f 101//61 497//61 165//61
f 165//151 497//151 499//151
f 165//152 499//152 166//152
f 166//153 499//153 500//153
f 166//198 500//198 111//198
f 111//199 500//199 504//199
f 111//200 504//200 121//200
f 121//200 504//200 505//200
f 121//57 505//57 122//57
f 122//57 505//57 514//57
f 122//56 514//56 123//56
f 123//56 514//56 513//56
f 123//54 513//54 124//54
f 124//54 513//54 512//54
f 512//53 511//53 124//53
f 124//53 511//53 148//53
f 148//158 511//158 149//158
f 149//158 511//158 510//158
f 149//159 510//159 150//159
f 150//159 510//159 509//159
f 150//160 509//160 125//160
f 125//160 509//160 502//160
f 125//161 502//161 126//161
f 126//161 502//161 501//161
f 126//162 501//162 151//162
f 151//163 501//163 506//163
f 151//164 506//164 152//164
f 152//164 506//164 507//164
f 152//165 507//165 89//165
f 89//166 507//166 508//166
f 89//167 508//167 90//167
f 90//201 508//201 516//201
f 90//168 516//168 176//168
f 176//168 516//168 515//168
f 176//169 515//169 129//169
f 129//169 515//169 498//169
f 498//26 503//26 129//26
f 129//26 503//26 181//26
f 181//170 503//170 183//170
f 183//170 503//170 517//170
f 183//171 517//171 157//171
f 157//171 517//171 519//171
f 157//172 519//172 170//172
f 170//172 519//172 518//172
f 170//173 518//173 130//173
f 130//174 518//174 522//174
f 130//175 522//175 112//175
f 112//176 522//176 521//176
f 112//177 521//177 113//177
f 113//178 521//178 520//178
f 113//179 520//179 171//179
f 171//179 520//179 491//179
f 171//180 491//180 172//180
f 172//180 491//180 492//180
f 172//181 492//181 173//181
f 173//181 492//181 493//181
f 173//182 493//182 116//182
f 116//182 493//182 487//182
f 523//67 524//67 525//67
f 525//67 524//67 526//67
f 525//15 526//15 527//15
f 527//15 526//15 528//15
f 526//26 524//26 528//26
f 528//26 524//26 529//26
f 524//53 523//53 529//53
f 529//53 523//53 530//53
f 523//1 525//1 530//1
f 530//1 525//1 527//1
f 531//67 532//67 533//67
f 533//67 532//67 534//67
f 533//15 534//15 535//15
f 535//15 534//15 536//15
f 534//26 532//26 536//26
f 536//26 532//26 537//26
f 532//53 531//53 537//53
f 537//53 531//53 538//53
f 531//1 533//1 538//1
f 538//1 533//1 535//1
f 539//67 540//67 541//67
f 541//67 540//67 542//67
f 541//15 542//15 543//15
f 543//15 542//15 544//15
f 542//26 540//26 544//26
f 544//26 540//26 545//26
f 540//53 539//53 545//53
f 545//53 539//53 546//53
f 539//1 541//1 546//1
f 546//1 541//1 543//1
f 547//67 548//67 549//67
f 549//67 548//67 550//67
f 549//15 550//15 551//15
f 551//15 550//15 552//15
f 550//26 548//26 552//26
f 552//26 548//26 553//26
f 548//53 547//53 553//53
f 553//53 547//53 554//53
f 547//1 549//1 554//1
f 554//1 549//1 551//1
f 555//67 556//67 557//67
f 557//67 556//67 558//67
f 557//15 558//15 559//15
f 559//15 558//15 560//15
f 558//26 556//26 560//26
f 560//26 556//26 561//26
f 556//53 555//53 561//53
f 561//53 555//53 562//53
f 555//1 557//1 562//1
f 562//1 557//1 559//1
f 563//67 564//67 565//67
f 565//67 564//67 566//67
f 565//15 566//15 567//15
f 567//15 566//15 568//15
f 566//26 564//26 568//26
f 568//26 564//26 569//26
f 564//53 563//53 569//53
f 569//53 563//53 570//53
f 563//1 565//1 570//1
f 570//1 565//1 567//1
f 571//67 572//67 573//67
f 573//67 572//67 574//67
f 573//15 574//15 575//15
f 575//15 574//15 576//15
f 574//26 572//26 576//26
f 576//26 572//26 577//26
f 572//53 571//53 577//53
f 577//53 571//53 578//53
f 571//1 573//1 578//1
f 578//1 573//1 575//1
f 579//67 580//67 581//67
f 581//67 580//67 582//67
f 581//15 582//15 583//15
f 583//15 582//15 584//15
f 582//26 580//26 584//26
f 584//26 580//26 585//26
f 580//53 579//53 585//53
f 585//53 579//53 586//53
f 579//1 581//1 586//1
f 586//1 581//1 583//1
f 587//67 588//67 589//67
f 589//67 588//67 590//67
f 589//15 590//15 591//15
f 591//15 590//15 592//15
f 590//26 588//26 592//26
f 592//26 588//26 593//26
f 588//53 587//53 593//53
f 593//53 587//53 594//53
f 587//1 589//1 594//1
f 594//1 589//1 591//1
f 595//67 596//67 597//67
f 597//67 596//67 598//67
f 597//15 598//15 599//15
f 599//15 598//15 600//15
f 598//26 596//26 600//26
f 600//26 596//26 601//26
f 596//53 595//53 601//53
f 601//53 595//53 602//53
f 595//1 597//1 602//1
f 602//1 597//1 599//1
f 603//67 604//67 605//67
f 605//67 604//67 606//67
f 605//15 606//15 607//15
f 607//15 606//15 608//15
f 606//26 604//26 608//26
f 608//26 604//26 609//26
f 604//53 603//53 609//53
f 609//53 603//53 610//53
f 603//1 605//1 610//1
f 610//1 605//1 607//1
f 611//67 612//67 613//67
f 613//67 612//67 614//67
f 613//15 614//15 615//15
f 615//15 614//15 616//15
f 614//26 612//26 616//26
f 616//26 612//26 617//26
f 612//53 611//53 617//53
f 617//53 611//53 618//53
f 611//1 613//1 618//1
f 618//1 613//1 615//1
f 619//67 620//67 621//67
f 621//67 620//67 622//67
f 621//15 622//15 623//15
f 623//15 622//15 624//15
f 622//26 620//26 624//26
f 624//26 620//26 625//26
f 620//53 619//53 625//53
f 625//53 619//53 626//53
f 619//1 621//1 626//1
f 626//1 621//1 623//1
f 627//67 628//67 629//67
f 629//67 628//67 630//67
f 629//15 630//15 631//15
f 631//15 630//15 632//15
f 630//26 628//26 632//26
f 632//26 628//26 633//26
f 628//53 627//53 633//53
f 633//53 627//53 634//53
f 627//1 629//1 634//1
f 634//1 629//1 631//1
f 635//67 636//67 637//67
f 637//67 636//67 638//67
f 637//15 638//15 639//15
f 639//15 638//15 640//15
f 638//26 636//26 640//26
f 640//26 636//26 641//26
f 636//53 635//53 641//53
f 641//53 635//53 642//53
f 635//1 637//1 642//1
f 642//1 637//1 639//1
f 643//67 644//67 645//67
f 645//67 644//67 646//67
f 645//15 646//15 647//15
f 647//15 646//15 648//15
f 646//26 644//26 648//26
f 648//26 644//26 649//26
f 644//53 643//53 649//53
f 649//53 643//53 650//53
f 643//1 645//1 650//1
f 650//1 645//1 647//1
f 651//67 652//67 653//67
f 653//67 652//67 654//67
f 653//15 654//15 655//15
f 655//15 654//15 656//15
f 654//26 652//26 656//26
f 656//26 652//26 657//26
f 652//53 651//53 657//53
f 657//53 651//53 658//53
f 651//1 653//1 658//1
f 658//1 653//1 655//1
f 659//67 660//67 661//67
f 661//67 660//67 662//67
f 661//15 662//15 663//15
f 663//15 662//15 664//15
f 662//26 660//26 664//26
f 664//26 660//26 665//26
f 660//53 659//53 665//53
f 665//53 659//53 666//53
f 659//1 661//1 666//1
f 666//1 661//1 663//1
f 667//67 668//67 669//67
f 669//67 668//67 670//67
f 669//15 670//15 671//15
f 671//15 670//15 672//15
f 670//26 668//26 672//26
f 672//26 668//26 673//26
f 668//53 667//53 673//53
f 673//53 667//53 674//53
f 667//1 669//1 674//1
f 674//1 669//1 671//1
f 675//67 676//67 677//67
f 677//67 676//67 678//67
f 677//15 678//15 679//15
f 679//15 678//15 680//15
f 678//26 676//26 680//26
f 680//26 676//26 681//26
f 676//53 675//53 681//53
f 681//53 675//53 682//53
f 675//1 677//1 682//1
f 682//1 677//1 679//1
f 683//67 684//67 685//67
f 685//67 684//67 686//67
f 685//15 686//15 687//15
f 687//15 686//15 688//15
f 686//26 684//26 688//26
f 688//26 684//26 689//26
f 684//53 683//53 689//53
f 689//53 683//53 690//53
f 683//1 685//1 690//1
f 690//1 685//1 687//1
f 691//67 692//67 693//67
f 693//67 692//67 694//67
f 693//15 694//15 695//15
f 695//15 694//15 696//15
f 694//26 692//26 696//26
f 696//26 692//26 697//26
f 692//53 691//53 697//53
f 697//53 691//53 698//53
f 691//1 693//1 698//1
f 698//1 693//1 695//1
f 699//67 700//67 701//67
f 701//67 700//67 702//67
f 701//15 702//15 703//15
f 703//15 702//15 704//15
f 702//26 700//26 704//26
f 704//26 700//26 705//26
f 700//53 699//53 705//53
f 705//53 699//53 706//53
f 699//1 701//1 706//1
f 706//1 701//1 703//1
f 707//67 708//67 709//67
f 709//67 708//67 710//67
f 709//15 710//15 711//15
f 711//15 710//15 712//15
f 710//26 708//26 712//26
f 712//26 708//26 713//26
f 708//53 707//53 713//53
f 713//53 707//53 714//53
f 707//1 709//1 714//1
f 714//1 709//1 711//1
f 715//67 716//67 717//67
f 717//67 716//67 718//67
f 717//15 718//15 719//15
f 719//15 718//15 720//15
f 718//26 716//26 720//26
f 720//26 716//26 721//26
f 716//53 715//53 721//53
f 721//53 715//53 722//53
f 715//1 717//1 722//1
f 722//1 717//1 719//1
f 723//67 724//67 725//67
f 725//67 724//67 726//67
f 725//15 726//15 727//15
f 727//15 726//15 728//15
f 726//26 724//26 728//26
f 728//26 724//26 729//26
f 724//53 723//53 729//53
f 729//53 723//53 730//53
f 723//1 725//1 730//1
f 730//1 725//1 727//1
f 731//67 732//67 733//67
f 733//67 732//67 734//67
f 733//15 734//15 735//15
f 735//15 734//15 736//15
f 734//26 732//26 736//26
f 736//26 732//26 737//26
f 732//53 731//53 737//53
f 737//53 731//53 738//53
f 731//1 733//1 738//1
f 738//1 733//1 735//1
f 739//67 740//67 741//67
f 741//67 740//67 742//67
f 741//15 742//15 743//15
f 743//15 742//15 744//15
f 742//26 740//26 744//26
f 744//26 740//26 745//26
f 740//53 739//53 745//53
f 745//53 739//53 746//53
f 739//1 741//1 746//1
f 746//1 741//1 743//1
f 747//67 748//67 749//67
f 749//67 748//67 750//67
f 749//15 750//15 751//15
f 751//15 750//15 752//15
f 750//26 748//26 752//26
f 752//26 748//26 753//26
f 748//53 747//53 753//53
f 753//53 747//53 754//53
f 747//1 749//1 754//1
f 754//1 749//1 751//1
f 755//67 756//67 757//67
f 757//67 756//67 758//67
f 757//15 758//15 759//15
f 759//15 758//15 760//15
f 758//26 756//26 760//26
f 760//26 756//26 761//26
f 756//53 755//53 761//53
f 761//53 755//53 762//53
f 755//1 757//1 762//1
f 762//1 757//1 759//1
f 763//67 764//67 765//67
f 765//67 764//67 766//67
f 765//15 766//15 767//15
f 767//15 766//15 768//15
f 766//26 764//26 768//26
f 768//26 764//26 769//26
f 764//53 763//53 769//53
f 769//53 763//53 770//53
f 763//1 765//1 770//1
f 770//1 765//1 767//1
f 771//67 772//67 773//67
f 773//67 772//67 774//67
f 773//15 774//15 775//15
f 775//15 774//15 776//15
f 774//26 772//26 776//26
f 776//26 772//26 777//26
f 772//53 771//53 777//53
f 777//53 771//53 778//53
f 771//1 773//1 778//1
f 778//1 773//1 775//1
f 779//67 780//67 781//67
f 781//67 780//67 782//67
f 781//15 782//15 783//15
f 783//15 782//15 784//15
f 782//26 780//26 784//26
f 784//26 780//26 785//26
f 780//53 779//53 785//53
f 785//53 779//53 786//53
f 779//1 781//1 786//1
f 786//1 781//1 783//1
f 787//67 788//67 789//67
f 789//67 788//67 790//67
f 789//15 790//15 791//15
f 791//15 790//15 792//15
f 790//26 788//26 792//26
f 792//26 788//26 793//26
f 788//53 787//53 793//53
f 793//53 787//53 794//53
f 787//1 789//1 794//1
f 794//1 789//1 791//1
f 795//67 796//67 797//67
f 797//67 796//67 798//67
f 797//15 798//15 799//15
f 799//15 798//15 800//15
f 798//26 796//26 800//26
f 800//26 796//26 801//26
f 796//53 795//53 801//53
f 801//53 795//53 802//53
f 795//1 797//1 802//1
f 802//1 797//1 799//1
f 803//67 804//67 805//67
f 805//67 804//67 806//67
f 805//15 806//15 807//15
f 807//15 806//15 808//15
f 806//26 804//26 808//26
f 808//26 804//26 809//26
f 804//53 803//53 809//53
f 809//53 803//53 810//53
f 803//1 805//1 810//1
f 810//1 805//1 807//1
f 811//67 812//67 813//67
f 813//67 812//67 814//67
f 813//15 814//15 815//15
f 815//15 814//15 816//15
f 814//26 812//26 816//26
f 816//26 812//26 817//26
f 812//53 811//53 817//53
f 817//53 811//53 818//53
f 811//1 813//1 818//1
f 818//1 813//1 815//1
f 819//67 820//67 821//67
f 821//67 820//67 822//67
f 821//15 822//15 823//15
f 823//15 822//15 824//15
f 822//26 820//26 824//26
f 824//26 820//26 825//26
f 820//53 819//53 825//53
f 825//53 819//53 826//53
f 819//1 821//1 826//1
f 826//1 821//1 823//1
f 827//15 828//15 829//15
f 829//15 828//15 830//15
f 828//26 831//26 830//26
f 830//26 831//26 832//26
f 831//53 833//53 832//53
f 832//53 833//53 834//53
f 834//1 833//1 835//1
f 835//1 833//1 836//1
f 827//1 829//1 837//1
f 837//1 829//1 838//1
f 836//67 833//67 831//67
f 828//67 827//67 837//67
f 837//202 839//202 828//202
f 828//67 839//67 840//67
f 828//67 840//67 831//67
f 831//67 840//67 841//67
f 831//72 841//72 836//72
f 842//67 843//67 844//67
f 844//67 843//67 845//67
f 844//15 845//15 846//15
f 846//15 845//15 847//15
f 845//26 843//26 847//26
f 847//26 843//26 848//26
f 843//53 842//53 848//53
f 848//53 842//53 849//53
f 842//1 844//1 849//1
f 849//1 844//1 846//1
f 850//67 851//67 852//67
f 852//67 851//67 853//67
f 852//15 853//15 854//15
f 854//15 853//15 855//15
f 853//26 851//26 855//26
f 855//26 851//26 856//26
f 851//53 850//53 856//53
f 856//53 850//53 857//53
f 850//1 852//1 857//1
f 857//1 852//1 854//1
f 858//67 859//67 860//67
f 860//67 859//67 861//67
f 860//15 861//15 862//15
f 862//15 861//15 863//15
f 861//26 859//26 863//26
f 863//26 859//26 864//26
f 859//53 858//53 864//53
f 864//53 858//53 865//53
f 858//1 860//1 865//1
f 865//1 860//1 862//1
f 866//203 867//203 868//203
f 869//204 870//204 871//204
f 872//205 873//205 874//205
f 222//206 875//206 224//206
f 224//207 875//207 876//207
f 224//208 876//208 226//208
f 226//208 876//208 877//208
f 226//209 877//209 228//209
f 228//209 877//209 878//209
f 228//210 878//210 230//210
f 230//211 878//211 879//211
f 230//212 879//212 232//212
f 232//212 879//212 880//212
f 232//102 880//102 234//102
f 881//213 882//213 883//213
f 884//214 881//214 274//214
f 274//215 881//215 883//215
f 274//216 883//216 276//216
f 276//217 883//217 885//217
f 276//125 885//125 278//125
f 278//125 885//125 886//125
f 278//218 886//218 280//218
f 280//218 886//218 887//218
f 280//123 887//123 282//123
f 282//219 887//219 888//219
f 282//220 888//220 208//220
f 208//220 888//220 889//220
f 208//221 889//221 210//221
f 890//222 884//222 891//222
f 891//223 884//223 274//223
f 891//224 274//224 892//224
f 892//75 274//75 272//75
f 892//76 272//76 893//76
f 893//76 272//76 270//76
f 893//225 270//225 894//225
f 894//225 270//225 268//225
f 894//226 268//226 895//226
f 895//129 268//129 266//129
f 895//227 266//227 896//227
f 896//227 266//227 264//227
f 896//228 264//228 897//228
f 897//229 264//229 262//229
f 897//230 262//230 898//230
f 898//230 262//230 899//230
f 837//231 260//231 839//231
f 839//232 260//232 258//232
f 839//233 258//233 840//233
f 840//233 258//233 256//233
f 840//234 256//234 841//234
f 841//234 256//234 254//234
f 841//235 254//235 836//235
f 836//236 254//236 252//236
f 236//237 900//237 238//237
f 238//238 900//238 901//238
f 238//98 901//98 240//98
f 240//98 901//98 902//98
f 240//239 902//239 242//239
f 242//239 902//239 903//239
f 242//96 903//96 244//96
f 244//96 903//96 904//96
f 244//240 904//240 246//240
f 246//240 904//240 905//240
f 246//93 905//93 248//93
f 906//241 900//241 907//241
f 907//241 900//241 236//241
f 907//101 236//101 874//101
f 874//101 236//101 234//101
f 874//205 234//205 872//205
f 872//242 234//242 880//242
f 899//243 262//243 908//243
f 908//244 262//244 260//244
f 908//245 260//245 909//245
f 909//246 260//246 837//246
f 909//246 837//246 838//246
f 835//247 836//247 910//247
f 910//247 836//247 252//247
f 910//248 252//248 911//248
f 911//248 252//248 250//248
f 911//249 250//249 868//249
f 868//249 250//249 248//249
f 868//203 248//203 866//203
f 866//250 248//250 905//250
f 912//251 875//251 913//251
f 913//251 875//251 222//251
f 913//252 222//252 914//252
f 914//252 222//252 220//252
f 914//253 220//253 915//253
f 915//253 220//253 218//253
f 915//254 218//254 916//254
f 916//254 218//254 216//254
f 916//255 216//255 917//255
f 917//255 216//255 214//255
f 917//256 214//256 918//256
f 918//256 214//256 212//256
f 918//257 212//257 871//257
f 871//258 212//258 210//258
f 871//259 210//259 869//259
f 869//260 210//260 889//260
f 919//67 920//67 921//67
f 921//67 920//67 922//67
f 921//15 922//15 923//15
f 923//15 922//15 924//15
f 922//26 920//26 924//26
f 924//26 920//26 925//26
f 920//53 919//53 925//53
f 925//53 919//53 926//53
f 919//1 921//1 926//1
f 926//1 921//1 923//1
f 893//67 894//67 927//67
f 894//67 895//67 927//67
f 927//67 895//67 896//67
f 927//67 896//67 897//67
f 893//67 927//67 892//67
f 892//67 927//67 928//67
f 892//67 928//67 891//67
f 928//15 927//15 929//15
f 929//15 927//15 930//15
f 930//26 927//26 898//26
f 898//26 927//26 897//26
f 928//1 929//1 891//1
f 891//1 929//1 890//1
f 931//26 932//26 866//26
f 866//26 932//26 867//26
f 931//53 933//53 932//53
f 932//53 933//53 934//53
f 904//67 931//67 905//67
f 905//67 931//67 866//67
f 904//67 903//67 931//67
f 931//67 903//67 902//67
f 931//68 902//68 933//68
f 933//67 902//67 901//67
f 933//67 901//67 900//67
f 934//1 933//1 906//1
f 906//1 933//1 900//1
f 935//67 936//67 937//67
f 937//67 936//67 938//67
f 937//15 938//15 939//15
f 939//15 938//15 940//15
f 938//26 936//26 940//26
f 940//26 936//26 941//26
f 936//53 935//53 941//53
f 941//53 935//53 942//53
f 935//1 937//1 942//1
f 942//1 937//1 939//1
f 943//67 944//67 945//67
f 945//67 944//67 946//67
f 945//15 946//15 947//15
f 947//15 946//15 948//15
f 946//26 944//26 948//26
f 948//26 944//26 949//26
f 944//53 943//53 949//53
f 949//53 943//53 950//53
f 943//1 945//1 950//1
f 950//1 945//1 947//1
f 951//67 952//67 953//67
f 953//67 952//67 954//67
f 953//15 954//15 955//15
f 955//15 954//15 956//15
f 954//26 952//26 956//26
f 956//26 952//26 957//26
f 952//53 951//53 957//53
f 957//53 951//53 958//53
f 951//1 953//1 958//1
f 958//1 953//1 955//1
f 959//67 869//67 960//67
f 960//67 869//67 889//67
f 960//67 889//67 888//67
f 888//67 887//67 960//67
f 960//72 887//72 886//72
f 960//69 886//69 961//69
f 961//67 886//67 885//67
f 961//67 885//67 883//67
f 960//15 961//15 962//15
f 962//15 961//15 963//15
f 963//26 961//26 882//26
f 882//26 961//26 883//26
f 959//53 964//53 869//53
f 869//53 964//53 870//53
f 959//1 960//1 964//1
f 964//1 960//1 962//1
f 965//67 879//67 878//67
f 875//67 966//67 876//67
f 876//67 966//67 965//67
f 876//67 965//67 877//67
f 877//67 965//67 878//67
f 879//67 965//67 880//67
f 880//68 965//68 967//68
f 880//67 967//67 872//67
f 968//15 966//15 912//15
f 912//15 966//15 875//15
f 967//26 969//26 872//26
f 872//26 969//26 873//26
f 967//53 965//53 969//53
f 969//53 965//53 970//53
f 965//1 966//1 970//1
f 970//1 966//1 968//1
f 971//67 972//67 973//67
f 973//67 972//67 974//67
f 973//15 974//15 975//15
f 975//15 974//15 976//15
f 974//26 972//26 976//26
f 976//26 972//26 977//26
f 972//53 971//53 977//53
f 977//53 971//53 978//53
f 971//1 973//1 978//1
f 978//1 973//1 975//1
f 979//67 980//67 981//67
f 981//67 980//67 982//67
f 981//15 982//15 983//15
f 983//15 982//15 984//15
f 982//26 980//26 984//26
f 984//26 980//26 985//26
f 980//53 979//53 985//53
f 985//53 979//53 986//53
f 979//1 981//1 986//1
f 986//1 981//1 983//1
f 987//67 988//67 989//67
f 989//67 988//67 990//67
f 989//15 990//15 991//15
f 991//15 990//15 992//15
f 990//26 988//26 992//26
f 992//26 988//26 993//26
f 988//53 987//53 993//53
f 993//53 987//53 994//53
f 987//1 989//1 994//1
f 994//1 989//1 991//1
f 995//67 996//67 997//67
f 997//67 996//67 998//67
f 997//15 998//15 999//15
f 999//15 998//15 1000//15
f 998//26 996//26 1000//26
f 1000//26 996//26 1001//26
f 996//53 995//53 1001//53
f 1001//53 995//53 1002//53
f 995//1 997//1 1002//1
f 1002//1 997//1 999//1
f 1003//67 1004//67 1005//67
f 1005//67 1004//67 1006//67
f 1005//15 1006//15 1007//15
f 1007//15 1006//15 1008//15
f 1006//26 1004//26 1008//26
f 1008//26 1004//26 1009//26
f 1004//53 1003//53 1009//53
f 1009//53 1003//53 1010//53
f 1003//1 1005//1 1010//1
f 1010//1 1005//1 1007//1
f 1011//67 1012//67 1013//67
f 1013//67 1012//67 1014//67
f 1013//15 1014//15 1015//15
f 1015//15 1014//15 1016//15
f 1014//26 1012//26 1016//26
f 1016//26 1012//26 1017//26
f 1012//53 1011//53 1017//53
f 1017//53 1011//53 1018//53
f 1011//1 1013//1 1018//1
f 1018//1 1013//1 1015//1
f 1019//67 1020//67 1021//67
f 1021//67 1020//67 1022//67
f 1021//15 1022//15 1023//15
f 1023//15 1022//15 1024//15
f 1022//26 1020//26 1024//26
f 1024//26 1020//26 1025//26
f 1020//53 1019//53 1025//53
f 1025//53 1019//53 1026//53
f 1019//1 1021//1 1026//1
f 1026//1 1021//1 1023//1
f 1027//67 1028//67 1029//67
f 1029//67 1028//67 1030//67
f 1029//15 1030//15 1031//15
f 1031//15 1030//15 1032//15
f 1030//26 1028//26 1032//26
f 1032//26 1028//26 1033//26
f 1028//53 1027//53 1033//53
f 1033//53 1027//53 1034//53
f 1027//1 1029//1 1034//1
f 1034//1 1029//1 1031//1
f 1035//67 1036//67 1037//67
f 1037//67 1036//67 1038//67
f 1037//15 1038//15 1039//15
f 1039//15 1038//15 1040//15
f 1038//26 1036//26 1040//26
f 1040//26 1036//26 1041//26
f 1036//53 1035//53 1041//53
f 1041//53 1035//53 1042//53
f 1035//1 1037//1 1042//1
f 1042//1 1037//1 1039//1
f 1043//67 1044//67 1045//67
f 1045//67 1044//67 1046//67
f 1045//15 1046//15 1047//15
f 1047//15 1046//15 1048//15
f 1046//26 1044//26 1048//26
f 1048//26 1044//26 1049//26
f 1044//53 1043//53 1049//53
f 1049//53 1043//53 1050//53
f 1043//1 1045//1 1050//1
f 1050//1 1045//1 1047//1
f 1051//15 1052//15 1053//15
f 1053//15 1052//15 1054//15
f 1052//26 1055//26 1054//26
f 1054//26 1055//26 1056//26
f 1055//53 1057//53 1056//53
f 1056//53 1057//53 1058//53
f 1058//1 1057//1 1059//1
f 1059//1 1057//1 1060//1
f 1051//1 1053//1 1061//1
f 1061//1 1053//1 1062//1
f 1055//67 1052//67 1063//67
f 1051//67 1061//67 1052//67
f 1052//69 1061//69 1064//69
f 1052//67 1064//67 1063//67
f 1060//67 1057//67 1065//67
f 1065//70 1057//70 1055//70
f 1065//67 1055//67 1066//67
f 1066//67 1055//67 1063//67
f 1067//67 1068//67 1069//67
f 1069//67 1068//67 1070//67
f 1069//15 1070//15 1071//15
f 1071//15 1070//15 1072//15
f 1070//26 1068//26 1072//26
f 1072//26 1068//26 1073//26
f 1068//53 1067//53 1073//53
f 1073//53 1067//53 1074//53
f 1067//1 1069//1 1074//1
f 1074//1 1069//1 1071//1
f 1075//67 1076//67 1077//67
f 1077//67 1076//67 1078//67
f 1077//15 1078//15 1079//15
f 1079//15 1078//15 1080//15
f 1078//26 1076//26 1080//26
f 1080//26 1076//26 1081//26
f 1076//53 1075//53 1081//53
f 1081//53 1075//53 1082//53
f 1075//1 1077//1 1082//1
f 1082//1 1077//1 1079//1
f 1083//67 1084//67 1085//67
f 1085//67 1084//67 1086//67
f 1085//15 1086//15 1087//15
f 1087//15 1086//15 1088//15
f 1086//26 1084//26 1088//26
f 1088//26 1084//26 1089//26
f 1084//53 1083//53 1089//53
f 1089//53 1083//53 1090//53
f 1083//1 1085//1 1090//1
f 1090//1 1085//1 1087//1
f 1091//261 1092//261 1093//261
f 1061//262 1062//262 1094//262
f 1095//263 1096//263 1097//263
f 1098//264 1099//264 1100//264
f 338//265 1100//265 340//265
f 340//207 1100//207 1101//207
f 340//109 1101//109 342//109
f 342//266 1101//266 1102//266
f 342//267 1102//267 344//267
f 344//267 1102//267 1103//267
f 344//105 1103//105 346//105
f 346//105 1103//105 1104//105
f 346//212 1104//212 348//212
f 348//212 1104//212 1105//212
f 348//102 1105//102 350//102
f 1106//268 326//268 1107//268
f 1107//221 326//221 324//221
f 1107//220 324//220 1108//220
f 1108//220 324//220 322//220
f 1108//219 322//219 1109//219
f 1109//123 322//123 320//123
f 1109//218 320//218 1110//218
f 1110//218 320//218 318//218
f 1110//269 318//269 1111//269
f 1111//270 318//270 316//270
f 1112//271 314//271 1113//271
f 1113//75 314//75 312//75
f 1113//76 312//76 1114//76
f 1114//76 312//76 310//76
f 1114//225 310//225 1115//225
f 1115//225 310//225 308//225
f 1115//226 308//226 1116//226
f 1116//129 308//129 306//129
f 1116//272 306//272 1117//272
f 1117//273 306//273 304//273
f 290//274 1060//274 292//274
f 292//275 1060//275 1065//275
f 292//276 1065//276 294//276
f 294//276 1065//276 1066//276
f 294//234 1066//234 296//234
f 296//234 1066//234 1063//234
f 296//233 1063//233 298//233
f 298//233 1063//233 1064//233
f 298//232 1064//232 300//232
f 352//277 1118//277 354//277
f 354//278 1118//278 1119//278
f 354//98 1119//98 356//98
f 356//98 1119//98 1120//98
f 356//239 1120//239 358//239
f 358//239 1120//239 1121//239
f 358//279 1121//279 284//279
f 284//280 1121//280 1122//280
f 284//281 1122//281 286//281
f 286//281 1122//281 1123//281
f 286//93 1123//93 288//93
f 1124//282 1118//282 1125//282
f 1125//283 1118//283 352//283
f 1125//100 352//100 1097//100
f 1097//100 352//100 350//100
f 1097//263 350//263 1095//263
f 1095//284 350//284 1105//284
f 1126//285 1117//285 1127//285
f 1127//286 1117//286 304//286
f 1127//287 304//287 1128//287
f 1128//288 304//288 302//288
f 1064//289 1061//289 300//289
f 300//262 1061//262 1094//262
f 300//290 1094//290 302//290
f 302//291 1094//291 1129//291
f 302//292 1129//292 1128//292
f 1059//293 1060//293 1130//293
f 1130//293 1060//293 290//293
f 1130//294 290//294 1093//294
f 1093//294 290//294 288//294
f 1093//295 288//295 1091//295
f 1091//296 288//296 1123//296
f 1098//297 1100//297 1131//297
f 1131//298 1100//298 338//298
f 1131//252 338//252 1132//252
f 1132//252 338//252 336//252
f 1132//253 336//253 1133//253
f 1133//253 336//253 334//253
f 1133//254 334//254 1134//254
f 1134//254 334//254 332//254
f 1134//255 332//255 1135//255
f 1135//255 332//255 330//255
f 1135//256 330//256 1136//256
f 1136//256 330//256 328//256
f 1136//299 328//299 1137//299
f 1137//300 328//300 326//300
f 1137//301 326//301 1138//301
f 1138//302 326//302 1106//302
f 1138//303 1106//303 1139//303
f 1140//304 1111//304 1141//304
f 1141//304 1111//304 316//304
f 1141//305 316//305 1142//305
f 1142//306 316//306 314//306
f 1142//307 314//307 1143//307
f 1143//308 314//308 1112//308
f 1143//308 1112//308 1144//308
f 1145//67 1146//67 1147//67
f 1147//67 1146//67 1148//67
f 1147//15 1148//15 1149//15
f 1149//15 1148//15 1150//15
f 1148//26 1146//26 1150//26
f 1150//26 1146//26 1151//26
f 1146//53 1145//53 1151//53
f 1151//53 1145//53 1152//53
f 1145//1 1147//1 1152//1
f 1152//1 1147//1 1149//1
f 1114//67 1115//67 1153//67
f 1153//67 1115//67 1116//67
f 1153//67 1116//67 1117//67
f 1114//67 1153//67 1113//67
f 1113//69 1153//69 1154//69
f 1113//67 1154//67 1112//67
f 1154//15 1153//15 1155//15
f 1155//15 1153//15 1156//15
f 1156//26 1153//26 1126//26
f 1126//26 1153//26 1117//26
f 1154//1 1155//1 1112//1
f 1112//1 1155//1 1144//1
f 1157//26 1158//26 1091//26
f 1091//26 1158//26 1092//26
f 1157//53 1159//53 1158//53
f 1158//53 1159//53 1160//53
f 1122//69 1157//69 1123//69
f 1123//67 1157//67 1091//67
f 1122//67 1121//67 1157//67
f 1157//67 1121//67 1120//67
f 1157//68 1120//68 1159//68
f 1159//67 1120//67 1119//67
f 1159//67 1119//67 1118//67
f 1160//1 1159//1 1124//1
f 1124//1 1159//1 1118//1
f 1161//67 1162//67 1163//67
f 1163//67 1162//67 1164//67
f 1163//15 1164//15 1165//15
f 1165//15 1164//15 1166//15
f 1164//26 1162//26 1166//26
f 1166//26 1162//26 1167//26
f 1162//53 1161//53 1167//53
f 1167//53 1161//53 1168//53
f 1161//1 1163//1 1168//1
f 1168//1 1163//1 1165//1
f 1169//67 1170//67 1171//67
f 1171//67 1170//67 1172//67
f 1171//15 1172//15 1173//15
f 1173//15 1172//15 1174//15
f 1172//26 1170//26 1174//26
f 1174//26 1170//26 1175//26
f 1170//53 1169//53 1175//53
f 1175//53 1169//53 1176//53
f 1169//1 1171//1 1176//1
f 1176//1 1171//1 1173//1
f 1058//67 1059//67 1130//67
f 1125//67 1097//67 1177//67
f 1178//72 1099//72 1098//72
f 963//67 882//67 881//67
f 50//67 48//67 60//67
f 1179//67 575//67 576//67
f 577//67 9//67 576//67
f 576//67 9//67 8//67
f 576//67 8//67 1179//67
f 20//67 18//67 577//67
f 577//72 18//72 16//72
f 577//68 16//68 14//68
f 578//67 30//67 577//67
f 577//67 30//67 28//67
f 577//67 28//67 26//67
f 14//67 12//67 577//67
f 577//69 12//69 10//69
f 577//74 10//74 9//74
f 26//72 24//72 577//72
f 577//67 24//67 22//67
f 577//74 22//74 20//74
f 1180//67 1181//67 1182//67
f 1182//67 1181//67 1183//67
f 1184//69 1185//69 1186//69
f 1186//67 1185//67 1187//67
f 1186//67 1187//67 40//67
f 40//67 1187//67 41//67
f 1186//66 1182//66 1184//66
f 1184//67 1182//67 1183//67
f 1184//67 1183//67 1188//67
f 1188//67 1183//67 1189//67
f 1187//69 1188//69 41//69
f 41//72 1188//72 1189//72
f 41//67 1189//67 42//67
f 42//67 1189//67 1180//67
f 42//72 1180//72 44//72
f 60//67 48//67 65//67
f 58//67 56//67 54//67
f 58//70 54//70 60//70
f 60//67 54//67 52//67
f 60//67 52//67 50//67
f 71//67 69//67 1190//67
f 1190//68 69//68 63//68
f 1190//67 63//67 1191//67
f 79//66 77//66 1190//66
f 77//71 75//71 1190//71
f 1190//68 75//68 73//68
f 1190//68 73//68 71//68
f 187//68 87//68 1190//68
f 1190//74 87//74 85//74
f 85//72 83//72 1190//72
f 1190//67 83//67 81//67
f 1190//68 81//68 79//68
f 200//67 199//67 201//67
f 201//309 199//309 198//309
f 201//310 198//310 202//310
f 2//67 1//67 528//67
f 528//72 1//72 206//72
f 528//68 206//68 205//68
f 205//67 204//67 528//67
f 528//69 204//69 203//69
f 528//67 203//67 527//67
f 527//67 203//67 1192//67
f 527//67 1192//67 530//67
f 530//67 1192//67 1193//67
f 530//67 1193//67 529//67
f 968//67 1194//67 970//67
f 970//67 1194//67 1195//67
f 970//67 1195//67 969//67
f 969//67 1195//67 1196//67
f 969//67 1196//67 873//67
f 873//67 1196//67 874//67
f 934//67 1196//67 932//67
f 932//67 1196//67 1197//67
f 932//67 1197//67 867//67
f 867//67 1197//67 868//67
f 934//67 906//67 1196//67
f 1196//67 906//67 907//67
f 1196//67 907//67 874//67
f 1198//67 911//67 846//67
f 846//67 911//67 868//67
f 846//67 868//67 849//67
f 849//67 868//67 1197//67
f 849//67 1197//67 848//67
f 848//67 1197//67 1199//67
f 848//67 1199//67 847//67
f 847//67 1199//67 1198//67
f 847//67 1198//67 846//67
f 835//67 910//67 834//67
f 834//67 910//67 911//67
f 834//67 911//67 832//67
f 832//67 911//67 1198//67
f 832//67 1198//67 830//67
f 830//67 1198//67 1200//67
f 830//67 1200//67 829//67
f 829//67 1200//67 909//67
f 829//67 909//67 838//67
f 818//67 815//67 1201//67
f 817//67 1200//67 1202//67
f 1201//67 815//67 1202//67
f 1202//67 815//67 816//67
f 1202//67 816//67 817//67
f 929//67 925//67 926//67
f 926//67 923//67 1203//67
f 1203//67 923//67 1201//67
f 923//69 924//69 1201//69
f 1201//67 924//67 925//67
f 1201//67 925//67 930//67
f 930//67 925//67 929//67
f 823//67 908//67 826//67
f 826//67 908//67 909//67
f 826//72 909//72 825//72
f 825//66 909//66 1200//66
f 825//67 1200//67 824//67
f 824//67 1200//67 817//67
f 824//67 817//67 823//67
f 823//67 817//67 818//67
f 823//67 818//67 908//67
f 908//67 818//67 1201//67
f 908//67 1201//67 899//67
f 899//67 1201//67 930//67
f 899//67 930//67 898//67
f 958//67 955//67 1204//67
f 1204//67 955//67 1203//67
f 1203//67 955//67 956//67
f 1203//67 956//67 957//67
f 1205//67 964//67 962//67
f 914//67 1194//67 913//67
f 913//67 1194//67 968//67
f 913//67 968//67 912//67
f 914//67 915//67 1194//67
f 1194//67 915//67 916//67
f 1194//67 916//67 1205//67
f 916//67 917//67 1205//67
f 1205//68 917//68 918//68
f 1205//69 918//69 964//69
f 964//311 918//311 871//311
f 964//312 871//312 870//312
f 1206//67 1207//67 1208//67
f 1208//67 1207//67 1209//67
f 1209//67 1207//67 1210//67
f 1209//67 1210//67 1211//67
f 1097//67 1096//67 1177//67
f 1177//67 1096//67 1212//67
f 1177//67 1212//67 1213//67
f 1124//67 1125//67 1160//67
f 1160//67 1125//67 1177//67
f 1160//67 1177//67 1158//67
f 1158//67 1177//67 1214//67
f 1158//67 1214//67 1092//67
f 1092//67 1214//67 1093//67
f 1058//67 1130//67 1056//67
f 1094//67 1062//67 1053//67
f 1094//67 1053//67 1215//67
f 1215//67 1053//67 1054//67
f 1215//67 1054//67 1216//67
f 1054//67 1056//67 1216//67
f 1216//67 1056//67 1130//67
f 1216//68 1130//68 1071//68
f 1071//67 1130//67 1093//67
f 1071//67 1093//67 1074//67
f 1074//67 1093//67 1214//67
f 1074//67 1214//67 1073//67
f 1073//67 1214//67 1217//67
f 1073//67 1217//67 1072//67
f 1072//67 1217//67 1216//67
f 1072//67 1216//67 1071//67
f 1042//67 1039//67 1218//67
f 1050//67 1047//67 1128//67
f 1128//67 1129//67 1050//67
f 1050//67 1129//67 1094//67
f 1050//67 1094//67 1049//67
f 1049//67 1094//67 1215//67
f 1049//67 1215//67 1048//67
f 1218//67 1039//67 1219//67
f 1219//67 1039//67 1040//67
f 1219//67 1040//67 1041//67
f 1152//67 1149//67 1220//67
f 1220//67 1149//67 1218//67
f 1218//67 1149//67 1150//67
f 1218//67 1150//67 1151//67
f 1152//67 1155//67 1151//67
f 1151//67 1155//67 1156//67
f 1151//67 1156//67 1218//67
f 1142//67 1221//67 1141//67
f 1141//67 1221//67 1140//67
f 1222//67 1223//67 1191//67
f 1191//67 1223//67 1224//67
f 1191//67 1224//67 1220//67
f 1191//67 1225//67 1222//67
f 1222//67 1225//67 1226//67
f 1222//67 1226//67 1227//67
f 1227//70 1226//70 1228//70
f 1227//67 1228//67 1224//67
f 1224//67 1228//67 1229//67
f 1224//313 1229//313 1220//313
f 1220//67 1229//67 1230//67
f 1220//67 1230//67 1231//67
f 1138//67 1139//67 1232//67
f 1137//67 1233//67 1225//67
f 1225//67 1233//67 1234//67
f 1225//67 1234//67 1226//67
f 1138//68 1232//68 1137//68
f 1137//67 1232//67 1233//67
f 1233//67 1232//67 1235//67
f 1233//67 1235//67 1236//67
f 1144//67 1155//67 1143//67
f 1143//67 1155//67 1152//67
f 1143//69 1152//69 1142//69
f 1142//67 1152//67 1220//67
f 1142//67 1220//67 1221//67
f 1221//67 1220//67 1231//67
f 1221//67 1231//67 1235//67
f 1235//67 1231//67 1228//67
f 1235//67 1228//67 1236//67
f 1236//74 1228//74 1226//74
f 1237//68 1134//68 1135//68
f 1135//74 1136//74 1237//74
f 1237//73 1136//73 1137//73
f 1237//67 1137//67 1238//67
f 1238//67 1137//67 1225//67
f 1238//67 1225//67 1239//67
f 1239//67 1225//67 1209//67
f 1239//67 1209//67 1240//67
f 1134//67 1237//67 1133//67
f 1133//67 1237//67 1240//67
f 1133//67 1240//67 1132//67
f 1241//67 567//67 568//67
f 567//67 1241//67 570//67
f 570//67 1241//67 1179//67
f 570//67 1179//67 569//67
f 569//67 1179//67 8//67
f 569//67 8//67 568//67
f 568//67 8//67 7//67
f 568//67 7//67 1241//67
f 1242//67 559//67 560//67
f 1242//67 554//67 1243//67
f 1243//67 554//67 551//67
f 1243//67 551//67 552//67
f 553//67 6//67 552//67
f 552//67 6//67 4//67
f 552//67 4//67 1243//67
f 559//67 1242//67 562//67
f 562//67 1242//67 1241//67
f 562//67 1241//67 561//67
f 561//67 1241//67 7//67
f 561//67 7//67 560//67
f 560//67 7//67 6//67
f 560//67 6//67 1242//67
f 1242//69 6//69 553//69
f 1242//67 553//67 554//67
f 538//67 535//67 1193//67
f 544//67 537//67 543//67
f 543//67 537//67 538//67
f 543//67 538//67 1243//67
f 1243//67 538//67 1193//67
f 528//67 529//67 2//67
f 2//67 529//67 1193//67
f 2//67 1193//67 536//67
f 536//69 1193//69 535//69
f 536//67 537//67 2//67
f 2//67 537//67 544//67
f 2//67 544//67 4//67
f 4//67 544//67 545//67
f 4//67 545//67 1243//67
f 1243//67 545//67 546//67
f 1243//67 546//67 543//67
f 1244//67 711//67 1179//67
f 1179//67 711//67 712//67
f 1179//67 712//67 713//67
f 714//67 31//67 713//67
f 713//67 31//67 30//67
f 713//67 30//67 1179//67
f 1179//67 30//67 578//67
f 1179//67 578//67 575//67
f 705//67 1179//67 704//67
f 704//67 1179//67 1241//67
f 704//67 1241//67 703//67
f 703//67 1241//67 1245//67
f 703//67 1245//67 706//67
f 706//67 1245//67 1244//67
f 706//67 1244//67 705//67
f 705//67 1244//67 1179//67
f 697//67 1241//67 696//67
f 696//67 1241//67 1242//67
f 696//67 1242//67 695//67
f 695//67 1242//67 1246//67
f 695//67 1246//67 698//67
f 698//67 1246//67 1245//67
f 698//67 1245//67 697//67
f 697//67 1245//67 1241//67
f 689//67 1242//67 688//67
f 688//67 1242//67 1243//67
f 688//67 1243//67 687//67
f 687//67 1243//67 1247//67
f 687//67 1247//67 690//67
f 690//67 1247//67 1246//67
f 690//67 1246//67 689//67
f 689//67 1246//67 1242//67
f 674//67 679//67 673//67
f 673//67 679//67 680//67
f 672//67 1193//67 671//67
f 671//67 1193//67 1248//67
f 671//67 1248//67 674//67
f 674//67 1248//67 1247//67
f 674//67 1247//67 679//67
f 672//67 673//67 1193//67
f 1193//67 673//67 680//67
f 1193//67 680//67 1243//67
f 1243//67 680//67 681//67
f 1243//67 681//67 1247//67
f 1247//67 681//67 682//67
f 1247//67 682//67 679//67
f 585//67 1193//67 584//67
f 584//67 1193//67 1192//67
f 584//67 1192//67 583//67
f 583//67 1192//67 1249//67
f 583//67 1249//67 586//67
f 586//67 1249//67 1248//67
f 586//67 1248//67 585//67
f 585//67 1248//67 1193//67
f 1250//67 759//67 1244//67
f 1244//67 759//67 760//67
f 1244//67 760//67 761//67
f 762//67 32//67 761//67
f 761//67 32//67 31//67
f 761//67 31//67 1244//67
f 1244//67 31//67 714//67
f 1244//67 714//67 711//67
f 753//67 1244//67 752//67
f 752//67 1244//67 1245//67
f 752//67 1245//67 751//67
f 751//67 1245//67 1251//67
f 751//67 1251//67 754//67
f 754//67 1251//67 1250//67
f 754//67 1250//67 753//67
f 753//67 1250//67 1244//67
f 745//67 1245//67 744//67
f 744//67 1245//67 1246//67
f 744//67 1246//67 743//67
f 743//67 1246//67 1252//67
f 743//67 1252//67 746//67
f 746//67 1252//67 1251//67
f 746//67 1251//67 745//67
f 745//67 1251//67 1245//67
f 737//67 1246//67 736//67
f 736//67 1246//67 1247//67
f 736//67 1247//67 735//67
f 735//67 1247//67 1253//67
f 735//67 1253//67 738//67
f 738//67 1253//67 1252//67
f 738//67 1252//67 737//67
f 737//67 1252//67 1246//67
f 722//67 727//67 721//67
f 721//67 727//67 728//67
f 720//67 1248//67 719//67
f 719//67 1248//67 1254//67
f 719//67 1254//67 722//67
f 722//67 1254//67 1253//67
f 722//67 1253//67 727//67
f 720//67 721//67 1248//67
f 1248//67 721//67 728//67
f 1248//67 728//67 1247//67
f 1247//67 728//67 729//67
f 1247//67 729//67 1253//67
f 1253//67 729//67 730//67
f 1253//67 730//67 727//67
f 593//67 1248//67 592//67
f 592//67 1248//67 1249//67
f 592//67 1249//67 591//67
f 591//67 1249//67 1255//67
f 591//67 1255//67 594//67
f 594//67 1255//67 1254//67
f 594//67 1254//67 593//67
f 593//67 1254//67 1248//67
f 1256//67 807//67 1250//67
f 1250//67 807//67 808//67
f 1250//67 808//67 809//67
f 810//67 33//67 809//67
f 809//67 33//67 32//67
f 809//67 32//67 1250//67
f 1250//67 32//67 762//67
f 1250//67 762//67 759//67
f 801//67 1250//67 800//67
f 800//67 1250//67 1251//67
f 800//67 1251//67 799//67
f 799//67 1251//67 1199//67
f 799//67 1199//67 802//67
f 802//67 1199//67 1256//67
f 802//67 1256//67 801//67
f 801//67 1256//67 1250//67
f 793//67 1251//67 792//67
f 792//67 1251//67 1252//67
f 792//67 1252//67 791//67
f 791//67 1252//67 1198//67
f 791//67 1198//67 794//67
f 794//67 1198//67 1199//67
f 794//67 1199//67 793//67
f 793//67 1199//67 1251//67
f 785//67 1252//67 784//67
f 784//67 1252//67 1253//67
f 784//67 1253//67 783//67
f 783//67 1253//67 1200//67
f 783//67 1200//67 786//67
f 786//67 1200//67 1198//67
f 786//67 1198//67 785//67
f 785//67 1198//67 1252//67
f 770//67 775//67 769//67
f 769//67 775//67 776//67
f 768//67 1254//67 767//67
f 767//67 1254//67 1202//67
f 767//67 1202//67 770//67
f 770//67 1202//67 1200//67
f 770//67 1200//67 775//67
f 768//67 769//67 1254//67
f 1254//67 769//67 776//67
f 1254//67 776//67 1253//67
f 1253//67 776//67 777//67
f 1253//67 777//67 1200//67
f 1200//67 777//67 778//67
f 1200//67 778//67 775//67
f 601//67 1254//67 600//67
f 600//67 1254//67 1255//67
f 600//67 1255//67 599//67
f 599//67 1255//67 1257//67
f 599//67 1257//67 602//67
f 602//67 1257//67 1202//67
f 602//67 1202//67 601//67
f 601//67 1202//67 1254//67
f 1258//67 862//67 1256//67
f 1256//67 862//67 863//67
f 1256//67 863//67 864//67
f 865//67 34//67 864//67
f 864//67 34//67 33//67
f 864//67 33//67 1256//67
f 1256//67 33//67 810//67
f 1256//67 810//67 807//67
f 856//67 1256//67 855//67
f 855//67 1256//67 1199//67
f 855//67 1199//67 854//67
f 854//67 1199//67 1197//67
f 854//67 1197//67 857//67
f 857//67 1197//67 1258//67
f 857//67 1258//67 856//67
f 856//67 1258//67 1256//67
f 609//67 1202//67 608//67
f 608//67 1202//67 1257//67
f 608//67 1257//67 607//67
f 607//67 1257//67 1259//67
f 607//67 1259//67 610//67
f 610//67 1259//67 1201//67
f 610//67 1201//67 609//67
f 609//67 1201//67 1202//67
f 1260//67 947//67 1258//67
f 1258//67 947//67 948//67
f 1258//67 948//67 949//67
f 950//67 35//67 949//67
f 949//67 35//67 34//67
f 949//67 34//67 1258//67
f 1258//67 34//67 865//67
f 1258//67 865//67 862//67
f 941//67 1258//67 940//67
f 940//67 1258//67 1197//67
f 940//67 1197//67 939//67
f 939//67 1197//67 1196//67
f 939//67 1196//67 942//67
f 942//67 1196//67 1260//67
f 942//67 1260//67 941//67
f 941//67 1260//67 1258//67
f 617//67 1201//67 616//67
f 616//67 1201//67 1259//67
f 616//67 1259//67 615//67
f 615//67 1259//67 1261//67
f 615//67 1261//67 618//67
f 618//67 1261//67 1203//67
f 618//67 1203//67 617//67
f 617//67 1203//67 1201//67
f 1262//67 983//67 1260//67
f 1260//67 983//67 984//67
f 1260//67 984//67 985//67
f 986//67 37//67 985//67
f 985//67 37//67 35//67
f 985//67 35//67 1260//67
f 1260//67 35//67 950//67
f 1260//67 950//67 947//67
f 977//67 1260//67 976//67
f 976//67 1260//67 1196//67
f 976//67 1196//67 975//67
f 975//67 1196//67 1195//67
f 975//67 1195//67 978//67
f 978//67 1195//67 1262//67
f 978//67 1262//67 977//67
f 977//67 1262//67 1260//67
f 625//67 1203//67 624//67
f 624//67 1203//67 1261//67
f 624//67 1261//67 623//67
f 623//67 1261//67 1263//67
f 623//67 1263//67 626//67
f 626//67 1263//67 1204//67
f 626//67 1204//67 625//67
f 625//67 1204//67 1203//67
f 1264//73 1031//73 1262//73
f 1262//314 1031//314 1032//314
f 1262//67 1032//67 1033//67
f 1034//67 38//67 1033//67
f 1033//67 38//67 37//67
f 1033//67 37//67 1262//67
f 1262//67 37//67 986//67
f 1262//67 986//67 983//67
f 1025//67 1262//67 1024//67
f 1024//67 1262//67 1195//67
f 1024//314 1195//314 1023//314
f 1023//73 1195//73 1217//73
f 1023//67 1217//67 1026//67
f 1026//67 1217//67 1264//67
f 1026//67 1264//67 1025//67
f 1025//67 1264//67 1262//67
f 1017//67 1195//67 1016//67
f 1016//67 1195//67 1194//67
f 1016//314 1194//314 1015//314
f 1015//73 1194//73 1216//73
f 1015//67 1216//67 1018//67
f 1018//67 1216//67 1217//67
f 1018//67 1217//67 1017//67
f 1017//67 1217//67 1195//67
f 1009//67 1194//67 1008//67
f 1008//67 1194//67 1205//67
f 1008//314 1205//314 1007//314
f 1007//73 1205//73 1215//73
f 1007//67 1215//67 1010//67
f 1010//67 1215//67 1216//67
f 1010//67 1216//67 1009//67
f 1009//67 1216//67 1194//67
f 992//314 1204//314 991//314
f 991//73 1204//73 1219//73
f 991//67 1219//67 994//67
f 890//67 929//67 884//67
f 884//67 929//67 926//67
f 884//67 926//67 881//67
f 881//67 926//67 1203//67
f 881//67 1203//67 963//67
f 963//67 1203//67 957//67
f 963//67 957//67 962//67
f 962//67 957//67 958//67
f 962//67 958//67 1205//67
f 1205//67 958//67 1204//67
f 1205//67 1204//67 993//67
f 993//67 1204//67 992//67
f 1215//67 1002//67 999//67
f 1002//67 1215//67 1001//67
f 1001//67 1215//67 1205//67
f 1001//67 1205//67 1000//67
f 1000//67 1205//67 993//67
f 1000//67 993//67 999//67
f 999//67 993//67 994//67
f 999//67 994//67 1215//67
f 1215//67 994//67 1219//67
f 1215//67 1219//67 1048//67
f 1048//67 1219//67 1041//67
f 1048//67 1041//67 1047//67
f 1047//67 1041//67 1042//67
f 1047//67 1042//67 1128//67
f 1128//67 1042//67 1218//67
f 1128//67 1218//67 1127//67
f 1127//67 1218//67 1156//67
f 1127//67 1156//67 1126//67
f 633//67 1204//67 632//67
f 632//67 1204//67 1263//67
f 632//74 1263//74 631//74
f 631//68 1263//68 1265//68
f 631//67 1265//67 634//67
f 634//67 1265//67 1219//67
f 634//67 1219//67 633//67
f 633//67 1219//67 1204//67
f 1266//67 1087//67 1264//67
f 1264//67 1087//67 1088//67
f 1264//67 1088//67 1089//67
f 1090//67 39//67 1089//67
f 1089//67 39//67 38//67
f 1089//67 38//67 1264//67
f 1264//67 38//67 1034//67
f 1264//67 1034//67 1031//67
f 1081//67 1264//67 1080//67
f 1080//67 1264//67 1217//67
f 1080//67 1217//67 1079//67
f 1079//67 1217//67 1214//67
f 1079//67 1214//67 1082//67
f 1082//67 1214//67 1266//67
f 1082//67 1266//67 1081//67
f 1081//67 1266//67 1264//67
f 641//67 1219//67 640//67
f 640//67 1219//67 1265//67
f 640//67 1265//67 639//67
f 639//67 1265//67 1267//67
f 639//67 1267//67 642//67
f 642//67 1267//67 1218//67
f 642//67 1218//67 641//67
f 641//67 1218//67 1219//67
f 202//315 198//315 203//315
f 203//67 198//67 197//67
f 203//67 197//67 1192//67
f 1192//67 197//67 196//67
f 1192//67 196//67 1249//67
f 1249//67 196//67 195//67
f 1249//67 195//67 1255//67
f 1255//67 195//67 194//67
f 1255//67 194//67 1257//67
f 1257//67 194//67 193//67
f 1257//67 193//67 1259//67
f 1259//67 193//67 192//67
f 1259//67 192//67 1261//67
f 1261//67 192//67 191//67
f 1261//67 191//67 1263//67
f 1263//67 191//67 190//67
f 1263//67 190//67 1265//67
f 1265//67 190//67 189//67
f 1265//67 189//67 1267//67
f 1267//67 189//67 188//67
f 1267//67 188//67 1268//67
f 1266//67 1174//67 1175//67
f 1174//67 1266//67 1173//67
f 1173//67 1266//67 1186//67
f 1173//67 1186//67 1176//67
f 1176//67 1186//67 40//67
f 1176//67 40//67 1175//67
f 1175//67 40//67 39//67
f 1175//67 39//67 1266//67
f 1266//67 39//67 1090//67
f 1266//67 1090//67 1087//67
f 1168//67 1186//67 1167//67
f 1167//67 1186//67 1266//67
f 1167//67 1266//67 1166//67
f 1166//67 1266//67 1214//67
f 1166//67 1214//67 1165//67
f 1165//67 1214//67 1177//67
f 1165//67 1177//67 1168//67
f 650//67 1220//67 649//67
f 649//67 1220//67 1218//67
f 649//67 1218//67 648//67
f 648//67 1218//67 1267//67
f 648//67 1267//67 647//67
f 647//67 1267//67 1268//67
f 647//67 1268//67 650//67
f 1269//69 1270//69 1177//69
f 1168//67 1177//67 1186//67
f 1186//67 1177//67 1270//67
f 1186//67 1270//67 1271//67
f 1272//67 1273//67 1274//67
f 1274//67 1273//67 1269//67
f 1274//67 1269//67 1208//67
f 1208//69 1269//69 1177//69
f 1208//67 1177//67 1206//67
f 1206//316 1177//316 1213//316
f 1206//67 1213//67 1211//67
f 1211//67 1213//67 1178//67
f 1211//67 1178//67 1209//67
f 1209//66 1178//66 1098//66
f 1209//72 1098//72 1240//72
f 1240//317 1098//317 1131//317
f 1240//69 1131//69 1132//69
f 1271//67 1273//67 1186//67
f 1186//318 1273//318 1272//318
f 1186//67 1272//67 1182//67
f 1182//67 1272//67 1275//67
f 1182//67 1275//67 1208//67
f 1208//67 1275//67 1276//67
f 1208//67 1276//67 1274//67
f 655//67 656//67 1268//67
f 650//67 1268//67 1220//67
f 1220//67 1268//67 656//67
f 1220//67 656//67 657//67
f 188//67 187//67 1268//67
f 1268//67 187//67 1190//67
f 1268//69 1190//69 655//69
f 655//67 1190//67 664//67
f 655//67 664//67 658//67
f 658//67 664//67 665//67
f 657//67 658//67 1220//67
f 1220//318 658//318 665//318
f 1220//67 665//67 1191//67
f 1191//67 665//67 666//67
f 1191//67 666//67 1190//67
f 1190//67 666//67 663//67
f 1190//67 663//67 664//67
f 63//67 62//67 1191//67
f 1191//67 62//67 68//67
f 1191//67 68//67 1225//67
f 1225//67 68//67 67//67
f 1225//67 67//67 1209//67
f 1209//67 67//67 66//67
f 1209//67 66//67 1208//67
f 1208//67 66//67 65//67
f 1208//67 65//67 1182//67
f 1182//67 65//67 48//67
f 1182//67 48//67 1180//67
f 1180//72 48//72 46//72
f 1180//74 46//74 44//74
f 1277//67 1278//67 1279//67
f 1279//67 1278//67 1280//67
f 1279//15 1280//15 1229//15
f 1229//15 1280//15 1230//15
f 1280//26 1278//26 1230//26
f 1230//26 1278//26 1231//26
f 1278//53 1277//53 1231//53
f 1231//53 1277//53 1228//53
f 1277//1 1279//1 1228//1
f 1228//1 1279//1 1229//1
f 1281//67 1106//67 1282//67
f 1282//67 1106//67 1107//67
f 1282//67 1107//67 1108//67
f 1111//67 1283//67 1110//67
f 1110//69 1283//69 1282//69
f 1110//67 1282//67 1109//67
f 1109//67 1282//67 1108//67
f 1282//15 1283//15 1235//15
f 1235//15 1283//15 1221//15
f 1221//26 1283//26 1140//26
f 1140//26 1283//26 1111//26
f 1281//53 1232//53 1106//53
f 1106//53 1232//53 1139//53
f 1281//1 1282//1 1232//1
f 1232//1 1282//1 1235//1
f 1284//67 1095//67 1105//67
f 1284//68 1105//68 1285//68
f 1285//74 1105//74 1104//74
f 1285//69 1104//69 1103//69
f 1100//319 1286//319 1101//319
f 1101//67 1286//67 1285//67
f 1101//67 1285//67 1102//67
f 1102//67 1285//67 1103//67
f 1178//15 1286//15 1099//15
f 1099//15 1286//15 1100//15
f 1284//26 1212//26 1095//26
f 1095//26 1212//26 1096//26
f 1284//53 1285//53 1212//53
f 1212//53 1285//53 1213//53
f 1285//1 1286//1 1213//1
f 1213//1 1286//1 1178//1
f 1287//67 1288//67 1289//67
f 1289//67 1288//67 1290//67
f 1289//15 1290//15 1269//15
f 1269//15 1290//15 1270//15
f 1290//26 1288//26 1270//26
f 1270//26 1288//26 1271//26
f 1288//53 1287//53 1271//53
f 1271//53 1287//53 1273//53
f 1287//1 1289//1 1273//1
f 1273//1 1289//1 1269//1
f 1291//67 1292//67 1293//67
f 1293//67 1292//67 1294//67
f 1293//15 1294//15 1184//15
f 1184//15 1294//15 1185//15
f 1294//26 1292//26 1185//26
f 1185//26 1292//26 1187//26
f 1292//53 1291//53 1187//53
f 1187//53 1291//53 1188//53
f 1291//1 1293//1 1188//1
f 1188//1 1293//1 1184//1
f 1295//67 1296//67 1297//67
f 1297//67 1296//67 1298//67
f 1297//15 1298//15 1223//15
f 1223//15 1298//15 1224//15
f 1298//26 1296//26 1224//26
f 1224//26 1296//26 1227//26
f 1296//53 1295//53 1227//53
f 1227//53 1295//53 1222//53
f 1295//1 1297//1 1222//1
f 1222//1 1297//1 1223//1
f 1299//67 1300//67 1301//67
f 1301//67 1300//67 1302//67
f 1301//15 1302//15 1226//15
f 1226//15 1302//15 1236//15
f 1302//26 1300//26 1236//26
f 1236//26 1300//26 1233//26
f 1300//53 1299//53 1233//53
f 1233//53 1299//53 1234//53
f 1299//1 1301//1 1234//1
f 1234//1 1301//1 1226//1
f 1303//67 1304//67 1305//67
f 1305//67 1304//67 1306//67
f 1305//15 1306//15 1238//15
f 1238//15 1306//15 1237//15
f 1306//26 1304//26 1237//26
f 1237//26 1304//26 1240//26
f 1304//53 1303//53 1240//53
f 1240//53 1303//53 1239//53
f 1303//1 1305//1 1239//1
f 1239//1 1305//1 1238//1
f 1307//67 1308//67 1309//67
f 1309//67 1308//67 1310//67
f 1309//15 1310//15 1210//15
f 1210//15 1310//15 1211//15
f 1310//26 1308//26 1211//26
f 1211//26 1308//26 1206//26
f 1308//53 1307//53 1206//53
f 1206//53 1307//53 1207//53
f 1307//1 1309//1 1207//1
f 1207//1 1309//1 1210//1
f 1311//67 1312//67 1313//67
f 1313//67 1312//67 1314//67
f 1313//15 1314//15 1276//15
f 1276//15 1314//15 1274//15
f 1314//26 1312//26 1274//26
f 1274//26 1312//26 1272//26
f 1312//53 1311//53 1272//53
f 1272//53 1311//53 1275//53
f 1311//1 1313//1 1275//1
f 1275//1 1313//1 1276//1
f 1315//67 1316//67 1317//67
f 1317//67 1316//67 1318//67
f 1317//15 1318//15 1181//15
f 1181//15 1318//15 1183//15
f 1318//26 1316//26 1183//26
f 1183//26 1316//26 1189//26
f 1316//53 1315//53 1189//53
f 1189//53 1315//53 1180//53
f 1315//1 1317//1 1180//1
f 1180//1 1317//1 1181//1
